original,timestamp,statuscode
"http://www.inthemix.com.au:80/","20090227031822","200"
"http://www.inthemix.com.au:80/50/","20090224162006","200"
"http://www.inthemix.com.au:80/50/2003/","20090319021243","200"
"http://www.inthemix.com.au:80/50/2006/","20090326065404","200"
"http://www.inthemix.com.au:80/50/2006/secure-au.imrworldwide.com/","20090402190848","200"
"http://www.inthemix.com.au:80/50/2007/","20090303204053","200"
"http://www.inthemix.com.au:80/50/2008/","20090303204528","200"
"http://www.inthemix.com.au/50/2008/_images/buttons/me_180x150.gif","20090518143336","200"
"http://www.inthemix.com.au:80/50/2009/","20090620081357","200"
"http://www.inthemix.com.au/50/2009/_images/buttons/me_180x150.gif","20090630160444","200"
"http://www.inthemix.com.au/50/2009/_images/buttons/us_180x150.gif","20090629010427","200"
"http://www.inthemix.com.au:80/50/2009/find/","20090621191702","200"
"http://www.inthemix.com.au:80/50/2009/pages/previous/","20090621222135","200"
"http://www.inthemix.com.au:80/50/2009/secure-au.imrworldwide.com/","20090621222141","200"
"http://www.inthemix.com.au:80/50/2009/tour/","20090621191707","200"
"http://www.inthemix.com.au:80/?city=2","20090410125252","200"
"http://www.inthemix.com.au/_css/compiled.css","20090620071418","200"
"http://www.inthemix.com.au/_css/core.css","20090621025834","200"
"http://www.inthemix.com.au/_css/elements/articles.css","20090620071631","200"
"http://www.inthemix.com.au/_css/elements/communityArticles.css","20090620072140","200"
"http://www.inthemix.com.au/_css/elements/contentBar.css","20090621025820","200"
"http://www.inthemix.com.au/_css/elements/events.css","20090620071428","200"
"http://www.inthemix.com.au/_css/elements/galleries.css","20090620071533","200"
"http://www.inthemix.com.au/_css/elements/sideBar.css","20090621025738","200"
"http://www.inthemix.com.au/_css/elements/userBar.css","20090620073217","200"
"http://www.inthemix.com.au/_css/form.css","20090621025902","200"
"http://www.inthemix.com.au/_css/print.css","20090620071654","200"
"http://www.inthemix.com.au/_css/text.css","20090621025848","200"
"http://www.inthemix.com.au/_css/themes/homepage.css","20090620071449","200"
"http://www.inthemix.com.au/_images/_core/Banner_BG.jpg","20090620073736","200"
"http://www.inthemix.com.au/_images/_core/Banner_BG_Headphone.jpg","20090620073602","200"
"http://www.inthemix.com.au/_images/_core/bg_dot_black.gif","20090620073549","200"
"http://www.inthemix.com.au/_images/_core/bg_ITM_head_white.gif","20090621025808","200"
"http://www.inthemix.com.au/_images/_core/bg_line_black.gif","20090620073610","200"
"http://www.inthemix.com.au/_images/_core/bg_line_close_black.gif","20090620073615","200"
"http://www.inthemix.com.au/_images/_core/bg_line_grey.gif","20090620073520","200"
"http://www.inthemix.com.au/_images/_core/bg_line_white.gif","20090620073622","200"
"http://www.inthemix.com.au/_images/_core/bullets/Arrow_black_east.gif","20090620073707","200"
"http://www.inthemix.com.au/_images/_core/bullets/arrow_db_east.gif","20090620073630","200"
"http://www.inthemix.com.au/_images/_core/bullets/Arrow_white_east.gif","20090621025747","200"
"http://www.inthemix.com.au/_images/_core/bullets/dot_black.gif","20090620073636","200"
"http://www.inthemix.com.au/_images/_core/bullets/link_do_east.gif","20090620073725","200"
"http://www.inthemix.com.au/_images/_core/bullets/link_grey_east.gif","20090620073556","200"
"http://www.inthemix.com.au/_images/_core/bullets/link_white_east.gif","20090620073538","200"
"http://www.inthemix.com.au/_images/_core/contentgroupspecial_west.gif","20090620073918","200"
"http://www.inthemix.com.au/_images/_core/email/emailHeader.jpg","20090618223734","200"
"http://www.inthemix.com.au/_images/_core/footerBar_BG.gif","20090620073642","200"
"http://www.inthemix.com.au/_images/_core/frames/buyticket_button.gif","20090620073701","200"
"http://www.inthemix.com.au/_images/_core/frames/roll_call_list_button.gif","20090620073744","200"
"http://www.inthemix.com.au/_images/_core/frames/validation.gif","20090621030143","200"
"http://www.inthemix.com.au/_images/_core/graphicBar_BG.gif","20090620073651","200"
"http://www.inthemix.com.au/_images/_core/graphicBars/Sydney.jpg","20090620073419","200"
"http://www.inthemix.com.au/_images/_core/headings/cs_album_of_the_week.gif","20090620071600","200"
"http://www.inthemix.com.au/_images/_core/headings/cs_album_reviews.gif","20090620071514","200"
"http://www.inthemix.com.au/_images/_core/headings/cs_Competitions.gif","20090620073333","200"
"http://www.inthemix.com.au/_images/_core/headings/cs_event_of_the_week.gif","20090620073238","200"
"http://www.inthemix.com.au/_images/_core/headings/cs_FestivalGuide.gif","20090620072244","200"
"http://www.inthemix.com.au/_images/_core/headings/cs_FreeDownload.gif","20090620073100","200"
"http://www.inthemix.com.au/_images/_core/headings/cs_HotForums.gif","20090620073403","200"
"http://www.inthemix.com.au/_images/_core/headings/cs_InternationalNews.gif","20090620073322","200"
"http://www.inthemix.com.au/_images/_core/headings/cs_interviews.gif","20090620073121","200"
"http://www.inthemix.com.au/_images/_core/headings/cs_inthemixtv.gif","20090620073230","200"
"http://www.inthemix.com.au/_images/_core/headings/cs_ITMFM.gif","20090620073427","200"
"http://www.inthemix.com.au/_images/_core/headings/cs_Lifestyle.gif","20090620071720","200"
"http://www.inthemix.com.au/_images/_core/headings/cs_LocalNews.gif","20090620071747","200"
"http://www.inthemix.com.au/_images/_core/headings/cs_Photos.gif","20090620072003","200"
"http://www.inthemix.com.au/_images/_core/headings/cs_Podcasts.gif","20090620071924","200"
"http://www.inthemix.com.au/_images/_core/headings/cs_Reviews.gif","20090620071932","200"
"http://www.inthemix.com.au/_images/_core/headings/cs_snap_featured_galleries.gif","20090620072027","200"
"http://www.inthemix.com.au/_images/_core/headings/cs_Tickets.gif","20090620073149","200"
"http://www.inthemix.com.au/_images/_core/headings/cs_Videos.gif","20090620071411","200"
"http://www.inthemix.com.au/_images/_core/headings/cs_WhatsOn.gif","20090620072115","200"
"http://www.inthemix.com.au/_images/_core/hp_mod_blue_bg.gif","20090620073829","200"
"http://www.inthemix.com.au/_images/_core/itm_add_this_sprite.gif","20090620073514","200"
"http://www.inthemix.com.au/_images/_core/itm_hp_vp_loader.gif","20090620073822","200"
"http://www.inthemix.com.au/_images/_core/Location_BG_Headphone.jpg","20090620073041","200"
"http://www.inthemix.com.au/_images/_core/main_ITM_headercomau.jpg","20090516012331","200"
"http://www.inthemix.com.au/_images/_core/siteTools_BG.gif","20090620073730","200"
"http://www.inthemix.com.au/_images/_core/transparentSpacer.gif","20090620071640","200"
"http://www.inthemix.com.au/_images/_sponsors/Smirnoff/itm_hp_video_smirnoff_sponsor.gif","20090620071705","200"
"http://www.inthemix.com.au/_images/_sponsors/vraw/vraw_homepage.gif","20090620073356","200"
"http://www.inthemix.com.au/_images/_theme/cityselect/cityselect_Footer.gif","20090620073532","200"
"http://www.inthemix.com.au/_images/_theme/festivals/background_festivalITMHomepage.gif","20090620072033","200"
"http://www.inthemix.com.au/_images/_theme/inthemixtv/play_button_80.png","20090620073840","200"
"http://www.inthemix.com.au/_images/_theme/podcast/pattern.gif","20090620073925","200"
"http://www.inthemix.com.au/_javascript/_theme/_core/itm_global.js","20090620072021","200"
"http://www.inthemix.com.au/_javascript/_theme/_core/jquery.js","20090620072306","200"
"http://www.inthemix.com.au/_javascript/framework/Ajax.js","20090620071436","200"
"http://www.inthemix.com.au/_javascript/framework/Callback.js","20090620073305","200"
"http://www.inthemix.com.au/_javascript/framework/DataSource.js","20090620071620","200"
"http://www.inthemix.com.au/_javascript/framework/FormData.js","20090620072315","200"
"http://www.inthemix.com.au/_javascript/framework/Framework.js","20090620072328","200"
"http://www.inthemix.com.au/_javascript/framework/Notify.js","20090620073251","200"
"http://www.inthemix.com.au/_javascript/framework/toggleZones.js","20090620071442","200"
"http://www.inthemix.com.au/_javascript/framework/User.js","20090620072013","200"
"http://www.inthemix.com.au:80/_xsl/feed.xsl","20090228210417","200"
"http://www.inthemix.com.au:80/allabout/","20090224164531","200"
"http://www.inthemix.com.au:80/allabout/artist/100011/Snow_Patrol","20090402125747","200"
"http://www.inthemix.com.au:80/allabout/artist/100012/Duffy","20090402135743","200"
"http://www.inthemix.com.au:80/allabout/artist/100013/Razorlight","20090402143533","200"
"http://www.inthemix.com.au:80/allabout/artist/100014/The_Kills","20090402125752","200"
"http://www.inthemix.com.au:80/allabout/artist/100015/secure-au.imrworldwide.com/","20090331191510","200"
"http://www.inthemix.com.au:80/allabout/artist/100015/The_Do","20090429193414","200"
"http://www.inthemix.com.au:80/allabout/artist/100016/Jenny_Lewis","20090402125758","200"
"http://www.inthemix.com.au:80/allabout/artist/100017/Howling_Bells","20090402133507","200"
"http://www.inthemix.com.au:80/allabout/artist/100037/Captain_TomE","20090505061528","200"
"http://www.inthemix.com.au:80/allabout/artist/100071/Pat_Tassone","20090420144049","200"
"http://www.inthemix.com.au:80/allabout/artist/100129/Laidback_Luke","20090326132641","200"
"http://www.inthemix.com.au:80/allabout/artist/100130/Laidback_Luke","20090619001143","200"
"http://www.inthemix.com.au:80/allabout/artist/100132/Jarrard_Scott","20090331185906","200"
"http://www.inthemix.com.au:80/allabout/artist/100140/Wildstylez","20090602033530","200"
"http://www.inthemix.com.au:80/allabout/artist/100141/Project_One","20090603102639","200"
"http://www.inthemix.com.au:80/allabout/artist/100142/Duble_E","20090608035431","200"
"http://www.inthemix.com.au:80/allabout/artist/100201/Trentem%C3%B8ller","20090330031518","200"
"http://www.inthemix.com.au:80/allabout/artist/100252/Roger_Shah","20090603023812","200"
"http://www.inthemix.com.au:80/allabout/artist/100327/The_Revenge","20090603100429","200"
"http://www.inthemix.com.au:80/allabout/artist/100381/Laidback_Luke","20090531112404","200"
"http://www.inthemix.com.au:80/allabout/artist/100382/Chris_Lake","20090531112910","200"
"http://www.inthemix.com.au:80/allabout/artist/100514/Chris_Lake","20090422160838","200"
"http://www.inthemix.com.au:80/allabout/artist/1006/Cubist","20090318044001","200"
"http://www.inthemix.com.au:80/allabout/artist/100672/Oliver_James","20090501114419","200"
"http://www.inthemix.com.au:80/allabout/artist/100787/JCEdit","20090516021517","200"
"http://www.inthemix.com.au:80/allabout/artist/100788/JuThat","20090516012351","200"
"http://www.inthemix.com.au:80/allabout/artist/100789/Benibee","20090516012356","200"
"http://www.inthemix.com.au:80/allabout/artist/100790/JMAC_Youth","20090516025127","200"
"http://www.inthemix.com.au:80/allabout/artist/10084/Funktrust_DJs","20090316095216","200"
"http://www.inthemix.com.au:80/allabout/artist/10106/Brendan_Fing","20090316090624","200"
"http://www.inthemix.com.au:80/allabout/artist/101193/Little_Boots","20090627060235","200"
"http://www.inthemix.com.au:80/allabout/artist/101249/BluntInstrument","20090531112916","200"
"http://www.inthemix.com.au:80/allabout/artist/101250/Vivian_Farrell","20090529155222","200"
"http://www.inthemix.com.au:80/allabout/artist/101300/Sol_Campbell","20090515030944","200"
"http://www.inthemix.com.au:80/allabout/artist/10138/Bluejuice","20090623111647","200"
"http://www.inthemix.com.au:80/allabout/artist/101381/Major_Lazer","20090519102407","200"
"http://www.inthemix.com.au:80/allabout/artist/101456/The_Beards","20090603082134","200"
"http://www.inthemix.com.au:80/allabout/artist/101459/Fowl_Play_DJ","20090523231500","200"
"http://www.inthemix.com.au:80/allabout/artist/101609/Dnagerous_Dan","20090603095138","200"
"http://www.inthemix.com.au:80/allabout/artist/101610/Le_Rouge","20090603091820","200"
"http://www.inthemix.com.au:80/allabout/artist/101611/Picnic_Soundsystem","20090603033234","200"
"http://www.inthemix.com.au:80/allabout/artist/101698/Thin_White_Duke","20090603102644","200"
"http://www.inthemix.com.au:80/allabout/artist/101857/Dr_Dre","20090608041848","200"
"http://www.inthemix.com.au:80/allabout/artist/101874/Balkansky","20090614195317","200"
"http://www.inthemix.com.au:80/allabout/artist/101874/secure-au.imrworldwide.com/","20090619001148","200"
"http://www.inthemix.com.au:80/allabout/artist/101930/image=/_images/_sponsors/becks/whatson/whatson_navbaritem.jpg;url=http://adsfac.net/link.asp?cc=LIN038.85736.0;imagewidth=150;imagealign=center;oncolor=","20090627053123","200"
"http://www.inthemix.com.au:80/allabout/artist/101930/secure-au.imrworldwide.com/","20090627060725","200"
"http://www.inthemix.com.au:80/allabout/artist/101930/Stephanie_Cherote","20090625181754","200"
"http://www.inthemix.com.au:80/allabout/artist/101930/text=%20Adelaide;url=/forum/forumdisplay.php?forumid=5;","20090627060728","200"
"http://www.inthemix.com.au:80/allabout/artist/101930/text=%20Adelaide;url=/gallery/?city=5;;status=Adelaide;separatorsize=1","20090627060734","200"
"http://www.inthemix.com.au:80/allabout/artist/101930/text=%20Adelaide;url=/whatson/?city=5;;status=Adelaide;separatorsize=1","20090627060739","200"
"http://www.inthemix.com.au:80/allabout/artist/101930/text=%20Breaks;url=/forum/forumdisplay.php?forumid=31;","20090627060744","200"
"http://www.inthemix.com.au:80/allabout/artist/101930/text=%20Brisbane;url=/gallery/?city=4;;status=Brisbane;separatorsize=1","20090627053128","200"
"http://www.inthemix.com.au:80/allabout/artist/101930/text=%20Brisbane;url=/whatson/?city=4;;status=Brisbane;separatorsize=1","20090627060749","200"
"http://www.inthemix.com.au:80/allabout/artist/101930/text=%20Canberra;url=/forum/forumdisplay.php?forumid=3;","20090627053133","200"
"http://www.inthemix.com.au:80/allabout/artist/101930/text=%20Canberra;url=/gallery/?city=3;;status=Canberra;separatorsize=1","20090627053138","200"
"http://www.inthemix.com.au:80/allabout/artist/101930/text=%20Canberra;url=/whatson/?city=3;;status=Canberra;separatorsize=1","20090627053143","200"
"http://www.inthemix.com.au:80/allabout/artist/101930/text=%20General;url=/forum/forumdisplay.php?forumid=10;","20090627060754","200"
"http://www.inthemix.com.au:80/allabout/artist/101930/text=%20House;url=/forum/forumdisplay.php?forumid=30;","20090627053148","200"
"http://www.inthemix.com.au:80/allabout/artist/101930/text=%20Ibiza;url=/forum/forumdisplay.php?forumid=66;","20090627053153","200"
"http://www.inthemix.com.au:80/allabout/artist/101930/text=%20Lifestyle;url=/forum/forumdisplay.php?forumid=23;","20090627053158","200"
"http://www.inthemix.com.au:80/allabout/artist/101930/text=%20Melbourne;url=/forum/forumdisplay.php?forumid=2;","20090627060759","200"
"http://www.inthemix.com.au:80/allabout/artist/101930/text=%20Melbourne;url=/gallery/?city=2;;status=Melbourne;separatorsize=1","20090627053203","200"
"http://www.inthemix.com.au:80/allabout/artist/101930/text=%20Melbourne;url=/whatson/?city=2;;status=Melbourne;separatorsize=1","20090627053208","200"
"http://www.inthemix.com.au:80/allabout/artist/101930/text=%20Perth;url=/forum/forumdisplay.php?forumid=6;","20090627053213","200"
"http://www.inthemix.com.au:80/allabout/artist/101930/text=%20Perth;url=/gallery/?city=6;;status=Perth;separatorsize=1","20090627060804","200"
"http://www.inthemix.com.au:80/allabout/artist/101930/text=%20Perth;url=/whatson/?city=6;;status=Perth;separatorsize=1","20090627060809","200"
"http://www.inthemix.com.au:80/allabout/artist/101930/text=%20Photography;url=/forum/forumdisplay.php?forumid=61;","20090627060815","200"
"http://www.inthemix.com.au:80/allabout/artist/101930/text=%20Progressive;url=/forum/forumdisplay.php?forumid=36;","20090627060820","200"
"http://www.inthemix.com.au:80/allabout/artist/101930/text=%20Sydney;url=/forum/forumdisplay.php?forumid=1;","20090627060826","200"
"http://www.inthemix.com.au:80/allabout/artist/101930/text=%20Sydney;url=/gallery/?city=1;;status=Sydney;separatorsize=1","20090627060830","200"
"http://www.inthemix.com.au:80/allabout/artist/101930/text=%20Sydney;url=/whatson/?city=1;;status=Sydney;separatorsize=1","20090627060836","200"
"http://www.inthemix.com.au:80/allabout/artist/101930/text=%20Travel;url=/forum/forumdisplay.php?forumid=28;","20090627053218","200"
"http://www.inthemix.com.au:80/allabout/artist/101942/Weekly_Guest_DJs","20090623121205","200"
"http://www.inthemix.com.au:80/allabout/artist/102001/BHopps_Janny_MC","20090627085631","200"
"http://www.inthemix.com.au:80/allabout/artist/102033/Monthly_Guest_DJs","20090623111656","200"
"http://www.inthemix.com.au:80/allabout/artist/102034/Martyn","20090618211930","200"
"http://www.inthemix.com.au:80/allabout/artist/102047/Speech_Debelle","20090623050602","200"
"http://www.inthemix.com.au:80/allabout/artist/102062/Mike_Shannon","20090630010415","200"
"http://www.inthemix.com.au:80/allabout/artist/102300/Freeland","20090630010137","200"
"http://www.inthemix.com.au:80/allabout/artist/10236/MC_Hammer","20090413103712","200"
"http://www.inthemix.com.au:80/allabout/artist/1029/Jessica_Joy","20090528232730","200"
"http://www.inthemix.com.au:80/allabout/artist/1031/secure-au.imrworldwide.com/","20090502211640","200"
"http://www.inthemix.com.au:80/allabout/artist/1031/Stacey_Pullen","20090430134918","200"
"http://www.inthemix.com.au:80/allabout/artist/10312/Caribou","20090603082138","200"
"http://www.inthemix.com.au:80/allabout/artist/1032/Dimitri_From_Paris","20090228115029","200"
"http://www.inthemix.com.au:80/allabout/artist/10408/Danny_Bass","20090316051730","200"
"http://www.inthemix.com.au:80/allabout/artist/1051/Tom_Middleton","20090603023817","200"
"http://www.inthemix.com.au:80/allabout/artist/10550/DJ_Tydi","20090323011812","200"
"http://www.inthemix.com.au:80/allabout/artist/10609/Simon_Ramsey","20090316100618","200"
"http://www.inthemix.com.au:80/allabout/artist/1061/Armin_van_Buuren","20090305003238","200"
"http://www.inthemix.com.au:80/allabout/artist/1063/Big_Bud","20090628132550","200"
"http://www.inthemix.com.au:80/allabout/artist/1097/Carl_Kennedy","20090619104148","200"
"http://www.inthemix.com.au:80/allabout/artist/11018/Serge_Santiago","20090225154942","200"
"http://www.inthemix.com.au:80/allabout/artist/11030/DJ_Naro","20090621033133","200"
"http://www.inthemix.com.au:80/allabout/artist/1108/Jonathan_Wall","20090307011705","200"
"http://www.inthemix.com.au:80/allabout/artist/11150/Redman","20090623111053","200"
"http://www.inthemix.com.au:80/allabout/artist/1119/Tiga","20090318044819","200"
"http://www.inthemix.com.au:80/allabout/artist/11239/The_Stafford_Brothers","20090530140921","200"
"http://www.inthemix.com.au:80/allabout/artist/1127/Nick_Warren","20090227033650","200"
"http://www.inthemix.com.au:80/allabout/artist/1133/Mark_Farina","20090609223911","200"
"http://www.inthemix.com.au:80/allabout/artist/1136/Infusion","20090321170601","200"
"http://www.inthemix.com.au:80/allabout/artist/1146/Jacques_Lu_Cont","20090603105921","200"
"http://www.inthemix.com.au:80/allabout/artist/1147/Stanton_Warriors","20090321172208","200"
"http://www.inthemix.com.au:80/allabout/artist/1151/DJ_Sneak","20090323011818","200"
"http://www.inthemix.com.au:80/allabout/artist/11534/Spoonbill","20090331183304","200"
"http://www.inthemix.com.au:80/allabout/artist/11672/Ian_Carey","20090320230306","200"
"http://www.inthemix.com.au:80/allabout/artist/1175/Lab4","20090330030047","200"
"http://www.inthemix.com.au:80/allabout/artist/11822/Esvee","20090516011005","200"
"http://www.inthemix.com.au:80/allabout/artist/1184/Spellbound","20090530140926","200"
"http://www.inthemix.com.au:80/allabout/artist/11849/Macromantics","20090228115040","200"
"http://www.inthemix.com.au:80/allabout/artist/11887/Jase","20090224072215","200"
"http://www.inthemix.com.au:80/allabout/artist/1191/Anthony_Pappa","20090402203510","200"
"http://www.inthemix.com.au:80/allabout/artist/1192/Michael_Jackson","20090531115436","200"
"http://www.inthemix.com.au:80/allabout/artist/1209/Ed_Real","20090410094704","200"
"http://www.inthemix.com.au:80/allabout/artist/1210/Underworld","20090305042737","200"
"http://www.inthemix.com.au:80/allabout/artist/12126/Mr_Oizo","20090224081112","200"
"http://www.inthemix.com.au:80/allabout/artist/1216/DJ_Brendon","20090301022514","200"
"http://www.inthemix.com.au:80/allabout/artist/12198/Soulwax","20090321215131","200"
"http://www.inthemix.com.au:80/allabout/artist/1221/Public_Enemy","20090323013317","200"
"http://www.inthemix.com.au:80/allabout/artist/12221/General_Elektrik_Crew","20090226220858","200"
"http://www.inthemix.com.au:80/allabout/artist/12289/The_Valentinos","20090609223916","200"
"http://www.inthemix.com.au:80/allabout/artist/1234/Tim_Healey","20090316092535","200"
"http://www.inthemix.com.au:80/allabout/artist/12388/Panik","20090413094019","200"
"http://www.inthemix.com.au:80/allabout/artist/12401/Les_Rythmes_Digitales","20090603105355","200"
"http://www.inthemix.com.au:80/allabout/artist/12461/Paul_Woolford","20090605114028","200"
"http://www.inthemix.com.au:80/allabout/artist/12471/Annie","20090316051735","200"
"http://www.inthemix.com.au:80/allabout/artist/12474/DJ_Shep","20090503210101","200"
"http://www.inthemix.com.au:80/allabout/artist/12555/Reflux_DJ","20090228045047","200"
"http://www.inthemix.com.au:80/allabout/artist/12872/Van_She","20090316092540","200"
"http://www.inthemix.com.au:80/allabout/artist/1288/Hess","20090516075811","200"
"http://www.inthemix.com.au:80/allabout/artist/1291/Blank_Jones","20090605112011","200"
"http://www.inthemix.com.au:80/allabout/artist/12918/DJ_Wag","20090321062434","200"
"http://www.inthemix.com.au:80/allabout/artist/1299/Princess_Superstar","20090227030959","200"
"http://www.inthemix.com.au:80/allabout/artist/1302/Sander_Kleinenberg","20090321031725","200"
"http://www.inthemix.com.au:80/allabout/artist/13069/Tocadisco","20090310105602","200"
"http://www.inthemix.com.au:80/allabout/artist/13080/Paris_Hilton","20090405050555","200"
"http://www.inthemix.com.au:80/allabout/artist/1312/The_Presets","20090316151913","200"
"http://www.inthemix.com.au:80/allabout/artist/13125/Zombie_Nation","20090330014627","200"
"http://www.inthemix.com.au:80/allabout/artist/13201/Derek_K","20090609221503","200"
"http://www.inthemix.com.au:80/allabout/artist/13239/Pharrell_Williams","20090224082851","200"
"http://www.inthemix.com.au:80/allabout/artist/13317/Reelax","20090601070222","200"
"http://www.inthemix.com.au:80/allabout/artist/13358/Morgan_Page","20090326130427","200"
"http://www.inthemix.com.au:80/allabout/artist/13365/Minx","20090316085624","200"
"http://www.inthemix.com.au:80/allabout/artist/13519/Rasmus_Faber","20090311011926","200"
"http://www.inthemix.com.au:80/allabout/artist/13560/Kanye_West","20090523031819","200"
"http://www.inthemix.com.au:80/allabout/artist/13589/Rollin_Connection","20090308035024","200"
"http://www.inthemix.com.au:80/allabout/artist/13593/Arbor","20090405050600","200"
"http://www.inthemix.com.au:80/allabout/artist/13604/DJ_Damage","20090313092145","200"
"http://www.inthemix.com.au:80/allabout/artist/13682/Cross_Bred_Mongrels","20090608041852","200"
"http://www.inthemix.com.au:80/allabout/artist/13693/Acid_Jacks","20090319024105","200"
"http://www.inthemix.com.au:80/allabout/artist/13733/Noisia","20090609140518","200"
"http://www.inthemix.com.au:80/allabout/artist/13749/Def_Wish_Cast","20090619035500","200"
"http://www.inthemix.com.au:80/allabout/artist/13769/Dean_Millson","20090511055929","200"
"http://www.inthemix.com.au:80/allabout/artist/13769/secure-au.imrworldwide.com/","20090516020741","200"
"http://www.inthemix.com.au:80/allabout/artist/1382/Ben_Morris","20090308043343","200"
"http://www.inthemix.com.au:80/allabout/artist/13836/Spank_Rock","20090224080441","200"
"http://www.inthemix.com.au:80/allabout/artist/13909/DNox","20090308042151","200"
"http://www.inthemix.com.au:80/allabout/artist/13910/Mattafix","20090609221510","200"
"http://www.inthemix.com.au:80/allabout/artist/13972/Paolo_Mojo","20090618211937","200"
"http://www.inthemix.com.au:80/allabout/artist/14043/Ben_Evans","20090321065934","200"
"http://www.inthemix.com.au:80/allabout/artist/14116/Supermarket","20090425162733","200"
"http://www.inthemix.com.au:80/allabout/artist/14242/The_Potbelleez","20090419143624","200"
"http://www.inthemix.com.au:80/allabout/artist/14261/Gaelle","20090608041105","200"
"http://www.inthemix.com.au:80/allabout/artist/14268/Lady_Sovereign","20090609090600","200"
"http://www.inthemix.com.au:80/allabout/artist/1430/Funkoars","20090327090623","200"
"http://www.inthemix.com.au:80/allabout/artist/14502/Ajax","20090311003108","200"
"http://www.inthemix.com.au:80/allabout/artist/14561/Madness","20090402125803","200"
"http://www.inthemix.com.au:80/allabout/artist/1464/MC_Shureshock","20090609224315","200"
"http://www.inthemix.com.au:80/allabout/artist/14659/Justice","20090302015027","200"
"http://www.inthemix.com.au:80/allabout/artist/14696/Pivot","20090327155719","200"
"http://www.inthemix.com.au:80/allabout/artist/14715/Digitalism","20090316085629","200"
"http://www.inthemix.com.au:80/allabout/artist/14716/Electric_Disco_DJs","20090316085633","200"
"http://www.inthemix.com.au:80/allabout/artist/14812/16_Bit_Lolitas","20090425091549","200"
"http://www.inthemix.com.au:80/allabout/artist/14812/Array","20090621041645","200"
"http://www.inthemix.com.au:80/allabout/artist/14987/Matisyahu","20090311004538","200"
"http://www.inthemix.com.au:80/allabout/artist/15034/Mos_Def","20090623120920","200"
"http://www.inthemix.com.au:80/allabout/artist/15112/Peter_Hook","20090311142506","200"
"http://www.inthemix.com.au:80/allabout/artist/15195/Ali","20090316090631","200"
"http://www.inthemix.com.au:80/allabout/artist/15201/Ben_M","20090316072553","200"
"http://www.inthemix.com.au:80/allabout/artist/1527/Nik_Fish","20090412043201","200"
"http://www.inthemix.com.au:80/allabout/artist/1528/Amber_Savage","20090524194014","200"
"http://www.inthemix.com.au:80/allabout/artist/15341/Louis_Xiv","20090402143538","200"
"http://www.inthemix.com.au:80/allabout/artist/15420/Tbc","20090305044251","200"
"http://www.inthemix.com.au:80/allabout/artist/15467/Wei_Shen","20090302033552","200"
"http://www.inthemix.com.au:80/allabout/artist/15470/James_Belias","20090305033947","200"
"http://www.inthemix.com.au:80/allabout/artist/15589/Franky_D","20090612211359","200"
"http://www.inthemix.com.au:80/allabout/artist/15824/Tydi","20090301020953","200"
"http://www.inthemix.com.au:80/allabout/artist/15825/Syke","20090323144303","200"
"http://www.inthemix.com.au:80/allabout/artist/15851/Rob_Kay","20090608035436","200"
"http://www.inthemix.com.au:80/allabout/artist/15853/Luki","20090318034457","200"
"http://www.inthemix.com.au:80/allabout/artist/15890/Djcam","20090511065108","200"
"http://www.inthemix.com.au:80/allabout/artist/15926/Habebe","20090318044824","200"
"http://www.inthemix.com.au:80/allabout/artist/15931/More_Tba","20090611084002","200"
"http://www.inthemix.com.au:80/allabout/artist/1604/The_Crystal_Method","20090318044831","200"
"http://www.inthemix.com.au:80/allabout/artist/16042/Daniel_Crocetti","20090331193149","200"
"http://www.inthemix.com.au:80/allabout/artist/1605/LTJ_Bukem","20090227033655","200"
"http://www.inthemix.com.au:80/allabout/artist/1606/MC_Conrad","20090227033311","200"
"http://www.inthemix.com.au:80/allabout/artist/16391/image=/_images/_sponsors/becks/whatson/whatson_navbaritem.jpg;url=http://adsfac.net/link.asp?cc=LIN038.85736.0;imagewidth=150;imagealign=center;oncolor=","20090416011547","200"
"http://www.inthemix.com.au:80/allabout/artist/16391/Jinks_3","20090414050001","200"
"http://www.inthemix.com.au:80/allabout/artist/16391/secure-au.imrworldwide.com/","20090417204338","200"
"http://www.inthemix.com.au:80/allabout/artist/16391/text=%20Adelaide;url=/forum/forumdisplay.php?forumid=5;","20090416011553","200"
"http://www.inthemix.com.au:80/allabout/artist/16391/text=%20Adelaide;url=/gallery/?city=5;;status=Adelaide;separatorsize=1","20090416011558","200"
"http://www.inthemix.com.au:80/allabout/artist/16391/text=%20Adelaide;url=/whatson/?city=5;;status=Adelaide;separatorsize=1","20090416010811","200"
"http://www.inthemix.com.au:80/allabout/artist/16391/text=%20Breaks;url=/forum/forumdisplay.php?forumid=31;","20090417204343","200"
"http://www.inthemix.com.au:80/allabout/artist/16391/text=%20Brisbane;url=/gallery/?city=4;;status=Brisbane;separatorsize=1","20090416011602","200"
"http://www.inthemix.com.au:80/allabout/artist/16391/text=%20Brisbane;url=/whatson/?city=4;;status=Brisbane;separatorsize=1","20090417204722","200"
"http://www.inthemix.com.au:80/allabout/artist/16391/text=%20Canberra;url=/forum/forumdisplay.php?forumid=3;","20090416010816","200"
"http://www.inthemix.com.au:80/allabout/artist/16391/text=%20Canberra;url=/gallery/?city=3;;status=Canberra;separatorsize=1","20090417204729","200"
"http://www.inthemix.com.au:80/allabout/artist/16391/text=%20Canberra;url=/whatson/?city=3;;status=Canberra;separatorsize=1","20090416011608","200"
"http://www.inthemix.com.au:80/allabout/artist/16391/text=%20General;url=/forum/forumdisplay.php?forumid=10;","20090416010820","200"
"http://www.inthemix.com.au:80/allabout/artist/16391/text=%20House;url=/forum/forumdisplay.php?forumid=30;","20090417204734","200"
"http://www.inthemix.com.au:80/allabout/artist/16391/text=%20Ibiza;url=/forum/forumdisplay.php?forumid=66;","20090417205348","200"
"http://www.inthemix.com.au:80/allabout/artist/16391/text=%20Lifestyle;url=/forum/forumdisplay.php?forumid=23;","20090417204738","200"
"http://www.inthemix.com.au:80/allabout/artist/16391/text=%20Melbourne;url=/forum/forumdisplay.php?forumid=2;","20090417204743","200"
"http://www.inthemix.com.au:80/allabout/artist/16391/text=%20Melbourne;url=/whatson/?city=2;;status=Melbourne;separatorsize=1","20090417204349","200"
"http://www.inthemix.com.au:80/allabout/artist/16391/text=%20Perth;url=/forum/forumdisplay.php?forumid=6;","20090417204751","200"
"http://www.inthemix.com.au:80/allabout/artist/16391/text=%20Perth;url=/gallery/?city=6;;status=Perth;separatorsize=1","20090417204940","200"
"http://www.inthemix.com.au:80/allabout/artist/16391/text=%20Perth;url=/whatson/?city=6;;status=Perth;separatorsize=1","20090417205353","200"
"http://www.inthemix.com.au:80/allabout/artist/16391/text=%20Photography;url=/forum/forumdisplay.php?forumid=61;","20090416011613","200"
"http://www.inthemix.com.au:80/allabout/artist/16391/text=%20Progressive;url=/forum/forumdisplay.php?forumid=36;","20090416010826","200"
"http://www.inthemix.com.au:80/allabout/artist/16391/text=%20Sydney;url=/forum/forumdisplay.php?forumid=1;","20090416011618","200"
"http://www.inthemix.com.au:80/allabout/artist/16391/text=%20Sydney;url=/gallery/?city=1;;status=Sydney;separatorsize=1","20090416011623","200"
"http://www.inthemix.com.au:80/allabout/artist/16391/text=%20Sydney;url=/whatson/?city=1;;status=Sydney;separatorsize=1","20090417205358","200"
"http://www.inthemix.com.au:80/allabout/artist/16391/text=%20Travel;url=/forum/forumdisplay.php?forumid=28;","20090416011630","200"
"http://www.inthemix.com.au:80/allabout/artist/16492/Victim","20090226080535","200"
"http://www.inthemix.com.au:80/allabout/artist/16551/Twitch","20090226084454","200"
"http://www.inthemix.com.au:80/allabout/artist/16687/Sista_P","20090327041811","200"
"http://www.inthemix.com.au:80/allabout/artist/1684/Matthew_Herbert","20090423064627","200"
"http://www.inthemix.com.au:80/allabout/artist/1703/Garage_Pressure","20090226080538","200"
"http://www.inthemix.com.au:80/allabout/artist/17106/image=/_images/_sponsors/becks/whatson/whatson_navbaritem.jpg;url=http://adsfac.net/link.asp?cc=LIN038.85736.0;imagewidth=150;imagealign=center;oncolor=","20090609150414","200"
"http://www.inthemix.com.au:80/allabout/artist/17106/Miss_Match","20090607092324","200"
"http://www.inthemix.com.au:80/allabout/artist/17106/secure-au.imrworldwide.com/","20090609144316","200"
"http://www.inthemix.com.au:80/allabout/artist/17106/text=%20Adelaide;url=/forum/forumdisplay.php?forumid=5;","20090609150418","200"
"http://www.inthemix.com.au:80/allabout/artist/17106/text=%20Adelaide;url=/gallery/?city=5;;status=Adelaide;separatorsize=1","20090609151636","200"
"http://www.inthemix.com.au:80/allabout/artist/17106/text=%20Adelaide;url=/whatson/?city=5;;status=Adelaide;separatorsize=1","20090609140524","200"
"http://www.inthemix.com.au:80/allabout/artist/17106/text=%20Breaks;url=/forum/forumdisplay.php?forumid=31;","20090609145347","200"
"http://www.inthemix.com.au:80/allabout/artist/17106/text=%20Brisbane;url=/gallery/?city=4;;status=Brisbane;separatorsize=1","20090609135243","200"
"http://www.inthemix.com.au:80/allabout/artist/17106/text=%20Brisbane;url=/whatson/?city=4;;status=Brisbane;separatorsize=1","20090609140528","200"
"http://www.inthemix.com.au:80/allabout/artist/17106/text=%20Canberra;url=/forum/forumdisplay.php?forumid=3;","20090609145353","200"
"http://www.inthemix.com.au:80/allabout/artist/17106/text=%20Canberra;url=/gallery/?city=3;;status=Canberra;separatorsize=1","20090609141957","200"
"http://www.inthemix.com.au:80/allabout/artist/17106/text=%20Canberra;url=/whatson/?city=3;;status=Canberra;separatorsize=1","20090609140533","200"
"http://www.inthemix.com.au:80/allabout/artist/17106/text=%20General;url=/forum/forumdisplay.php?forumid=10;","20090609134105","200"
"http://www.inthemix.com.au:80/allabout/artist/17106/text=%20House;url=/forum/forumdisplay.php?forumid=30;","20090609135248","200"
"http://www.inthemix.com.au:80/allabout/artist/17106/text=%20Ibiza;url=/forum/forumdisplay.php?forumid=66;","20090609150423","200"
"http://www.inthemix.com.au:80/allabout/artist/17106/text=%20Lifestyle;url=/forum/forumdisplay.php?forumid=23;","20090609150429","200"
"http://www.inthemix.com.au:80/allabout/artist/17106/text=%20Melbourne;url=/forum/forumdisplay.php?forumid=2;","20090609134109","200"
"http://www.inthemix.com.au:80/allabout/artist/17106/text=%20Melbourne;url=/gallery/?city=2;;status=Melbourne;separatorsize=1","20090609134114","200"
"http://www.inthemix.com.au:80/allabout/artist/17106/text=%20Melbourne;url=/whatson/?city=2;;status=Melbourne;separatorsize=1","20090609140537","200"
"http://www.inthemix.com.au:80/allabout/artist/17106/text=%20Perth;url=/forum/forumdisplay.php?forumid=6;","20090609151641","200"
"http://www.inthemix.com.au:80/allabout/artist/17106/text=%20Perth;url=/gallery/?city=6;;status=Perth;separatorsize=1","20090609150434","200"
"http://www.inthemix.com.au:80/allabout/artist/17106/text=%20Perth;url=/whatson/?city=6;;status=Perth;separatorsize=1","20090609151647","200"
"http://www.inthemix.com.au:80/allabout/artist/17106/text=%20Photography;url=/forum/forumdisplay.php?forumid=61;","20090609135253","200"
"http://www.inthemix.com.au:80/allabout/artist/17106/text=%20Progressive;url=/forum/forumdisplay.php?forumid=36;","20090609134120","200"
"http://www.inthemix.com.au:80/allabout/artist/17106/text=%20Sydney;url=/forum/forumdisplay.php?forumid=1;","20090609140543","200"
"http://www.inthemix.com.au:80/allabout/artist/17106/text=%20Sydney;url=/gallery/?city=1;;status=Sydney;separatorsize=1","20090609145357","200"
"http://www.inthemix.com.au:80/allabout/artist/17106/text=%20Sydney;url=/whatson/?city=1;;status=Sydney;separatorsize=1","20090609151652","200"
"http://www.inthemix.com.au:80/allabout/artist/17106/text=%20Travel;url=/forum/forumdisplay.php?forumid=28;","20090609144322","200"
"http://www.inthemix.com.au:80/allabout/artist/17132/Sampology","20090429004811","200"
"http://www.inthemix.com.au:80/allabout/artist/1716/Array","20090621033139","200"
"http://www.inthemix.com.au:80/allabout/artist/1716/James_Zabiela","20090321002903","200"
"http://www.inthemix.com.au:80/allabout/artist/17265/Freestyle","20090603095144","200"
"http://www.inthemix.com.au:80/allabout/artist/1740/DJ_Josh","20090301014840","200"
"http://www.inthemix.com.au:80/allabout/artist/1771/Dexter","20090318011449","200"
"http://www.inthemix.com.au:80/allabout/artist/17772/Paul_Fraser","20090331194025","200"
"http://www.inthemix.com.au:80/allabout/artist/17807/Zany","20090603090430","200"
"http://www.inthemix.com.au:80/allabout/artist/1790/Phil_Smart","20090517001553","200"
"http://www.inthemix.com.au:80/allabout/artist/18000/Mike_G","20090623120925","200"
"http://www.inthemix.com.au:80/allabout/artist/18312/Mike_B","20090621031739","200"
"http://www.inthemix.com.au:80/allabout/artist/18329/Dj_Nervous","20090602200552","200"
"http://www.inthemix.com.au:80/allabout/artist/18472/001","20090304233954","200"
"http://www.inthemix.com.au:80/allabout/artist/18498/Phdj","20090619002201","200"
"http://www.inthemix.com.au:80/allabout/artist/18696/Ollo","20090331192133","200"
"http://www.inthemix.com.au:80/allabout/artist/1897/Jazzanova","20090312002543","200"
"http://www.inthemix.com.au:80/allabout/artist/19770/Alex_Kidd","20090308035030","200"
"http://www.inthemix.com.au:80/allabout/artist/199/Alan_Thompson","20090310093207","200"
"http://www.inthemix.com.au:80/allabout/artist/19914/Local_Djs_Tba","20090619014234","200"
"http://www.inthemix.com.au:80/allabout/artist/20108/Gavin_Campbell","20090528184155","200"
"http://www.inthemix.com.au:80/allabout/artist/20108/secure-au.imrworldwide.com/","20090428114455","200"
"http://www.inthemix.com.au:80/allabout/artist/2025/Tiefschwarz","20090316100624","200"
"http://www.inthemix.com.au:80/allabout/artist/20341/Virginia_Le","20090316051740","200"
"http://www.inthemix.com.au:80/allabout/artist/20381/Kito","20090609223514","200"
"http://www.inthemix.com.au:80/allabout/artist/2049/Felix_Da_Housecat","20090618145232","200"
"http://www.inthemix.com.au:80/allabout/artist/2065/Nas","20090621034520","200"
"http://www.inthemix.com.au:80/allabout/artist/20710/Prize","20090609223520","200"
"http://www.inthemix.com.au:80/allabout/artist/2073/Armand_Van_Helden","20090303225146","200"
"http://www.inthemix.com.au:80/allabout/artist/210/Tiesto","20090612222842","200"
"http://www.inthemix.com.au:80/allabout/artist/21186/Matttt","20090301014843","200"
"http://www.inthemix.com.au:80/allabout/artist/21385/Kirk1","20090228051923","200"
"http://www.inthemix.com.au:80/allabout/artist/21435/Harley_Augustine","20090405051536","200"
"http://www.inthemix.com.au:80/allabout/artist/21445/Alex_Cordova","20090607004249","200"
"http://www.inthemix.com.au:80/allabout/artist/21481/S_Dee","20090505060221","200"
"http://www.inthemix.com.au:80/allabout/artist/21587/Kno","20090316092544","200"
"http://www.inthemix.com.au:80/allabout/artist/2193/Paul_Oakenfold","20090524042731","200"
"http://www.inthemix.com.au:80/allabout/artist/22108/J_Flex","20090619104153","200"
"http://www.inthemix.com.au:80/allabout/artist/22341/Clive_Henry","20090316085638","200"
"http://www.inthemix.com.au:80/allabout/artist/2250/Miguel_Migs","20090424015016","200"
"http://www.inthemix.com.au:80/allabout/artist/22578/Shock_One","20090321062251","200"
"http://www.inthemix.com.au:80/allabout/artist/23217/Steve_Corfield","20090316095238","200"
"http://www.inthemix.com.au:80/allabout/artist/2323/Tim_Deluxe","20090609222701","200"
"http://www.inthemix.com.au:80/allabout/artist/23583/Lectrolux","20090321215137","200"
"http://www.inthemix.com.au:80/allabout/artist/23619/David_Whelan","20090628171937","200"
"http://www.inthemix.com.au:80/allabout/artist/23691/Nick_Fish","20090228115832","200"
"http://www.inthemix.com.au:80/allabout/artist/23724/Emerson_Todd","20090316101859","200"
"http://www.inthemix.com.au:80/allabout/artist/24065/Floody","20090523231506","200"
"http://www.inthemix.com.au:80/allabout/artist/2443/Ferry_Corsten","20090323010350","200"
"http://www.inthemix.com.au:80/allabout/artist/24631/Donni_1","20090311005425","200"
"http://www.inthemix.com.au:80/allabout/artist/247/Will_Styles","20090516021527","200"
"http://www.inthemix.com.au:80/allabout/artist/248/Learned_Hand","20090516012404","200"
"http://www.inthemix.com.au:80/allabout/artist/25235/Children_Collide","20090402142937","200"
"http://www.inthemix.com.au:80/allabout/artist/25426/Ian_Murray","20090623120511","200"
"http://www.inthemix.com.au:80/allabout/artist/2544/Justine_Suissa","20090531112407","200"
"http://www.inthemix.com.au:80/allabout/artist/25534/Mike_Hyper","20090621034526","200"
"http://www.inthemix.com.au:80/allabout/artist/25827/Djl","20090317120835","200"
"http://www.inthemix.com.au:80/allabout/artist/25993/Audiofly","20090429053630","200"
"http://www.inthemix.com.au:80/allabout/artist/26202/Eraserhead","20090615152017","200"
"http://www.inthemix.com.au:80/allabout/artist/2635/Deekline_Wizard","20090319021251","200"
"http://www.inthemix.com.au:80/allabout/artist/2648/Gabriel_Dresden","20090321165829","200"
"http://www.inthemix.com.au:80/allabout/artist/26486/Nitrouz","20090329021459","200"
"http://www.inthemix.com.au:80/allabout/artist/2649/Markus_Schulz","20090224083650","200"
"http://www.inthemix.com.au:80/allabout/artist/26683/Rossco","20090410195854","200"
"http://www.inthemix.com.au:80/allabout/artist/2705/Laurent_Garnier","20090603032219","200"
"http://www.inthemix.com.au:80/allabout/artist/2726/Tom_Novy","20090227033702","200"
"http://www.inthemix.com.au:80/allabout/artist/2729/Tomcraft","20090422045816","200"
"http://www.inthemix.com.au:80/allabout/artist/27426/Edwin","20090422224435","200"
"http://www.inthemix.com.au:80/allabout/artist/27463/Amy_Manning","20090619001154","200"
"http://www.inthemix.com.au:80/allabout/artist/2760/Agent_86","20090401173139","200"
"http://www.inthemix.com.au:80/allabout/artist/2761/Sneaky_Sound_System","20090301165908","200"
"http://www.inthemix.com.au:80/allabout/artist/2763/Blueprint","20090609222310","200"
"http://www.inthemix.com.au:80/allabout/artist/277/Mark_Dynamix","20090311004546","200"
"http://www.inthemix.com.au:80/allabout/artist/27800/Viceversa","20090628135046","200"
"http://www.inthemix.com.au:80/allabout/artist/27857/Hijack","20090327155103","200"
"http://www.inthemix.com.au:80/allabout/artist/28745/Chunk","20090321171010","200"
"http://www.inthemix.com.au:80/allabout/artist/2886/Dylan_Rhymes","20090316085644","200"
"http://www.inthemix.com.au:80/allabout/artist/28915/Mike_Callendar","20090313092148","200"
"http://www.inthemix.com.au:80/allabout/artist/2912/Simon_Digby","20090612230738","200"
"http://www.inthemix.com.au:80/allabout/artist/29472/Sangers","20090318043246","200"
"http://www.inthemix.com.au:80/allabout/artist/2969/Atmosphere","20090512011435","200"
"http://www.inthemix.com.au:80/allabout/artist/297/DJ_Falcon","20090227030341","200"
"http://www.inthemix.com.au:80/allabout/artist/297/image=/_images/_sponsors/becks/whatson/whatson_navbaritem.jpg;url=http://adsfac.net/link.asp?cc=LIN038.85736.0;imagewidth=150;imagealign=center;oncolor=","20090316090650","200"
"http://www.inthemix.com.au:80/allabout/artist/297/text=%20Adelaide;url=/forum/forumdisplay.php?forumid=5;","20090316095245","200"
"http://www.inthemix.com.au:80/allabout/artist/297/text=%20Adelaide;url=/gallery/?city=5;;status=Adelaide;separatorsize=1","20090316085649","200"
"http://www.inthemix.com.au:80/allabout/artist/297/text=%20Adelaide;url=/whatson/?city=5;;status=Adelaide;separatorsize=1","20090317163931","200"
"http://www.inthemix.com.au:80/allabout/artist/297/text=%20Breaks;url=/forum/forumdisplay.php?forumid=31;","20090316085653","200"
"http://www.inthemix.com.au:80/allabout/artist/297/text=%20Brisbane;url=/gallery/?city=4;;status=Brisbane;separatorsize=1","20090316072558","200"
"http://www.inthemix.com.au:80/allabout/artist/297/text=%20Brisbane;url=/whatson/?city=4;;status=Brisbane;separatorsize=1","20090316095246","200"
"http://www.inthemix.com.au:80/allabout/artist/297/text=%20Canberra;url=/forum/forumdisplay.php?forumid=3;","20090318040914","200"
"http://www.inthemix.com.au:80/allabout/artist/297/text=%20Canberra;url=/gallery/?city=3;;status=Canberra;separatorsize=1","20090321171019","200"
"http://www.inthemix.com.au:80/allabout/artist/297/text=%20General;url=/forum/forumdisplay.php?forumid=10;","20090318035416","200"
"http://www.inthemix.com.au:80/allabout/artist/297/text=%20House;url=/forum/forumdisplay.php?forumid=30;","20090316051748","200"
"http://www.inthemix.com.au:80/allabout/artist/297/text=%20Ibiza;url=/forum/forumdisplay.php?forumid=66;","20090316063917","200"
"http://www.inthemix.com.au:80/allabout/artist/297/text=%20Melbourne;url=/forum/forumdisplay.php?forumid=2;","20090316072603","200"
"http://www.inthemix.com.au:80/allabout/artist/297/text=%20Melbourne;url=/gallery/?city=2;;status=Melbourne;separatorsize=1","20090316051751","200"
"http://www.inthemix.com.au:80/allabout/artist/297/text=%20Melbourne;url=/whatson/?city=2;;status=Melbourne;separatorsize=1","20090316051755","200"
"http://www.inthemix.com.au:80/allabout/artist/297/text=%20Perth;url=/gallery/?city=6;;status=Perth;separatorsize=1","20090317163936","200"
"http://www.inthemix.com.au:80/allabout/artist/297/text=%20Perth;url=/whatson/?city=6;;status=Perth;separatorsize=1","20090318040919","200"
"http://www.inthemix.com.au:80/allabout/artist/297/text=%20Photography;url=/forum/forumdisplay.php?forumid=61;","20090317160904","200"
"http://www.inthemix.com.au:80/allabout/artist/297/text=%20Progressive;url=/forum/forumdisplay.php?forumid=36;","20090316085658","200"
"http://www.inthemix.com.au:80/allabout/artist/297/text=%20Sydney;url=/forum/forumdisplay.php?forumid=1;","20090316072608","200"
"http://www.inthemix.com.au:80/allabout/artist/297/text=%20Sydney;url=/gallery/?city=1;;status=Sydney;separatorsize=1","20090316092549","200"
"http://www.inthemix.com.au:80/allabout/artist/297/text=%20Sydney;url=/whatson/?city=1;;status=Sydney;separatorsize=1","20090316085704","200"
"http://www.inthemix.com.au:80/allabout/artist/3014/Mark_James","20090306171235","200"
"http://www.inthemix.com.au:80/allabout/artist/3014/secure-au.imrworldwide.com/","20090311011932","200"
"http://www.inthemix.com.au:80/allabout/artist/30197/Psyreviews_Uk","20090614195323","200"
"http://www.inthemix.com.au:80/allabout/artist/30197/secure-au.imrworldwide.com/","20090619010058","200"
"http://www.inthemix.com.au:80/allabout/artist/30428/Firehouse","20090603092708","200"
"http://www.inthemix.com.au:80/allabout/artist/3058/Umek","20090321042411","200"
"http://www.inthemix.com.au:80/allabout/artist/310/Mark_B","20090528185503","200"
"http://www.inthemix.com.au:80/allabout/artist/31248/Ed_Seven","20090609140547","200"
"http://www.inthemix.com.au:80/allabout/artist/31379/The_Cruel_Sea","20090615152022","200"
"http://www.inthemix.com.au:80/allabout/artist/317/Sia","20090316051807","200"
"http://www.inthemix.com.au:80/allabout/artist/32012/Frew","20090607043644","200"
"http://www.inthemix.com.au:80/allabout/artist/3241/Aniki","20090321215142","200"
"http://www.inthemix.com.au:80/allabout/artist/33084/Adam_K","20090606085243","200"
"http://www.inthemix.com.au:80/allabout/artist/33108/Hektic","20090317204616","200"
"http://www.inthemix.com.au:80/allabout/artist/3366/Matthew_Dekay","20090327155107","200"
"http://www.inthemix.com.au:80/allabout/artist/33862/Tyrone","20090501133211","200"
"http://www.inthemix.com.au:80/allabout/artist/339/Kid%20Kenobi","20090227123851","200"
"http://www.inthemix.com.au:80/allabout/artist/339/Kid_Kenobi","20090227123856","200"
"http://www.inthemix.com.au:80/allabout/artist/339/secure-au.imrworldwide.com/","20090301020755","200"
"http://www.inthemix.com.au:80/allabout/artist/342/Bass_Kleph","20090609090008","200"
"http://www.inthemix.com.au:80/allabout/artist/3431/Ian_Pooley","20090609224322","200"
"http://www.inthemix.com.au:80/allabout/artist/34431/Patrick_Carrera","20090323011012","200"
"http://www.inthemix.com.au:80/allabout/artist/348/Pnau","20090329021914","200"
"http://www.inthemix.com.au:80/allabout/artist/35055/Nikk_C","20090529155229","200"
"http://www.inthemix.com.au:80/allabout/artist/3511/Satoshi_Tomiie","20090301022246","200"
"http://www.inthemix.com.au:80/allabout/artist/353/Hernan_Cattaneo","20090531071833","200"
"http://www.inthemix.com.au:80/allabout/artist/3569/Plump_DJs","20090323010555","200"
"http://www.inthemix.com.au:80/allabout/artist/35767/Baby_Gee","20090311005430","200"
"http://www.inthemix.com.au:80/allabout/artist/35858/Danger","20090327155746","200"
"http://www.inthemix.com.au:80/allabout/artist/35964/McLosty","20090505060227","200"
"http://www.inthemix.com.au:80/allabout/artist/3629/Etienne_De_Crecy","20090224083147","200"
"http://www.inthemix.com.au:80/allabout/artist/37311/The_Holy_Soul","20090615154221","200"
"http://www.inthemix.com.au:80/allabout/artist/37449/Foreigndub","20090627085637","200"
"http://www.inthemix.com.au:80/allabout/artist/3774/Chia","20090330033001","200"
"http://www.inthemix.com.au:80/allabout/artist/3783/Kid_Confucius","20090603093259","200"
"http://www.inthemix.com.au:80/allabout/artist/3804/Cypress_Hill","20090304031016","200"
"http://www.inthemix.com.au:80/allabout/artist/38210/Karina_Chavez","20090516083217","200"
"http://www.inthemix.com.au:80/allabout/artist/3835/Kane","20090330023846","200"
"http://www.inthemix.com.au:80/allabout/artist/38367/Daniel_McMillan","20090531164637","200"
"http://www.inthemix.com.au:80/allabout/artist/38367/secure-au.imrworldwide.com/","20090602195801","200"
"http://www.inthemix.com.au:80/allabout/artist/3838/DJ_Chus","20090623120930","200"
"http://www.inthemix.com.au:80/allabout/artist/39135/A_Skillz","20090317160910","200"
"http://www.inthemix.com.au:80/allabout/artist/3919/Seven","20090331134600","200"
"http://www.inthemix.com.au:80/allabout/artist/3929/Josh_Wink","20090227031003","200"
"http://www.inthemix.com.au:80/allabout/artist/3937/Synik","20090316072613","200"
"http://www.inthemix.com.au:80/allabout/artist/39410/Jamie_K","20090428114459","200"
"http://www.inthemix.com.au:80/allabout/artist/3961/Richie_Hawtin","20090320230313","200"
"http://www.inthemix.com.au:80/allabout/artist/39964/Isaac","20090316061037","200"
"http://www.inthemix.com.au:80/allabout/artist/40019/Bumblebeez","20090603030112","200"
"http://www.inthemix.com.au:80/allabout/artist/40177/image=/_images/_sponsors/becks/whatson/whatson_navbaritem.jpg;url=http://adsfac.net/link.asp?cc=LIN038.85736.0;imagewidth=150;imagealign=center;oncolor=","20090603033922","200"
"http://www.inthemix.com.au:80/allabout/artist/40177/Phlex","20090525232752","200"
"http://www.inthemix.com.au:80/allabout/artist/40177/secure-au.imrworldwide.com/","20090603094811","200"
"http://www.inthemix.com.au:80/allabout/artist/40177/text=%20Adelaide;url=/forum/forumdisplay.php?forumid=5;","20090603094401","200"
"http://www.inthemix.com.au:80/allabout/artist/40177/text=%20Adelaide;url=/gallery/?city=5;;status=Adelaide;separatorsize=1","20090603152539","200"
"http://www.inthemix.com.au:80/allabout/artist/40177/text=%20Adelaide;url=/whatson/?city=5;;status=Adelaide;separatorsize=1","20090603091322","200"
"http://www.inthemix.com.au:80/allabout/artist/40177/text=%20Breaks;url=/forum/forumdisplay.php?forumid=31;","20090603023821","200"
"http://www.inthemix.com.au:80/allabout/artist/40177/text=%20Brisbane;url=/gallery/?city=4;;status=Brisbane;separatorsize=1","20090603030118","200"
"http://www.inthemix.com.au:80/allabout/artist/40177/text=%20Brisbane;url=/whatson/?city=4;;status=Brisbane;separatorsize=1","20090603085844","200"
"http://www.inthemix.com.au:80/allabout/artist/40177/text=%20Canberra;url=/forum/forumdisplay.php?forumid=3;","20090603093929","200"
"http://www.inthemix.com.au:80/allabout/artist/40177/text=%20Canberra;url=/gallery/?city=3;;status=Canberra;separatorsize=1","20090603010413","200"
"http://www.inthemix.com.au:80/allabout/artist/40177/text=%20Canberra;url=/whatson/?city=3;;status=Canberra;separatorsize=1","20090603114141","200"
"http://www.inthemix.com.au:80/allabout/artist/40177/text=%20General;url=/forum/forumdisplay.php?forumid=10;","20090603035002","200"
"http://www.inthemix.com.au:80/allabout/artist/40177/text=%20House;url=/forum/forumdisplay.php?forumid=30;","20090603030123","200"
"http://www.inthemix.com.au:80/allabout/artist/40177/text=%20Ibiza;url=/forum/forumdisplay.php?forumid=66;","20090603105926","200"
"http://www.inthemix.com.au:80/allabout/artist/40177/text=%20Lifestyle;url=/forum/forumdisplay.php?forumid=23;","20090603024724","200"
"http://www.inthemix.com.au:80/allabout/artist/40177/text=%20Melbourne;url=/forum/forumdisplay.php?forumid=2;","20090603030129","200"
"http://www.inthemix.com.au:80/allabout/artist/40177/text=%20Melbourne;url=/gallery/?city=2;;status=Melbourne;separatorsize=1","20090603024729","200"
"http://www.inthemix.com.au:80/allabout/artist/40177/text=%20Melbourne;url=/whatson/?city=2;;status=Melbourne;separatorsize=1","20090603105402","200"
"http://www.inthemix.com.au:80/allabout/artist/40177/text=%20Perth;url=/forum/forumdisplay.php?forumid=6;","20090603084416","200"
"http://www.inthemix.com.au:80/allabout/artist/40177/text=%20Perth;url=/gallery/?city=6;;status=Perth;separatorsize=1","20090603022940","200"
"http://www.inthemix.com.au:80/allabout/artist/40177/text=%20Perth;url=/whatson/?city=6;;status=Perth;separatorsize=1","20090603150821","200"
"http://www.inthemix.com.au:80/allabout/artist/40177/text=%20Photography;url=/forum/forumdisplay.php?forumid=61;","20090603033928","200"
"http://www.inthemix.com.au:80/allabout/artist/40177/text=%20Progressive;url=/forum/forumdisplay.php?forumid=36;","20090603085124","200"
"http://www.inthemix.com.au:80/allabout/artist/40177/text=%20Sydney;url=/forum/forumdisplay.php?forumid=1;","20090603032222","200"
"http://www.inthemix.com.au:80/allabout/artist/40177/text=%20Sydney;url=/gallery/?city=1;;status=Sydney;separatorsize=1","20090603152546","200"
"http://www.inthemix.com.au:80/allabout/artist/40177/text=%20Sydney;url=/whatson/?city=1;;status=Sydney;separatorsize=1","20090603032227","200"
"http://www.inthemix.com.au:80/allabout/artist/40177/text=%20Travel;url=/forum/forumdisplay.php?forumid=28;","20090603101104","200"
"http://www.inthemix.com.au:80/allabout/artist/4027/Dave_Pham","20090419143630","200"
"http://www.inthemix.com.au:80/allabout/artist/406/Ali_B","20090228173553","200"
"http://www.inthemix.com.au:80/allabout/artist/4061/DJ_Peril","20090609222712","200"
"http://www.inthemix.com.au:80/allabout/artist/4063/Samrai","20090619015827","200"
"http://www.inthemix.com.au:80/allabout/artist/4139/Tim_McGee","20090410004605","200"
"http://www.inthemix.com.au:80/allabout/artist/4181/SExpress","20090628121009","200"
"http://www.inthemix.com.au:80/allabout/artist/4216/Lynt","20090609223525","200"
"http://www.inthemix.com.au:80/allabout/artist/423/The_Orb","20090629010721","200"
"http://www.inthemix.com.au:80/allabout/artist/4254/Grandmaster_Flash","20090320230317","200"
"http://www.inthemix.com.au:80/allabout/artist/4270/Desyn_Masiello","20090502122056","200"
"http://www.inthemix.com.au:80/allabout/artist/4287/Deadly_Avenger","20090316051809","200"
"http://www.inthemix.com.au:80/allabout/artist/43358/Counterpart","20090331185911","200"
"http://www.inthemix.com.au:80/allabout/artist/435/Ben_Cromack","20090501115305","200"
"http://www.inthemix.com.au:80/allabout/artist/436/Boogs","20090609221514","200"
"http://www.inthemix.com.au:80/allabout/artist/4381/JayZ","20090626092932","200"
"http://www.inthemix.com.au:80/allabout/artist/43987/Scott_Walker","20090317194651","200"
"http://www.inthemix.com.au:80/allabout/artist/44060/Carlos_Zarate","20090316051814","200"
"http://www.inthemix.com.au:80/allabout/artist/44139/Who_Made_Who","20090609223530","200"
"http://www.inthemix.com.au:80/allabout/artist/44164/Spacey_Space","20090609222717","200"
"http://www.inthemix.com.au:80/allabout/artist/44382/Riksta","20090523231511","200"
"http://www.inthemix.com.au:80/allabout/artist/44691/John_Ferris","20090603115122","200"
"http://www.inthemix.com.au:80/allabout/artist/4525/Nick_T","20090331134604","200"
"http://www.inthemix.com.au:80/allabout/artist/4538/Sven_Vath","20090626004020","200"
"http://www.inthemix.com.au:80/allabout/artist/4542/Ruby","20090628112628","200"
"http://www.inthemix.com.au:80/allabout/artist/4543/Matt_Steer","20090630003648","200"
"http://www.inthemix.com.au:80/allabout/artist/4627/Phoenix","20090605134004","200"
"http://www.inthemix.com.au:80/allabout/artist/4687/Alex_K","20090516025057","200"
"http://www.inthemix.com.au:80/allabout/artist/4712/Dave_Choe","20090316090710","200"
"http://www.inthemix.com.au:80/allabout/artist/47222/Daniel_Davoli","20090523102000","200"
"http://www.inthemix.com.au:80/allabout/artist/4730/Switch","20090519102413","200"
"http://www.inthemix.com.au:80/allabout/artist/4739/Armee","20090619002207","200"
"http://www.inthemix.com.au:80/allabout/artist/4783/Technasia","20090317112554","200"
"http://www.inthemix.com.au:80/allabout/artist/4789/JDS","20090227030344","200"
"http://www.inthemix.com.au:80/allabout/artist/4828/De_La_Soul","20090412150757","200"
"http://www.inthemix.com.au:80/allabout/artist/4836/Sonique","20090628132555","200"
"http://www.inthemix.com.au:80/allabout/artist/4866/DJ_Krush","20090515105351","200"
"http://www.inthemix.com.au:80/allabout/artist/4866/secure-au.imrworldwide.com/","20090603095640","200"
"http://www.inthemix.com.au:80/allabout/artist/4897/Madison_Avenue","20090516084030","200"
"http://www.inthemix.com.au:80/allabout/artist/496/GMS","20090316072618","200"
"http://www.inthemix.com.au:80/allabout/artist/49704/UOne","20090321170339","200"
"http://www.inthemix.com.au:80/allabout/artist/49960/Ganga_Girl","20090511065115","200"
"http://www.inthemix.com.au:80/allabout/artist/49987/Riot_In_Belgium","20090326125247","200"
"http://www.inthemix.com.au:80/allabout/artist/5015/Dr_Willis","20090603114146","200"
"http://www.inthemix.com.au:80/allabout/artist/5047/Ivan_Gough","20090603093306","200"
"http://www.inthemix.com.au:80/allabout/artist/50582/Jenny_Wilson","20090410002721","200"
"http://www.inthemix.com.au:80/allabout/artist/50701/Crixus","20090516021532","200"
"http://www.inthemix.com.au:80/allabout/artist/50936/Scott_Fisher","20090619035504","200"
"http://www.inthemix.com.au:80/allabout/artist/51091/Bump_dj%E2%80%99s","20090531080444","200"
"http://www.inthemix.com.au:80/allabout/artist/51136/Chris_Lake","20090227031008","200"
"http://www.inthemix.com.au:80/allabout/artist/512/John_00_Fleming","20090518193809","200"
"http://www.inthemix.com.au:80/allabout/artist/51202/John_Course","20090227033707","200"
"http://www.inthemix.com.au:80/allabout/artist/51213/Tim_Galvin","20090619001158","200"
"http://www.inthemix.com.au:80/allabout/artist/51256/Simian","20090525084226","200"
"http://www.inthemix.com.au:80/allabout/artist/51447/Ben_Dunlop","20090615154226","200"
"http://www.inthemix.com.au:80/allabout/artist/515/Luna","20090316063918","200"
"http://www.inthemix.com.au:80/allabout/artist/51520/Michele_Adamson","20090316101903","200"
"http://www.inthemix.com.au:80/allabout/artist/51594/Bryan_Jones","20090317163945","200"
"http://www.inthemix.com.au:80/allabout/artist/516/Illya","20090304120925","200"
"http://www.inthemix.com.au:80/allabout/artist/51603/MSTRKRFT","20090603093936","200"
"http://www.inthemix.com.au:80/allabout/artist/518/Ajax_Syd","20090321064743","200"
"http://www.inthemix.com.au:80/allabout/artist/519/Goodwill","20090226101906","200"
"http://www.inthemix.com.au:80/allabout/artist/51915/Knife_Machine","20090324010905","200"
"http://www.inthemix.com.au:80/allabout/artist/5192/Terry_Farley","20090318045746","200"
"http://www.inthemix.com.au:80/allabout/artist/51983/Dirty_South","20090227031823","200"
"http://www.inthemix.com.au:80/allabout/artist/52240/King_Roc","20090516014723","200"
"http://www.inthemix.com.au:80/allabout/artist/52248/Muscles","20090321065554","200"
"http://www.inthemix.com.au:80/allabout/artist/52269/Tommy_Trash","20090307011725","200"
"http://www.inthemix.com.au:80/allabout/artist/52388/K21","20090503210111","200"
"http://www.inthemix.com.au:80/allabout/artist/52473/Sebastian_Ingrosso","20090224083741","200"
"http://www.inthemix.com.au:80/allabout/artist/52725/Ben_Jackson","20090305070903","200"
"http://www.inthemix.com.au:80/allabout/artist/52789/Claude_Von_Stroke","20090321172212","200"
"http://www.inthemix.com.au:80/allabout/artist/5285/Anthony_Larr","20090414055014","200"
"http://www.inthemix.com.au:80/allabout/artist/53049/Lexicon_Avenue","20090321025832","200"
"http://www.inthemix.com.au:80/allabout/artist/53079/Pavo","20090316085709","200"
"http://www.inthemix.com.au:80/allabout/artist/53165/Muph_Plutonic","20090603091328","200"
"http://www.inthemix.com.au:80/allabout/artist/53227/The_Vandals","20090619015835","200"
"http://www.inthemix.com.au:80/allabout/artist/53322/Jim_Rivers","20090623050606","200"
"http://www.inthemix.com.au:80/allabout/artist/53400/Rub_N_Tug","20090311011935","200"
"http://www.inthemix.com.au:80/allabout/artist/53843/Marcus_Worgull","20090429053635","200"
"http://www.inthemix.com.au:80/allabout/artist/5430/MS","20090603032232","200"
"http://www.inthemix.com.au:80/allabout/artist/54314/Jowan","20090603095149","200"
"http://www.inthemix.com.au:80/allabout/artist/5460/DJ_Flagrant","20090611084008","200"
"http://www.inthemix.com.au:80/allabout/artist/54891/Dnox_Beckers","20090308041148","200"
"http://www.inthemix.com.au:80/allabout/artist/54933/Aly_Fila","20090513095603","200"
"http://www.inthemix.com.au:80/allabout/artist/55082/TV_Rock","20090227031014","200"
"http://www.inthemix.com.au:80/allabout/artist/55216/The_Killers","20090310095736","200"
"http://www.inthemix.com.au:80/allabout/artist/55237/Guy_Gerber","20090327155112","200"
"http://www.inthemix.com.au:80/allabout/artist/55252/Sebastien_Leger","20090226101148","200"
"http://www.inthemix.com.au:80/allabout/artist/5543/Mixmaster_Mike","20090329023649","200"
"http://www.inthemix.com.au:80/allabout/artist/55537/Yam_Who","20090611084013","200"
"http://www.inthemix.com.au:80/allabout/artist/5601/Brisk","20090330015738","200"
"http://www.inthemix.com.au:80/allabout/artist/56128/The_Egg","20090227033419","200"
"http://www.inthemix.com.au:80/allabout/artist/56181/Jonathan_Ulysses","20090226101914","200"
"http://www.inthemix.com.au:80/allabout/artist/5654/Steve_Angello","20090304023830","200"
"http://www.inthemix.com.au:80/allabout/artist/56616/Spirit_Catcher","20090317163949","200"
"http://www.inthemix.com.au:80/allabout/artist/56725/Southstylers","20090603152550","200"
"http://www.inthemix.com.au:80/allabout/artist/56975/Sander_Van_Doorn","20090227032701","200"
"http://www.inthemix.com.au:80/allabout/artist/57013/Guy_J","20090619002211","200"
"http://www.inthemix.com.au:80/allabout/artist/571/Grant_Smillie","20090324021700","200"
"http://www.inthemix.com.au:80/allabout/artist/57108/Tiger_Stripes","20090326054321","200"
"http://www.inthemix.com.au:80/allabout/artist/572/John_Course","20090310095746","200"
"http://www.inthemix.com.au:80/allabout/artist/5733/Declan_Lee","20090316051819","200"
"http://www.inthemix.com.au:80/allabout/artist/57458/Richard_Durand","20090503233343","200"
"http://www.inthemix.com.au:80/allabout/artist/57530/Dave_Spoon","20090603033240","200"
"http://www.inthemix.com.au:80/allabout/artist/57550/Loco_Dice","20090429075432","200"
"http://www.inthemix.com.au:80/allabout/artist/58440/CSS","20090429075436","200"
"http://www.inthemix.com.au:80/allabout/artist/5861/Larry_Tee","20090609151657","200"
"http://www.inthemix.com.au:80/allabout/artist/58938/Yuksek","20090527185757","200"
"http://www.inthemix.com.au:80/allabout/artist/58951/Oliver_","20090615180924","200"
"http://www.inthemix.com.au:80/allabout/artist/5964/Christian_Vance","20090317160626","200"
"http://www.inthemix.com.au:80/allabout/artist/59705/Sascha_Funke","20090327155751","200"
"http://www.inthemix.com.au:80/allabout/artist/59714/Housemeister","20090327090814","200"
"http://www.inthemix.com.au:80/allabout/artist/59714/image=/_images/_sponsors/becks/whatson/whatson_navbaritem.jpg;url=http://adsfac.net/link.asp?cc=LIN038.85736.0;imagewidth=150;imagealign=center;oncolor=","20090330023345","200"
"http://www.inthemix.com.au:80/allabout/artist/59714/secure-au.imrworldwide.com/","20090330031136","200"
"http://www.inthemix.com.au:80/allabout/artist/59714/text=%20Adelaide;url=/forum/forumdisplay.php?forumid=5;","20090330021713","200"
"http://www.inthemix.com.au:80/allabout/artist/59714/text=%20Adelaide;url=/gallery/?city=5;;status=Adelaide;separatorsize=1","20090330023349","200"
"http://www.inthemix.com.au:80/allabout/artist/59714/text=%20Adelaide;url=/whatson/?city=5;;status=Adelaide;separatorsize=1","20090330031523","200"
"http://www.inthemix.com.au:80/allabout/artist/59714/text=%20Breaks;url=/forum/forumdisplay.php?forumid=31;","20090330015742","200"
"http://www.inthemix.com.au:80/allabout/artist/59714/text=%20Brisbane;url=/gallery/?city=4;;status=Brisbane;separatorsize=1","20090330014632","200"
"http://www.inthemix.com.au:80/allabout/artist/59714/text=%20Brisbane;url=/whatson/?city=4;;status=Brisbane;separatorsize=1","20090330030052","200"
"http://www.inthemix.com.au:80/allabout/artist/59714/text=%20Canberra;url=/forum/forumdisplay.php?forumid=3;","20090331193155","200"
"http://www.inthemix.com.au:80/allabout/artist/59714/text=%20Canberra;url=/gallery/?city=3;;status=Canberra;separatorsize=1","20090330033441","200"
"http://www.inthemix.com.au:80/allabout/artist/59714/text=%20Canberra;url=/whatson/?city=3;;status=Canberra;separatorsize=1","20090330014637","200"
"http://www.inthemix.com.au:80/allabout/artist/59714/text=%20General;url=/forum/forumdisplay.php?forumid=10;","20090331185916","200"
"http://www.inthemix.com.au:80/allabout/artist/59714/text=%20House;url=/forum/forumdisplay.php?forumid=30;","20090330013925","200"
"http://www.inthemix.com.au:80/allabout/artist/59714/text=%20Ibiza;url=/forum/forumdisplay.php?forumid=66;","20090330032517","200"
"http://www.inthemix.com.au:80/allabout/artist/59714/text=%20Lifestyle;url=/forum/forumdisplay.php?forumid=23;","20090330031141","200"
"http://www.inthemix.com.au:80/allabout/artist/59714/text=%20Melbourne;url=/forum/forumdisplay.php?forumid=2;","20090330014642","200"
"http://www.inthemix.com.au:80/allabout/artist/59714/text=%20Melbourne;url=/gallery/?city=2;;status=Melbourne;separatorsize=1","20090330023354","200"
"http://www.inthemix.com.au:80/allabout/artist/59714/text=%20Melbourne;url=/whatson/?city=2;;status=Melbourne;separatorsize=1","20090330032522","200"
"http://www.inthemix.com.au:80/allabout/artist/59714/text=%20Perth;url=/forum/forumdisplay.php?forumid=6;","20090330031146","200"
"http://www.inthemix.com.au:80/allabout/artist/59714/text=%20Perth;url=/gallery/?city=6;;status=Perth;separatorsize=1","20090330031151","200"
"http://www.inthemix.com.au:80/allabout/artist/59714/text=%20Perth;url=/whatson/?city=6;;status=Perth;separatorsize=1","20090330032527","200"
"http://www.inthemix.com.au:80/allabout/artist/59714/text=%20Photography;url=/forum/forumdisplay.php?forumid=61;","20090330023850","200"
"http://www.inthemix.com.au:80/allabout/artist/59714/text=%20Progressive;url=/forum/forumdisplay.php?forumid=36;","20090330012124","200"
"http://www.inthemix.com.au:80/allabout/artist/59714/text=%20Sydney;url=/forum/forumdisplay.php?forumid=1;","20090330012128","200"
"http://www.inthemix.com.au:80/allabout/artist/59714/text=%20Sydney;url=/gallery/?city=1;;status=Sydney;separatorsize=1","20090330031156","200"
"http://www.inthemix.com.au:80/allabout/artist/59714/text=%20Sydney;url=/whatson/?city=1;;status=Sydney;separatorsize=1","20090330031529","200"
"http://www.inthemix.com.au:80/allabout/artist/59714/text=%20Travel;url=/forum/forumdisplay.php?forumid=28;","20090330030057","200"
"http://www.inthemix.com.au:80/allabout/artist/60325/3rd_Eye","20090331193200","200"
"http://www.inthemix.com.au:80/allabout/artist/60394/Busy_P","20090428115613","200"
"http://www.inthemix.com.au:80/allabout/artist/60396/Soulwax_Nite_Versions","20090316051823","200"
"http://www.inthemix.com.au:80/allabout/artist/60424/P_Diddy","20090603085129","200"
"http://www.inthemix.com.au:80/allabout/artist/60816/Fedde_La_Grand","20090227033425","200"
"http://www.inthemix.com.au:80/allabout/artist/60817/Riot_in_Beligum","20090227031829","200"
"http://www.inthemix.com.au:80/allabout/artist/6120/High_Contrast","20090603085849","200"
"http://www.inthemix.com.au:80/allabout/artist/6123/Cassius","20090624185749","200"
"http://www.inthemix.com.au:80/allabout/artist/613/BT","20090312054825","200"
"http://www.inthemix.com.au:80/allabout/artist/613/secure-au.imrworldwide.com/","20090316095327","200"
"http://www.inthemix.com.au:80/allabout/artist/61388/Mowgli","20090331134920","200"
"http://www.inthemix.com.au:80/allabout/artist/61403/Elbow","20090402105903","200"
"http://www.inthemix.com.au:80/allabout/artist/6142/Massive_Attack","20090604122120","200"
"http://www.inthemix.com.au:80/allabout/artist/61624/boys_noize","20090330023856","200"
"http://www.inthemix.com.au:80/allabout/artist/61624/image=/_images/_sponsors/becks/whatson/whatson_navbaritem.jpg;url=http://adsfac.net/link.asp?cc=LIN038.85736.0;imagewidth=150;imagealign=center;oncolor=","20090405050606","200"
"http://www.inthemix.com.au:80/allabout/artist/61624/secure-au.imrworldwide.com/","20090405042155","200"
"http://www.inthemix.com.au:80/allabout/artist/61624/text=%20Adelaide;url=/forum/forumdisplay.php?forumid=5;","20090405042201","200"
"http://www.inthemix.com.au:80/allabout/artist/61624/text=%20Adelaide;url=/gallery/?city=5;;status=Adelaide;separatorsize=1","20090405050610","200"
"http://www.inthemix.com.au:80/allabout/artist/61624/text=%20Adelaide;url=/whatson/?city=5;;status=Adelaide;separatorsize=1","20090405044622","200"
"http://www.inthemix.com.au:80/allabout/artist/61624/text=%20Breaks;url=/forum/forumdisplay.php?forumid=31;","20090405042206","200"
"http://www.inthemix.com.au:80/allabout/artist/61624/text=%20Brisbane;url=/gallery/?city=4;;status=Brisbane;separatorsize=1","20090405051541","200"
"http://www.inthemix.com.au:80/allabout/artist/61624/text=%20Brisbane;url=/whatson/?city=4;;status=Brisbane;separatorsize=1","20090405042820","200"
"http://www.inthemix.com.au:80/allabout/artist/61624/text=%20Canberra;url=/forum/forumdisplay.php?forumid=3;","20090405041608","200"
"http://www.inthemix.com.au:80/allabout/artist/61624/text=%20Canberra;url=/gallery/?city=3;;status=Canberra;separatorsize=1","20090405051547","200"
"http://www.inthemix.com.au:80/allabout/artist/61624/text=%20Canberra;url=/whatson/?city=3;;status=Canberra;separatorsize=1","20090405041028","200"
"http://www.inthemix.com.au:80/allabout/artist/61624/text=%20General;url=/forum/forumdisplay.php?forumid=10;","20090405042827","200"
"http://www.inthemix.com.au:80/allabout/artist/61624/text=%20House;url=/forum/forumdisplay.php?forumid=30;","20090405041614","200"
"http://www.inthemix.com.au:80/allabout/artist/61624/text=%20Ibiza;url=/forum/forumdisplay.php?forumid=66;","20090405050617","200"
"http://www.inthemix.com.au:80/allabout/artist/61624/text=%20Lifestyle;url=/forum/forumdisplay.php?forumid=23;","20090405041619","200"
"http://www.inthemix.com.au:80/allabout/artist/61624/text=%20Melbourne;url=/forum/forumdisplay.php?forumid=2;","20090405042212","200"
"http://www.inthemix.com.au:80/allabout/artist/61624/text=%20Melbourne;url=/gallery/?city=2;;status=Melbourne;separatorsize=1","20090405042832","200"
"http://www.inthemix.com.au:80/allabout/artist/61624/text=%20Melbourne;url=/whatson/?city=2;;status=Melbourne;separatorsize=1","20090405042837","200"
"http://www.inthemix.com.au:80/allabout/artist/61624/text=%20Perth;url=/gallery/?city=6;;status=Perth;separatorsize=1","20090405051033","200"
"http://www.inthemix.com.au:80/allabout/artist/61624/text=%20Perth;url=/whatson/?city=6;;status=Perth;separatorsize=1","20090405042217","200"
"http://www.inthemix.com.au:80/allabout/artist/61624/text=%20Photography;url=/forum/forumdisplay.php?forumid=61;","20090405051038","200"
"http://www.inthemix.com.au:80/allabout/artist/61624/text=%20Progressive;url=/forum/forumdisplay.php?forumid=36;","20090405042842","200"
"http://www.inthemix.com.au:80/allabout/artist/61624/text=%20Sydney;url=/forum/forumdisplay.php?forumid=1;","20090405041625","200"
"http://www.inthemix.com.au:80/allabout/artist/61624/text=%20Sydney;url=/gallery/?city=1;;status=Sydney;separatorsize=1","20090405042222","200"
"http://www.inthemix.com.au:80/allabout/artist/61624/text=%20Sydney;url=/whatson/?city=1;;status=Sydney;separatorsize=1","20090405041033","200"
"http://www.inthemix.com.au:80/allabout/artist/61624/text=%20Travel;url=/forum/forumdisplay.php?forumid=28;","20090405051552","200"
"http://www.inthemix.com.au:80/allabout/artist/61977/Tatanka","20090329023654","200"
"http://www.inthemix.com.au:80/allabout/artist/62827/image=/_images/_sponsors/becks/whatson/whatson_navbaritem.jpg;url=http://adsfac.net/link.asp?cc=LIN038.85736.0;imagewidth=150;imagealign=center;oncolor=","20090515173554","200"
"http://www.inthemix.com.au:80/allabout/artist/62827/Jesse_Rose","20090514021914","200"
"http://www.inthemix.com.au:80/allabout/artist/62827/secure-au.imrworldwide.com/","20090515173600","200"
"http://www.inthemix.com.au:80/allabout/artist/62827/text=%20Adelaide;url=/forum/forumdisplay.php?forumid=5;","20090515173604","200"
"http://www.inthemix.com.au:80/allabout/artist/62827/text=%20Adelaide;url=/gallery/?city=5;;status=Adelaide;separatorsize=1","20090515173611","200"
"http://www.inthemix.com.au:80/allabout/artist/62827/text=%20Adelaide;url=/whatson/?city=5;;status=Adelaide;separatorsize=1","20090515173615","200"
"http://www.inthemix.com.au:80/allabout/artist/62827/text=%20Breaks;url=/forum/forumdisplay.php?forumid=31;","20090515173619","200"
"http://www.inthemix.com.au:80/allabout/artist/62827/text=%20Brisbane;url=/gallery/?city=4;;status=Brisbane;separatorsize=1","20090515173625","200"
"http://www.inthemix.com.au:80/allabout/artist/62827/text=%20Brisbane;url=/whatson/?city=4;;status=Brisbane;separatorsize=1","20090515173629","200"
"http://www.inthemix.com.au:80/allabout/artist/62827/text=%20Canberra;url=/forum/forumdisplay.php?forumid=3;","20090515173634","200"
"http://www.inthemix.com.au:80/allabout/artist/62827/text=%20Canberra;url=/gallery/?city=3;;status=Canberra;separatorsize=1","20090515173640","200"
"http://www.inthemix.com.au:80/allabout/artist/62827/text=%20Canberra;url=/whatson/?city=3;;status=Canberra;separatorsize=1","20090515173645","200"
"http://www.inthemix.com.au:80/allabout/artist/62827/text=%20General;url=/forum/forumdisplay.php?forumid=10;","20090515173649","200"
"http://www.inthemix.com.au:80/allabout/artist/62827/text=%20House;url=/forum/forumdisplay.php?forumid=30;","20090515173655","200"
"http://www.inthemix.com.au:80/allabout/artist/62827/text=%20Ibiza;url=/forum/forumdisplay.php?forumid=66;","20090515173700","200"
"http://www.inthemix.com.au:80/allabout/artist/62827/text=%20Lifestyle;url=/forum/forumdisplay.php?forumid=23;","20090515173705","200"
"http://www.inthemix.com.au:80/allabout/artist/62827/text=%20Melbourne;url=/forum/forumdisplay.php?forumid=2;","20090515173710","200"
"http://www.inthemix.com.au:80/allabout/artist/62827/text=%20Melbourne;url=/gallery/?city=2;;status=Melbourne;separatorsize=1","20090515173715","200"
"http://www.inthemix.com.au:80/allabout/artist/62827/text=%20Melbourne;url=/whatson/?city=2;;status=Melbourne;separatorsize=1","20090515173720","200"
"http://www.inthemix.com.au:80/allabout/artist/62827/text=%20Perth;url=/forum/forumdisplay.php?forumid=6;","20090515173725","200"
"http://www.inthemix.com.au:80/allabout/artist/62827/text=%20Perth;url=/gallery/?city=6;;status=Perth;separatorsize=1","20090515173734","200"
"http://www.inthemix.com.au:80/allabout/artist/62827/text=%20Perth;url=/whatson/?city=6;;status=Perth;separatorsize=1","20090515173739","200"
"http://www.inthemix.com.au:80/allabout/artist/62827/text=%20Photography;url=/forum/forumdisplay.php?forumid=61;","20090515173744","200"
"http://www.inthemix.com.au:80/allabout/artist/62827/text=%20Progressive;url=/forum/forumdisplay.php?forumid=36;","20090515173749","200"
"http://www.inthemix.com.au:80/allabout/artist/62827/text=%20Sydney;url=/forum/forumdisplay.php?forumid=1;","20090515173755","200"
"http://www.inthemix.com.au:80/allabout/artist/62827/text=%20Sydney;url=/gallery/?city=1;;status=Sydney;separatorsize=1","20090515173800","200"
"http://www.inthemix.com.au:80/allabout/artist/62827/text=%20Sydney;url=/whatson/?city=1;;status=Sydney;separatorsize=1","20090515173806","200"
"http://www.inthemix.com.au:80/allabout/artist/62827/text=%20Travel;url=/forum/forumdisplay.php?forumid=28;","20090515173812","200"
"http://www.inthemix.com.au:80/allabout/artist/62922/Kavinsky","20090516021538","200"
"http://www.inthemix.com.au:80/allabout/artist/6356/image=/_images/_sponsors/becks/whatson/whatson_navbaritem.jpg;url=http://adsfac.net/link.asp?cc=LIN038.85736.0;imagewidth=150;imagealign=center;oncolor=","20090418013253","200"
"http://www.inthemix.com.au:80/allabout/artist/6356/Ollie_Wisdom","20090414052517","200"
"http://www.inthemix.com.au:80/allabout/artist/6356/text=%20Adelaide;url=/forum/forumdisplay.php?forumid=5;","20090418015448","200"
"http://www.inthemix.com.au:80/allabout/artist/6356/text=%20Canberra;url=/gallery/?city=3;;status=Canberra;separatorsize=1","20090418013813","200"
"http://www.inthemix.com.au:80/allabout/artist/6356/text=%20Ibiza;url=/forum/forumdisplay.php?forumid=66;","20090418014636","200"
"http://www.inthemix.com.au:80/allabout/artist/6356/text=%20Lifestyle;url=/forum/forumdisplay.php?forumid=23;","20090418014641","200"
"http://www.inthemix.com.au:80/allabout/artist/6356/text=%20Melbourne;url=/forum/forumdisplay.php?forumid=2;","20090418014646","200"
"http://www.inthemix.com.au:80/allabout/artist/6356/text=%20Perth;url=/gallery/?city=6;;status=Perth;separatorsize=1","20090418015453","200"
"http://www.inthemix.com.au:80/allabout/artist/6356/text=%20Sydney;url=/gallery/?city=1;;status=Sydney;separatorsize=1","20090418015500","200"
"http://www.inthemix.com.au:80/allabout/artist/63562/Claude_Vonstroke","20090516080320","200"
"http://www.inthemix.com.au:80/allabout/artist/64148/Justin_Michael","20090307185231","200"
"http://www.inthemix.com.au:80/allabout/artist/64384/Ray_Zed","20090321070825","200"
"http://www.inthemix.com.au:80/allabout/artist/6447/Chromeo","20090224082408","200"
"http://www.inthemix.com.au:80/allabout/artist/64718/Ashton_Shuffle","20090301022253","200"
"http://www.inthemix.com.au:80/allabout/artist/6477/Static","20090619001203","200"
"http://www.inthemix.com.au:80/allabout/artist/64778/Nasa","20090413085223","200"
"http://www.inthemix.com.au:80/allabout/artist/65083/3rdEye","20090529155233","200"
"http://www.inthemix.com.au:80/allabout/artist/65152/Nick_Jones","20090317204620","200"
"http://www.inthemix.com.au:80/allabout/artist/65155/Lucas_Wheeler","20090501122041","200"
"http://www.inthemix.com.au:80/allabout/artist/65173/MC_DV8","20090603091825","200"
"http://www.inthemix.com.au:80/allabout/artist/65377/Adam_Phillis_and_Ed_Coyle","20090406070826","200"
"http://www.inthemix.com.au:80/allabout/artist/65419/Matt_Ringrose","20090327053849","200"
"http://www.inthemix.com.au:80/allabout/artist/65560/Micky_Slim","20090311004550","200"
"http://www.inthemix.com.au:80/allabout/artist/6560/John_Devecchis","20090318034505","200"
"http://www.inthemix.com.au:80/allabout/artist/65676/Ross_Horkings","20090501133216","200"
"http://www.inthemix.com.au:80/allabout/artist/66087/Cutloose","20090317194656","200"
"http://www.inthemix.com.au:80/allabout/artist/66189/Bec_Paton","20090331193205","200"
"http://www.inthemix.com.au:80/allabout/artist/66216/Double_Robin","20090608041902","200"
"http://www.inthemix.com.au:80/allabout/artist/66234/tyDi","20090519102417","200"
"http://www.inthemix.com.au:80/allabout/artist/66513/Kaiser_Chiefs","20090402140505","200"
"http://www.inthemix.com.au:80/allabout/artist/66588/True_Live","20090318043250","200"
"http://www.inthemix.com.au:80/allabout/artist/66594/James_Zabiela","20090318034516","200"
"http://www.inthemix.com.au:80/allabout/artist/66626/MoFunk","20090316090720","200"
"http://www.inthemix.com.au:80/allabout/artist/66634/Infadels","20090311011941","200"
"http://www.inthemix.com.au:80/allabout/artist/66636/We_Are_You","20090317194701","200"
"http://www.inthemix.com.au:80/allabout/artist/66637/Jeremy_Lliev","20090321065557","200"
"http://www.inthemix.com.au:80/allabout/artist/66755/Super8_Tab","20090304123040","200"
"http://www.inthemix.com.au:80/allabout/artist/67104/Grafton_Primary","20090327155117","200"
"http://www.inthemix.com.au:80/allabout/artist/67332/Hook_n_Sling","20090615152032","200"
"http://www.inthemix.com.au:80/allabout/artist/67363/Yoshi","20090621033143","200"
"http://www.inthemix.com.au:80/allabout/artist/67409/Miami_Horror","20090327155122","200"
"http://www.inthemix.com.au:80/allabout/artist/67528/Laidback_Luke","20090303223609","200"
"http://www.inthemix.com.au:80/allabout/artist/67800/ALusion","20090329023659","200"
"http://www.inthemix.com.au:80/allabout/artist/67914/Phil_K","20090316063923","200"
"http://www.inthemix.com.au:80/allabout/artist/67921/Groovelands","20090331185922","200"
"http://www.inthemix.com.au:80/allabout/artist/67922/Ben_Walsh","20090402133512","200"
"http://www.inthemix.com.au:80/allabout/artist/67923/Percussion_Junction","20090331191515","200"
"http://www.inthemix.com.au:80/allabout/artist/67924/Trevor_Parkee","20090331192138","200"
"http://www.inthemix.com.au:80/allabout/artist/67925/DJ_Jonah","20090331192143","200"
"http://www.inthemix.com.au:80/allabout/artist/67927/Leigh_Wood","20090331194031","200"
"http://www.inthemix.com.au:80/allabout/artist/67928/Bentley","20090402140510","200"
"http://www.inthemix.com.au:80/allabout/artist/67958/Dwayne_T","20090429080804","200"
"http://www.inthemix.com.au:80/allabout/artist/68009/tyDi","20090305051532","200"
"http://www.inthemix.com.au:80/allabout/artist/68239/Custard_Jim","20090619101857","200"
"http://www.inthemix.com.au:80/allabout/artist/68242/Carlos_Zarate","20090615154231","200"
"http://www.inthemix.com.au:80/allabout/artist/68259/ALusion","20090317003216","200"
"http://www.inthemix.com.au:80/allabout/artist/68274/Matt_Nukewood","20090317163954","200"
"http://www.inthemix.com.au:80/allabout/artist/68305/the_potbelleez","20090416040146","200"
"http://www.inthemix.com.au:80/allabout/artist/68415/Christopher_Robin","20090318011455","200"
"http://www.inthemix.com.au:80/allabout/artist/68426/Afrobots","20090419143635","200"
"http://www.inthemix.com.au:80/allabout/artist/6964/DJ_Shadow","20090311090847","200"
"http://www.inthemix.com.au:80/allabout/artist/69934/Bobmo","20090327155756","200"
"http://www.inthemix.com.au:80/allabout/artist/70031/Sinisa_Tamamovic","20090310105606","200"
"http://www.inthemix.com.au:80/allabout/artist/70077/Justin_Martin","20090327155127","200"
"http://www.inthemix.com.au:80/allabout/artist/7009/Patch","20090301021831","200"
"http://www.inthemix.com.au:80/allabout/artist/70297/Steve_Angello_Sebastian_Ingrosso","20090304031024","200"
"http://www.inthemix.com.au:80/allabout/artist/7042/Paul_Doran","20090620050214","200"
"http://www.inthemix.com.au:80/allabout/artist/7084/Yogi","20090316063928","200"
"http://www.inthemix.com.au:80/allabout/artist/7096/Cherry_2000","20090224081623","200"
"http://www.inthemix.com.au:80/allabout/artist/71105/Dinky","20090615152037","200"
"http://www.inthemix.com.au:80/allabout/artist/71323/Voice_Of_Cod","20090317160915","200"
"http://www.inthemix.com.au:80/allabout/artist/7134/MC_Optamus","20090619015837","200"
"http://www.inthemix.com.au:80/allabout/artist/7135/Junior","20090619010104","200"
"http://www.inthemix.com.au:80/allabout/artist/7136/Benni_Chill","20090619015107","200"
"http://www.inthemix.com.au:80/allabout/artist/71439/Scsi9","20090315033725","200"
"http://www.inthemix.com.au:80/allabout/artist/7157/Tom_Da_Silva","20090316072623","200"
"http://www.inthemix.com.au:80/allabout/artist/71591/Popof","20090327155132","200"
"http://www.inthemix.com.au:80/allabout/artist/717/Cut_Copy","20090603010420","200"
"http://www.inthemix.com.au:80/allabout/artist/71883/Duro","20090603094817","200"
"http://www.inthemix.com.au:80/allabout/artist/71885/Dutch_Master","20090603032239","200"
"http://www.inthemix.com.au:80/allabout/artist/721/Dave_Seaman","20090314021243","200"
"http://www.inthemix.com.au:80/allabout/artist/72140/Thorts","20090516014727","200"
"http://www.inthemix.com.au:80/allabout/artist/72161/Rob_Sharp","20090628135056","200"
"http://www.inthemix.com.au:80/allabout/artist/72765/Martin_Eyerer","20090429073630","200"
"http://www.inthemix.com.au:80/allabout/artist/73005/Devastatin_Dave","20090317163959","200"
"http://www.inthemix.com.au:80/allabout/artist/7353/Audun","20090317203012","200"
"http://www.inthemix.com.au:80/allabout/artist/7374/Har_Mar_Superstar","20090603024735","200"
"http://www.inthemix.com.au:80/allabout/artist/74171/Tim_McGee","20090412055323","200"
"http://www.inthemix.com.au:80/allabout/artist/74184/Jackson_Jackson","20090402105908","200"
"http://www.inthemix.com.au:80/allabout/artist/74206/Guns_n_Bombs","20090327155801","200"
"http://www.inthemix.com.au:80/allabout/artist/74475/Locodice","20090516014733","200"
"http://www.inthemix.com.au:80/allabout/artist/75271/deadmau5","20090321045809","200"
"http://www.inthemix.com.au:80/allabout/artist/7540/mrTimothy","20090611063941","200"
"http://www.inthemix.com.au:80/allabout/artist/75476/Anja_Schneider","20090327155137","200"
"http://www.inthemix.com.au:80/allabout/artist/7560/Matt_Aubusson","20090316072630","200"
"http://www.inthemix.com.au:80/allabout/artist/76023/DIM","20090330013930","200"
"http://www.inthemix.com.au:80/allabout/artist/7663/Cosmo_Cater","20090311090852","200"
"http://www.inthemix.com.au:80/allabout/artist/76670/James_Talk","20090615152041","200"
"http://www.inthemix.com.au:80/allabout/artist/76671/Cut_Off","20090619112317","200"
"http://www.inthemix.com.au:80/allabout/artist/774/The_Youngsters","20090316101911","200"
"http://www.inthemix.com.au:80/allabout/artist/77491/Nathan_Cryptic","20090413104931","200"
"http://www.inthemix.com.au:80/allabout/artist/77494/image=/_images/_sponsors/becks/whatson/whatson_navbaritem.jpg;url=http://adsfac.net/link.asp?cc=LIN038.85736.0;imagewidth=150;imagealign=center;oncolor=","20090603033933","200"
"http://www.inthemix.com.au:80/allabout/artist/77494/Nathan_Cryptic","20090529073313","200"
"http://www.inthemix.com.au:80/allabout/artist/77494/secure-au.imrworldwide.com/","20090603033245","200"
"http://www.inthemix.com.au:80/allabout/artist/77494/text=%20Adelaide;url=/forum/forumdisplay.php?forumid=5;","20090603085134","200"
"http://www.inthemix.com.au:80/allabout/artist/77494/text=%20Adelaide;url=/gallery/?city=5;;status=Adelaide;separatorsize=1","20090603091333","200"
"http://www.inthemix.com.au:80/allabout/artist/77494/text=%20Adelaide;url=/whatson/?city=5;;status=Adelaide;separatorsize=1","20090603030134","200"
"http://www.inthemix.com.au:80/allabout/artist/77494/text=%20Breaks;url=/forum/forumdisplay.php?forumid=31;","20090603105406","200"
"http://www.inthemix.com.au:80/allabout/artist/77494/text=%20Brisbane;url=/gallery/?city=4;;status=Brisbane;separatorsize=1","20090603152555","200"
"http://www.inthemix.com.au:80/allabout/artist/77494/text=%20Brisbane;url=/whatson/?city=4;;status=Brisbane;separatorsize=1","20090603010422","200"
"http://www.inthemix.com.au:80/allabout/artist/77494/text=%20Canberra;url=/forum/forumdisplay.php?forumid=3;","20090603022946","200"
"http://www.inthemix.com.au:80/allabout/artist/77494/text=%20Canberra;url=/gallery/?city=3;;status=Canberra;separatorsize=1","20090603105932","200"
"http://www.inthemix.com.au:80/allabout/artist/77494/text=%20Canberra;url=/whatson/?city=3;;status=Canberra;separatorsize=1","20090603151956","200"
"http://www.inthemix.com.au:80/allabout/artist/77494/text=%20General;url=/forum/forumdisplay.php?forumid=10;","20090603105936","200"
"http://www.inthemix.com.au:80/allabout/artist/77494/text=%20House;url=/forum/forumdisplay.php?forumid=30;","20090603100434","200"
"http://www.inthemix.com.au:80/allabout/artist/77494/text=%20Ibiza;url=/forum/forumdisplay.php?forumid=66;","20090603093940","200"
"http://www.inthemix.com.au:80/allabout/artist/77494/text=%20Lifestyle;url=/forum/forumdisplay.php?forumid=23;","20090603094406","200"
"http://www.inthemix.com.au:80/allabout/artist/77494/text=%20Melbourne;url=/forum/forumdisplay.php?forumid=2;","20090603023826","200"
"http://www.inthemix.com.au:80/allabout/artist/77494/text=%20Melbourne;url=/gallery/?city=2;;status=Melbourne;separatorsize=1","20090603152600","200"
"http://www.inthemix.com.au:80/allabout/artist/77494/text=%20Melbourne;url=/whatson/?city=2;;status=Melbourne;separatorsize=1","20090603023831","200"
"http://www.inthemix.com.au:80/allabout/artist/77494/text=%20Perth;url=/forum/forumdisplay.php?forumid=6;","20090603100442","200"
"http://www.inthemix.com.au:80/allabout/artist/77494/text=%20Perth;url=/gallery/?city=6;;status=Perth;separatorsize=1","20090603085139","200"
"http://www.inthemix.com.au:80/allabout/artist/77494/text=%20Perth;url=/whatson/?city=6;;status=Perth;separatorsize=1","20090603095154","200"
"http://www.inthemix.com.au:80/allabout/artist/77494/text=%20Photography;url=/forum/forumdisplay.php?forumid=61;","20090603024740","200"
"http://www.inthemix.com.au:80/allabout/artist/77494/text=%20Progressive;url=/forum/forumdisplay.php?forumid=36;","20090603105943","200"
"http://www.inthemix.com.au:80/allabout/artist/77494/text=%20Sydney;url=/forum/forumdisplay.php?forumid=1;","20090603100447","200"
"http://www.inthemix.com.au:80/allabout/artist/77494/text=%20Sydney;url=/gallery/?city=1;;status=Sydney;separatorsize=1","20090603035758","200"
"http://www.inthemix.com.au:80/allabout/artist/77494/text=%20Sydney;url=/whatson/?city=1;;status=Sydney;separatorsize=1","20090603151325","200"
"http://www.inthemix.com.au:80/allabout/artist/77494/text=%20Travel;url=/forum/forumdisplay.php?forumid=28;","20090603151535","200"
"http://www.inthemix.com.au:80/allabout/artist/80257/Headhunterz","20090602032424","200"
"http://www.inthemix.com.au:80/allabout/artist/80318/Leon_Bolier","20090420185659","200"
"http://www.inthemix.com.au:80/allabout/artist/80488/The_Human_League","20090402015715","200"
"http://www.inthemix.com.au:80/allabout/artist/80967/Steve_Hill","20090620151809","200"
"http://www.inthemix.com.au:80/allabout/artist/80970/Keely","20090623120935","200"
"http://www.inthemix.com.au:80/allabout/artist/80996/John_Ferris","20090530134253","200"
"http://www.inthemix.com.au:80/allabout/artist/81110/bentley","20090609142002","200"
"http://www.inthemix.com.au:80/allabout/artist/814/Hybrid","20090628132600","200"
"http://www.inthemix.com.au:80/allabout/artist/81420/DJ_David_L","20090503210112","200"
"http://www.inthemix.com.au:80/allabout/artist/8149/Diplo","20090519104907","200"
"http://www.inthemix.com.au:80/allabout/artist/81547/verner","20090317164005","200"
"http://www.inthemix.com.au:80/allabout/artist/81635/Elektrons","20090404034243","200"
"http://www.inthemix.com.au:80/allabout/artist/81635/image=/_images/_sponsors/becks/whatson/whatson_navbaritem.jpg;url=http://adsfac.net/link.asp?cc=LIN038.85736.0;imagewidth=150;imagealign=center;oncolor=","20090410072701","200"
"http://www.inthemix.com.au:80/allabout/artist/81635/secure-au.imrworldwide.com/","20090410094707","200"
"http://www.inthemix.com.au:80/allabout/artist/81635/text=%20Adelaide;url=/forum/forumdisplay.php?forumid=5;","20090410081724","200"
"http://www.inthemix.com.au:80/allabout/artist/81635/text=%20Adelaide;url=/gallery/?city=5;;status=Adelaide;separatorsize=1","20090410122656","200"
"http://www.inthemix.com.au:80/allabout/artist/81635/text=%20Adelaide;url=/whatson/?city=5;;status=Adelaide;separatorsize=1","20090410125254","200"
"http://www.inthemix.com.au:80/allabout/artist/81635/text=%20Breaks;url=/forum/forumdisplay.php?forumid=31;","20090410122702","200"
"http://www.inthemix.com.au:80/allabout/artist/81635/text=%20Brisbane;url=/gallery/?city=4;;status=Brisbane;separatorsize=1","20090410094712","200"
"http://www.inthemix.com.au:80/allabout/artist/81635/text=%20Brisbane;url=/whatson/?city=4;;status=Brisbane;separatorsize=1","20090410072706","200"
"http://www.inthemix.com.au:80/allabout/artist/81635/text=%20Canberra;url=/forum/forumdisplay.php?forumid=3;","20090410094717","200"
"http://www.inthemix.com.au:80/allabout/artist/81635/text=%20Canberra;url=/gallery/?city=3;;status=Canberra;separatorsize=1","20090410122708","200"
"http://www.inthemix.com.au:80/allabout/artist/81635/text=%20Canberra;url=/whatson/?city=3;;status=Canberra;separatorsize=1","20090410130712","200"
"http://www.inthemix.com.au:80/allabout/artist/81635/text=%20General;url=/forum/forumdisplay.php?forumid=10;","20090410072711","200"
"http://www.inthemix.com.au:80/allabout/artist/81635/text=%20House;url=/forum/forumdisplay.php?forumid=30;","20090410125258","200"
"http://www.inthemix.com.au:80/allabout/artist/81635/text=%20Ibiza;url=/forum/forumdisplay.php?forumid=66;","20090410130717","200"
"http://www.inthemix.com.au:80/allabout/artist/81635/text=%20Lifestyle;url=/forum/forumdisplay.php?forumid=23;","20090410124541","200"
"http://www.inthemix.com.au:80/allabout/artist/81635/text=%20Melbourne;url=/forum/forumdisplay.php?forumid=2;","20090410090953","200"
"http://www.inthemix.com.au:80/allabout/artist/81635/text=%20Melbourne;url=/gallery/?city=2;;status=Melbourne;separatorsize=1","20090410125304","200"
"http://www.inthemix.com.au:80/allabout/artist/81635/text=%20Melbourne;url=/whatson/?city=2;;status=Melbourne;separatorsize=1","20090410125309","200"
"http://www.inthemix.com.au:80/allabout/artist/81635/text=%20Perth;url=/forum/forumdisplay.php?forumid=6;","20090410122713","200"
"http://www.inthemix.com.au:80/allabout/artist/81635/text=%20Perth;url=/gallery/?city=6;;status=Perth;separatorsize=1","20090410091000","200"
"http://www.inthemix.com.au:80/allabout/artist/81635/text=%20Perth;url=/whatson/?city=6;;status=Perth;separatorsize=1","20090410094722","200"
"http://www.inthemix.com.au:80/allabout/artist/81635/text=%20Photography;url=/forum/forumdisplay.php?forumid=61;","20090410122718","200"
"http://www.inthemix.com.au:80/allabout/artist/81635/text=%20Progressive;url=/forum/forumdisplay.php?forumid=36;","20090410091005","200"
"http://www.inthemix.com.au:80/allabout/artist/81635/text=%20Sydney;url=/forum/forumdisplay.php?forumid=1;","20090410130722","200"
"http://www.inthemix.com.au:80/allabout/artist/81635/text=%20Sydney;url=/gallery/?city=1;;status=Sydney;separatorsize=1","20090410124546","200"
"http://www.inthemix.com.au:80/allabout/artist/81635/text=%20Sydney;url=/whatson/?city=1;;status=Sydney;separatorsize=1","20090410122723","200"
"http://www.inthemix.com.au:80/allabout/artist/81635/text=%20Travel;url=/forum/forumdisplay.php?forumid=28;","20090410124553","200"
"http://www.inthemix.com.au:80/allabout/artist/82030/Torbynik","20090623121210","200"
"http://www.inthemix.com.au:80/allabout/artist/82071/Pulsar","20090623104009","200"
"http://www.inthemix.com.au:80/allabout/artist/82191/Hey_Now","20090317164011","200"
"http://www.inthemix.com.au:80/allabout/artist/8235/Edseven","20090520082939","200"
"http://www.inthemix.com.au:80/allabout/artist/8235/image=/_images/_sponsors/becks/whatson/whatson_navbaritem.jpg;url=http://adsfac.net/link.asp?cc=LIN038.85736.0;imagewidth=150;imagealign=center;oncolor=","20090522004242","200"
"http://www.inthemix.com.au:80/allabout/artist/8235/secure-au.imrworldwide.com/","20090522010129","200"
"http://www.inthemix.com.au:80/allabout/artist/8235/text=%20Adelaide;url=/forum/forumdisplay.php?forumid=5;","20090522010135","200"
"http://www.inthemix.com.au:80/allabout/artist/8235/text=%20Adelaide;url=/gallery/?city=5;;status=Adelaide;separatorsize=1","20090522010143","200"
"http://www.inthemix.com.au:80/allabout/artist/8235/text=%20Adelaide;url=/whatson/?city=5;;status=Adelaide;separatorsize=1","20090522004249","200"
"http://www.inthemix.com.au:80/allabout/artist/8235/text=%20Breaks;url=/forum/forumdisplay.php?forumid=31;","20090522004251","200"
"http://www.inthemix.com.au:80/allabout/artist/8235/text=%20Brisbane;url=/gallery/?city=4;;status=Brisbane;separatorsize=1","20090522005215","200"
"http://www.inthemix.com.au:80/allabout/artist/8235/text=%20Brisbane;url=/whatson/?city=4;;status=Brisbane;separatorsize=1","20090522010145","200"
"http://www.inthemix.com.au:80/allabout/artist/8235/text=%20Canberra;url=/forum/forumdisplay.php?forumid=3;","20090522005624","200"
"http://www.inthemix.com.au:80/allabout/artist/8235/text=%20Canberra;url=/gallery/?city=3;;status=Canberra;separatorsize=1","20090522010150","200"
"http://www.inthemix.com.au:80/allabout/artist/8235/text=%20Canberra;url=/whatson/?city=3;;status=Canberra;separatorsize=1","20090522005220","200"
"http://www.inthemix.com.au:80/allabout/artist/8235/text=%20General;url=/forum/forumdisplay.php?forumid=10;","20090522005225","200"
"http://www.inthemix.com.au:80/allabout/artist/8235/text=%20House;url=/forum/forumdisplay.php?forumid=30;","20090522005629","200"
"http://www.inthemix.com.au:80/allabout/artist/8235/text=%20Ibiza;url=/forum/forumdisplay.php?forumid=66;","20090522004256","200"
"http://www.inthemix.com.au:80/allabout/artist/8235/text=%20Lifestyle;url=/forum/forumdisplay.php?forumid=23;","20090522010155","200"
"http://www.inthemix.com.au:80/allabout/artist/8235/text=%20Melbourne;url=/forum/forumdisplay.php?forumid=2;","20090522005634","200"
"http://www.inthemix.com.au:80/allabout/artist/8235/text=%20Melbourne;url=/gallery/?city=2;;status=Melbourne;separatorsize=1","20090522005640","200"
"http://www.inthemix.com.au:80/allabout/artist/8235/text=%20Melbourne;url=/whatson/?city=2;;status=Melbourne;separatorsize=1","20090522005230","200"
"http://www.inthemix.com.au:80/allabout/artist/8235/text=%20Perth;url=/forum/forumdisplay.php?forumid=6;","20090522005236","200"
"http://www.inthemix.com.au:80/allabout/artist/8235/text=%20Perth;url=/gallery/?city=6;;status=Perth;separatorsize=1","20090522004303","200"
"http://www.inthemix.com.au:80/allabout/artist/8235/text=%20Perth;url=/whatson/?city=6;;status=Perth;separatorsize=1","20090522005240","200"
"http://www.inthemix.com.au:80/allabout/artist/8235/text=%20Photography;url=/forum/forumdisplay.php?forumid=61;","20090522004307","200"
"http://www.inthemix.com.au:80/allabout/artist/8235/text=%20Progressive;url=/forum/forumdisplay.php?forumid=36;","20090522010200","200"
"http://www.inthemix.com.au:80/allabout/artist/8235/text=%20Sydney;url=/forum/forumdisplay.php?forumid=1;","20090522010205","200"
"http://www.inthemix.com.au:80/allabout/artist/8235/text=%20Sydney;url=/gallery/?city=1;;status=Sydney;separatorsize=1","20090522005245","200"
"http://www.inthemix.com.au:80/allabout/artist/8235/text=%20Sydney;url=/whatson/?city=1;;status=Sydney;separatorsize=1","20090522010210","200"
"http://www.inthemix.com.au:80/allabout/artist/8235/text=%20Travel;url=/forum/forumdisplay.php?forumid=28;","20090522005251","200"
"http://www.inthemix.com.au:80/allabout/artist/82353/Amber_Savage","20090323011956","200"
"http://www.inthemix.com.au:80/allabout/artist/8236/Pete_Dot","20090603152606","200"
"http://www.inthemix.com.au:80/allabout/artist/8237/Madonna","20090524035120","200"
"http://www.inthemix.com.au:80/allabout/artist/8239/Ewan_Pearson","20090518193824","200"
"http://www.inthemix.com.au:80/allabout/artist/8276/Headman","20090327155143","200"
"http://www.inthemix.com.au:80/allabout/artist/8280/Art_of_War","20090301022259","200"
"http://www.inthemix.com.au:80/allabout/artist/83070/Stimming","20090516014737","200"
"http://www.inthemix.com.au:80/allabout/artist/83276/jason_morley","20090330021718","200"
"http://www.inthemix.com.au:80/allabout/artist/83277/habebe","20090330023903","200"
"http://www.inthemix.com.au:80/allabout/artist/83288/JUDGEMENT","20090603030140","200"
"http://www.inthemix.com.au:80/allabout/artist/83337/Jonny_Mac","20090318040925","200"
"http://www.inthemix.com.au:80/allabout/artist/83491/Sander_Kleinenberg","20090304123046","200"
"http://www.inthemix.com.au:80/allabout/artist/83492/Tocadisco","20090320230323","200"
"http://www.inthemix.com.au:80/allabout/artist/83573/The_Bloody_Beetroots","20090630175459","200"
"http://www.inthemix.com.au:80/allabout/artist/836/XPress_2","20090227031019","200"
"http://www.inthemix.com.au:80/allabout/artist/837/Old_Des_Peres","20090224081631","200"
"http://www.inthemix.com.au:80/allabout/artist/83719/Axiom","20090316072634","200"
"http://www.inthemix.com.au:80/allabout/artist/83801/Deadmau5","20090321062255","200"
"http://www.inthemix.com.au:80/allabout/artist/83803/Jen_Tutty","20090501120732","200"
"http://www.inthemix.com.au:80/allabout/artist/83825/Van_Miert","20090516025133","200"
"http://www.inthemix.com.au:80/allabout/artist/83984/secure-au.imrworldwide.com/","20090623110056","200"
"http://www.inthemix.com.au:80/allabout/artist/84023/Lady_Waks","20090306171737","200"
"http://www.inthemix.com.au:80/allabout/artist/84023/secure-au.imrworldwide.com/","20090321171521","200"
"http://www.inthemix.com.au:80/allabout/artist/8426/Daddy_G","20090321071217","200"
"http://www.inthemix.com.au:80/allabout/artist/84403/Glenn_Morrison","20090503221243","200"
"http://www.inthemix.com.au:80/allabout/artist/84651/Signal_Drivers","20090311005437","200"
"http://www.inthemix.com.au:80/allabout/artist/84744/Pee_Wee_Ferris","20090602032431","200"
"http://www.inthemix.com.au:80/allabout/artist/8525/Two_Culture_Clash","20090330013936","200"
"http://www.inthemix.com.au:80/allabout/artist/8555/Max_Plowman","20090311004555","200"
"http://www.inthemix.com.au:80/allabout/artist/85629/Kissy_Sell_Out","20090327155148","200"
"http://www.inthemix.com.au:80/allabout/artist/8566/Eric_Prydz","20090603114152","200"
"http://www.inthemix.com.au:80/allabout/artist/85704/Mephisto_Odyssey","20090321223219","200"
"http://www.inthemix.com.au:80/allabout/artist/85774/Sied_Van_Riel","20090317003219","200"
"http://www.inthemix.com.au:80/allabout/artist/85967/Steve_Angello","20090320230328","200"
"http://www.inthemix.com.au:80/allabout/artist/86542/Club_Junque","20090302031150","200"
"http://www.inthemix.com.au:80/allabout/artist/86549/KILLAFORNIA","20090331134925","200"
"http://www.inthemix.com.au:80/allabout/artist/8662/Malente","20090516013717","200"
"http://www.inthemix.com.au:80/allabout/artist/87068/Crystal_Castles","20090627060841","200"
"http://www.inthemix.com.au:80/allabout/artist/87206/Sari","20090410005701","200"
"http://www.inthemix.com.au:80/allabout/artist/87211/Vanilla_Ice","20090413104943","200"
"http://www.inthemix.com.au:80/allabout/artist/876/Basement_Jaxx","20090302133447","200"
"http://www.inthemix.com.au:80/allabout/artist/876/secure-au.imrworldwide.com/","20090304030208","200"
"http://www.inthemix.com.au:80/allabout/artist/88059/Garnt","20090316061043","200"
"http://www.inthemix.com.au:80/allabout/artist/88125/Trashbags_POSSE_djs","20090327155806","200"
"http://www.inthemix.com.au:80/allabout/artist/88191/Jason_Van_Miert","20090316101913","200"
"http://www.inthemix.com.au:80/allabout/artist/88309/Harmonic_313","20090609221518","200"
"http://www.inthemix.com.au:80/allabout/artist/88428/James_Zabiela","20090326125955","200"
"http://www.inthemix.com.au:80/allabout/artist/88432/Westernsynthetics","20090331185927","200"
"http://www.inthemix.com.au:80/allabout/artist/88596/Wheelah","20090505060648","200"
"http://www.inthemix.com.au:80/allabout/artist/88715/Alam","20090603151331","200"
"http://www.inthemix.com.au:80/allabout/artist/88728/Liam_Hannah","20090528232733","200"
"http://www.inthemix.com.au:80/allabout/artist/88775/Marilyn_Manson","20090226093211","200"
"http://www.inthemix.com.au:80/allabout/artist/88932/Raissa","20090621031744","200"
"http://www.inthemix.com.au:80/allabout/artist/89109/Herve","20090603151540","200"
"http://www.inthemix.com.au:80/allabout/artist/89474/Steve_Tamsitt","20090316061048","200"
"http://www.inthemix.com.au:80/allabout/artist/89805/Tommy_Haas","20090321031510","200"
"http://www.inthemix.com.au:80/allabout/artist/89817/Andy_Hart","20090420142944","200"
"http://www.inthemix.com.au:80/allabout/artist/89819/Daniel_Tardrew","20090501122425","200"
"http://www.inthemix.com.au:80/allabout/artist/8987/Nic_Fanciulli","20090321064414","200"
"http://www.inthemix.com.au:80/allabout/artist/90072/Art_vs_Science","20090531164530","200"
"http://www.inthemix.com.au:80/allabout/artist/90072/image=/_images/_sponsors/becks/whatson/whatson_navbaritem.jpg;url=http://adsfac.net/link.asp?cc=LIN038.85736.0;imagewidth=150;imagealign=center;oncolor=","20090603022954","200"
"http://www.inthemix.com.au:80/allabout/artist/90072/secure-au.imrworldwide.com/","20090603085145","200"
"http://www.inthemix.com.au:80/allabout/artist/90072/text=%20Adelaide;url=/forum/forumdisplay.php?forumid=5;","20090603121723","200"
"http://www.inthemix.com.au:80/allabout/artist/90072/text=%20Adelaide;url=/gallery/?city=5;;status=Adelaide;separatorsize=1","20090603095644","200"
"http://www.inthemix.com.au:80/allabout/artist/90072/text=%20Adelaide;url=/whatson/?city=5;;status=Adelaide;separatorsize=1","20090603084422","200"
"http://www.inthemix.com.au:80/allabout/artist/90072/text=%20Breaks;url=/forum/forumdisplay.php?forumid=31;","20090603035008","200"
"http://www.inthemix.com.au:80/allabout/artist/90072/text=%20Brisbane;url=/gallery/?city=4;;status=Brisbane;separatorsize=1","20090603091338","200"
"http://www.inthemix.com.au:80/allabout/artist/90072/text=%20Brisbane;url=/whatson/?city=4;;status=Brisbane;separatorsize=1","20090603030146","200"
"http://www.inthemix.com.au:80/allabout/artist/90072/text=%20Canberra;url=/forum/forumdisplay.php?forumid=3;","20090603035012","200"
"http://www.inthemix.com.au:80/allabout/artist/90072/text=%20Canberra;url=/gallery/?city=3;;status=Canberra;separatorsize=1","20090603092714","200"
"http://www.inthemix.com.au:80/allabout/artist/90072/text=%20Canberra;url=/whatson/?city=3;;status=Canberra;separatorsize=1","20090603085150","200"
"http://www.inthemix.com.au:80/allabout/artist/90072/text=%20General;url=/forum/forumdisplay.php?forumid=10;","20090603021801","200"
"http://www.inthemix.com.au:80/allabout/artist/90072/text=%20House;url=/forum/forumdisplay.php?forumid=30;","20090603095649","200"
"http://www.inthemix.com.au:80/allabout/artist/90072/text=%20Ibiza;url=/forum/forumdisplay.php?forumid=66;","20090603150828","200"
"http://www.inthemix.com.au:80/allabout/artist/90072/text=%20Lifestyle;url=/forum/forumdisplay.php?forumid=23;","20090603010427","200"
"http://www.inthemix.com.au:80/allabout/artist/90072/text=%20Melbourne;url=/forum/forumdisplay.php?forumid=2;","20090603091343","200"
"http://www.inthemix.com.au:80/allabout/artist/90072/text=%20Melbourne;url=/gallery/?city=2;;status=Melbourne;separatorsize=1","20090603093946","200"
"http://www.inthemix.com.au:80/allabout/artist/90072/text=%20Melbourne;url=/whatson/?city=2;;status=Melbourne;separatorsize=1","20090603085854","200"
"http://www.inthemix.com.au:80/allabout/artist/90072/text=%20Perth;url=/forum/forumdisplay.php?forumid=6;","20090603030150","200"
"http://www.inthemix.com.au:80/allabout/artist/90072/text=%20Perth;url=/gallery/?city=6;;status=Perth;separatorsize=1","20090603121728","200"
"http://www.inthemix.com.au:80/allabout/artist/90072/text=%20Perth;url=/whatson/?city=6;;status=Perth;separatorsize=1","20090603024745","200"
"http://www.inthemix.com.au:80/allabout/artist/90072/text=%20Photography;url=/forum/forumdisplay.php?forumid=61;","20090603100452","200"
"http://www.inthemix.com.au:80/allabout/artist/90072/text=%20Progressive;url=/forum/forumdisplay.php?forumid=36;","20090603032245","200"
"http://www.inthemix.com.au:80/allabout/artist/90072/text=%20Sydney;url=/forum/forumdisplay.php?forumid=1;","20090603033938","200"
"http://www.inthemix.com.au:80/allabout/artist/90072/text=%20Sydney;url=/gallery/?city=1;;status=Sydney;separatorsize=1","20090605134009","200"
"http://www.inthemix.com.au:80/allabout/artist/90072/text=%20Sydney;url=/whatson/?city=1;;status=Sydney;separatorsize=1","20090603151545","200"
"http://www.inthemix.com.au:80/allabout/artist/90072/text=%20Travel;url=/forum/forumdisplay.php?forumid=28;","20090603035804","200"
"http://www.inthemix.com.au:80/allabout/artist/90080/Q_Tip","20090224081634","200"
"http://www.inthemix.com.au:80/allabout/artist/90142/Sofie_Loizou","20090331192149","200"
"http://www.inthemix.com.au:80/allabout/artist/90546/Sunset_Brothers","20090328133301","200"
"http://www.inthemix.com.au:80/allabout/artist/90727/Swob","20090529162359","200"
"http://www.inthemix.com.au:80/allabout/artist/90776/Ben_Pittard","20090311011945","200"
"http://www.inthemix.com.au:80/allabout/artist/9082/Stick_Figures","20090619001208","200"
"http://www.inthemix.com.au:80/allabout/artist/90856/Justus_Kohncke","20090429212734","200"
"http://www.inthemix.com.au:80/allabout/artist/90905/Jon_Beta","20090603102649","200"
"http://www.inthemix.com.au:80/allabout/artist/90951/Matt_Mandell","20090511055936","200"
"http://www.inthemix.com.au:80/allabout/artist/90951/secure-au.imrworldwide.com/","20090516020745","200"
"http://www.inthemix.com.au:80/allabout/artist/91138/Beth_Yen","20090522004313","200"
"http://www.inthemix.com.au:80/allabout/artist/91341/Davide_Sonar","20090316063934","200"
"http://www.inthemix.com.au:80/allabout/artist/91478/Chris_Kelly","20090316061608","200"
"http://www.inthemix.com.au:80/allabout/artist/91479/Monster_Monster","20090531114505","200"
"http://www.inthemix.com.au:80/allabout/artist/91544/Koritini","20090307012351","200"
"http://www.inthemix.com.au:80/allabout/artist/91714/Akay47","20090418185732","200"
"http://www.inthemix.com.au:80/allabout/artist/91724/JamLeon","20090505060654","200"
"http://www.inthemix.com.au:80/allabout/artist/91736/Walrii","20090531115441","200"
"http://www.inthemix.com.au:80/allabout/artist/92155/Arno_Cost","20090317120840","200"
"http://www.inthemix.com.au:80/allabout/artist/9216/Jools","20090316061611","200"
"http://www.inthemix.com.au:80/allabout/artist/92201/DUB_TSUKI","20090425163428","200"
"http://www.inthemix.com.au:80/allabout/artist/92206/DJ_Hektic","20090316090730","200"
"http://www.inthemix.com.au:80/allabout/artist/92276/Fake_Blood","20090620050219","200"
"http://www.inthemix.com.au:80/allabout/artist/92320/Jeff_Drake","20090228045052","200"
"http://www.inthemix.com.au:80/allabout/artist/92343/Digital_Damage","20090416042537","200"
"http://www.inthemix.com.au:80/allabout/artist/92359/Keli_Hart","20090416033614","200"
"http://www.inthemix.com.au:80/allabout/artist/9240/Riton","20090311005443","200"
"http://www.inthemix.com.au:80/allabout/artist/92408/Matrix","20090505060659","200"
"http://www.inthemix.com.au:80/allabout/artist/92418/Spruce_Lee","20090603030155","200"
"http://www.inthemix.com.au:80/allabout/artist/92443/Ben_Kelly","20090316072640","200"
"http://www.inthemix.com.au:80/allabout/artist/92444/James_Taylor","20090311011954","200"
"http://www.inthemix.com.au:80/allabout/artist/92445/Sam_Serene","20090318044011","200"
"http://www.inthemix.com.au:80/allabout/artist/92446/Jameson","20090316051828","200"
"http://www.inthemix.com.au:80/allabout/artist/92448/George_Kristopher","20090316085716","200"
"http://www.inthemix.com.au:80/allabout/artist/92449/MrX","20090316051833","200"
"http://www.inthemix.com.au:80/allabout/artist/92450/Phil_Toke","20090318044839","200"
"http://www.inthemix.com.au:80/allabout/artist/92451/Kristel_Morin","20090317203018","200"
"http://www.inthemix.com.au:80/allabout/artist/92457/Macro","20090331185932","200"
"http://www.inthemix.com.au:80/allabout/artist/92465/Basslines","20090603024750","200"
"http://www.inthemix.com.au:80/allabout/artist/92532/Brad_Smede","20090331133721","200"
"http://www.inthemix.com.au:80/allabout/artist/92693/NIKKITA_SUCKERPUNCH","20090324101652","200"
"http://www.inthemix.com.au:80/allabout/artist/92864/secure-au.imrworldwide.com/","20090621033148","200"
"http://www.inthemix.com.au:80/allabout/artist/92900/Wolf_Cub","20090402135748","200"
"http://www.inthemix.com.au:80/allabout/artist/92906/Bart_B_More","20090317120845","200"
"http://www.inthemix.com.au:80/allabout/artist/92907/Shadow_Dancer","20090330032532","200"
"http://www.inthemix.com.au:80/allabout/artist/92945/Inflagranti","20090327155843","200"
"http://www.inthemix.com.au:80/allabout/artist/92992/Jack_McCord","20090619110454","200"
"http://www.inthemix.com.au:80/allabout/artist/93021/Dean_Millson","20090611084019","200"
"http://www.inthemix.com.au:80/allabout/artist/93040/Roch","20090505060811","200"
"http://www.inthemix.com.au:80/allabout/artist/93052/Dj_Mula","20090503171018","200"
"http://www.inthemix.com.au:80/allabout/artist/93103/Art_Vs_Science","20090531164643","200"
"http://www.inthemix.com.au:80/allabout/artist/93103/secure-au.imrworldwide.com/","20090602201040","200"
"http://www.inthemix.com.au:80/allabout/artist/93117/the_humpday_project","20090606092426","200"
"http://www.inthemix.com.au:80/allabout/artist/93143/image=/_images/_sponsors/becks/whatson/whatson_navbaritem.jpg;url=http://adsfac.net/link.asp?cc=LIN038.85736.0;imagewidth=150;imagealign=center;oncolor=","20090603081437","200"
"http://www.inthemix.com.au:80/allabout/artist/93143/John_Cawley","20090520092714","200"
"http://www.inthemix.com.au:80/allabout/artist/93143/secure-au.imrworldwide.com/","20090603085157","200"
"http://www.inthemix.com.au:80/allabout/artist/93143/text=%20Adelaide;url=/forum/forumdisplay.php?forumid=5;","20090603152610","200"
"http://www.inthemix.com.au:80/allabout/artist/93143/text=%20Adelaide;url=/gallery/?city=5;;status=Adelaide;separatorsize=1","20090603115127","200"
"http://www.inthemix.com.au:80/allabout/artist/93143/text=%20Adelaide;url=/whatson/?city=5;;status=Adelaide;separatorsize=1","20090603152001","200"
"http://www.inthemix.com.au:80/allabout/artist/93143/text=%20Breaks;url=/forum/forumdisplay.php?forumid=31;","20090603100502","200"
"http://www.inthemix.com.au:80/allabout/artist/93143/text=%20Brisbane;url=/gallery/?city=4;;status=Brisbane;separatorsize=1","20090603094411","200"
"http://www.inthemix.com.au:80/allabout/artist/93143/text=%20Brisbane;url=/whatson/?city=4;;status=Brisbane;separatorsize=1","20090603092720","200"
"http://www.inthemix.com.au:80/allabout/artist/93143/text=%20Canberra;url=/forum/forumdisplay.php?forumid=3;","20090603030200","200"
"http://www.inthemix.com.au:80/allabout/artist/93143/text=%20Canberra;url=/gallery/?city=3;;status=Canberra;separatorsize=1","20090604122126","200"
"http://www.inthemix.com.au:80/allabout/artist/93143/text=%20Canberra;url=/whatson/?city=3;;status=Canberra;separatorsize=1","20090603023837","200"
"http://www.inthemix.com.au:80/allabout/artist/93143/text=%20General;url=/forum/forumdisplay.php?forumid=10;","20090603033252","200"
"http://www.inthemix.com.au:80/allabout/artist/93143/text=%20House;url=/forum/forumdisplay.php?forumid=30;","20090603150833","200"
"http://www.inthemix.com.au:80/allabout/artist/93143/text=%20Ibiza;url=/forum/forumdisplay.php?forumid=66;","20090603030205","200"
"http://www.inthemix.com.au:80/allabout/artist/93143/text=%20Lifestyle;url=/forum/forumdisplay.php?forumid=23;","20090603010433","200"
"http://www.inthemix.com.au:80/allabout/artist/93143/text=%20Melbourne;url=/forum/forumdisplay.php?forumid=2;","20090603105411","200"
"http://www.inthemix.com.au:80/allabout/artist/93143/text=%20Melbourne;url=/gallery/?city=2;;status=Melbourne;separatorsize=1","20090603090435","200"
"http://www.inthemix.com.au:80/allabout/artist/93143/text=%20Melbourne;url=/whatson/?city=2;;status=Melbourne;separatorsize=1","20090603090440","200"
"http://www.inthemix.com.au:80/allabout/artist/93143/text=%20Perth;url=/forum/forumdisplay.php?forumid=6;","20090603024755","200"
"http://www.inthemix.com.au:80/allabout/artist/93143/text=%20Perth;url=/gallery/?city=6;;status=Perth;separatorsize=1","20090603033943","200"
"http://www.inthemix.com.au:80/allabout/artist/93143/text=%20Perth;url=/whatson/?city=6;;status=Perth;separatorsize=1","20090603091829","200"
"http://www.inthemix.com.au:80/allabout/artist/93143/text=%20Photography;url=/forum/forumdisplay.php?forumid=61;","20090603035017","200"
"http://www.inthemix.com.au:80/allabout/artist/93143/text=%20Progressive;url=/forum/forumdisplay.php?forumid=36;","20090603093310","200"
"http://www.inthemix.com.au:80/allabout/artist/93143/text=%20Sydney;url=/forum/forumdisplay.php?forumid=1;","20090603152007","200"
"http://www.inthemix.com.au:80/allabout/artist/93143/text=%20Sydney;url=/gallery/?city=1;;status=Sydney;separatorsize=1","20090603091348","200"
"http://www.inthemix.com.au:80/allabout/artist/93143/text=%20Sydney;url=/whatson/?city=1;;status=Sydney;separatorsize=1","20090603152615","200"
"http://www.inthemix.com.au:80/allabout/artist/93143/text=%20Travel;url=/forum/forumdisplay.php?forumid=28;","20090603023841","200"
"http://www.inthemix.com.au:80/allabout/artist/9316/Lummy","20090316051838","200"
"http://www.inthemix.com.au:80/allabout/artist/93294/Boot_Sook","20090331191520","200"
"http://www.inthemix.com.au:80/allabout/artist/93299/Tame_Impala","20090402135753","200"
"http://www.inthemix.com.au:80/allabout/artist/93303/Sam_McEwin","20090603095654","200"
"http://www.inthemix.com.au:80/allabout/artist/93464/In_Flagranti","20090531113657","200"
"http://www.inthemix.com.au:80/allabout/artist/93466/Tim_CC","20090603114201","200"
"http://www.inthemix.com.au:80/allabout/artist/93495/MGMT","20090321215147","200"
"http://www.inthemix.com.au:80/allabout/artist/935/DJ_Hell","20090615224851","200"
"http://www.inthemix.com.au:80/allabout/artist/93502/Acid_Jacks","20090626042654","200"
"http://www.inthemix.com.au:80/allabout/artist/93550/Graham_Cordery","20090321223222","200"
"http://www.inthemix.com.au:80/allabout/artist/93552/Dave_54","20090321223332","200"
"http://www.inthemix.com.au:80/allabout/artist/93614/Jay_Kaos","20090324013956","200"
"http://www.inthemix.com.au:80/allabout/artist/93617/Sam_Spade","20090505060232","200"
"http://www.inthemix.com.au:80/allabout/artist/93638/Kato","20090513041608","200"
"http://www.inthemix.com.au:80/allabout/artist/93661/Nick_Warren","20090228045058","200"
"http://www.inthemix.com.au:80/allabout/artist/93662/16_Bit_Lolitas","20090531113702","200"
"http://www.inthemix.com.au:80/allabout/artist/93777/Steve_Lind","20090302031154","200"
"http://www.inthemix.com.au:80/allabout/artist/93797/Agent_86","20090405051043","200"
"http://www.inthemix.com.au:80/allabout/artist/93916/Canyons","20090402113939","200"
"http://www.inthemix.com.au:80/allabout/artist/93960/BeXta","20090603030210","200"
"http://www.inthemix.com.au:80/allabout/artist/93988/nik_fish","20090602195807","200"
"http://www.inthemix.com.au:80/allabout/artist/94026/Chris_Wilson","20090330030102","200"
"http://www.inthemix.com.au:80/allabout/artist/94095/THE_HERD","20090304123051","200"
"http://www.inthemix.com.au:80/allabout/artist/9415/Delta","20090623121216","200"
"http://www.inthemix.com.au:80/allabout/artist/94200/Hardforze","20090603151550","200"
"http://www.inthemix.com.au:80/allabout/artist/94212/Andrew_Wowk","20090331191524","200"
"http://www.inthemix.com.au:80/allabout/artist/94250/Coops","20090429080810","200"
"http://www.inthemix.com.au:80/allabout/artist/94253/Kid_Kenobi","20090619002217","200"
"http://www.inthemix.com.au:80/allabout/artist/94268/Pulsar","20090418015504","200"
"http://www.inthemix.com.au:80/allabout/artist/9434/Space_Tribe","20090318044017","200"
"http://www.inthemix.com.au:80/allabout/artist/94380/Gavin_DeMyer","20090413083151","200"
"http://www.inthemix.com.au:80/allabout/artist/94388/Dave_Stuart","20090331134609","200"
"http://www.inthemix.com.au:80/allabout/artist/94466/Tim_Culbert","20090331192154","200"
"http://www.inthemix.com.au:80/allabout/artist/94468/Simon_Bell","20090402113944","200"
"http://www.inthemix.com.au:80/allabout/artist/94493/Imperial","20090505060816","200"
"http://www.inthemix.com.au:80/allabout/artist/94498/Abel","20090530140932","200"
"http://www.inthemix.com.au:80/allabout/artist/94540/Mike_Hunt","20090501115310","200"
"http://www.inthemix.com.au:80/allabout/artist/94564/Craig_McWhinney","20090603093315","200"
"http://www.inthemix.com.au:80/allabout/artist/94630/Johnny_Gleeson","20090619101903","200"
"http://www.inthemix.com.au:80/allabout/artist/94636/Damion_Pell","20090523231517","200"
"http://www.inthemix.com.au:80/allabout/artist/94667/The_Vines","20090606074835","200"
"http://www.inthemix.com.au:80/allabout/artist/94784/Jordan_Naumov","20090516012407","200"
"http://www.inthemix.com.au:80/allabout/artist/94847/The_Bloody_Beetroots","20090624073909","200"
"http://www.inthemix.com.au:80/allabout/artist/94901/Passions","20090327155852","200"
"http://www.inthemix.com.au:80/allabout/artist/95074/Dave_Pham","20090304212636","200"
"http://www.inthemix.com.au:80/allabout/artist/95075/Mike_Callander","20090303125221","200"
"http://www.inthemix.com.au:80/allabout/artist/95077/Matt_Radovich","20090603082144","200"
"http://www.inthemix.com.au:80/allabout/artist/95111/Dave_Juric","20090331185938","200"
"http://www.inthemix.com.au:80/allabout/artist/95140/Neil_Terry","20090603091353","200"
"http://www.inthemix.com.au:80/allabout/artist/95226/Audun","20090330013940","200"
"http://www.inthemix.com.au:80/allabout/artist/95227/Gareth_D","20090621033153","200"
"http://www.inthemix.com.au:80/allabout/artist/9524/Ben_Smith","20090318035421","200"
"http://www.inthemix.com.au:80/allabout/artist/95354/Adam_Bartas","20090316095333","200"
"http://www.inthemix.com.au:80/allabout/artist/95379/Sh00ter_Louie","20090623110101","200"
"http://www.inthemix.com.au:80/allabout/artist/95437/Danny_T","20090331133725","200"
"http://www.inthemix.com.au:80/allabout/artist/95490/Suae","20090505061804","200"
"http://www.inthemix.com.au:80/allabout/artist/95492/Charlotte_Birch","20090523231522","200"
"http://www.inthemix.com.au:80/allabout/artist/95502/Luke_Spellbound","20090323013556","200"
"http://www.inthemix.com.au:80/allabout/artist/95509/Scotty_G","20090603091358","200"
"http://www.inthemix.com.au:80/allabout/artist/95560/Robbie_Lowe","20090331191530","200"
"http://www.inthemix.com.au:80/allabout/artist/95603/Micky_D","20090621031749","200"
"http://www.inthemix.com.au:80/allabout/artist/95649/Mobin_Master","20090331193210","200"
"http://www.inthemix.com.au:80/allabout/artist/95777/Northie","20090416040151","200"
"http://www.inthemix.com.au:80/allabout/artist/95890/Empire_Of_The_Sun","20090329023705","200"
"http://www.inthemix.com.au:80/allabout/artist/9596/John_Tejada","20090310113205","200"
"http://www.inthemix.com.au:80/allabout/artist/96018/Trinity","20090429063114","200"
"http://www.inthemix.com.au:80/allabout/artist/96104/ATonez","20090416041831","200"
"http://www.inthemix.com.au:80/allabout/artist/96137/Persuasion","20090316061616","200"
"http://www.inthemix.com.au:80/allabout/artist/96349/BREAKFAST","20090503171022","200"
"http://www.inthemix.com.au:80/allabout/artist/9641/DJ_Walt","20090321223849","200"
"http://www.inthemix.com.au:80/allabout/artist/9642/Rev_Dr_Grooveshoes_and_the_Sound_Hussler","20090316101919","200"
"http://www.inthemix.com.au:80/allabout/artist/96498/Tatanka","20090316090732","200"
"http://www.inthemix.com.au:80/allabout/artist/96542/Lee_Hamilton","20090516021543","200"
"http://www.inthemix.com.au:80/allabout/artist/96747/Mari_Ferrari","20090330200638","200"
"http://www.inthemix.com.au:80/allabout/artist/96747/secure-au.imrworldwide.com/","20090402105912","200"
"http://www.inthemix.com.au:80/allabout/artist/96772/JRes","20090316051843","200"
"http://www.inthemix.com.au:80/allabout/artist/9678/Copperpot","20090529155238","200"
"http://www.inthemix.com.au:80/allabout/artist/96867/Grant_Smillie","20090429074402","200"
"http://www.inthemix.com.au:80/allabout/artist/97022/Whos_Billy","20090316090737","200"
"http://www.inthemix.com.au:80/allabout/artist/9713/Saul_Bliss","20090602132940","200"
"http://www.inthemix.com.au:80/allabout/artist/9714/Michael_Gray","20090607002700","200"
"http://www.inthemix.com.au:80/allabout/artist/97149/Ping_Pong_DJs","20090403185140","200"
"http://www.inthemix.com.au:80/allabout/artist/97241/Chris_Combe","20090402113949","200"
"http://www.inthemix.com.au:80/allabout/artist/97407/Nitrouz","20090316061622","200"
"http://www.inthemix.com.au:80/allabout/artist/9741/Freeform_Five","20090609223933","200"
"http://www.inthemix.com.au:80/allabout/artist/97470/Enigma","20090603022959","200"
"http://www.inthemix.com.au:80/allabout/artist/97647/Alure","20090416042542","200"
"http://www.inthemix.com.au:80/allabout/artist/97857/Don_Rimini","20090619035509","200"
"http://www.inthemix.com.au:80/allabout/artist/97898/westone","20090603094416","200"
"http://www.inthemix.com.au:80/allabout/artist/97935/Knickers","20090516013721","200"
"http://www.inthemix.com.au:80/allabout/artist/98299/Tanktop","20090628112633","200"
"http://www.inthemix.com.au:80/allabout/artist/98306/Cut_Copy_Dj_Set","20090301170901","200"
"http://www.inthemix.com.au:80/allabout/artist/98327/SammyB","20090316092554","200"
"http://www.inthemix.com.au:80/allabout/artist/98328/Silversix","20090316051848","200"
"http://www.inthemix.com.au:80/allabout/artist/98382/Sasha_Vatoff","20090323143239","200"
"http://www.inthemix.com.au:80/allabout/artist/98424/Paul_Oakenfold","20090304123056","200"
"http://www.inthemix.com.au:80/allabout/artist/98431/Japanese_Motors_LIVE","20090224002025","200"
"http://www.inthemix.com.au:80/allabout/artist/98470/NERD_feat_Pharrell_Williams","20090224082050","200"
"http://www.inthemix.com.au:80/allabout/artist/98507/Loin_Brothers","20090603121733","200"
"http://www.inthemix.com.au:80/allabout/artist/98513/Dean_Del","20090317163718","200"
"http://www.inthemix.com.au:80/allabout/artist/98516/Smillie_Course","20090305041738","200"
"http://www.inthemix.com.au:80/allabout/artist/98535/Gavin_Herlihy","20090318045751","200"
"http://www.inthemix.com.au:80/allabout/artist/98538/Daniele_Papini","20090307184623","200"
"http://www.inthemix.com.au:80/allabout/artist/986/ASYS","20090317163724","200"
"http://www.inthemix.com.au:80/allabout/artist/98615/Paul_Oakenfold","20090321063322","200"
"http://www.inthemix.com.au:80/allabout/artist/98720/bint","20090331191535","200"
"http://www.inthemix.com.au:80/allabout/artist/98834/Wolfgang_Gartner","20090320230333","200"
"http://www.inthemix.com.au:80/allabout/artist/98876/Reggie_Watts","20090603033255","200"
"http://www.inthemix.com.au:80/allabout/artist/99059/Mark_Rae","20090313092831","200"
"http://www.inthemix.com.au:80/allabout/artist/99230/Muma_Megs","20090619101908","200"
"http://www.inthemix.com.au:80/allabout/artist/99279/John_Selway","20090605213844","200"
"http://www.inthemix.com.au:80/allabout/artist/99280/Becy_Live","20090603151557","200"
"http://www.inthemix.com.au:80/allabout/artist/99281/m1kest4r","20090603094421","200"
"http://www.inthemix.com.au:80/allabout/artist/99336/Rhadoo","20090316095338","200"
"http://www.inthemix.com.au:80/allabout/artist/99337/Petre_Inspirescu","20090311011955","200"
"http://www.inthemix.com.au:80/allabout/artist/99349/Teki_Latex","20090316051853","200"
"http://www.inthemix.com.au:80/allabout/artist/99387/BRAZILIAN_LATIN_GROOVE_BAND","20090321064419","200"
"http://www.inthemix.com.au:80/allabout/artist/99395/Scope_DJ","20090318013237","200"
"http://www.inthemix.com.au:80/allabout/artist/99396/","20090316072644","200"
"http://www.inthemix.com.au:80/allabout/artist/99397/Shayla","20090316061626","200"
"http://www.inthemix.com.au:80/allabout/artist/99398/","20090317003223","200"
"http://www.inthemix.com.au:80/allabout/artist/99405/The_Garag3_Boys","20090226101149","200"
"http://www.inthemix.com.au:80/allabout/artist/99437/Andrea_Bertolini","20090317164015","200"
"http://www.inthemix.com.au:80/allabout/artist/99466/Raresh","20090321170607","200"
"http://www.inthemix.com.au:80/allabout/artist/99471/Dave_Dresden","20090321060249","200"
"http://www.inthemix.com.au:80/allabout/artist/99474/More_TBA_","20090321064424","200"
"http://www.inthemix.com.au:80/allabout/artist/99487/ADAM_Lab_4","20090323011642","200"
"http://www.inthemix.com.au:80/allabout/artist/99590/Chaomain","20090523231527","200"
"http://www.inthemix.com.au:80/allabout/artist/99626/Hong","20090307184629","200"
"http://www.inthemix.com.au:80/allabout/artist/99627/College","20090316072651","200"
"http://www.inthemix.com.au:80/allabout/artist/99628/Mashta","20090316085718","200"
"http://www.inthemix.com.au:80/allabout/artist/99657/Nhan","20090316090741","200"
"http://www.inthemix.com.au:80/allabout/artist/99661/Silhoutte","20090316101924","200"
"http://www.inthemix.com.au:80/allabout/artist/99665/DJ_in_situ","20090311004559","200"
"http://www.inthemix.com.au:80/allabout/artist/99689/Yeah_Yeah_Yeahs","20090316061633","200"
"http://www.inthemix.com.au:80/allabout/artist/99714/Sa_Dingding","20090331183308","200"
"http://www.inthemix.com.au:80/allabout/artist/99853/Fausto","20090323144309","200"
"http://www.inthemix.com.au:80/allabout/artist/99881/Djs_Clint_Hargreaves","20090317164019","200"
"http://www.inthemix.com.au:80/allabout/artist/99924/Omar_S","20090421150656","200"
"http://www.inthemix.com.au:80/allabout/artist/99933/Rozalla","20090330030108","200"
"http://www.inthemix.com.au:80/allabout/artist/99968/Gravious","20090331183313","200"
"http://www.inthemix.com.au:80/allabout/artist/99969/Swindle","20090331183318","200"
"http://www.inthemix.com.au:80/allabout/artist/99970/Luke_Snarl","20090331185943","200"
"http://www.inthemix.com.au:80/allabout/artist/A","20090321031245","200"
"http://www.inthemix.com.au:80/allabout/artist/D","20090425163438","200"
"http://www.inthemix.com.au:80/allabout/distributor/10371/Shogun","20090623082959","200"
"http://www.inthemix.com.au:80/allabout/distributor/13601/Obese_Records","20090512015525","200"
"http://www.inthemix.com.au:80/allabout/distributor/1725/Independent","20090602165615","200"
"http://www.inthemix.com.au:80/allabout/distributor/204/Sony","20090531112412","200"
"http://www.inthemix.com.au:80/allabout/distributor/214/Stomp","20090416041315","200"
"http://www.inthemix.com.au:80/allabout/distributor/283/Inertia","20090623083004","200"
"http://www.inthemix.com.au:80/allabout/distributor/319/Universal","20090516012417","200"
"http://www.inthemix.com.au:80/allabout/eventname/100/Godskitchen","20090603115132","200"
"http://www.inthemix.com.au:80/allabout/eventname/117/Funktrust","20090516020750","200"
"http://www.inthemix.com.au:80/allabout/eventname/14/Good_Vibrations_Festival","20090510093719","200"
"http://www.inthemix.com.au:80/allabout/eventname/164/Onelove","20090330023401","200"
"http://www.inthemix.com.au:80/allabout/eventname/171/V_Festival","20090306185318","200"
"http://www.inthemix.com.au:80/allabout/eventname/172/Sunshine_People","20090308044012","200"
"http://www.inthemix.com.au:80/allabout/eventname/21/Smirnoff_Experience","20090321065603","200"
"http://www.inthemix.com.au:80/allabout/eventname/25/Renaissance","20090224070300","200"
"http://www.inthemix.com.au:80/allabout/eventname/297/Summadayze","20090305041745","200"
"http://www.inthemix.com.au:80/allabout/eventname/413/We_Love_Sounds","20090303224839","200"
"http://www.inthemix.com.au:80/allabout/eventname/45/Harbourlife","20090618152055","200"
"http://www.inthemix.com.au:80/allabout/eventname/528/Future_Music_Festival","20090303055402","200"
"http://www.inthemix.com.au:80/allabout/eventname/548/Musica","20090330033447","200"
"http://www.inthemix.com.au:80/allabout/eventname/577/Exit_Festival","20090605112017","200"
"http://www.inthemix.com.au:80/allabout/eventname/67/Big_Day_Out","20090321223340","200"
"http://www.inthemix.com.au:80/allabout/eventname/72/Splendour_in_the_Grass","20090519102424","200"
"http://www.inthemix.com.au:80/allabout/eventname/73/Field_Day","20090414113352","200"
"http://www.inthemix.com.au:80/allabout/eventname/733/Parklife","20090416033624","200"
"http://www.inthemix.com.au:80/allabout/eventname/734/inthemix2006","20090418172432","200"
"http://www.inthemix.com.au:80/allabout/eventname/739/Playground_Weekender","20090313101231","200"
"http://www.inthemix.com.au:80/allabout/eventname/742/Armin_Van_Buuren_White_Tour","20090526051604","200"
"http://www.inthemix.com.au:80/allabout/eventname/743/Malibu_Sunset_Social","20090311005448","200"
"http://www.inthemix.com.au:80/allabout/eventname/744/Ministry_Of_Sound_Sessions","20090311142511","200"
"http://www.inthemix.com.au:80/allabout/eventname/756/Stereosonic","20090503233346","200"
"http://www.inthemix.com.au:80/allabout/eventname/767/Kiss_My_Grass","20090307184126","200"
"http://www.inthemix.com.au:80/allabout/eventname/774/Warehouse","20090609224326","200"
"http://www.inthemix.com.au:80/allabout/eventname/775/Sony_inthemix50_2008","20090520024013","200"
"http://www.inthemix.com.au:80/allabout/eventname/776/Sensation","20090314060336","200"
"http://www.inthemix.com.au:80/allabout/eventname/777/Global_Gathering","20090609144331","200"
"http://www.inthemix.com.au:80/allabout/eventname/779/XQlusive","20090603090450","200"
"http://www.inthemix.com.au:80/allabout/eventname/783/Trance_Energy","20090315213509","200"
"http://www.inthemix.com.au:80/allabout/eventname/785/QDance","20090323232048","200"
"http://www.inthemix.com.au:80/allabout/eventname/786/Winter_Sound_System","20090327155153","200"
"http://www.inthemix.com.au:80/allabout/label/","20090330023405","200"
"http://www.inthemix.com.au:80/allabout/label/10650/Shogun","20090623083009","200"
"http://www.inthemix.com.au:80/allabout/label/10719/SAW_Recordings","20090427174003","200"
"http://www.inthemix.com.au:80/allabout/label/13683/Obese","20090529162404","200"
"http://www.inthemix.com.au:80/allabout/label/15250/Armada","20090617012809","200"
"http://www.inthemix.com.au:80/allabout/label/1601/Sony","20090531122313","200"
"http://www.inthemix.com.au:80/allabout/label/16420/Collision","20090630175504","200"
"http://www.inthemix.com.au:80/allabout/label/18215/Eskimo_Recordings","20090617012416","200"
"http://www.inthemix.com.au:80/allabout/label/19144/Clermont_Music","20090323010802","200"
"http://www.inthemix.com.au:80/allabout/label/19376/image=/_images/_sponsors/becks/whatson/whatson_navbaritem.jpg;url=http://adsfac.net/link.asp?cc=LIN038.85736.0;imagewidth=150;imagealign=center;oncolor=","20090621031754","200"
"http://www.inthemix.com.au:80/allabout/label/19376/secure-au.imrworldwide.com/","20090621031759","200"
"http://www.inthemix.com.au:80/allabout/label/19376/text=%20Adelaide;url=/forum/forumdisplay.php?forumid=5;","20090623120518","200"
"http://www.inthemix.com.au:80/allabout/label/19376/text=%20Adelaide;url=/gallery/?city=5;;status=Adelaide;separatorsize=1","20090623104015","200"
"http://www.inthemix.com.au:80/allabout/label/19376/text=%20Breaks;url=/forum/forumdisplay.php?forumid=31;","20090621034531","200"
"http://www.inthemix.com.au:80/allabout/label/19376/text=%20Brisbane;url=/whatson/?city=4;;status=Brisbane;separatorsize=1","20090623050611","200"
"http://www.inthemix.com.au:80/allabout/label/19376/text=%20Canberra;url=/whatson/?city=3;;status=Canberra;separatorsize=1","20090623110106","200"
"http://www.inthemix.com.au:80/allabout/label/19376/text=%20General;url=/forum/forumdisplay.php?forumid=10;","20090623121220","200"
"http://www.inthemix.com.au:80/allabout/label/19376/text=%20House;url=/forum/forumdisplay.php?forumid=30;","20090623121225","200"
"http://www.inthemix.com.au:80/allabout/label/19376/text=%20Ibiza;url=/forum/forumdisplay.php?forumid=66;","20090623120939","200"
"http://www.inthemix.com.au:80/allabout/label/19376/text=%20Perth;url=/forum/forumdisplay.php?forumid=6;","20090621031804","200"
"http://www.inthemix.com.au:80/allabout/label/19376/text=%20Perth;url=/whatson/?city=6;;status=Perth;separatorsize=1","20090621031809","200"
"http://www.inthemix.com.au:80/allabout/label/19376/text=%20Photography;url=/forum/forumdisplay.php?forumid=61;","20090623104019","200"
"http://www.inthemix.com.au:80/allabout/label/19376/text=%20Sydney;url=/forum/forumdisplay.php?forumid=1;","20090621034536","200"
"http://www.inthemix.com.au:80/allabout/label/19376/text=%20Sydney;url=/gallery/?city=1;;status=Sydney;separatorsize=1","20090621034541","200"
"http://www.inthemix.com.au:80/allabout/label/19376/text=%20Travel;url=/forum/forumdisplay.php?forumid=28;","20090621034546","200"
"http://www.inthemix.com.au:80/allabout/label/19601/Kindergarten","20090319024340","200"
"http://www.inthemix.com.au:80/allabout/label/19616/onelove","20090529155243","200"
"http://www.inthemix.com.au:80/allabout/label/19644/","20090527185802","200"
"http://www.inthemix.com.au:80/allabout/label/19651/","20090416040156","200"
"http://www.inthemix.com.au:80/allabout/label/19653/","20090416043016","200"
"http://www.inthemix.com.au:80/allabout/label/19656/405_Recordings","20090617013117","200"
"http://www.inthemix.com.au:80/allabout/label/19672/","20090430093800","200"
"http://www.inthemix.com.au:80/allabout/label/19681/","20090516015733","200"
"http://www.inthemix.com.au:80/allabout/label/19682/","20090516012421","200"
"http://www.inthemix.com.au:80/allabout/label/19685/generationext","20090517113635","200"
"http://www.inthemix.com.au:80/allabout/label/19688/","20090602165620","200"
"http://www.inthemix.com.au:80/allabout/label/19704/Vacation_Records","20090607043648","200"
"http://www.inthemix.com.au:80/allabout/label/19709/","20090617013123","200"
"http://www.inthemix.com.au:80/allabout/label/19711/3024","20090618050511","200"
"http://www.inthemix.com.au:80/allabout/label/19712/","20090622230644","200"
"http://www.inthemix.com.au:80/allabout/label/19713/","20090620050223","200"
"http://www.inthemix.com.au:80/allabout/label/2063/Fabric","20090415050134","200"
"http://www.inthemix.com.au:80/allabout/label/2159/Modular_Recordings","20090501121834","200"
"http://www.inthemix.com.au:80/allabout/label/2227/Nukleuz","20090410130728","200"
"http://www.inthemix.com.au:80/allabout/label/2408/Lex","20090430092046","200"
"http://www.inthemix.com.au:80/allabout/label/2475/Breakbeat_Kaos","20090524190518","200"
"http://www.inthemix.com.au:80/allabout/label/2541/Ultra_Records","20090530170757","200"
"http://www.inthemix.com.au:80/allabout/label/2717/Big_Dada","20090622072807","200"
"http://www.inthemix.com.au:80/allabout/label/2786/Level_Two_Music","20090304031029","200"
"http://www.inthemix.com.au:80/allabout/label/318/Universal","20090516013731","200"
"http://www.inthemix.com.au:80/allabout/label/4462/Ear_Pimp_Music","20090224082056","200"
"http://www.inthemix.com.au:80/allabout/label/469/Ministry_of_Sound","20090323143940","200"
"http://www.inthemix.com.au:80/allabout/label/5218/Sound_of_Barclay","20090528031556","200"
"http://www.inthemix.com.au:80/allabout/label/8115/Independent","20090602033536","200"
"http://www.inthemix.com.au:80/allabout/label/812/Renaissance","20090501121211","200"
"http://www.inthemix.com.au:80/allabout/label/860/Virgin","20090526044402","200"
"http://www.inthemix.com.au:80/allabout/label/8735/Audio_Therapy","20090312031042","200"
"http://www.inthemix.com.au:80/allabout/label/8735/image=/_images/_sponsors/becks/whatson/whatson_navbaritem.jpg;url=http://adsfac.net/link.asp?cc=LIN038.85736.0;imagewidth=150;imagealign=center;oncolor=","20090314020911","200"
"http://www.inthemix.com.au:80/allabout/label/8735/secure-au.imrworldwide.com/","20090314021248","200"
"http://www.inthemix.com.au:80/allabout/label/8735/text=%20Adelaide;url=/forum/forumdisplay.php?forumid=5;","20090314021609","200"
"http://www.inthemix.com.au:80/allabout/label/8735/text=%20Adelaide;url=/gallery/?city=5;;status=Adelaide;separatorsize=1","20090314020916","200"
"http://www.inthemix.com.au:80/allabout/label/8735/text=%20Adelaide;url=/whatson/?city=5;;status=Adelaide;separatorsize=1","20090314021254","200"
"http://www.inthemix.com.au:80/allabout/label/8735/text=%20Breaks;url=/forum/forumdisplay.php?forumid=31;","20090314020924","200"
"http://www.inthemix.com.au:80/allabout/label/8735/text=%20Brisbane;url=/gallery/?city=4;;status=Brisbane;separatorsize=1","20090314021614","200"
"http://www.inthemix.com.au:80/allabout/label/8735/text=%20Brisbane;url=/whatson/?city=4;;status=Brisbane;separatorsize=1","20090314020931","200"
"http://www.inthemix.com.au:80/allabout/label/8735/text=%20Canberra;url=/forum/forumdisplay.php?forumid=3;","20090314021259","200"
"http://www.inthemix.com.au:80/allabout/label/8735/text=%20Canberra;url=/gallery/?city=3;;status=Canberra;separatorsize=1","20090314021304","200"
"http://www.inthemix.com.au:80/allabout/label/8735/text=%20Canberra;url=/whatson/?city=3;;status=Canberra;separatorsize=1","20090314020935","200"
"http://www.inthemix.com.au:80/allabout/label/8735/text=%20General;url=/forum/forumdisplay.php?forumid=10;","20090314020407","200"
"http://www.inthemix.com.au:80/allabout/label/8735/text=%20House;url=/forum/forumdisplay.php?forumid=30;","20090314021309","200"
"http://www.inthemix.com.au:80/allabout/label/8735/text=%20Ibiza;url=/forum/forumdisplay.php?forumid=66;","20090314020940","200"
"http://www.inthemix.com.au:80/allabout/label/8735/text=%20Lifestyle;url=/forum/forumdisplay.php?forumid=23;","20090314020411","200"
"http://www.inthemix.com.au:80/allabout/label/8735/text=%20Melbourne;url=/forum/forumdisplay.php?forumid=2;","20090314021314","200"
"http://www.inthemix.com.au:80/allabout/label/8735/text=%20Melbourne;url=/gallery/?city=2;;status=Melbourne;separatorsize=1","20090314020416","200"
"http://www.inthemix.com.au:80/allabout/label/8735/text=%20Melbourne;url=/whatson/?city=2;;status=Melbourne;separatorsize=1","20090314020421","200"
"http://www.inthemix.com.au:80/allabout/label/8735/text=%20Perth;url=/forum/forumdisplay.php?forumid=6;","20090314020426","200"
"http://www.inthemix.com.au:80/allabout/label/8735/text=%20Perth;url=/gallery/?city=6;;status=Perth;separatorsize=1","20090314021619","200"
"http://www.inthemix.com.au:80/allabout/label/8735/text=%20Perth;url=/whatson/?city=6;;status=Perth;separatorsize=1","20090314021624","200"
"http://www.inthemix.com.au:80/allabout/label/8735/text=%20Photography;url=/forum/forumdisplay.php?forumid=61;","20090314021629","200"
"http://www.inthemix.com.au:80/allabout/label/8735/text=%20Progressive;url=/forum/forumdisplay.php?forumid=36;","20090314021319","200"
"http://www.inthemix.com.au:80/allabout/label/8735/text=%20Sydney;url=/forum/forumdisplay.php?forumid=1;","20090314020946","200"
"http://www.inthemix.com.au:80/allabout/label/8735/text=%20Sydney;url=/gallery/?city=1;;status=Sydney;separatorsize=1","20090314021635","200"
"http://www.inthemix.com.au:80/allabout/label/8735/text=%20Sydney;url=/whatson/?city=1;;status=Sydney;separatorsize=1","20090314020951","200"
"http://www.inthemix.com.au:80/allabout/label/8735/text=%20Travel;url=/forum/forumdisplay.php?forumid=28;","20090314020956","200"
"http://www.inthemix.com.au:80/allabout/label/9974/ATO_Records","20090403085957","200"
"http://www.inthemix.com.au:80/allabout/promoter/3084/Mad_Racket","20090305164424","200"
"http://www.inthemix.com.au:80/allabout/promoter/644677/Andrew_McManus","20090422160901","200"
"http://www.inthemix.com.au:80/allabout/promoter/645103/secure-au.imrworldwide.com/","20090318043255","200"
"http://www.inthemix.com.au:80/allabout/promoter/645103/text=%20Adelaide;url=/forum/forumdisplay.php?forumid=5;","20090317203023","200"
"http://www.inthemix.com.au:80/allabout/promoter/645103/text=%20Adelaide;url=/gallery/?city=5;;status=Adelaide;separatorsize=1","20090311142516","200"
"http://www.inthemix.com.au:80/allabout/promoter/645103/text=%20Adelaide;url=/whatson/?city=5;;status=Adelaide;separatorsize=1","20090321223342","200"
"http://www.inthemix.com.au:80/allabout/promoter/645103/text=%20Breaks;url=/forum/forumdisplay.php?forumid=31;","20090317204625","200"
"http://www.inthemix.com.au:80/allabout/promoter/645103/text=%20Brisbane;url=/gallery/?city=4;;status=Brisbane;separatorsize=1","20090318034518","200"
"http://www.inthemix.com.au:80/allabout/promoter/645103/text=%20Brisbane;url=/whatson/?city=4;;status=Brisbane;separatorsize=1","20090321223346","200"
"http://www.inthemix.com.au:80/allabout/promoter/645103/text=%20Canberra;url=/gallery/?city=3;;status=Canberra;separatorsize=1","20090318044421","200"
"http://www.inthemix.com.au:80/allabout/promoter/645103/text=%20Canberra;url=/whatson/?city=3;;status=Canberra;separatorsize=1","20090321060255","200"
"http://www.inthemix.com.au:80/allabout/promoter/645103/text=%20General;url=/forum/forumdisplay.php?forumid=10;","20090311005454","200"
"http://www.inthemix.com.au:80/allabout/promoter/645103/text=%20Ibiza;url=/forum/forumdisplay.php?forumid=66;","20090321065607","200"
"http://www.inthemix.com.au:80/allabout/promoter/645103/text=%20Melbourne;url=/forum/forumdisplay.php?forumid=2;","20090311004605","200"
"http://www.inthemix.com.au:80/allabout/promoter/645103/text=%20Perth;url=/forum/forumdisplay.php?forumid=6;","20090318045756","200"
"http://www.inthemix.com.au:80/allabout/promoter/645103/text=%20Perth;url=/gallery/?city=6;;status=Perth;separatorsize=1","20090321070552","200"
"http://www.inthemix.com.au:80/allabout/promoter/645103/text=%20Photography;url=/forum/forumdisplay.php?forumid=61;","20090317204630","200"
"http://www.inthemix.com.au:80/allabout/promoter/645103/text=%20Progressive;url=/forum/forumdisplay.php?forumid=36;","20090311090856","200"
"http://www.inthemix.com.au:80/allabout/promoter/645103/text=%20Sydney;url=/forum/forumdisplay.php?forumid=1;","20090311004610","200"
"http://www.inthemix.com.au:80/allabout/promoter/645103/text=%20Sydney;url=/gallery/?city=1;;status=Sydney;separatorsize=1","20090321062439","200"
"http://www.inthemix.com.au:80/allabout/promoter/645103/text=%20Sydney;url=/whatson/?city=1;;status=Sydney;separatorsize=1","20090317025507","200"
"http://www.inthemix.com.au:80/allabout/promoter/645103/text=%20Travel;url=/forum/forumdisplay.php?forumid=28;","20090311142522","200"
"http://www.inthemix.com.au:80/allabout/promoter/645103/Village_Sounds","20090227135928","200"
"http://www.inthemix.com.au:80/allabout/promoter/645424/Anthony_Best","20090328133358","200"
"http://www.inthemix.com.au:80/allabout/venue/10207/Abercrombie_Hotel","20090305004953","200"
"http://www.inthemix.com.au:80/allabout/venue/10952/Platinum_Nightclub","20090610165124","200"
"http://www.inthemix.com.au:80/allabout/venue/11046/secure-au.imrworldwide.com/","20090331134614","200"
"http://www.inthemix.com.au:80/allabout/venue/11046/The_Clare_Hotel","20090429193022","200"
"http://www.inthemix.com.au:80/allabout/venue/1181/Marrickville_Bowling_Club","20090521070228","200"
"http://www.inthemix.com.au:80/allabout/venue/12099/Hermanns","20090529155248","200"
"http://www.inthemix.com.au:80/allabout/venue/12506/Prince_Bandroom","20090605122641","200"
"http://www.inthemix.com.au:80/allabout/venue/12915/Havana_Club_Deluxe","20090529105902","200"
"http://www.inthemix.com.au:80/allabout/venue/13199/Bondi_Beach","20090305070911","200"
"http://www.inthemix.com.au:80/allabout/venue/13494/Home_Nightclub","20090417182444","200"
"http://www.inthemix.com.au:80/allabout/venue/13651/Bar_Open","20090305215912","200"
"http://www.inthemix.com.au:80/allabout/venue/13853/Rymill_Park","20090301022519","200"
"http://www.inthemix.com.au:80/allabout/venue/13875/The_Forum","20090524042735","200"
"http://www.inthemix.com.au:80/allabout/venue/14061/The_Garden_of_Unearthly_Delights","20090417052850","200"
"http://www.inthemix.com.au:80/allabout/venue/14364/Family","20090527185807","200"
"http://www.inthemix.com.au:80/allabout/venue/15128/Savvy","20090516083544","200"
"http://www.inthemix.com.au:80/allabout/venue/1621/Brown_Alley","20090321112529","200"
"http://www.inthemix.com.au:80/allabout/venue/1730/Coogee_Bay_Hotel","20090415180050","200"
"http://www.inthemix.com.au:80/allabout/venue/1972/Billboards","20090330030113","200"
"http://www.inthemix.com.au:80/allabout/venue/2040/GPO","20090515173818","200"
"http://www.inthemix.com.au:80/allabout/venue/238/Gas_Nightclub","20090531164535","200"
"http://www.inthemix.com.au:80/allabout/venue/238/image=/_images/_sponsors/becks/whatson/whatson_navbaritem.jpg;url=http://adsfac.net/link.asp?cc=LIN038.85736.0;imagewidth=150;imagealign=center;oncolor=","20090603021807","200"
"http://www.inthemix.com.au:80/allabout/venue/238/secure-au.imrworldwide.com/","20090603091835","200"
"http://www.inthemix.com.au:80/allabout/venue/238/text=%20Adelaide;url=/forum/forumdisplay.php?forumid=5;","20090603032251","200"
"http://www.inthemix.com.au:80/allabout/venue/238/text=%20Adelaide;url=/gallery/?city=5;;status=Adelaide;separatorsize=1","20090603151337","200"
"http://www.inthemix.com.au:80/allabout/venue/238/text=%20Adelaide;url=/whatson/?city=5;;status=Adelaide;separatorsize=1","20090603021810","200"
"http://www.inthemix.com.au:80/allabout/venue/238/text=%20Breaks;url=/forum/forumdisplay.php?forumid=31;","20090603152012","200"
"http://www.inthemix.com.au:80/allabout/venue/238/text=%20Brisbane;url=/gallery/?city=4;;status=Brisbane;separatorsize=1","20090603093320","200"
"http://www.inthemix.com.au:80/allabout/venue/238/text=%20Brisbane;url=/whatson/?city=4;;status=Brisbane;separatorsize=1","20090603010440","200"
"http://www.inthemix.com.au:80/allabout/venue/238/text=%20Canberra;url=/forum/forumdisplay.php?forumid=3;","20090603105948","200"
"http://www.inthemix.com.au:80/allabout/venue/238/text=%20Canberra;url=/gallery/?city=3;;status=Canberra;separatorsize=1","20090603151604","200"
"http://www.inthemix.com.au:80/allabout/venue/238/text=%20Canberra;url=/whatson/?city=3;;status=Canberra;separatorsize=1","20090603092725","200"
"http://www.inthemix.com.au:80/allabout/venue/238/text=%20General;url=/forum/forumdisplay.php?forumid=10;","20090603121739","200"
"http://www.inthemix.com.au:80/allabout/venue/238/text=%20House;url=/forum/forumdisplay.php?forumid=30;","20090603081442","200"
"http://www.inthemix.com.au:80/allabout/venue/238/text=%20Ibiza;url=/forum/forumdisplay.php?forumid=66;","20090603090455","200"
"http://www.inthemix.com.au:80/allabout/venue/238/text=%20Lifestyle;url=/forum/forumdisplay.php?forumid=23;","20090603091404","200"
"http://www.inthemix.com.au:80/allabout/venue/238/text=%20Melbourne;url=/forum/forumdisplay.php?forumid=2;","20090603081447","200"
"http://www.inthemix.com.au:80/allabout/venue/238/text=%20Melbourne;url=/gallery/?city=2;;status=Melbourne;separatorsize=1","20090603101110","200"
"http://www.inthemix.com.au:80/allabout/venue/238/text=%20Melbourne;url=/whatson/?city=2;;status=Melbourne;separatorsize=1","20090603152017","200"
"http://www.inthemix.com.au:80/allabout/venue/238/text=%20Perth;url=/forum/forumdisplay.php?forumid=6;","20090603024802","200"
"http://www.inthemix.com.au:80/allabout/venue/238/text=%20Perth;url=/gallery/?city=6;;status=Perth;separatorsize=1","20090603091408","200"
"http://www.inthemix.com.au:80/allabout/venue/238/text=%20Perth;url=/whatson/?city=6;;status=Perth;separatorsize=1","20090603094427","200"
"http://www.inthemix.com.au:80/allabout/venue/238/text=%20Photography;url=/forum/forumdisplay.php?forumid=61;","20090603024807","200"
"http://www.inthemix.com.au:80/allabout/venue/238/text=%20Progressive;url=/forum/forumdisplay.php?forumid=36;","20090603024812","200"
"http://www.inthemix.com.au:80/allabout/venue/238/text=%20Sydney;url=/forum/forumdisplay.php?forumid=1;","20090603085900","200"
"http://www.inthemix.com.au:80/allabout/venue/238/text=%20Sydney;url=/gallery/?city=1;;status=Sydney;separatorsize=1","20090603035809","200"
"http://www.inthemix.com.au:80/allabout/venue/238/text=%20Sydney;url=/whatson/?city=1;;status=Sydney;separatorsize=1","20090603090500","200"
"http://www.inthemix.com.au:80/allabout/venue/238/text=%20Travel;url=/forum/forumdisplay.php?forumid=28;","20090603035814","200"
"http://www.inthemix.com.au:80/allabout/venue/256/Rise","20090325005553","200"
"http://www.inthemix.com.au:80/allabout/venue/300/The_Arthouse","20090422152940","200"
"http://www.inthemix.com.au:80/allabout/venue/3255/Chinese_Laundry","20090307172255","200"
"http://www.inthemix.com.au:80/allabout/venue/3434/Riverstage","20090304030216","200"
"http://www.inthemix.com.au:80/allabout/venue/344/Club_77","20090319021254","200"
"http://www.inthemix.com.au:80/allabout/venue/3453/Claremont_Showgrounds","20090331191540","200"
"http://www.inthemix.com.au:80/allabout/venue/3463/Centennial_Park","20090321065938","200"
"http://www.inthemix.com.au:80/allabout/venue/3463/secure-au.imrworldwide.com/","20090402140515","200"
"http://www.inthemix.com.au:80/allabout/venue/3528/image=/_images/_sponsors/becks/whatson/whatson_navbaritem.jpg;url=http://adsfac.net/link.asp?cc=LIN038.85736.0;imagewidth=150;imagealign=center;oncolor=","20090628112638","200"
"http://www.inthemix.com.au:80/allabout/venue/3528/Midnight_Shift","20090626061341","200"
"http://www.inthemix.com.au:80/allabout/venue/3528/secure-au.imrworldwide.com/","20090628115107","200"
"http://www.inthemix.com.au:80/allabout/venue/3528/text=%20Adelaide;url=/forum/forumdisplay.php?forumid=5;","20090628115112","200"
"http://www.inthemix.com.au:80/allabout/venue/3528/text=%20Adelaide;url=/gallery/?city=5;;status=Adelaide;separatorsize=1","20090628135102","200"
"http://www.inthemix.com.au:80/allabout/venue/3528/text=%20Adelaide;url=/whatson/?city=5;;status=Adelaide;separatorsize=1","20090628121014","200"
"http://www.inthemix.com.au:80/allabout/venue/3528/text=%20Breaks;url=/forum/forumdisplay.php?forumid=31;","20090630010420","200"
"http://www.inthemix.com.au:80/allabout/venue/3528/text=%20Brisbane;url=/gallery/?city=4;;status=Brisbane;separatorsize=1","20090628112643","200"
"http://www.inthemix.com.au:80/allabout/venue/3528/text=%20Brisbane;url=/whatson/?city=4;;status=Brisbane;separatorsize=1","20090630014706","200"
"http://www.inthemix.com.au:80/allabout/venue/3528/text=%20Canberra;url=/forum/forumdisplay.php?forumid=3;","20090628132605","200"
"http://www.inthemix.com.au:80/allabout/venue/3528/text=%20Canberra;url=/gallery/?city=3;;status=Canberra;separatorsize=1","20090628115117","200"
"http://www.inthemix.com.au:80/allabout/venue/3528/text=%20Canberra;url=/whatson/?city=3;;status=Canberra;separatorsize=1","20090628121019","200"
"http://www.inthemix.com.au:80/allabout/venue/3528/text=%20General;url=/forum/forumdisplay.php?forumid=10;","20090630010006","200"
"http://www.inthemix.com.au:80/allabout/venue/3528/text=%20House;url=/forum/forumdisplay.php?forumid=30;","20090628115122","200"
"http://www.inthemix.com.au:80/allabout/venue/3528/text=%20Ibiza;url=/forum/forumdisplay.php?forumid=66;","20090628121024","200"
"http://www.inthemix.com.au:80/allabout/venue/3528/text=%20Lifestyle;url=/forum/forumdisplay.php?forumid=23;","20090628121029","200"
"http://www.inthemix.com.au:80/allabout/venue/3528/text=%20Melbourne;url=/forum/forumdisplay.php?forumid=2;","20090630004106","200"
"http://www.inthemix.com.au:80/allabout/venue/3528/text=%20Melbourne;url=/gallery/?city=2;;status=Melbourne;separatorsize=1","20090628121034","200"
"http://www.inthemix.com.au:80/allabout/venue/3528/text=%20Melbourne;url=/whatson/?city=2;;status=Melbourne;separatorsize=1","20090628121040","200"
"http://www.inthemix.com.au:80/allabout/venue/3528/text=%20Perth;url=/forum/forumdisplay.php?forumid=6;","20090628135106","200"
"http://www.inthemix.com.au:80/allabout/venue/3528/text=%20Perth;url=/gallery/?city=6;;status=Perth;separatorsize=1","20090628115127","200"
"http://www.inthemix.com.au:80/allabout/venue/3528/text=%20Perth;url=/whatson/?city=6;;status=Perth;separatorsize=1","20090628132611","200"
"http://www.inthemix.com.au:80/allabout/venue/3528/text=%20Photography;url=/forum/forumdisplay.php?forumid=61;","20090628132616","200"
"http://www.inthemix.com.au:80/allabout/venue/3528/text=%20Progressive;url=/forum/forumdisplay.php?forumid=36;","20090630010142","200"
"http://www.inthemix.com.au:80/allabout/venue/3528/text=%20Sydney;url=/forum/forumdisplay.php?forumid=1;","20090628135111","200"
"http://www.inthemix.com.au:80/allabout/venue/3528/text=%20Sydney;url=/gallery/?city=1;;status=Sydney;separatorsize=1","20090628135116","200"
"http://www.inthemix.com.au:80/allabout/venue/3528/text=%20Sydney;url=/whatson/?city=1;;status=Sydney;separatorsize=1","20090628115132","200"
"http://www.inthemix.com.au:80/allabout/venue/3528/text=%20Travel;url=/forum/forumdisplay.php?forumid=28;","20090628121044","200"
"http://www.inthemix.com.au:80/allabout/venue/3736/Civic_Hotel","20090326130000","200"
"http://www.inthemix.com.au:80/allabout/venue/383/SPACE","20090224205355","200"
"http://www.inthemix.com.au:80/allabout/venue/4035/Hard_Kandy","20090330015747","200"
"http://www.inthemix.com.au:80/allabout/venue/4072/Sydney_Harbour","20090419112827","200"
"http://www.inthemix.com.au:80/allabout/venue/4126/Brighton_Bar","20090321111537","200"
"http://www.inthemix.com.au:80/allabout/venue/4209/Metro_Freo","20090313093552","200"
"http://www.inthemix.com.au:80/allabout/venue/443/image=/_images/_sponsors/becks/whatson/whatson_navbaritem.jpg;url=http://adsfac.net/link.asp?cc=LIN038.85736.0;imagewidth=150;imagealign=center;oncolor=","20090603090505","200"
"http://www.inthemix.com.au:80/allabout/venue/443/Metro_City_Perth","20090525232756","200"
"http://www.inthemix.com.au:80/allabout/venue/443/secure-au.imrworldwide.com/","20090603032254","200"
"http://www.inthemix.com.au:80/allabout/venue/443/text=%20Adelaide;url=/forum/forumdisplay.php?forumid=5;","20090603081452","200"
"http://www.inthemix.com.au:80/allabout/venue/443/text=%20Adelaide;url=/gallery/?city=5;;status=Adelaide;separatorsize=1","20090603093325","200"
"http://www.inthemix.com.au:80/allabout/venue/443/text=%20Adelaide;url=/whatson/?city=5;;status=Adelaide;separatorsize=1","20090603092730","200"
"http://www.inthemix.com.au:80/allabout/venue/443/text=%20Breaks;url=/forum/forumdisplay.php?forumid=31;","20090603033300","200"
"http://www.inthemix.com.au:80/allabout/venue/443/text=%20Brisbane;url=/gallery/?city=4;;status=Brisbane;separatorsize=1","20090603035024","200"
"http://www.inthemix.com.au:80/allabout/venue/443/text=%20Brisbane;url=/whatson/?city=4;;status=Brisbane;separatorsize=1","20090603021816","200"
"http://www.inthemix.com.au:80/allabout/venue/443/text=%20Canberra;url=/forum/forumdisplay.php?forumid=3;","20090603082722","200"
"http://www.inthemix.com.au:80/allabout/venue/443/text=%20Canberra;url=/gallery/?city=3;;status=Canberra;separatorsize=1","20090603023847","200"
"http://www.inthemix.com.au:80/allabout/venue/443/text=%20Canberra;url=/whatson/?city=3;;status=Canberra;separatorsize=1","20090603105416","200"
"http://www.inthemix.com.au:80/allabout/venue/443/text=%20General;url=/forum/forumdisplay.php?forumid=10;","20090603023004","200"
"http://www.inthemix.com.au:80/allabout/venue/443/text=%20House;url=/forum/forumdisplay.php?forumid=30;","20090603152621","200"
"http://www.inthemix.com.au:80/allabout/venue/443/text=%20Ibiza;url=/forum/forumdisplay.php?forumid=66;","20090605125435","200"
"http://www.inthemix.com.au:80/allabout/venue/443/text=%20Lifestyle;url=/forum/forumdisplay.php?forumid=23;","20090603101115","200"
"http://www.inthemix.com.au:80/allabout/venue/443/text=%20Melbourne;url=/forum/forumdisplay.php?forumid=2;","20090603030215","200"
"http://www.inthemix.com.au:80/allabout/venue/443/text=%20Melbourne;url=/gallery/?city=2;;status=Melbourne;separatorsize=1","20090603091840","200"
"http://www.inthemix.com.au:80/allabout/venue/443/text=%20Melbourne;url=/whatson/?city=2;;status=Melbourne;separatorsize=1","20090603093951","200"
"http://www.inthemix.com.au:80/allabout/venue/443/text=%20Perth;url=/forum/forumdisplay.php?forumid=6;","20090603033305","200"
"http://www.inthemix.com.au:80/allabout/venue/443/text=%20Perth;url=/gallery/?city=6;;status=Perth;separatorsize=1","20090603082728","200"
"http://www.inthemix.com.au:80/allabout/venue/443/text=%20Perth;url=/whatson/?city=6;;status=Perth;separatorsize=1","20090603090510","200"
"http://www.inthemix.com.au:80/allabout/venue/443/text=%20Photography;url=/forum/forumdisplay.php?forumid=61;","20090603021820","200"
"http://www.inthemix.com.au:80/allabout/venue/443/text=%20Progressive;url=/forum/forumdisplay.php?forumid=36;","20090603030220","200"
"http://www.inthemix.com.au:80/allabout/venue/443/text=%20Sydney;url=/forum/forumdisplay.php?forumid=1;","20090603084426","200"
"http://www.inthemix.com.au:80/allabout/venue/443/text=%20Sydney;url=/gallery/?city=1;;status=Sydney;separatorsize=1","20090603085904","200"
"http://www.inthemix.com.au:80/allabout/venue/443/text=%20Sydney;url=/whatson/?city=1;;status=Sydney;separatorsize=1","20090603010445","200"
"http://www.inthemix.com.au:80/allabout/venue/443/text=%20Travel;url=/forum/forumdisplay.php?forumid=28;","20090603150838","200"
"http://www.inthemix.com.au:80/allabout/venue/4487/image=/_images/_sponsors/becks/whatson/whatson_navbaritem.jpg;url=http://adsfac.net/link.asp?cc=LIN038.85736.0;imagewidth=150;imagealign=center;oncolor=","20090318013241","200"
"http://www.inthemix.com.au:80/allabout/venue/4487/secure-au.imrworldwide.com/","20090318010933","200"
"http://www.inthemix.com.au:80/allabout/venue/4487/text=%20Adelaide;url=/forum/forumdisplay.php?forumid=5;","20090316101930","200"
"http://www.inthemix.com.au:80/allabout/venue/4487/text=%20Adelaide;url=/gallery/?city=5;;status=Adelaide;separatorsize=1","20090316092559","200"
"http://www.inthemix.com.au:80/allabout/venue/4487/text=%20Breaks;url=/forum/forumdisplay.php?forumid=31;","20090318010937","200"
"http://www.inthemix.com.au:80/allabout/venue/4487/text=%20Brisbane;url=/gallery/?city=4;;status=Brisbane;separatorsize=1","20090317204635","200"
"http://www.inthemix.com.au:80/allabout/venue/4487/text=%20Canberra;url=/forum/forumdisplay.php?forumid=3;","20090316063940","200"
"http://www.inthemix.com.au:80/allabout/venue/4487/text=%20Canberra;url=/gallery/?city=3;;status=Canberra;separatorsize=1","20090318010947","200"
"http://www.inthemix.com.au:80/allabout/venue/4487/text=%20General;url=/forum/forumdisplay.php?forumid=10;","20090316061637","200"
"http://www.inthemix.com.au:80/allabout/venue/4487/text=%20House;url=/forum/forumdisplay.php?forumid=30;","20090318013245","200"
"http://www.inthemix.com.au:80/allabout/venue/4487/text=%20Ibiza;url=/forum/forumdisplay.php?forumid=66;","20090316051858","200"
"http://www.inthemix.com.au:80/allabout/venue/4487/text=%20Lifestyle;url=/forum/forumdisplay.php?forumid=23;","20090317203031","200"
"http://www.inthemix.com.au:80/allabout/venue/4487/text=%20Melbourne;url=/forum/forumdisplay.php?forumid=2;","20090316101934","200"
"http://www.inthemix.com.au:80/allabout/venue/4487/text=%20Melbourne;url=/gallery/?city=2;;status=Melbourne;separatorsize=1","20090316085724","200"
"http://www.inthemix.com.au:80/allabout/venue/4487/text=%20Melbourne;url=/whatson/?city=2;;status=Melbourne;separatorsize=1","20090316095343","200"
"http://www.inthemix.com.au:80/allabout/venue/4487/text=%20Perth;url=/forum/forumdisplay.php?forumid=6;","20090316072655","200"
"http://www.inthemix.com.au:80/allabout/venue/4487/text=%20Perth;url=/gallery/?city=6;;status=Perth;separatorsize=1","20090317203036","200"
"http://www.inthemix.com.au:80/allabout/venue/4487/text=%20Perth;url=/whatson/?city=6;;status=Perth;separatorsize=1","20090318011459","200"
"http://www.inthemix.com.au:80/allabout/venue/4487/text=%20Photography;url=/forum/forumdisplay.php?forumid=61;","20090321171028","200"
"http://www.inthemix.com.au:80/allabout/venue/4487/text=%20Progressive;url=/forum/forumdisplay.php?forumid=36;","20090316092604","200"
"http://www.inthemix.com.au:80/allabout/venue/4487/text=%20Sydney;url=/forum/forumdisplay.php?forumid=1;","20090316091157","200"
"http://www.inthemix.com.au:80/allabout/venue/4487/text=%20Sydney;url=/gallery/?city=1;;status=Sydney;separatorsize=1","20090316095348","200"
"http://www.inthemix.com.au:80/allabout/venue/4487/text=%20Sydney;url=/whatson/?city=1;;status=Sydney;separatorsize=1","20090318010952","200"
"http://www.inthemix.com.au:80/allabout/venue/4487/text=%20Travel;url=/forum/forumdisplay.php?forumid=28;","20090316061641","200"
"http://www.inthemix.com.au:80/allabout/venue/4487/UNSW_Roundhouse","20090412060534","200"
"http://www.inthemix.com.au:80/allabout/venue/5013/Empire_Hotel","20090529105012","200"
"http://www.inthemix.com.au:80/allabout/venue/514/Manning_Bar","20090422153232","200"
"http://www.inthemix.com.au:80/allabout/venue/543211191/secure-au.imrworldwide.com/","20090402140520","200"
"http://www.inthemix.com.au:80/allabout/venue/543211191/Space_Nightclub","20090330200648","200"
"http://www.inthemix.com.au:80/allabout/venue/543211486/The_Bourbon","20090524034635","200"
"http://www.inthemix.com.au:80/allabout/venue/54321285/Hunter_Bar","20090602033540","200"
"http://www.inthemix.com.au:80/allabout/venue/543213288/Q_Bar_Level_244_Oxford_Street_Darlinghurst_2010","20090418014652","200"
"http://www.inthemix.com.au:80/allabout/venue/54321435/_The_Metro","20090405041630","200"
"http://www.inthemix.com.au:80/allabout/venue/54321473/The_Greenwood_Hotel","20090531112418","200"
"http://www.inthemix.com.au:80/allabout/venue/543216034/The_Great_Northern","20090304031034","200"
"http://www.inthemix.com.au:80/allabout/venue/543218200/Hotel_LA","20090428040546","200"
"http://www.inthemix.com.au:80/allabout/venue/543218520/theloft","20090224205359","200"
"http://www.inthemix.com.au:80/allabout/venue/543219098/Panthers","20090529155253","200"
"http://www.inthemix.com.au:80/allabout/venue/543219436/Sydney_Harbour_Cruise","20090326130433","200"
"http://www.inthemix.com.au:80/allabout/venue/543219732/Foundry","20090325110422","200"
"http://www.inthemix.com.au:80/allabout/venue/54321996/BELVOIR_AMPITHEATRE","20090325000017","200"
"http://www.inthemix.com.au:80/allabout/venue/543220288/The_Como","20090318045801","200"
"http://www.inthemix.com.au:80/allabout/venue/54322047/Enmore_Theatre","20090321002908","200"
"http://www.inthemix.com.au:80/allabout/venue/543220715/UC_Bar","20090526232444","200"
"http://www.inthemix.com.au:80/allabout/venue/543221929/Spectrum","20090320212817","200"
"http://www.inthemix.com.au:80/allabout/venue/543222491/CBD_Hotel","20090515030948","200"
"http://www.inthemix.com.au:80/allabout/venue/543223956/The_Civic","20090630003759","200"
"http://www.inthemix.com.au:80/allabout/venue/543224460/Mercat_Lower_Ground_456_Queen_St","20090418183835","200"
"http://www.inthemix.com.au:80/allabout/venue/54322471/image=/_images/_sponsors/becks/whatson/whatson_navbaritem.jpg;url=http://adsfac.net/link.asp?cc=LIN038.85736.0;imagewidth=150;imagealign=center;oncolor=","20090630180007","200"
"http://www.inthemix.com.au:80/allabout/venue/54322471/Metro_City_Perth","20090615222016","200"
"http://www.inthemix.com.au:80/allabout/venue/54322471/secure-au.imrworldwide.com/","20090630180014","200"
"http://www.inthemix.com.au:80/allabout/venue/54322471/text=%20Adelaide;url=/gallery/?city=5;;status=Adelaide;separatorsize=1","20090630174236","200"
"http://www.inthemix.com.au:80/allabout/venue/54322471/text=%20Brisbane;url=/gallery/?city=4;;status=Brisbane;separatorsize=1","20090630180020","200"
"http://www.inthemix.com.au:80/allabout/venue/54322471/text=%20Brisbane;url=/whatson/?city=4;;status=Brisbane;separatorsize=1","20090630180025","200"
"http://www.inthemix.com.au:80/allabout/venue/54322471/text=%20Canberra;url=/forum/forumdisplay.php?forumid=3;","20090630174240","200"
"http://www.inthemix.com.au:80/allabout/venue/54322471/text=%20Canberra;url=/gallery/?city=3;;status=Canberra;separatorsize=1","20090630175509","200"
"http://www.inthemix.com.au:80/allabout/venue/54322471/text=%20Canberra;url=/whatson/?city=3;;status=Canberra;separatorsize=1","20090630174246","200"
"http://www.inthemix.com.au:80/allabout/venue/54322471/text=%20House;url=/forum/forumdisplay.php?forumid=30;","20090630175514","200"
"http://www.inthemix.com.au:80/allabout/venue/54322471/text=%20Ibiza;url=/forum/forumdisplay.php?forumid=66;","20090630175519","200"
"http://www.inthemix.com.au:80/allabout/venue/54322471/text=%20Lifestyle;url=/forum/forumdisplay.php?forumid=23;","20090630180030","200"
"http://www.inthemix.com.au:80/allabout/venue/54322471/text=%20Melbourne;url=/forum/forumdisplay.php?forumid=2;","20090630174249","200"
"http://www.inthemix.com.au:80/allabout/venue/54322471/text=%20Melbourne;url=/gallery/?city=2;;status=Melbourne;separatorsize=1","20090630180035","200"
"http://www.inthemix.com.au:80/allabout/venue/54322471/text=%20Melbourne;url=/whatson/?city=2;;status=Melbourne;separatorsize=1","20090630175524","200"
"http://www.inthemix.com.au:80/allabout/venue/54322471/text=%20Perth;url=/forum/forumdisplay.php?forumid=6;","20090630180040","200"
"http://www.inthemix.com.au:80/allabout/venue/54322471/text=%20Perth;url=/gallery/?city=6;;status=Perth;separatorsize=1","20090630180045","200"
"http://www.inthemix.com.au:80/allabout/venue/54322471/text=%20Perth;url=/whatson/?city=6;;status=Perth;separatorsize=1","20090630174255","200"
"http://www.inthemix.com.au:80/allabout/venue/54322471/text=%20Progressive;url=/forum/forumdisplay.php?forumid=36;","20090630180050","200"
"http://www.inthemix.com.au:80/allabout/venue/54322471/text=%20Sydney;url=/gallery/?city=1;;status=Sydney;separatorsize=1","20090630180055","200"
"http://www.inthemix.com.au:80/allabout/venue/54322471/text=%20Sydney;url=/whatson/?city=1;;status=Sydney;separatorsize=1","20090630174259","200"
"http://www.inthemix.com.au:80/allabout/venue/54322471/text=%20Travel;url=/forum/forumdisplay.php?forumid=28;","20090630180100","200"
"http://www.inthemix.com.au:80/allabout/venue/5432262/Soho","20090326132647","200"
"http://www.inthemix.com.au:80/allabout/venue/543226304/Capitol","20090602201044","200"
"http://www.inthemix.com.au:80/allabout/venue/543226431/Phoenix","20090224205739","200"
"http://www.inthemix.com.au:80/allabout/venue/543226966/The_Bedroom","20090612212702","200"
"http://www.inthemix.com.au:80/allabout/venue/543228660/Hermanns_Bar","20090321071222","200"
"http://www.inthemix.com.au:80/allabout/venue/543228932/Melt_Bar","20090522005644","200"
"http://www.inthemix.com.au:80/allabout/venue/543230445/UTS_Glasshouse_Bar","20090424075754","200"
"http://www.inthemix.com.au:80/allabout/venue/543230455/Havana_Bar_169_Oxford_St_Darlinghurst","20090323065241","200"
"http://www.inthemix.com.au:80/allabout/venue/54324579/Rosemount_Hotel","20090325234854","200"
"http://www.inthemix.com.au:80/allabout/venue/54325517/Prince_Alfred_Park","20090418014656","200"
"http://www.inthemix.com.au:80/allabout/venue/54325864/ffour","20090611081447","200"
"http://www.inthemix.com.au:80/allabout/venue/54326475/The_Studio_at_Sydney_Opera_House","20090331193215","200"
"http://www.inthemix.com.au:80/allabout/venue/54328073/The_Metro_Theatre","20090418163156","200"
"http://www.inthemix.com.au:80/allabout/venue/5432853/secure-au.imrworldwide.com/","20090316072700","200"
"http://www.inthemix.com.au:80/allabout/venue/5432853/Vodafone_Arena_Melbourne_Park","20090306171741","200"
"http://www.inthemix.com.au:80/allabout/venue/54328573/Cafe_Lounge","20090529162410","200"
"http://www.inthemix.com.au:80/allabout/venue/54329182/SLY_FOX_Hotel","20090512011439","200"
"http://www.inthemix.com.au:80/allabout/venue/556/Garage","20090516075818","200"
"http://www.inthemix.com.au:80/allabout/venue/594/Prince_of_Wales","20090321223352","200"
"http://www.inthemix.com.au:80/allabout/venue/6390/Q_Bar","20090502222043","200"
"http://www.inthemix.com.au:80/allabout/venue/654331317/Burdekin_Hotel","20090503082636","200"
"http://www.inthemix.com.au:80/allabout/venue/654332161/Havana_Nightclub_169_Oxford_St_Darlinghurst","20090620081134","200"
"http://www.inthemix.com.au:80/allabout/venue/654332161/secure-au.imrworldwide.com/","20090623110113","200"
"http://www.inthemix.com.au:80/allabout/venue/654332403/barsoma","20090314021003","200"
"http://www.inthemix.com.au:80/allabout/venue/654332849/Melt","20090529162415","200"
"http://www.inthemix.com.au:80/allabout/venue/654332866/Phoenix","20090418215908","200"
"http://www.inthemix.com.au:80/allabout/venue/654332867/Vbar","20090529162420","200"
"http://www.inthemix.com.au:80/allabout/venue/654332945/The_Zoo","20090331185947","200"
"http://www.inthemix.com.au:80/allabout/venue/654334972/HQ","20090516090038","200"
"http://www.inthemix.com.au:80/allabout/venue/654336231/The_Cross","20090420075712","200"
"http://www.inthemix.com.au:80/allabout/venue/654336516/Bondi_Beach_Pavilion","20090305003241","200"
"http://www.inthemix.com.au:80/allabout/venue/654337200/Hermans_Bar_Sydney_uni","20090305041749","200"
"http://www.inthemix.com.au:80/allabout/venue/654337234/The_Forum_Fox_Studios","20090226220902","200"
"http://www.inthemix.com.au:80/allabout/venue/654339371/The_Met","20090316092609","200"
"http://www.inthemix.com.au:80/allabout/venue/654340460/Brisbane_Turf_Club","20090304023836","200"
"http://www.inthemix.com.au:80/allabout/venue/654340464/Royal_Randwick_Racecourse","20090227033317","200"
"http://www.inthemix.com.au:80/allabout/venue/654342958/The_Bunker_Bar","20090326130823","200"
"http://www.inthemix.com.au:80/allabout/venue/654344599/Croatian%20Club%20Punchbowl","20090429175801","200"
"http://www.inthemix.com.au:80/allabout/venue/654344599/Croatian_Club_Punchbowl","20090305033951","200"
"http://www.inthemix.com.au:80/allabout/venue/654344599/image=/_images/_sponsors/becks/whatson/whatson_navbaritem.jpg;url=http://adsfac.net/link.asp?cc=LIN038.85736.0;imagewidth=150;imagealign=center;oncolor=","20090331191545","200"
"http://www.inthemix.com.au:80/allabout/venue/654344599/secure-au.imrworldwide.com/","20090402142942","200"
"http://www.inthemix.com.au:80/allabout/venue/654344599/text=%20Adelaide;url=/forum/forumdisplay.php?forumid=5;","20090331183323","200"
"http://www.inthemix.com.au:80/allabout/venue/654344599/text=%20Adelaide;url=/gallery/?city=5;;status=Adelaide;separatorsize=1","20090402113955","200"
"http://www.inthemix.com.au:80/allabout/venue/654344599/text=%20Adelaide;url=/whatson/?city=5;;status=Adelaide;separatorsize=1","20090331192158","200"
"http://www.inthemix.com.au:80/allabout/venue/654344599/text=%20Breaks;url=/forum/forumdisplay.php?forumid=31;","20090331194036","200"
"http://www.inthemix.com.au:80/allabout/venue/654344599/text=%20Brisbane;url=/gallery/?city=4;;status=Brisbane;separatorsize=1","20090331192204","200"
"http://www.inthemix.com.au:80/allabout/venue/654344599/text=%20Brisbane;url=/whatson/?city=4;;status=Brisbane;separatorsize=1","20090402125808","200"
"http://www.inthemix.com.au:80/allabout/venue/654344599/text=%20Canberra;url=/forum/forumdisplay.php?forumid=3;","20090331185952","200"
"http://www.inthemix.com.au:80/allabout/venue/654344599/text=%20Canberra;url=/gallery/?city=3;;status=Canberra;separatorsize=1","20090331192209","200"
"http://www.inthemix.com.au:80/allabout/venue/654344599/text=%20Canberra;url=/whatson/?city=3;;status=Canberra;separatorsize=1","20090402113959","200"
"http://www.inthemix.com.au:80/allabout/venue/654344599/text=%20General;url=/forum/forumdisplay.php?forumid=10;","20090331194044","200"
"http://www.inthemix.com.au:80/allabout/venue/654344599/text=%20House;url=/forum/forumdisplay.php?forumid=30;","20090402135758","200"
"http://www.inthemix.com.au:80/allabout/venue/654344599/text=%20Ibiza;url=/forum/forumdisplay.php?forumid=66;","20090331194046","200"
"http://www.inthemix.com.au:80/allabout/venue/654344599/text=%20Lifestyle;url=/forum/forumdisplay.php?forumid=23;","20090331192215","200"
"http://www.inthemix.com.au:80/allabout/venue/654344599/text=%20Melbourne;url=/forum/forumdisplay.php?forumid=2;","20090402133517","200"
"http://www.inthemix.com.au:80/allabout/venue/654344599/text=%20Melbourne;url=/gallery/?city=2;;status=Melbourne;separatorsize=1","20090331193221","200"
"http://www.inthemix.com.au:80/allabout/venue/654344599/text=%20Melbourne;url=/whatson/?city=2;;status=Melbourne;separatorsize=1","20090331183328","200"
"http://www.inthemix.com.au:80/allabout/venue/654344599/text=%20Perth;url=/forum/forumdisplay.php?forumid=6;","20090331194053","200"
"http://www.inthemix.com.au:80/allabout/venue/654344599/text=%20Perth;url=/gallery/?city=6;;status=Perth;separatorsize=1","20090331194056","200"
"http://www.inthemix.com.au:80/allabout/venue/654344599/text=%20Perth;url=/whatson/?city=6;;status=Perth;separatorsize=1","20090331194101","200"
"http://www.inthemix.com.au:80/allabout/venue/654344599/text=%20Photography;url=/forum/forumdisplay.php?forumid=61;","20090331190101","200"
"http://www.inthemix.com.au:80/allabout/venue/654344599/text=%20Progressive;url=/forum/forumdisplay.php?forumid=36;","20090331192219","200"
"http://www.inthemix.com.au:80/allabout/venue/654344599/text=%20Sydney;url=/forum/forumdisplay.php?forumid=1;","20090331190105","200"
"http://www.inthemix.com.au:80/allabout/venue/654344599/text=%20Sydney;url=/gallery/?city=1;;status=Sydney;separatorsize=1","20090331190110","200"
"http://www.inthemix.com.au:80/allabout/venue/654344599/text=%20Sydney;url=/whatson/?city=1;;status=Sydney;separatorsize=1","20090331194106","200"
"http://www.inthemix.com.au:80/allabout/venue/654344599/text=%20Travel;url=/forum/forumdisplay.php?forumid=28;","20090331191549","200"
"http://www.inthemix.com.au:80/allabout/venue/654344613/Australian_National_Hotel","20090404044728","200"
"http://www.inthemix.com.au:80/allabout/venue/654345367/Bank_Hotel","20090522004320","200"
"http://www.inthemix.com.au:80/allabout/venue/654345592/Favela","20090614195459","200"
"http://www.inthemix.com.au:80/allabout/venue/654345994/AB_Hotel","20090630005453","200"
"http://www.inthemix.com.au:80/allabout/venue/654346292/Roxanne_Parlour","20090224233740","200"
"http://www.inthemix.com.au:80/allabout/venue/654346448/The_Argyle","20090420010254","200"
"http://www.inthemix.com.au:80/allabout/venue/654346832/Candys_Apartment","20090318044021","200"
"http://www.inthemix.com.au:80/allabout/venue/654347648/The_Gaff","20090529155303","200"
"http://www.inthemix.com.au:80/allabout/venue/654351361/Billboard_the_Venue","20090515173823","200"
"http://www.inthemix.com.au:80/allabout/venue/654352351/Step_Inn","20090410195903","200"
"http://www.inthemix.com.au:80/allabout/venue/654353209/Oxford_Art_Factory","20090419112832","200"
"http://www.inthemix.com.au:80/allabout/venue/654353429/Loft_bar_UTS","20090531121202","200"
"http://www.inthemix.com.au:80/allabout/venue/654354751/Ambar_Niteclub","20090226085858","200"
"http://www.inthemix.com.au:80/allabout/venue/654357441/Nox_Nightclub","20090531081858","200"
"http://www.inthemix.com.au:80/allabout/venue/654357984/Ffour","20090603121745","200"
"http://www.inthemix.com.au:80/allabout/venue/654358806/Shape_237_Hay_St_East_Perth","20090427210443","200"
"http://www.inthemix.com.au:80/allabout/venue/654359312/Wellington_Square","20090316151916","200"
"http://www.inthemix.com.au:80/allabout/venue/654359883/Shape","20090226085900","200"
"http://www.inthemix.com.au:80/allabout/venue/654360141/Brighton_Le_Sands_Bowling_Club","20090615183523","200"
"http://www.inthemix.com.au:80/allabout/venue/654361073/text=%20Perth;url=/gallery/?city=6;;status=Perth;separatorsize=1","20090418015509","200"
"http://www.inthemix.com.au:80/allabout/venue/654361073/The_Met","20090304025050","200"
"http://www.inthemix.com.au:80/allabout/venue/654361753/Shape_Indie_Club","20090510090012","200"
"http://www.inthemix.com.au:80/allabout/venue/654362542/UTS_Loft_Bar","20090523024031","200"
"http://www.inthemix.com.au:80/allabout/venue/654362670/Miss_Libertines","20090412055329","200"
"http://www.inthemix.com.au:80/allabout/venue/654363542/Sydney_Uni","20090503083534","200"
"http://www.inthemix.com.au:80/allabout/venue/654363800/Uber","20090603030226","200"
"http://www.inthemix.com.au:80/allabout/venue/654364295/Civic_Underground","20090419112837","200"
"http://www.inthemix.com.au:80/allabout/venue/654369203/Candys_Apartment","20090415175535","200"
"http://www.inthemix.com.au:80/allabout/venue/654369845/Trademark_Hotel","20090529162425","200"
"http://www.inthemix.com.au:80/allabout/venue/654370535/Copperlily_nightclub_Kings_Cross_Hotel","20090414122231","200"
"http://www.inthemix.com.au:80/allabout/venue/654370634/The_Esplanade_Perth","20090226085905","200"
"http://www.inthemix.com.au:80/allabout/venue/654371327/image=/_images/_sponsors/becks/whatson/whatson_navbaritem.jpg;url=http://adsfac.net/link.asp?cc=LIN038.85736.0;imagewidth=150;imagealign=center;oncolor=","20090330031533","200"
"http://www.inthemix.com.au:80/allabout/venue/654371327/secure-au.imrworldwide.com/","20090330021723","200"
"http://www.inthemix.com.au:80/allabout/venue/654371327/text=%20Adelaide;url=/forum/forumdisplay.php?forumid=5;","20090330030745","200"
"http://www.inthemix.com.au:80/allabout/venue/654371327/text=%20Adelaide;url=/gallery/?city=5;;status=Adelaide;separatorsize=1","20090330031201","200"
"http://www.inthemix.com.au:80/allabout/venue/654371327/text=%20Adelaide;url=/whatson/?city=5;;status=Adelaide;separatorsize=1","20090330032537","200"
"http://www.inthemix.com.au:80/allabout/venue/654371327/text=%20Breaks;url=/forum/forumdisplay.php?forumid=31;","20090330013945","200"
"http://www.inthemix.com.au:80/allabout/venue/654371327/text=%20Brisbane;url=/gallery/?city=4;;status=Brisbane;separatorsize=1","20090330030750","200"
"http://www.inthemix.com.au:80/allabout/venue/654371327/text=%20Brisbane;url=/whatson/?city=4;;status=Brisbane;separatorsize=1","20090330031538","200"
"http://www.inthemix.com.au:80/allabout/venue/654371327/text=%20Canberra;url=/forum/forumdisplay.php?forumid=3;","20090330014647","200"
"http://www.inthemix.com.au:80/allabout/venue/654371327/text=%20Canberra;url=/gallery/?city=3;;status=Canberra;separatorsize=1","20090330021727","200"
"http://www.inthemix.com.au:80/allabout/venue/654371327/text=%20Canberra;url=/whatson/?city=3;;status=Canberra;separatorsize=1","20090330032542","200"
"http://www.inthemix.com.au:80/allabout/venue/654371327/text=%20General;url=/forum/forumdisplay.php?forumid=10;","20090330033452","200"
"http://www.inthemix.com.au:80/allabout/venue/654371327/text=%20House;url=/forum/forumdisplay.php?forumid=30;","20090330023908","200"
"http://www.inthemix.com.au:80/allabout/venue/654371327/text=%20Ibiza;url=/forum/forumdisplay.php?forumid=66;","20090330030755","200"
"http://www.inthemix.com.au:80/allabout/venue/654371327/text=%20Lifestyle;url=/forum/forumdisplay.php?forumid=23;","20090330021733","200"
"http://www.inthemix.com.au:80/allabout/venue/654371327/text=%20Melbourne;url=/forum/forumdisplay.php?forumid=2;","20090330013201","200"
"http://www.inthemix.com.au:80/allabout/venue/654371327/text=%20Melbourne;url=/gallery/?city=2;;status=Melbourne;separatorsize=1","20090330031206","200"
"http://www.inthemix.com.au:80/allabout/venue/654371327/text=%20Melbourne;url=/whatson/?city=2;;status=Melbourne;separatorsize=1","20090330030800","200"
"http://www.inthemix.com.au:80/allabout/venue/654371327/text=%20Perth;url=/forum/forumdisplay.php?forumid=6;","20090330015752","200"
"http://www.inthemix.com.au:80/allabout/venue/654371327/text=%20Perth;url=/gallery/?city=6;;status=Perth;separatorsize=1","20090330031543","200"
"http://www.inthemix.com.au:80/allabout/venue/654371327/text=%20Perth;url=/whatson/?city=6;;status=Perth;separatorsize=1","20090330031548","200"
"http://www.inthemix.com.au:80/allabout/venue/654371327/text=%20Photography;url=/forum/forumdisplay.php?forumid=61;","20090330033006","200"
"http://www.inthemix.com.au:80/allabout/venue/654371327/text=%20Progressive;url=/forum/forumdisplay.php?forumid=36;","20090330032547","200"
"http://www.inthemix.com.au:80/allabout/venue/654371327/text=%20Sydney;url=/forum/forumdisplay.php?forumid=1;","20090330014653","200"
"http://www.inthemix.com.au:80/allabout/venue/654371327/text=%20Sydney;url=/gallery/?city=1;;status=Sydney;separatorsize=1","20090330032552","200"
"http://www.inthemix.com.au:80/allabout/venue/654371327/text=%20Sydney;url=/whatson/?city=1;;status=Sydney;separatorsize=1","20090330032557","200"
"http://www.inthemix.com.au:80/allabout/venue/654371327/text=%20Travel;url=/forum/forumdisplay.php?forumid=28;","20090330031211","200"
"http://www.inthemix.com.au:80/allabout/venue/654371327/Waxys_Irish_Pub","20090327090628","200"
"http://www.inthemix.com.au:80/allabout/venue/654372701/Supper_Club","20090224164536","200"
"http://www.inthemix.com.au:80/allabout/venue/654372796/Nevermind","20090326143446","200"
"http://www.inthemix.com.au:80/allabout/venue/654372828/The_Glasshouse_UTS","20090604014309","200"
"http://www.inthemix.com.au:80/allabout/venue/654373508/Railway_Hotel","20090325005020","200"
"http://www.inthemix.com.au:80/allabout/venue/654374707/Piano_Room","20090504003241","200"
"http://www.inthemix.com.au:80/allabout/venue/654375464/Slide_Nightclub","20090304223016","200"
"http://www.inthemix.com.au:80/allabout/venue/654375683/The_Hordern_Pavillion","20090301014848","200"
"http://www.inthemix.com.au:80/allabout/venue/654375966/Slide_Nightclub","20090414113357","200"
"http://www.inthemix.com.au:80/allabout/venue/654376600/Flemington_Racecourse","20090321002913","200"
"http://www.inthemix.com.au:80/allabout/venue/654376758/boutique_11a_oxford_street","20090326132021","200"
"http://www.inthemix.com.au:80/allabout/venue/654376827/Boutique_Sydney","20090503221250","200"
"http://www.inthemix.com.au:80/allabout/venue/654377348/Calder_Park_Thunderdome","20090322112828","200"
"http://www.inthemix.com.au:80/allabout/venue/654377489/Starship_Sydney","20090404125715","200"
"http://www.inthemix.com.au:80/allabout/venue/654377536/The_Civic_Underground","20090224205404","200"
"http://www.inthemix.com.au:80/allabout/venue/654377632/John_Follent_Park_Duranbah_Beach","20090304023841","200"
"http://www.inthemix.com.au:80/allabout/venue/654377695/Del_Plaza","20090304030217","200"
"http://www.inthemix.com.au:80/allabout/venue/654377697/Hoey_Moey","20090404123927","200"
"http://www.inthemix.com.au:80/allabout/venue/654377698/Woodport_Inn","20090404125516","200"
"http://www.inthemix.com.au:80/allabout/venue/654377699/Roi_Bar","20090404125023","200"
"http://www.inthemix.com.au:80/allabout/venue/654377702/Prince_of_Wales","20090325005557","200"
"http://www.inthemix.com.au:80/allabout/venue/654378162/Secret_Venue","20090224205410","200"
"http://www.inthemix.com.au:80/allabout/venue/654378234/Entertainment_Quarter","20090325005251","200"
"http://www.inthemix.com.au:80/allabout/venue/654378364/Gilkisons_45_Murray_Street_Perth","20090325001931","200"
"http://www.inthemix.com.au:80/allabout/venue/654378900/Hermanns_Bar","20090503081704","200"
"http://www.inthemix.com.au:80/allabout/venue/654378945/Hotel_New_York","20090326130006","200"
"http://www.inthemix.com.au:80/allabout/venue/654379051/Villa_Nightclub","20090325234901","200"
"http://www.inthemix.com.au:80/allabout/venue/654379157/WIN_Entertainment_Centre","20090531114512","200"
"http://www.inthemix.com.au:80/allabout/venue/654379429/5355_Liverpool_Street","20090503052300","200"
"http://www.inthemix.com.au:80/allabout/venue/654379562/Q_bar","20090603093330","200"
"http://www.inthemix.com.au:80/allabout/venue/654379585/tank_night_club","20090503210118","200"
"http://www.inthemix.com.au:80/allabout/venue/654379649/Kudu_Lounge","20090529155308","200"
"http://www.inthemix.com.au:80/allabout/venue/654379661/Opera_Theatre_at_Sydney_Opera_House","20090529162430","200"
"http://www.inthemix.com.au:80/allabout/venue/654379664/Opera_Theatre_at_Sydney_Opera_House","20090529061049","200"
"http://www.inthemix.com.au:80/allabout/venue/654379843/Alexandria_Hotel_cnr","20090414113403","200"
"http://www.inthemix.com.au:80/allabout/venue/654379889/Kit_Kaboodle","20090414075030","200"
"http://www.inthemix.com.au:80/allabout/venue/654379972/Sydney_Olympic_Park_Sports_Centre","20090418163201","200"
"http://www.inthemix.com.au:80/allabout/venue/654379991/Oxford_Tavern","20090503171026","200"
"http://www.inthemix.com.au:80/allabout/venue/654380287/Minx_Nightclub_Penrith_Panthers","20090529155313","200"
"http://www.inthemix.com.au:80/allabout/venue/654380926/Q_bar_and_34b","20090531121208","200"
"http://www.inthemix.com.au:80/allabout/venue/654381128/Ivy","20090609043946","200"
"http://www.inthemix.com.au:80/allabout/venue/654381145/Elk","20090531112925","200"
"http://www.inthemix.com.au:80/allabout/venue/654381146/Elk","20090529162435","200"
"http://www.inthemix.com.au:80/allabout/venue/654381367/Level_2_City_Tattersalls_club_CBD","20090529162440","200"
"http://www.inthemix.com.au:80/allabout/venue/654381726/202_Broadway","20090630020139","200"
"http://www.inthemix.com.au:80/allabout/venue/690/Moulin_Rouge","20090326132028","200"
"http://www.inthemix.com.au:80/allabout/venue/810/Hunter_Bar_The","20090516020755","200"
"http://www.inthemix.com.au:80/allabout/venue/8362/3_Bears_Bar_Dunsborough","20090319024545","200"
"http://www.inthemix.com.au:80/allabout/venue/9012/Bungalow_8","20090224205741","200"
"http://www.inthemix.com.au:80/allabout/venue/9309/Supreme_Court_Gardens","20090226101155","200"
"http://www.inthemix.com.au:80/allabout/venue/9504/Melbourne_Showgrounds","20090331192224","200"
"http://www.inthemix.com.au:80/allabout/venue/a","20090317164025","200"
"http://www.inthemix.com.au:80/archive/12/1","20090428165107","200"
"http://www.inthemix.com.au:80/archive/12/2","20090428165126","200"
"http://www.inthemix.com.au:80/archive/20/1","20090402034841","200"
"http://www.inthemix.com.au:80/archive/20/10","20090602123001","200"
"http://www.inthemix.com.au:80/archive/20/11","20090602130019","200"
"http://www.inthemix.com.au:80/archive/20/3","20090602190916","200"
"http://www.inthemix.com.au:80/archive/20/4","20090602131458","200"
"http://www.inthemix.com.au:80/archive/20/5","20090602111925","200"
"http://www.inthemix.com.au:80/archive/20/6","20090602104701","200"
"http://www.inthemix.com.au:80/archive/20/7","20090602104706","200"
"http://www.inthemix.com.au:80/archive/20/8","20090602104726","200"
"http://www.inthemix.com.au:80/archive/20/9","20090602112000","200"
"http://www.inthemix.com.au:80/archive/4,59,64/1","20090413191740","200"
"http://www.inthemix.com.au:80/archive/7/1","20090621033159","200"
"http://www.inthemix.com.au:80/berlinsessions/","20090305035809","200"
"http://www.inthemix.com.au:80/berlinsessions/djsets","20090421042425","200"
"http://www.inthemix.com.au:80/berlinsessions/djsets/37518/Ellen_Allien_Apparat_Live_Set_Italian_Summer_2006","20090321171035","200"
"http://www.inthemix.com.au:80/berlinsessions/djsets/37937/Marc_Houle_M_nus_10th_Anniversary_Live_Part_1","20090316092615","200"
"http://www.inthemix.com.au:80/berlinsessions/djsets/37967/Marc_Houle_M_nus_10th_Anniversary_Live_Part_2","20090316092620","200"
"http://www.inthemix.com.au:80/berlinsessions/djsets/41978/Jazzanova_Live_in_Adelaide","20090421150701","200"
"http://www.inthemix.com.au:80/berlinsessions/djsets/41979/Jazzanova_Live_at_Becks_Berlin_Sessions_Perth","20090401160126","200"
"http://www.inthemix.com.au:80/berlinsessions/djsets/41979/Jazzanova_Live_in_Perth","20090421153905","200"
"http://www.inthemix.com.au:80/berlinsessions/djsets/42264/Marcus_Worgull_Crunching_Knobs_Mix","20090418163207","200"
"http://www.inthemix.com.au:80/berlinsessions/djsets/42264/Marcus_Worgull_DJ_Mix","20090421042430","200"
"http://www.inthemix.com.au:80/berlinsessions/djsets/42288/Stimming_Berlin_Sessions_Liveset","20090416011635","200"
"http://www.inthemix.com.au:80/berlinsessions/djsets/42288/Stimming_Liveset","20090421153910","200"
"http://www.inthemix.com.au:80/berlinsessions/djsets/42368/Justus_Kohncke_Berlin_Sessions_DJ_Mix","20090424075759","200"
"http://www.inthemix.com.au:80/berlinsessions/djsets/42370/Mike_Callander_Berlin_Sessions_Promo_April_2009","20090424075805","200"
"http://www.inthemix.com.au:80/berlinsessions/djsets/42860/Nathan_McLay_Mike_Redfern_Live_at_Berlin_Sessions_Brisbane","20090529061055","200"
"http://www.inthemix.com.au:80/berlinsessions/event/50842/Becks_Berlin_Sessions_Sydney","20090325005256","200"
"http://www.inthemix.com.au:80/berlinsessions/event/50844/Becks_Berlin_Sessions_Brisbane","20090421151102","200"
"http://www.inthemix.com.au:80/berlinsessions/event/50844/image=/_images/_core/bullets/Arrow_white_east.gif;text=Adelaide;url=/berlinsessions?city=5;","20090501121841","200"
"http://www.inthemix.com.au:80/berlinsessions/event/50844/image=/_images/_core/bullets/Arrow_white_east.gif;text=Brisbane;url=/berlinsessions?city=4;","20090501131936","200"
"http://www.inthemix.com.au:80/berlinsessions/event/50844/image=/_images/_core/bullets/Arrow_white_east.gif;text=Canberra;url=/berlinsessions?city=3;","20090501122046","200"
"http://www.inthemix.com.au:80/berlinsessions/event/50844/image=/_images/_core/bullets/Arrow_white_east.gif;text=Melbourne;url=/berlinsessions?city=2;","20090501122051","200"
"http://www.inthemix.com.au:80/berlinsessions/event/50844/image=/_images/_core/bullets/Arrow_white_east.gif;text=Perth;url=/berlinsessions?city=6;","20090501122056","200"
"http://www.inthemix.com.au:80/berlinsessions/event/50844/secure-au.imrworldwide.com/","20090501132844","200"
"http://www.inthemix.com.au:80/berlinsessions/event/50846/Becks_Berlin_Sessions_Perth","20090325110427","200"
"http://www.inthemix.com.au:80/berlinsessions/event/50847/Becks_Berlin_Sessions_Melbourne","20090522124614","200"
"http://www.inthemix.com.au:80/berlinsessions/event/50847/image=/_images/_core/bullets/Arrow_white_east.gif;text=Adelaide;url=/berlinsessions?city=5;","20090501133221","200"
"http://www.inthemix.com.au:80/berlinsessions/event/50847/image=/_images/_core/bullets/Arrow_white_east.gif;text=Perth;url=/berlinsessions?city=6;","20090429080111","200"
"http://www.inthemix.com.au:80/berlinsessions/event/50850/Becks_Berlin_Sessions_Adelaide","20090421151107","200"
"http://www.inthemix.com.au:80/berlinsessions/event/52643/Becks_Berlin_Sessions_Sydney","20090620210924","200"
"http://www.inthemix.com.au:80/berlinsessions/event/52644/Becks_Berlin_Sessions_Melbourne","20090629034823","200"
"http://www.inthemix.com.au:80/berlinsessions/events","20090421040339","200"
"http://www.inthemix.com.au:80/berlinsessions/gallery/080201-darkbeatbecks","20090501122107","200"
"http://www.inthemix.com.au:80/berlinsessions/gallery/080523-futureclassic","20090419143642","200"
"http://www.inthemix.com.au:80/berlinsessions/gallery/080523-futureclassic?page=2","20090421042435","200"
"http://www.inthemix.com.au:80/berlinsessions/gallery/080523-futureclassic?page=3","20090421144158","200"
"http://www.inthemix.com.au:80/berlinsessions/gallery/080523-futureclassic?page=4","20090421042440","200"
"http://www.inthemix.com.au:80/berlinsessions/gallery/080531-lostbaggage","20090501132457","200"
"http://www.inthemix.com.au:80/berlinsessions/gallery/080606-berlinsessions","20090429063129","200"
"http://www.inthemix.com.au:80/berlinsessions/gallery/080619-berlin","20090421042518","200"
"http://www.inthemix.com.au:80/berlinsessions/gallery/080620-misslibertine","20090605213917","200"
"http://www.inthemix.com.au:80/berlinsessions/gallery/080621-becks","20090421151730","200"
"http://www.inthemix.com.au:80/berlinsessions/gallery/090424-berlinsessionssydney","20090604013308","200"
"http://www.inthemix.com.au:80/berlinsessions/gallery/090424-berlinsessionssydney/aaa","20090505012526","200"
"http://www.inthemix.com.au:80/berlinsessions/gallery/090424-berlinsessionssydney/aaf","20090505034624","200"
"http://www.inthemix.com.au:80/berlinsessions/gallery/090424-berlinsessionssydney/aag","20090604021646","200"
"http://www.inthemix.com.au:80/berlinsessions/gallery/090424-berlinsessionssydney/aah","20090505034629","200"
"http://www.inthemix.com.au:80/berlinsessions/gallery/090424-berlinsessionssydney/acs","20090505035036","200"
"http://www.inthemix.com.au:80/berlinsessions/gallery/090424-berlinsessionssydney/act","20090604023325","200"
"http://www.inthemix.com.au:80/berlinsessions/gallery/090424-berlinsessionssydney/acu","20090604013313","200"
"http://www.inthemix.com.au:80/berlinsessions/gallery/090424-berlinsessionssydney/acv","20090604022933","200"
"http://www.inthemix.com.au:80/berlinsessions/gallery/090424-berlinsessionssydney?page=2","20090505020855","200"
"http://www.inthemix.com.au:80/berlinsessions/gallery/090425-BarSoma-QuietChaos","20090512190240","200"
"http://www.inthemix.com.au:80/berlinsessions/gallery/090501-becksberlinsessions","20090512190030","200"
"http://www.inthemix.com.au:80/berlinsessions/gallery/090502-beckssessions","20090512190245","200"
"http://www.inthemix.com.au:80/berlinsessions/gallery/albums.php","20090516083553","200"
"http://www.inthemix.com.au:80/berlinsessions/gallery/albums.php?set_albumListPage=1","20090505020901","200"
"http://www.inthemix.com.au:80/berlinsessions/gallery/progress_uploading.php","20090516083221","200"
"http://www.inthemix.com.au:80/berlinsessions/info","20090421042449","200"
"http://www.inthemix.com.au:80/berlinsessions/interviews","20090421042452","200"
"http://www.inthemix.com.au:80/berlinsessions/interviews/36010/Monolake","20090507162427","200"
"http://www.inthemix.com.au:80/berlinsessions/interviews/37985/Marc_Houle_The_luxury_of_playing_live","20090318040937","200"
"http://www.inthemix.com.au:80/berlinsessions/interviews/38068/Ellen_Allien_The_belle_of_Berlin","20090316091202","200"
"http://www.inthemix.com.au:80/berlinsessions/interviews/39738/Deepchild_Audio_Get_set_for_the_Departure","20090402015756","200"
"http://www.inthemix.com.au:80/berlinsessions/interviews/42311/Stimming","20090421150707","200"
"http://www.inthemix.com.au:80/berlinsessions/interviews/42311/Stimming_Dancefloor_reflections","20090420144055","200"
"http://www.inthemix.com.au:80/berlinsessions/interviews/42355/Justus_Kohncke_Kickstarting_a_disco_session","20090424075810","200"
"http://www.inthemix.com.au:80/berlinsessions/interviews/42396/Nathan_McLay_Berlin_Session_curator","20090424075814","200"
"http://www.inthemix.com.au:80/berlinsessions/news","20090421042458","200"
"http://www.inthemix.com.au:80/berlinsessions/news/38245/Free_Martin_Eyerer_track_download","20090420032524","200"
"http://www.inthemix.com.au:80/berlinsessions/news/41921/Becks_Berlin_Sessions_returns","20090421153915","200"
"http://www.inthemix.com.au:80/berlinsessions/news/42379/Berlin_Sessions_Sydney_set_times","20090424075819","200"
"http://www.inthemix.com.au:80/berlinsessions/photos","20090419142743","200"
"http://www.inthemix.com.au:80/berlinsessions/videos","20090421040345","200"
"http://www.inthemix.com.au:80/berlinsessions/videos/41934/Jazzanova_Berlin_Sessions","20090421151112","200"
"http://www.inthemix.com.au:80/berlinsessions/videos/41934/Jazzanova_Berlin_Sessions_Perth_Adelaide","20090326125500","200"
"http://www.inthemix.com.au:80/berlinsessions/videos/42261/Stimming_The_Loneliness","20090416041320","200"
"http://www.inthemix.com.au:80/berlinsessions/videos/42287/Berlin_Sessions_Tour_2009","20090421144204","200"
"http://www.inthemix.com.au:80/berlinsessions/videos/42287/Berlin_Sessions_Tour_2009_Trailer","20090414113412","200"
"http://www.inthemix.com.au:80/berlinsessions/videos/42515/Becks_Berlin_Sessions_Part_14_Sydney","20090513040523","200"
"http://www.inthemix.com.au:80/berlinsessions/videos/42560/Becks_Berlin_Sessions_Part_24_Brisbane","20090511155257","200"
"http://www.inthemix.com.au:80/berlinsessions/videos/42588/Becks_Berlin_Sessions_Part_34_Melbourne","20090511055941","200"
"http://www.inthemix.com.au:80/berlinsessions/videos/42588/image=/_images/_core/bullets/Arrow_white_east.gif;text=Adelaide;url=/berlinsessions?city=5;","20090516025139","200"
"http://www.inthemix.com.au:80/berlinsessions/videos/42588/image=/_images/_core/bullets/Arrow_white_east.gif;text=Australia;url=/berlinsessions?city=Aust;","20090516014744","200"
"http://www.inthemix.com.au:80/berlinsessions/videos/42588/image=/_images/_core/bullets/Arrow_white_east.gif;text=Brisbane;url=/berlinsessions?city=4;","20090516012427","200"
"http://www.inthemix.com.au:80/berlinsessions/videos/42588/image=/_images/_core/bullets/Arrow_white_east.gif;text=Canberra;url=/berlinsessions?city=3;","20090516020800","200"
"http://www.inthemix.com.au:80/berlinsessions/videos/42588/image=/_images/_core/bullets/Arrow_white_east.gif;text=Melbourne;url=/berlinsessions?city=2;","20090516025143","200"
"http://www.inthemix.com.au:80/berlinsessions/videos/42588/image=/_images/_core/bullets/Arrow_white_east.gif;text=Perth;url=/berlinsessions?city=6;","20090516021549","200"
"http://www.inthemix.com.au:80/berlinsessions/videos/42588/image=/_images/_core/bullets/Arrow_white_east.gif;text=Sydney;url=/berlinsessions?city=1;","20090516020805","200"
"http://www.inthemix.com.au:80/berlinsessions/videos/42588/secure-au.imrworldwide.com/","20090516013736","200"
"http://www.inthemix.com.au:80/berlinsessions/videos/42646/Becks_Berlin_Sessions_Part_44_Adelaide","20090517061032","200"
"http://www.inthemix.com.au:80/berlinsessions/videos/43098/Becks_Berlin_Sessions_Trailer_Tour_2","20090618133358","200"
"http://www.inthemix.com.au:80/chat/chatlogin.php","20090412042610","200"
"http://www.inthemix.com.au:80/chat/inthespotlight/24649/Carl_Cox","20090326054325","200"
"http://www.inthemix.com.au:80/city/1/","20090305224940","200"
"http://www.inthemix.com.au:80/cityselect.htm","20090323013600","200"
"http://www.inthemix.com.au:80/community/","20090321042415","200"
"http://www.inthemix.com.au:80/competitions","20090319024115","200"
"http://www.inthemix.com.au:80/competitions/show/2787/secure-au.imrworldwide.com/","20090228131828","200"
"http://www.inthemix.com.au:80/competitions/show/2787/WIN_a_Kid_Kenobi_Sessions_Prizepack","20090227124017","200"
"http://www.inthemix.com.au:80/competitions/show/3266/Win_a_Festival_Megapass_to_5_of_the_hottest_summer_festivals_in_your_city","20090323013606","200"
"http://www.inthemix.com.au:80/competitions/show/3266/Win_a_Festival_Megapass_to_5_of_the_hottest_summer_festivals_in_your_state_","20090321033229","200"
"http://www.inthemix.com.au:80/competitions/show/3278/Win_a_Sony_PSLX300_USB_Turntable","20090305042739","200"
"http://www.inthemix.com.au:80/competitions/show/3304/1_of_5_copies_of_Chase_Status%E2%80%99_debut_album_More_Than_A_Lot","20090323013320","200"
"http://www.inthemix.com.au:80/competitions/show/3318/VIP_tix_to_Defcon_plus_dinner_with_The_Thrillseeks_Solarstone","20090302033845","200"
"http://www.inthemix.com.au:80/competitions/show/3328/Win_two_tickets_to_Good_Vibes_2009_with_Smirnoff","20090319022935","200"
"http://www.inthemix.com.au:80/competitions/show/3337/Win_a_weekend_of_Hardstyle_madness_with_QDance","20090224162015","200"
"http://www.inthemix.com.au:80/competitions/show/3340/1_of_5_signed_copies_of_TZUs_limited_edition_Cover_Up_Motel_CD","20090224162031","200"
"http://www.inthemix.com.au:80/competitions/show/3342/Future_Music_Festival_DJ_Comp_Vote_for_your_favourite_finalist_to_win_tickets","20090326142359","200"
"http://www.inthemix.com.au:80/competitions/show/3343/1_of_5_double_passes_to_Fight_The_Future_at_Sublime","20090224164548","200"
"http://www.inthemix.com.au:80/competitions/show/3344/1_of_5_double_passes_to_Sublime_Superstar_DJs","20090224162104","200"
"http://www.inthemix.com.au:80/competitions/show/3348/1_of_5_double_passes_to_Trance_Energy_in_Sydney","20090327090632","200"
"http://www.inthemix.com.au:80/competitions/show/3348/secure-au.imrworldwide.com/","20090328161625","200"
"http://www.inthemix.com.au:80/competitions/show/3350/1_of_5_double_passes_to_Trance_Energy_in_Brisbane","20090303194412","200"
"http://www.inthemix.com.au:80/competitions/show/3352/Win_one_of_25_double_passes_to_see_Knowing","20090328111707","200"
"http://www.inthemix.com.au:80/competitions/show/3353/1_of_5_copies_of_RAW_09","20090328195628","200"
"http://www.inthemix.com.au:80/competitions/show/3361/1_of_3_double_passes_to_Ridiculousness","20090402190853","200"
"http://www.inthemix.com.au:80/competitions/show/3362/Win_a_limited_edition_Poker_Flat_Recordings_pack","20090417205403","200"
"http://www.inthemix.com.au:80/competitions/show/3363/Win_1_of_5_signed_copies_of_the_new_onelove_release_Sound_Machine","20090417204353","200"
"http://www.inthemix.com.au:80/competitions/show/3364/1_of_5_doubles_to_the_famous_Sublime_Easter_Rewind","20090416011639","200"
"http://www.inthemix.com.au:80/competitions/show/3365/1_of_5_double_passes_to_Dirty_Donkers_at_Sublime","20090409103013","200"
"http://www.inthemix.com.au:80/competitions/show/3365/secure-au.imrworldwide.com/","20090411130952","200"
"http://www.inthemix.com.au:80/competitions/show/3366/1_of_5_double_passes_to_Progression_Project_at_Sublime","20090418215913","200"
"http://www.inthemix.com.au:80/competitions/show/3367/1_or_5_double_passes_to_Sublime_Afloat","20090416010830","200"
"http://www.inthemix.com.au:80/competitions/show/3369/Win_1_of_3_ATrak_prize_packs_","20090416011644","200"
"http://www.inthemix.com.au:80/competitions/show/3371/1_of_5_copies_of_Lady_Sovereigns_new_album_Jigsaw","20090424075823","200"
"http://www.inthemix.com.au:80/competitions/show/3371/secure-au.imrworldwide.com/","20090517034625","200"
"http://www.inthemix.com.au:80/competitions/show/3372/1_of_10_copies_of_the_official_Trance_Energy_mix_CD","20090416010842","200"
"http://www.inthemix.com.au:80/competitions/show/3373/Win_1_of_10_Double_Passes_To_An_Exclusive_Puma_Archive_Party","20090416010906","200"
"http://www.inthemix.com.au:80/competitions/show/3376/Meet_The_Becks_Berlin_Sessions_DJs","20090418163211","200"
"http://www.inthemix.com.au:80/competitions/show/3376/Win_1_of_10_Double_Passes_To_The_Becks_Berlin_Sessions","20090416010932","200"
"http://www.inthemix.com.au:80/competitions/show/3382/5_Years_of_Great_Stuff_Records_Event_Prize_Pack_ft_Lutzenkirchen_LIVE_Tomcraft_and_Martin_Eyerer","20090418163215","200"
"http://www.inthemix.com.au:80/competitions/show/3384/secure-au.imrworldwide.com/","20090505194129","200"
"http://www.inthemix.com.au:80/competitions/show/3384/Win_inthemixs_Audio_Stimulus_Package_900_worth_of_music","20090424075828","200"
"http://www.inthemix.com.au:80/competitions/show/3386/1_of_5_prize_packs_to_celebrate_Art_vs_Science_first_headline_tour","20090424075834","200"
"http://www.inthemix.com.au:80/competitions/show/3389/Have_your_track_mix_and_mastered_by_Danny_Bonnici","20090424075838","200"
"http://www.inthemix.com.au:80/competitions/show/3390/Win_Stanton_Decks_DJ_Session_with_TV_Rock","20090517061036","200"
"http://www.inthemix.com.au:80/competitions/show/3393/1_of_2_double_passes_to_The_Likes_of_You_feat_Hernan_Cattaneo","20090515130911","200"
"http://www.inthemix.com.au:80/competitions/show/3393/secure-au.imrworldwide.com/","20090517035003","200"
"http://www.inthemix.com.au:80/competitions/show/3395/Hang_with_Jesse_Rose_at_one_of_his_gigs","20090511042246","200"
"http://www.inthemix.com.au:80/competitions/show/3396/Defqon.1","20090523102005","200"
"http://www.inthemix.com.au:80/competitions/show/3396/Defqon1_Maximum_Exposure_win_a_trip_to_Defqon1_in_Holland","20090515130438","200"
"http://www.inthemix.com.au:80/competitions/show/3396/secure-au.imrworldwide.com/","20090517012736","200"
"http://www.inthemix.com.au:80/competitions/show/3397/Win_the_opening_DJ_set_at_We_Love_Sounds","20090517220218","200"
"http://www.inthemix.com.au:80/competitions/show/3399/Win_a_VIP_Hummer_ride_to_Transmission_with_the_headline_DJs","20090520074346","200"
"http://www.inthemix.com.au:80/competitions/show/3400/WIN_the_ultimate_Laidback_Luke_Lovin%E2%80%99_Package","20090521123439","200"
"http://www.inthemix.com.au:80/competitions/show/3405/1_of_6_copies_of_Nik_Fishs_latest_CD_Black","20090529061059","200"
"http://www.inthemix.com.au:80/competitions/show/3408/Win_a_copy_of_Ableton_Live_8_Suite","20090529061104","200"
"http://www.inthemix.com.au:80/competitions/show/3409/We_Love_Sounds_DJ_Comp_Win_1_of_3_Double_Passes","20090529194154","200"
"http://www.inthemix.com.au:80/competitions/show/3410/ITM_User_Survey_Win_DJ_Hero_Xbox_360_AudioTechnica_Headphones","20090529194200","200"
"http://www.inthemix.com.au:80/competitions/show/3411/1_of_4_CD_packs_containing_Inertia%E2%80%99s_hottest_recent_releases_","20090529194205","200"
"http://www.inthemix.com.au:80/competitions/show/3412/Win_one_rare_and_limited_edition_copy_of_Toscas_album_No_Hassle","20090529061109","200"
"http://www.inthemix.com.au:80/competitions/show/3413/Win_a_limited_edition_skate_deck_and_tix_to_NASAs_show","20090529194211","200"
"http://www.inthemix.com.au:80/competitions/show/3414/V_Raw_Marketing_Intership_at_inthemixcomau","20090609043953","200"
"http://www.inthemix.com.au:80/competitions/show/3416/secure-au.imrworldwide.com/","20090606220507","200"
"http://www.inthemix.com.au:80/competitions/show/3416/Win_the_Vacation_Records_design_contract","20090605155405","200"
"http://www.inthemix.com.au:80/competitions/show/3418/Ministry_of_Sound_Sessions_Tour_Prize_Pack_SOHO_","20090616130941","200"
"http://www.inthemix.com.au:80/competitions/winnerslist","20090224162109","200"
"http://www.inthemix.com.au:80/errordocs/403.html","20090615203404","200"
"http://www.inthemix.com.au:80/errordocs/dbdown.html","20090406000751","200"
"http://www.inthemix.com.au:80/events/","20090224162112","200"
"http://www.inthemix.com.au:80/events/photos?","20090301215535","200"
"http://www.inthemix.com.au:80/events/reviews/","20090420021430","200"
"http://www.inthemix.com.au:80/events/reviews/10007/AltitudeRelaunch_Gas_Sydney_020503","20090602195812","200"
"http://www.inthemix.com.au:80/events/reviews/10081/DJ_Krush_The_Prince_Melbourne_110503","20090523023620","200"
"http://www.inthemix.com.au:80/events/reviews/10092/DJ_Craze_Gas_Syd_090503","20090602200558","200"
"http://www.inthemix.com.au:80/events/reviews/10146/DJ_Krush_Minke_Adelaide_130503","20090523031823","200"
"http://www.inthemix.com.au:80/events/reviews/10153/DJ_Craze_Family_Brisbane_080503","20090523030242","200"
"http://www.inthemix.com.au:80/events/reviews/10165/DJ_Krush_The_Metro_Syd_100503","20090523031829","200"
"http://www.inthemix.com.au:80/events/reviews/10180/MOS_Club_Nation_33_13_Stage_feat_DJ_Krush_The_Globe_Perth_170503","20090523030251","200"
"http://www.inthemix.com.au:80/events/reviews/10216/DJ_Krush_Family_Brisbane_150503","20090523034712","200"
"http://www.inthemix.com.au:80/events/reviews/10244/Sweetchilli_The_Dendy_Sydney_240503","20090603032301","200"
"http://www.inthemix.com.au:80/events/reviews/10281/De_La_Soul_ANU_Canberra_270503","20090414113414","200"
"http://www.inthemix.com.au:80/events/reviews/10317/Future_Elements_5_Uni_Bar_Hobart_310503","20090603100507","200"
"http://www.inthemix.com.au:80/events/reviews/10353/Chemistry_The_Return_Gas_Sydney_300503","20090602195817","200"
"http://www.inthemix.com.au:80/events/reviews/10387/DJ_Krush_ANU_Canberra_160503","20090523195136","200"
"http://www.inthemix.com.au:80/events/reviews/10482/Toasted_The_Globe_Sydney_060603","20090316072705","200"
"http://www.inthemix.com.au:80/events/reviews/10485/Queens_Birthday_After_Ours_Yu_Sydney_080603","20090318044426","200"
"http://www.inthemix.com.au:80/events/reviews/10607/HalcyonCloud_9_Gas_Sydney_130603","20090602200602","200"
"http://www.inthemix.com.au:80/events/reviews/10741/Elliot_Eastwick_Phil_K_Good_Vibrations_Syd_210603","20090531091519","200"
"http://www.inthemix.com.au:80/events/reviews/10803/Stacey_Pullen_New_Used_Melbourne_270603","20090502033959","200"
"http://www.inthemix.com.au:80/events/reviews/10846/Global_Panic_Gas_Nightclub_Sydney_270603","20090602195822","200"
"http://www.inthemix.com.au:80/events/reviews/10853/Sonik_feat_LTJ_Bukem_MC_Conrad_Stacey_Pullen_Metro_City_Globe_Perth_280603","20090502034004","200"
"http://www.inthemix.com.au:80/events/reviews/10854/SoS_feat_Stacy_Pullen_Greenwood_Syd_290603","20090502033548","200"
"http://www.inthemix.com.au:80/events/reviews/10940/Chapter_8_Mark_James_Q_Bar_Melbourne_020703","20090310095752","200"
"http://www.inthemix.com.au:80/events/reviews/10955/Lost_In_Bass_Gas_Sydney_050703","20090602201048","200"
"http://www.inthemix.com.au:80/events/reviews/11049/HalcyonSpace_Invaders_Gas_Sydney_110703","20090602201053","200"
"http://www.inthemix.com.au:80/events/reviews/11084/Sidetracked_undisclosed_Sydney_110703","20090603151341","200"
"http://www.inthemix.com.au:80/events/reviews/11315/Hard_Kandy_DJs_Progress_Sydney_020803","20090602201058","200"
"http://www.inthemix.com.au:80/events/reviews/11362/Toasted_Globe_Sydney_010803","20090317163731","200"
"http://www.inthemix.com.au:80/events/reviews/11413/halcyonfrozen_Gas_Sydney_010803","20090602200608","200"
"http://www.inthemix.com.au:80/events/reviews/11467/Meltdown_The_Globe_Sydney_080803","20090603032306","200"
"http://www.inthemix.com.au:80/events/reviews/11477/Enigma2_CD_launch_Gas_Sydney_080803","20090602201104","200"
"http://www.inthemix.com.au:80/events/reviews/11496/San_Trancisco_04_Room_680_150803","20090310093212","200"
"http://www.inthemix.com.au:80/events/reviews/11515/Thrillseekers_Progress_Sydney_170803","20090608035447","200"
"http://www.inthemix.com.au:80/events/reviews/11533/image=/_images/_core/bullets/Arrow_white_east.gif;text=Adelaide;url=music?city=5;","20090628112648","200"
"http://www.inthemix.com.au:80/events/reviews/11533/image=/_images/_core/bullets/Arrow_white_east.gif;text=Australia;url=music?city=Aust;","20090630020142","200"
"http://www.inthemix.com.au:80/events/reviews/11533/image=/_images/_core/bullets/Arrow_white_east.gif;text=Brisbane;url=music?city=4;","20090628132621","200"
"http://www.inthemix.com.au:80/events/reviews/11533/image=/_images/_core/bullets/Arrow_white_east.gif;text=Canberra;url=music?city=3;","20090628112653","200"
"http://www.inthemix.com.au:80/events/reviews/11533/image=/_images/_core/bullets/Arrow_white_east.gif;text=Melbourne;url=music?city=2;","20090628112658","200"
"http://www.inthemix.com.au:80/events/reviews/11533/image=/_images/_core/bullets/Arrow_white_east.gif;text=Perth;url=music?city=6;","20090628132626","200"
"http://www.inthemix.com.au:80/events/reviews/11533/image=/_images/_core/bullets/Arrow_white_east.gif;text=Sydney;url=music?city=1;","20090628112703","200"
"http://www.inthemix.com.au:80/events/reviews/11533/Ruby_Party_8_Midnight_Shift_Club_Sydney_160803","20090626055627","200"
"http://www.inthemix.com.au:80/events/reviews/11533/secure-au.imrworldwide.com/","20090628121049","200"
"http://www.inthemix.com.au:80/events/reviews/11588/Deep_Down_The_Globe_Sydney_220803","20090311012002","200"
"http://www.inthemix.com.au:80/events/reviews/11610/John_00_Fleming_QBH_Melbourne_230803","20090526051609","200"
"http://www.inthemix.com.au:80/events/reviews/11725/Globes_swinging_6th_birthday_Globe_Syd_300803","20090317203040","200"
"http://www.inthemix.com.au:80/events/reviews/11730/John_00_Fleming_Gas_Sydney_300803","20090526044406","200"
"http://www.inthemix.com.au:80/events/reviews/11857/Ultra_Sonic_Gas_Sydney_050903","20090602201110","200"
"http://www.inthemix.com.au:80/events/reviews/11910/Dance_Ya_Arts_Off_UNSW_Roundhouse_Syd_110903","20090315035735","200"
"http://www.inthemix.com.au:80/events/reviews/11919/image=/_images/_core/bullets/Arrow_white_east.gif;text=Adelaide;url=music?city=5;","20090603151610","200"
"http://www.inthemix.com.au:80/events/reviews/11919/image=/_images/_core/bullets/Arrow_white_east.gif;text=Australia;url=music?city=Aust;","20090603093336","200"
"http://www.inthemix.com.au:80/events/reviews/11919/image=/_images/_core/bullets/Arrow_white_east.gif;text=Brisbane;url=music?city=4;","20090603152022","200"
"http://www.inthemix.com.au:80/events/reviews/11919/image=/_images/_core/bullets/Arrow_white_east.gif;text=Canberra;url=music?city=3;","20090603115137","200"
"http://www.inthemix.com.au:80/events/reviews/11919/image=/_images/_core/bullets/Arrow_white_east.gif;text=Melbourne;url=music?city=2;","20090603091413","200"
"http://www.inthemix.com.au:80/events/reviews/11919/image=/_images/_core/bullets/Arrow_white_east.gif;text=Perth;url=music?city=6;","20090603150844","200"
"http://www.inthemix.com.au:80/events/reviews/11919/image=/_images/_core/bullets/Arrow_white_east.gif;text=Sydney;url=music?city=1;","20090603152723","200"
"http://www.inthemix.com.au:80/events/reviews/11919/image=/_images/_sponsors/becks/whatson/whatson_navbaritem.jpg;url=http://adsfac.net/link.asp?cc=LIN038.85736.0;imagewidth=150;imagealign=center;oncolor=","20090603010450","200"
