original,timestamp,statuscode
"http://www.fasterlouder.com.au:80/?","20090303070121","200"
"http://www.fasterlouder.com.au:80/about","20090314061019","200"
"http://www.fasterlouder.com.au:80/advertise","20090501170009","200"
"http://www.fasterlouder.com.au:80/allabout","20090329014345","200"
"http://www.fasterlouder.com.au:80/allabout/artist/10383/Benneson-Theory.htm","20090327125005","200"
"http://www.fasterlouder.com.au:80/allabout/artist/1048/Hoobastank.htm","20090617021049","200"
"http://www.fasterlouder.com.au:80/allabout/artist/10507/Dan-Parsons.htm","20090228071341","200"
"http://www.fasterlouder.com.au:80/allabout/artist/10525/Pete-Cornelius.htm","20090417205059","200"
"http://www.fasterlouder.com.au:80/allabout/artist/1058/Jimmy-Little.htm","20090506051241","200"
"http://www.fasterlouder.com.au:80/allabout/artist/1066/Rough-Trade.htm","20090630185443","200"
"http://www.fasterlouder.com.au:80/allabout/artist/107/The-Butterfly-Effect.htm","20090618014348","200"
"http://www.fasterlouder.com.au:80/allabout/artist/10839/Blackchords.htm","20090323085334","200"
"http://www.fasterlouder.com.au:80/allabout/artist/1096/Snow-Patrol.htm","20090402021711","200"
"http://www.fasterlouder.com.au:80/allabout/artist/1101/Brant-Bjork.htm","20090619121316","200"
"http://www.fasterlouder.com.au:80/allabout/artist/11025/Crysis.htm","20090513045403","200"
"http://www.fasterlouder.com.au:80/allabout/artist/11065/The-Scissor-File.htm?","20090326024925","200"
"http://www.fasterlouder.com.au:80/allabout/artist/11208/The-Potbelleez.htm","20090618054645","200"
"http://www.fasterlouder.com.au:80/allabout/artist/11210/Mystery-Jets.htm","20090315043924","200"
"http://www.fasterlouder.com.au:80/allabout/artist/11447/Cloud-Control.htm","20090329224014","200"
"http://www.fasterlouder.com.au:80/allabout/artist/1146/Scissor-Sisters.htm","20090414131809","200"
"http://www.fasterlouder.com.au:80/allabout/artist/1161/Nick-Cave-And-The-Bad-Seeds.htm","20090501043452","200"
"http://www.fasterlouder.com.au:80/allabout/artist/1162/The-Grates.htm","20090228065141","200"
"http://www.fasterlouder.com.au:80/allabout/artist/1201/Wolfmother.htm","20090531051937","200"
"http://www.fasterlouder.com.au:80/allabout/artist/1204/","20090501043500","200"
"http://www.fasterlouder.com.au:80/allabout/artist/1204/secure-au.imrworldwide.com/","20090501052448","200"
"http://www.fasterlouder.com.au:80/allabout/artist/1204/Tim-Rogers-and-the-Temperance-Union.htm","20090428165944","200"
"http://www.fasterlouder.com.au:80/allabout/artist/12194/The-Currency.htm","20090609094223","200"
"http://www.fasterlouder.com.au:80/allabout/artist/1228/Sigur-Ros.htm","20090501161520","200"
"http://www.fasterlouder.com.au:80/allabout/artist/12332/The-Custom-Kings.htm","20090609093918","200"
"http://www.fasterlouder.com.au:80/allabout/artist/1241/Elvis-Costello.htm","20090410125058","200"
"http://www.fasterlouder.com.au:80/allabout/artist/1242/Jarvis-Cocker.htm","20090630150721","200"
"http://www.fasterlouder.com.au:80/allabout/artist/1248/Regurgitator.htm","20090329031422","200"
"http://www.fasterlouder.com.au:80/allabout/artist/1249/Remote-Control.htm","20090513045408","200"
"http://www.fasterlouder.com.au:80/allabout/artist/12587/The-Drones.htm","20090503085414","200"
"http://www.fasterlouder.com.au:80/allabout/artist/1271/The-Fauves.htm","20090330054331","200"
"http://www.fasterlouder.com.au:80/allabout/artist/1272/Ben-Lee.htm","20090331194652","200"
"http://www.fasterlouder.com.au:80/allabout/artist/1277/Ben-Kweller.htm","20090617021056","200"
"http://www.fasterlouder.com.au:80/allabout/artist/13090/Oasis.htm","20090303074918","200"
"http://www.fasterlouder.com.au:80/allabout/artist/1311/Adam-Said-Galore.htm","20090311164815","200"
"http://www.fasterlouder.com.au:80/allabout/artist/13387/Renee-Geyer.htm","20090328185209","200"
"http://www.fasterlouder.com.au:80/allabout/artist/13443/Funkoars.htm","20090609030658","200"
"http://www.fasterlouder.com.au:80/allabout/artist/135/Weezer.htm","20090414080233","200"
"http://www.fasterlouder.com.au:80/allabout/artist/1358/The-Music.htm","20090501135157","200"
"http://www.fasterlouder.com.au:80/allabout/artist/13911/Rogerthat.htm","20090303134915","200"
"http://www.fasterlouder.com.au:80/allabout/artist/13964/Cut-Off-Your-Hands.htm","20090315042703","200"
"http://www.fasterlouder.com.au:80/allabout/artist/1408/.htm","20090414080024","200"
"http://www.fasterlouder.com.au:80/allabout/artist/1410/Warp-Records.htm","20090525011752","200"
"http://www.fasterlouder.com.au:80/allabout/artist/14135/Kathematics.htm","20090409191606","200"
"http://www.fasterlouder.com.au:80/allabout/artist/1418/Something-for-Kate.htm","20090413135435","200"
"http://www.fasterlouder.com.au:80/allabout/artist/1420/You-Am-I.htm","20090304040255","200"
"http://www.fasterlouder.com.au:80/allabout/artist/14211/Little-Red.htm?","20090328042650","200"
"http://www.fasterlouder.com.au:80/allabout/artist/1429/","20090421165339","200"
"http://www.fasterlouder.com.au:80/allabout/artist/1429/Moneen.htm","20090603034311","200"
"http://www.fasterlouder.com.au:80/allabout/artist/1429/secure-au.imrworldwide.com/","20090422053844","200"
"http://www.fasterlouder.com.au:80/allabout/artist/1462/Keane.htm","20090424015526","200"
"http://www.fasterlouder.com.au:80/allabout/artist/14677/The-Mission-In-Motion.htm","20090421163909","200"
"http://www.fasterlouder.com.au:80/allabout/artist/147/Metallica.htm","20090530174143","200"
"http://www.fasterlouder.com.au:80/allabout/artist/148/The-Datsuns.htm","20090520043414","200"
"http://www.fasterlouder.com.au:80/allabout/artist/1483/Cut-Copy.htm","20090504173823","200"
"http://www.fasterlouder.com.au:80/allabout/artist/1488/Against-Me.htm","20090616084851","200"
"http://www.fasterlouder.com.au:80/allabout/artist/14981/spoonbill.htm","20090331042653","200"
"http://www.fasterlouder.com.au:80/allabout/artist/150/Kings-of-Leon.htm","20090330034052","200"
"http://www.fasterlouder.com.au:80/allabout/artist/15006/Zombie-Sex-Gang.htm","20090417055900","200"
"http://www.fasterlouder.com.au:80/allabout/artist/1505/The-Whitlams.htm","20090609094234","200"
"http://www.fasterlouder.com.au:80/allabout/artist/1510/Augie-March.htm","20090423112959","200"
"http://www.fasterlouder.com.au:80/allabout/artist/1550/The-Bronx.htm","20090624231756","200"
"http://www.fasterlouder.com.au:80/allabout/artist/156/Alchemist.htm","20090306034230","200"
"http://www.fasterlouder.com.au:80/allabout/artist/1561/Decoder-Ring.htm","20090313012423","200"
"http://www.fasterlouder.com.au:80/allabout/artist/16210/Ends-In-Torment.htm","20090306073819","200"
"http://www.fasterlouder.com.au:80/allabout/artist/1629/Bloc-Party.htm","20090415185200","200"
"http://www.fasterlouder.com.au:80/allabout/artist/1632/Warner-Music-Australia.htm","20090328185215","200"
"http://www.fasterlouder.com.au:80/allabout/artist/16380/Cordrazine.htm","20090329025831","200"
"http://www.fasterlouder.com.au:80/allabout/artist/1646/The-Screaming-Jets.htm","20090513045425","200"
"http://www.fasterlouder.com.au:80/allabout/artist/16475/The-Radiators.htm","20090610032636","200"
"http://www.fasterlouder.com.au:80/allabout/artist/16512/Miss-Kitkas-House-of-Burlesque.htm","20090507164739","200"
"http://www.fasterlouder.com.au:80/allabout/artist/16520/gallows.htm","20090627154025","200"
"http://www.fasterlouder.com.au:80/allabout/artist/1658/Pete-Murray.htm","20090413121443","200"
"http://www.fasterlouder.com.au:80/allabout/artist/1669/Brant-Bjork-and-the-Bros.htm","20090624224812","200"
"http://www.fasterlouder.com.au:80/allabout/artist/16797/Mika.htm","20090425171610","200"
"http://www.fasterlouder.com.au:80/allabout/artist/1693/The-Killers.htm","20090402021959","200"
"http://www.fasterlouder.com.au:80/allabout/artist/16979/Infection.htm","20090306073827","200"
"http://www.fasterlouder.com.au:80/allabout/artist/17154/Qui.htm","20090504172723","200"
"http://www.fasterlouder.com.au:80/allabout/artist/17161/Lost-Valentinos.htm","20090520175936","200"
"http://www.fasterlouder.com.au:80/allabout/artist/1726/ACDC.htm","20090531050635","200"
"http://www.fasterlouder.com.au:80/allabout/artist/17282/","20090609143330","200"
"http://www.fasterlouder.com.au:80/allabout/artist/17282/secure-au.imrworldwide.com/","20090609143334","200"
"http://www.fasterlouder.com.au:80/allabout/artist/17282/The-Borderers.htm","20090605163740","200"
"http://www.fasterlouder.com.au:80/allabout/artist/17340/Muscles.htm","20090601224700","200"
"http://www.fasterlouder.com.au:80/allabout/artist/1739/Rogue-Records.htm","20090502224839","200"
"http://www.fasterlouder.com.au:80/allabout/artist/174/The-Smashing-Pumpkins.htm","20090403110630","200"
"http://www.fasterlouder.com.au:80/allabout/artist/1777/The-Devoted-Few.htm","20090326024348","200"
"http://www.fasterlouder.com.au:80/allabout/artist/1778/Shock-Records.htm","20090411195232","200"
"http://www.fasterlouder.com.au:80/allabout/artist/1788/Something-With-Numbers.htm","20090303135753","200"
"http://www.fasterlouder.com.au:80/allabout/artist/1789/Below-Par-Records.htm","20090316163850","200"
"http://www.fasterlouder.com.au:80/allabout/artist/179/John-Frusciante.htm","20090617194952","200"
"http://www.fasterlouder.com.au:80/allabout/artist/18020/","20090603152133","200"
"http://www.fasterlouder.com.au:80/allabout/artist/18020/Killer-Queenz.htm","20090517002926","200"
"http://www.fasterlouder.com.au:80/allabout/artist/18020/secure-au.imrworldwide.com/","20090604131729","200"
"http://www.fasterlouder.com.au:80/allabout/artist/1831/Jimmy-Eat-World.htm","20090531202744","200"
"http://www.fasterlouder.com.au:80/allabout/artist/18344/Melodessy.htm","20090302033539","200"
"http://www.fasterlouder.com.au:80/allabout/artist/1846/The-Blind-Boys-Of-Alabama.htm","20090417205111","200"
"http://www.fasterlouder.com.au:80/allabout/artist/1848/Sum-41.htm","20090415185335","200"
"http://www.fasterlouder.com.au:80/allabout/artist/18543/Peter-Combe.htm","20090521212729","200"
"http://www.fasterlouder.com.au:80/allabout/artist/18557/Manic-Street-Preachers.htm","20090426003308","200"
"http://www.fasterlouder.com.au:80/allabout/artist/1859/British-India.htm","20090315053041","200"
"http://www.fasterlouder.com.au:80/allabout/artist/18704/Kooii.htm","20090331042657","200"
"http://www.fasterlouder.com.au:80/allabout/artist/18781/","20090609030711","200"
"http://www.fasterlouder.com.au:80/allabout/artist/18781/Lowrider.htm","20090607084238","200"
"http://www.fasterlouder.com.au:80/allabout/artist/18781/secure-au.imrworldwide.com/","20090609150057","200"
"http://www.fasterlouder.com.au:80/allabout/artist/18893/The-Innocent-Die-First.htm","20090306073247","200"
"http://www.fasterlouder.com.au:80/allabout/artist/18894/Catharis.htm","20090306073652","200"
"http://www.fasterlouder.com.au:80/allabout/artist/19132/Former-Child-Stars.htm","20090504171815","200"
"http://www.fasterlouder.com.au:80/allabout/artist/1928/The-Avalanches.htm","20090629082024","200"
"http://www.fasterlouder.com.au:80/allabout/artist/19318/Marilyn-Manson.htm","20090505065305","200"
"http://www.fasterlouder.com.au:80/allabout/artist/1933/Bright-Eyes.htm","20090414080301","200"
"http://www.fasterlouder.com.au:80/allabout/artist/1939/","20090410125108","200"
"http://www.fasterlouder.com.au:80/allabout/artist/1939/Razorlight.htm","20090330034055","200"
"http://www.fasterlouder.com.au:80/allabout/artist/1939/secure-au.imrworldwide.com/","20090410143604","200"
"http://www.fasterlouder.com.au:80/allabout/artist/1946/The-Yeah-Yeah-Yeahs.htm","20090414141533","200"
"http://www.fasterlouder.com.au:80/allabout/artist/19702/The-laurels.htm","20090604134410","200"
"http://www.fasterlouder.com.au:80/allabout/artist/19766/Theatre-of-Disco.htm","20090329030527","200"
"http://www.fasterlouder.com.au:80/allabout/artist/19768/Talons.htm","20090315042705","200"
"http://www.fasterlouder.com.au:80/allabout/artist/1981/Brian-Wilson.htm","20090531132150","200"
"http://www.fasterlouder.com.au:80/allabout/artist/19875/Foxx-on-Fire.htm","20090615032323","200"
"http://www.fasterlouder.com.au:80/allabout/artist/19879/KORA.htm","20090303140033","200"
"http://www.fasterlouder.com.au:80/allabout/artist/19902/Grand-National.htm","20090329031429","200"
"http://www.fasterlouder.com.au:80/allabout/artist/2004/The-Gin-Club.htm","20090501160454","200"
"http://www.fasterlouder.com.au:80/allabout/artist/2007/Green-Day.htm","20090505065858","200"
"http://www.fasterlouder.com.au:80/allabout/artist/20084/50-Lions.htm","20090308045252","200"
"http://www.fasterlouder.com.au:80/allabout/artist/20158/Paramore.htm","20090504172735","200"
"http://www.fasterlouder.com.au:80/allabout/artist/203/Muse.htm","20090303075452","200"
"http://www.fasterlouder.com.au:80/allabout/artist/20340/Blue-Juice.htm","20090506051303","200"
"http://www.fasterlouder.com.au:80/allabout/artist/2052/Youth-Group.htm","20090402021722","200"
"http://www.fasterlouder.com.au:80/allabout/artist/20535/Madina-Lake.htm","20090502225909","200"
"http://www.fasterlouder.com.au:80/allabout/artist/20845/Paris-Wells.htm","20090515012354","200"
"http://www.fasterlouder.com.au:80/allabout/artist/2103/U2.htm","20090313150852","200"
"http://www.fasterlouder.com.au:80/allabout/artist/21208/Amy-Winehouse.htm","20090426003647","200"
"http://www.fasterlouder.com.au:80/allabout/artist/21308/We-Are-the-Emergency.htm","20090327125219","200"
"http://www.fasterlouder.com.au:80/allabout/artist/21441/Serj-Tankian.htm","20090519022646","200"
"http://www.fasterlouder.com.au:80/allabout/artist/21481/The-Black-Market-Rhythm-Co.htm","20090303063433","200"
"http://www.fasterlouder.com.au:80/allabout/artist/2151/Alexisonfire.htm","20090422053007","200"
"http://www.fasterlouder.com.au:80/allabout/artist/2162/","20090308033507","200"
"http://www.fasterlouder.com.au:80/allabout/artist/2162/Big-Boi.htm","20090306173747","200"
"http://www.fasterlouder.com.au:80/allabout/artist/2162/secure-au.imrworldwide.com/","20090308045311","200"
"http://www.fasterlouder.com.au:80/allabout/artist/21628/secure-au.imrworldwide.com/","20090226093413","200"
"http://www.fasterlouder.com.au:80/allabout/artist/21628/Sneaky-Sound-System.htm","20090328004020","200"
"http://www.fasterlouder.com.au:80/allabout/artist/21628/?city=1","20090226094021","200"
"http://www.fasterlouder.com.au:80/allabout/artist/21628/?city=2","20090226094843","200"
"http://www.fasterlouder.com.au:80/allabout/artist/21628/?city=3","20090226094336","200"
"http://www.fasterlouder.com.au:80/allabout/artist/21628/?city=4","20090226094028","200"
"http://www.fasterlouder.com.au:80/allabout/artist/21628/?city=5","20090226093339","200"
"http://www.fasterlouder.com.au:80/allabout/artist/21628/?city=6","20090226093344","200"
"http://www.fasterlouder.com.au:80/allabout/artist/2164/Red-Riders.htm","20090329031438","200"
"http://www.fasterlouder.com.au:80/allabout/artist/21646/secure-au.imrworldwide.com/","20090226093441","200"
"http://www.fasterlouder.com.au:80/allabout/artist/21646/Sneaky-Sound-System.htm","20090328001734","200"
"http://www.fasterlouder.com.au:80/allabout/artist/21646/?city=1","20090226094849","200"
"http://www.fasterlouder.com.au:80/allabout/artist/21646/?city=2","20090226093418","200"
"http://www.fasterlouder.com.au:80/allabout/artist/21646/?city=3","20090226094338","200"
"http://www.fasterlouder.com.au:80/allabout/artist/21646/?city=4","20090226094220","200"
"http://www.fasterlouder.com.au:80/allabout/artist/21646/?city=5","20090226090138","200"
"http://www.fasterlouder.com.au:80/allabout/artist/21646/?city=6","20090226094854","200"
"http://www.fasterlouder.com.au:80/allabout/artist/2166/The-Scare.htm","20090502224006","200"
"http://www.fasterlouder.com.au:80/allabout/artist/2179/The-Smiths.htm","20090409224145","200"
"http://www.fasterlouder.com.au:80/allabout/artist/21833/The-Silents.htm","20090313070050","200"
"http://www.fasterlouder.com.au:80/allabout/artist/219/Fear-Factory.htm","20090618054650","200"
"http://www.fasterlouder.com.au:80/allabout/artist/2199/Sarah-Blasko.htm","20090501020437","200"
"http://www.fasterlouder.com.au:80/allabout/artist/21994/Dizzee-Rascal.htm","20090501161521","200"
"http://www.fasterlouder.com.au:80/allabout/artist/22048/All-Time-Low.htm","20090525005130","200"
"http://www.fasterlouder.com.au:80/allabout/artist/22088/Sneaky-Sound-System.htm","20090328031812","200"
"http://www.fasterlouder.com.au:80/allabout/artist/22090/Infusion.htm","20090329031440","200"
"http://www.fasterlouder.com.au:80/allabout/artist/22095/Set-Your-Goals.htm","20090524195123","200"
"http://www.fasterlouder.com.au:80/allabout/artist/22118/Hot-Rod-Circuit.htm","20090504171817","200"
"http://www.fasterlouder.com.au:80/allabout/artist/22119/MayDay-Parade.htm","20090504173825","200"
"http://www.fasterlouder.com.au:80/allabout/artist/22224/Bonde-Do-Role.htm","20090329030535","200"
"http://www.fasterlouder.com.au:80/allabout/artist/223/Universal.htm","20090516113345","200"
"http://www.fasterlouder.com.au:80/allabout/artist/22353/Cast-and-Crew.htm","20090409185914","200"
"http://www.fasterlouder.com.au:80/allabout/artist/2247/Wolf--Cub.htm","20090502224017","200"
"http://www.fasterlouder.com.au:80/allabout/artist/22496/Andrew-WK.htm","20090627135515","200"
"http://www.fasterlouder.com.au:80/allabout/artist/22497/Dappled-CIties.htm","20090525011802","200"
"http://www.fasterlouder.com.au:80/allabout/artist/2250/Hilltop-Hoods.htm","20090501170031","200"
"http://www.fasterlouder.com.au:80/allabout/artist/22512/The-Australian-Doors-Show.htm","20090623073509","200"
"http://www.fasterlouder.com.au:80/allabout/artist/22521/robyn.htm","20090403110632","200"
"http://www.fasterlouder.com.au:80/allabout/artist/2256/","20090330033421","200"
"http://www.fasterlouder.com.au:80/allabout/artist/2256/Mink-Jaguar.htm","20090326070123","200"
"http://www.fasterlouder.com.au:80/allabout/artist/2256/secure-au.imrworldwide.com/","20090330045721","200"
"http://www.fasterlouder.com.au:80/allabout/artist/22623/Fait-Accompli.htm","20090315194009","200"
"http://www.fasterlouder.com.au:80/allabout/artist/22717/Nic-Cester.htm","20090328184412","200"
"http://www.fasterlouder.com.au:80/allabout/artist/22813/The-Fearless-Vampire-Killers.htm","20090316164457","200"
"http://www.fasterlouder.com.au:80/allabout/artist/22882/Alabama-3.htm","20090501052556","200"
"http://www.fasterlouder.com.au:80/allabout/artist/22961/St-Helens.htm","20090509232528","200"
"http://www.fasterlouder.com.au:80/allabout/artist/23024/Kram-Spiderbait.htm","20090303135758","200"
"http://www.fasterlouder.com.au:80/allabout/artist/2307/The-Drones.htm","20090407011516","200"
"http://www.fasterlouder.com.au:80/allabout/artist/23084/Dan-Sultan.htm","20090226094042","200"
"http://www.fasterlouder.com.au:80/allabout/artist/23090/The-Baby-Animals.htm","20090624222123","200"
"http://www.fasterlouder.com.au:80/allabout/artist/23167/One-Jonathan.htm","20090623073029","200"
"http://www.fasterlouder.com.au:80/allabout/artist/23192/Justin-Hamilton.htm","20090502185927","200"
"http://www.fasterlouder.com.au:80/allabout/artist/2327/Rise-Against.htm","20090308050821","200"
"http://www.fasterlouder.com.au:80/allabout/artist/23401/Planet-Of-The-Stereos.htm","20090327235545","200"
"http://www.fasterlouder.com.au:80/allabout/artist/23461/The-John-Steel-Singers.htm","20090412033311","200"
"http://www.fasterlouder.com.au:80/allabout/artist/2349/","20090603102906","200"
"http://www.fasterlouder.com.au:80/allabout/artist/2349/Broken-Social-Scene.htm","20090525233851","200"
"http://www.fasterlouder.com.au:80/allabout/artist/2349/secure-au.imrworldwide.com/","20090604134716","200"
"http://www.fasterlouder.com.au:80/allabout/artist/23495/GameboyGamegirl.htm","20090329025836","200"
"http://www.fasterlouder.com.au:80/allabout/artist/23643/House-Vs-Hurricane.htm","20090303064214","200"
"http://www.fasterlouder.com.au:80/allabout/artist/23827/Kottonmouth-Kings.htm","20090520184521","200"
"http://www.fasterlouder.com.au:80/allabout/artist/2389/Blood-Duster.htm","20090317052101","200"
"http://www.fasterlouder.com.au:80/allabout/artist/2391/Billy-Bragg.htm","20090501042351","200"
"http://www.fasterlouder.com.au:80/allabout/artist/2392/Even.htm","20090328105558","200"
"http://www.fasterlouder.com.au:80/allabout/artist/2396/The-White-Stripes.htm","20090617023149","200"
"http://www.fasterlouder.com.au:80/allabout/artist/240/X.htm","20090329025852","200"
"http://www.fasterlouder.com.au:80/allabout/artist/24135/Seasick-Steve.htm","20090328185220","200"
"http://www.fasterlouder.com.au:80/allabout/artist/2418/silverchair.htm","20090618160202","200"
"http://www.fasterlouder.com.au:80/allabout/artist/24184/Matt-Joe-Gow-and-The-Dead-Leaves.htm","20090430151705","200"
"http://www.fasterlouder.com.au:80/allabout/artist/24199/Beaches.htm","20090227050729","200"
"http://www.fasterlouder.com.au:80/allabout/artist/24235/The-Vandals.htm","20090415185340","200"
"http://www.fasterlouder.com.au:80/allabout/artist/24236/Bowling-for-Soup.htm","20090415184524","200"
"http://www.fasterlouder.com.au:80/allabout/artist/24359/The-Barons-of-Tang.htm","20090331042946","200"
"http://www.fasterlouder.com.au:80/allabout/artist/24417/My-Empire.htm","20090605031619","200"
"http://www.fasterlouder.com.au:80/allabout/artist/2465/Bjork.htm","20090501020446","200"
"http://www.fasterlouder.com.au:80/allabout/artist/2468/Violent-Femmes.htm","20090517091025","200"
"http://www.fasterlouder.com.au:80/allabout/artist/2469/Loene-Carmen.htm","20090629035112","200"
"http://www.fasterlouder.com.au:80/allabout/artist/24799/Rainman.htm","20090331135930","200"
"http://www.fasterlouder.com.au:80/allabout/artist/25089/Jimmy-And-The-Mirrors.htm","20090524053227","200"
"http://www.fasterlouder.com.au:80/allabout/artist/2515/The-Dave-Matthews-Band.htm","20090510060131","200"
"http://www.fasterlouder.com.au:80/allabout/artist/254/Mark-Lanegan.htm","20090501170456","200"
"http://www.fasterlouder.com.au:80/allabout/artist/2540/","20090318034523","200"
"http://www.fasterlouder.com.au:80/allabout/artist/2540/Coldplay.htm","20090602215823","200"
"http://www.fasterlouder.com.au:80/allabout/artist/2540/secure-au.imrworldwide.com/","20090318053315","200"
"http://www.fasterlouder.com.au:80/allabout/artist/2542/Bliss-N-Eso.htm","20090303134922","200"
"http://www.fasterlouder.com.au:80/allabout/artist/2546/Beth-Orton.htm","20090319053036","200"
"http://www.fasterlouder.com.au:80/allabout/artist/2546/secure-au.imrworldwide.com/","20090224102014","200"
"http://www.fasterlouder.com.au:80/allabout/artist/2546/?city=1","20090224101946","200"
"http://www.fasterlouder.com.au:80/allabout/artist/2546/?city=2","20090224100137","200"
"http://www.fasterlouder.com.au:80/allabout/artist/2546/?city=3","20090224095148","200"
"http://www.fasterlouder.com.au:80/allabout/artist/2546/?city=4","20090224102452","200"
"http://www.fasterlouder.com.au:80/allabout/artist/2546/?city=5","20090224102457","200"
"http://www.fasterlouder.com.au:80/allabout/artist/2546/?city=6","20090224095155","200"
"http://www.fasterlouder.com.au:80/allabout/artist/2566/Scribe.htm","20090629063342","200"
"http://www.fasterlouder.com.au:80/allabout/artist/25703/Vampire-Weekend.htm","20090501155817","200"
"http://www.fasterlouder.com.au:80/allabout/artist/25704/Tricky.htm","20090501161528","200"
"http://www.fasterlouder.com.au:80/allabout/artist/25705/Laura-Marling.htm","20090501134348","200"
"http://www.fasterlouder.com.au:80/allabout/artist/26343/ACDC.htm","20090531051939","200"
"http://www.fasterlouder.com.au:80/allabout/artist/26411/Tracy-Redhead.htm","20090328163408","200"
"http://www.fasterlouder.com.au:80/allabout/artist/26671/Black-Francis.htm","20090409185919","200"
"http://www.fasterlouder.com.au:80/allabout/artist/2686/Mercury-Rev.htm","20090313012427","200"
"http://www.fasterlouder.com.au:80/allabout/artist/26980/Jake-Rush--The-Bad-Habits.htm","20090503084940","200"
"http://www.fasterlouder.com.au:80/allabout/artist/26993/Brendon-Humphries.htm","20090311233855","200"
"http://www.fasterlouder.com.au:80/allabout/artist/27061/Wiley.htm","20090304193447","200"
"http://www.fasterlouder.com.au:80/allabout/artist/27110/Ruby-Strait.htm","20090330225116","200"
"http://www.fasterlouder.com.au:80/allabout/artist/27111/Sadhana.htm","20090330225121","200"
"http://www.fasterlouder.com.au:80/allabout/artist/27112/Ancient-Free-Gardeners.htm","20090330225126","200"
"http://www.fasterlouder.com.au:80/allabout/artist/27229/The-Grapes.htm","20090329025854","200"
"http://www.fasterlouder.com.au:80/allabout/artist/27230/Oscarlima.htm","20090329031011","200"
"http://www.fasterlouder.com.au:80/allabout/artist/27244/Art-Vs-Science.htm","20090604132843","200"
"http://www.fasterlouder.com.au:80/allabout/artist/2741/72-Blues.htm","20090411195559","200"
"http://www.fasterlouder.com.au:80/allabout/artist/2747/Chris-Cheney.htm","20090328185226","200"
"http://www.fasterlouder.com.au:80/allabout/artist/2748/Karnivool.htm","20090330040033","200"
"http://www.fasterlouder.com.au:80/allabout/artist/27515/Alexis-Taylor.htm","20090328004025","200"
"http://www.fasterlouder.com.au:80/allabout/artist/27756/Banawurun.htm","20090501134353","200"
"http://www.fasterlouder.com.au:80/allabout/artist/2785/The-Nation-Blue.htm","20090618054704","200"
"http://www.fasterlouder.com.au:80/allabout/artist/2792/The-Amity-Affliction.htm","20090625023119","200"
"http://www.fasterlouder.com.au:80/allabout/artist/27923/Rubies-and-Rumours.htm","20090311164825","200"
"http://www.fasterlouder.com.au:80/allabout/artist/27940/Crystal-Castles.htm","20090627154031","200"
"http://www.fasterlouder.com.au:80/allabout/artist/28068/Duffy.htm","20090403053749","200"
"http://www.fasterlouder.com.au:80/allabout/artist/28069/Canyons.htm","20090402022001","200"
"http://www.fasterlouder.com.au:80/allabout/artist/28074/Phrase.htm","20090609030719","200"
"http://www.fasterlouder.com.au:80/allabout/artist/28093/Of-Montreal.htm","20090505064258","200"
"http://www.fasterlouder.com.au:80/allabout/artist/28117/Ryan-Adams-and-The-Cardinals.htm","20090415190212","200"
"http://www.fasterlouder.com.au:80/allabout/artist/28253/Ten-East.htm","20090331201925","200"
"http://www.fasterlouder.com.au:80/allabout/artist/28256/Jeff-Beck.htm","20090302180911","200"
"http://www.fasterlouder.com.au:80/allabout/artist/28452/Art-Vs-Science.htm","20090512021610","200"
"http://www.fasterlouder.com.au:80/allabout/artist/28489/Paprika-Balkanicus.htm","20090309070743","200"
"http://www.fasterlouder.com.au:80/allabout/artist/2850/Beck.htm","20090510053946","200"
"http://www.fasterlouder.com.au:80/allabout/artist/28520/Ball-Park-Music.htm","20090503084945","200"
"http://www.fasterlouder.com.au:80/allabout/artist/2857/Megadeth.htm","20090530174149","200"
"http://www.fasterlouder.com.au:80/allabout/artist/28617/MGMT.htm","20090307191002","200"
"http://www.fasterlouder.com.au:80/allabout/artist/28619/","20090308050611","200"
"http://www.fasterlouder.com.au:80/allabout/artist/28619/Paul-Oakenfold.htm","20090304061107","200"
"http://www.fasterlouder.com.au:80/allabout/artist/28619/secure-au.imrworldwide.com/","20090308053330","200"
"http://www.fasterlouder.com.au:80/allabout/artist/2873/The-Sleepy-Jackson.htm","20090531051912","200"
"http://www.fasterlouder.com.au:80/allabout/artist/28838/Valencia.htm","20090303074924","200"
"http://www.fasterlouder.com.au:80/allabout/artist/28851/Mat-McHugh.htm","20090303075209","200"
"http://www.fasterlouder.com.au:80/allabout/artist/28871/The-Spitfires.htm","20090616060632","200"
"http://www.fasterlouder.com.au:80/allabout/artist/2888/Iggy-Pop.htm","20090326162134","200"
"http://www.fasterlouder.com.au:80/allabout/artist/28929/The-Scotch-of-St-James.htm","20090313070052","200"
"http://www.fasterlouder.com.au:80/allabout/artist/28969/Fleet-Foxes.htm","20090315092310","200"
"http://www.fasterlouder.com.au:80/allabout/artist/28970/Late-of-the-Pier.htm","20090314064709","200"
"http://www.fasterlouder.com.au:80/allabout/artist/28973/Santogold.htm","20090316164852","200"
"http://www.fasterlouder.com.au:80/allabout/artist/28974/Eli-Paperboy-Reed-and-the-True-Loves.htm","20090316153012","200"
"http://www.fasterlouder.com.au:80/allabout/artist/28975/The-Dodos.htm","20090315194013","200"
"http://www.fasterlouder.com.au:80/allabout/artist/29207/The-Whole-Molko.htm","20090407011518","200"
"http://www.fasterlouder.com.au:80/allabout/artist/29212/Geoffrey-Gurrumul-Yunupingu.htm","20090520173154","200"
"http://www.fasterlouder.com.au:80/allabout/artist/29321/Arturo-Chaos.htm","20090523103913","200"
"http://www.fasterlouder.com.au:80/allabout/artist/29326/PhDJ.htm","20090328185230","200"
"http://www.fasterlouder.com.au:80/allabout/artist/2936/Expatriate.htm","20090413115054","200"
"http://www.fasterlouder.com.au:80/allabout/artist/2948/LCD-Soundsystem.htm","20090501042355","200"
"http://www.fasterlouder.com.au:80/allabout/artist/29522/Mr-Laneous-.htm","20090330225131","200"
"http://www.fasterlouder.com.au:80/allabout/artist/29583/Pez.htm","20090515012400","200"
"http://www.fasterlouder.com.au:80/allabout/artist/29633/Betty-Harris.htm","20090618053916","200"
"http://www.fasterlouder.com.au:80/allabout/artist/29659/The-Kelly-Gang.htm","20090331141218","200"
"http://www.fasterlouder.com.au:80/allabout/artist/29743/Surecut-Kids.htm","20090303135807","200"
"http://www.fasterlouder.com.au:80/allabout/artist/29925/Dan-Auerbach.htm","20090417210459","200"
"http://www.fasterlouder.com.au:80/allabout/artist/29957/Sherlocks-Daughter.htm","20090315042709","200"
"http://www.fasterlouder.com.au:80/allabout/artist/29976/Chocolate-Strings.htm","20090331042702","200"
"http://www.fasterlouder.com.au:80/allabout/artist/29978/The-Nomad.htm","20090331042952","200"
"http://www.fasterlouder.com.au:80/allabout/artist/29979/Rudekat-Soundsystem.htm","20090331042707","200"
"http://www.fasterlouder.com.au:80/allabout/artist/29980/Georgia-Potter.htm","20090331042712","200"
"http://www.fasterlouder.com.au:80/allabout/artist/29981/Zennith.htm","20090331042957","200"
"http://www.fasterlouder.com.au:80/allabout/artist/30053/Jenny-Lewis.htm","20090405045641","200"
"http://www.fasterlouder.com.au:80/allabout/artist/30056/Amanda-Palmer.htm","20090307191626","200"
"http://www.fasterlouder.com.au:80/allabout/artist/30069/Hey-Monday.htm","20090302003232","200"
"http://www.fasterlouder.com.au:80/allabout/artist/30078/Mamie-Minch.htm","20090617021059","200"
"http://www.fasterlouder.com.au:80/allabout/artist/30116/Robert-Forster.htm","20090302021646","200"
"http://www.fasterlouder.com.au:80/allabout/artist/30121/Hey-Monday.htm","20090302022555","200"
"http://www.fasterlouder.com.au:80/allabout/artist/30166/Songs.htm","20090508163016","200"
"http://www.fasterlouder.com.au:80/allabout/artist/3020/Motorhead.htm","20090315053051","200"
"http://www.fasterlouder.com.au:80/allabout/artist/30211/Motley-UK.htm","20090515012404","200"
"http://www.fasterlouder.com.au:80/allabout/artist/30231/Rival-Schools.htm","20090303074929","200"
"http://www.fasterlouder.com.au:80/allabout/artist/30232/Forever-the-Sickest-Kids.htm","20090303075214","200"
"http://www.fasterlouder.com.au:80/allabout/artist/30260/My-Name-4-Your-Name.htm","20090530141812","200"
"http://www.fasterlouder.com.au:80/allabout/artist/30269/The-Rude.htm","20090331043002","200"
"http://www.fasterlouder.com.au:80/allabout/artist/30270/Sunny-Dread.htm","20090331042717","200"
"http://www.fasterlouder.com.au:80/allabout/artist/30271/Apex.htm","20090331042722","200"
"http://www.fasterlouder.com.au:80/allabout/artist/30286/Jane-Gazzo.htm","20090328184414","200"
"http://www.fasterlouder.com.au:80/allabout/artist/30287/","20090329025900","200"
"http://www.fasterlouder.com.au:80/allabout/artist/30287/Ruby-Rose.htm","20090327075526","200"
"http://www.fasterlouder.com.au:80/allabout/artist/30287/secure-au.imrworldwide.com/","20090329030552","200"
"http://www.fasterlouder.com.au:80/allabout/artist/30288/Los-3DJs.htm","20090328184419","200"
"http://www.fasterlouder.com.au:80/allabout/artist/30289/","20090623140623","200"
"http://www.fasterlouder.com.au:80/allabout/artist/30289/Nina-Las-Vegas.htm","20090328185236","200"
"http://www.fasterlouder.com.au:80/allabout/artist/30289/secure-au.imrworldwide.com/","20090623180617","200"
"http://www.fasterlouder.com.au:80/allabout/artist/30290/The-Human-League.htm","20090410143608","200"
"http://www.fasterlouder.com.au:80/allabout/artist/30292/Madness.htm","20090504172740","200"
"http://www.fasterlouder.com.au:80/allabout/artist/30326/-Cilla-Jane.htm","20090502224846","200"
"http://www.fasterlouder.com.au:80/allabout/artist/30396/Hungry-Kids-Of-Hungary.htm","20090403110637","200"
"http://www.fasterlouder.com.au:80/allabout/artist/30463/The-Gun-Street-Girls.htm","20090329032809","200"
"http://www.fasterlouder.com.au:80/allabout/artist/3055/The-Bravery.htm","20090329031028","200"
"http://www.fasterlouder.com.au:80/allabout/artist/30606/Tom-Gabel.htm","20090519162958","200"
"http://www.fasterlouder.com.au:80/allabout/artist/30607/Chuck-Ragan.htm","20090519162501","200"
"http://www.fasterlouder.com.au:80/allabout/artist/30637/Necro.htm","20090630150726","200"
"http://www.fasterlouder.com.au:80/allabout/artist/30653/Gary-Louris.htm","20090525005132","200"
"http://www.fasterlouder.com.au:80/allabout/artist/30654/Mark-Olson.htm","20090523044807","200"
"http://www.fasterlouder.com.au:80/allabout/artist/30722/Samedi-Sound-System.htm","20090331140405","200"
"http://www.fasterlouder.com.au:80/allabout/artist/3073/Daft-Punk.htm","20090303174310","200"
"http://www.fasterlouder.com.au:80/allabout/artist/30731/Nude-DJs.htm","20090420190925","200"
"http://www.fasterlouder.com.au:80/allabout/artist/30815/The-Inspector-Cluzo.htm","20090417210157","200"
"http://www.fasterlouder.com.au:80/allabout/artist/30821/Blame-Ringo.htm","20090504173831","200"
"http://www.fasterlouder.com.au:80/allabout/artist/309/The-Cat-Empire.htm","20090309070756","200"
"http://www.fasterlouder.com.au:80/allabout/artist/30906/Spectrum.htm","20090417210203","200"
"http://www.fasterlouder.com.au:80/allabout/artist/30907/Zappa-Plays-Zappa.htm","20090416012344","200"
"http://www.fasterlouder.com.au:80/allabout/artist/30908/Angelique-Kidjo.htm","20090417205116","200"
"http://www.fasterlouder.com.au:80/allabout/artist/30929/Gutter-Twins-The.htm","20090421163919","200"
"http://www.fasterlouder.com.au:80/allabout/artist/30935/Terrance-Simien.htm","20090501041457","200"
"http://www.fasterlouder.com.au:80/allabout/artist/30936/Blues-Traveler.htm","20090501155822","200"
"http://www.fasterlouder.com.au:80/allabout/artist/30937/Drive-By-Truckers.htm","20090501020448","200"
"http://www.fasterlouder.com.au:80/allabout/artist/30938/Booker-T-Jones.htm","20090501020517","200"
"http://www.fasterlouder.com.au:80/allabout/artist/30969/Ivy.htm","20090424015537","200"
"http://www.fasterlouder.com.au:80/allabout/artist/31136/Ghostface-Killah.htm","20090505221535","200"
"http://www.fasterlouder.com.au:80/allabout/artist/312/The-Spazzys.htm","20090328163419","200"
"http://www.fasterlouder.com.au:80/allabout/artist/3149/Kafka.htm","20090331042727","200"
"http://www.fasterlouder.com.au:80/allabout/artist/31530/Tornts.htm","20090630150731","200"
"http://www.fasterlouder.com.au:80/allabout/artist/31531/BigFoot.htm","20090630150735","200"
"http://www.fasterlouder.com.au:80/allabout/artist/3165/My-Chemical-Romance.htm","20090531051949","200"
"http://www.fasterlouder.com.au:80/allabout/artist/31691/Antagonist-AD.htm","20090628203421","200"
"http://www.fasterlouder.com.au:80/allabout/artist/31702/Dance-Gavin-Dance.htm","20090627154036","200"
"http://www.fasterlouder.com.au:80/allabout/artist/318/The-Cure.htm","20090303075456","200"
"http://www.fasterlouder.com.au:80/allabout/artist/3189/The-Mess-Hall.htm","20090318060502","200"
"http://www.fasterlouder.com.au:80/allabout/artist/3204/M83.htm","20090303134926","200"
"http://www.fasterlouder.com.au:80/allabout/artist/323/Slipknot.htm","20090501041625","200"
"http://www.fasterlouder.com.au:80/allabout/artist/3236/Meshuggah.htm","20090520082315","200"
"http://www.fasterlouder.com.au:80/allabout/artist/3241/Andy-Kent.htm","20090508163018","200"
"http://www.fasterlouder.com.au:80/allabout/artist/3242/Simon-Carter.htm","20090510060136","200"
"http://www.fasterlouder.com.au:80/allabout/artist/326/Blur.htm","20090303074627","200"
"http://www.fasterlouder.com.au:80/allabout/artist/329/Queens-Of-The-Stone-Age.htm","20090403110645","200"
"http://www.fasterlouder.com.au:80/allabout/artist/3291/Jeff-Buckley.htm","20090320003133","200"
"http://www.fasterlouder.com.au:80/allabout/artist/3306/The-Matches.htm","20090402132957","200"
"http://www.fasterlouder.com.au:80/allabout/artist/3325/Midnight-Juggernauts.htm","20090501052623","200"
"http://www.fasterlouder.com.au:80/allabout/artist/3326/Hot-Hot-Heat.htm","20090410130628","200"
"http://www.fasterlouder.com.au:80/allabout/artist/3344/Devo.htm","20090501162828","200"
"http://www.fasterlouder.com.au:80/allabout/artist/3379/The-Hard-Ons.htm","20090323155249","200"
"http://www.fasterlouder.com.au:80/allabout/artist/3390/Kasabian.htm","20090410125411","200"
"http://www.fasterlouder.com.au:80/allabout/artist/3505/Slayer.htm","20090530174220","200"
"http://www.fasterlouder.com.au:80/allabout/artist/3521/Josh-Pyke.htm","20090304040313","200"
"http://www.fasterlouder.com.au:80/allabout/artist/3563/Mudvayne.htm","20090530174448","200"
"http://www.fasterlouder.com.au:80/allabout/artist/3564/Ella-Fitzgerald.htm","20090530174226","200"
"http://www.fasterlouder.com.au:80/allabout/artist/3565/Me-First--The-Gimme-Gimmes.htm","20090530174452","200"
"http://www.fasterlouder.com.au:80/allabout/artist/3624/Sparklehorse.htm","20090409225118","200"
"http://www.fasterlouder.com.au:80/allabout/artist/363/The-Church.htm","20090525110918","200"
"http://www.fasterlouder.com.au:80/allabout/artist/366/","20090601105849","200"
"http://www.fasterlouder.com.au:80/allabout/artist/366/Paul-Kelly.htm","20090504124601","200"
"http://www.fasterlouder.com.au:80/allabout/artist/366/secure-au.imrworldwide.com/","20090601011140","200"
"http://www.fasterlouder.com.au:80/allabout/artist/3682/Ryan-Adams.htm","20090415190219","200"
"http://www.fasterlouder.com.au:80/allabout/artist/3687/Matt-Handley.htm","20090503090250","200"
"http://www.fasterlouder.com.au:80/allabout/artist/3689/Eric-Singer.htm","20090617195002","200"
"http://www.fasterlouder.com.au:80/allabout/artist/37/Pixies.htm","20090414081456","200"
"http://www.fasterlouder.com.au:80/allabout/artist/3772/Young-and-Restless.htm","20090629063348","200"
"http://www.fasterlouder.com.au:80/allabout/artist/3802/","20090602034537","200"
"http://www.fasterlouder.com.au:80/allabout/artist/3802/secure-au.imrworldwide.com/","20090602034540","200"
"http://www.fasterlouder.com.au:80/allabout/artist/3802/Sophie-Koh.htm","20090531172601","200"
"http://www.fasterlouder.com.au:80/allabout/artist/3824/Dropkick-Murphys.htm","20090624014331","200"
"http://www.fasterlouder.com.au:80/allabout/artist/3840/No-Use-For-A-Name.htm","20090328185242","200"
"http://www.fasterlouder.com.au:80/allabout/artist/3845/Tegan-and-Sara.htm","20090329030600","200"
"http://www.fasterlouder.com.au:80/allabout/artist/3846/Bob-Evans.htm","20090524053128","200"
"http://www.fasterlouder.com.au:80/allabout/artist/397/Beastie-Boys.htm","20090513045434","200"
"http://www.fasterlouder.com.au:80/allabout/artist/4049/Louis-XIV.htm","20090402021724","200"
"http://www.fasterlouder.com.au:80/allabout/artist/4084/Holly-Throsby.htm","20090403185427","200"
"http://www.fasterlouder.com.au:80/allabout/artist/4130/Pennywise.htm","20090415184530","200"
"http://www.fasterlouder.com.au:80/allabout/artist/4166/Paul-Mac.htm","20090414133431","200"
"http://www.fasterlouder.com.au:80/allabout/artist/4172/The-Getaway-Plan.htm","20090307191638","200"
"http://www.fasterlouder.com.au:80/allabout/artist/4214/Howling-Bells.htm","20090405060620","200"
"http://www.fasterlouder.com.au:80/allabout/artist/4245/The-Stooges.htm","20090326162156","200"
"http://www.fasterlouder.com.au:80/allabout/artist/427/The-Cops.htm","20090510053955","200"
"http://www.fasterlouder.com.au:80/allabout/artist/4308/Mercury-Records.htm","20090410125111","200"
"http://www.fasterlouder.com.au:80/allabout/artist/4367/The-Bloodhound-Gang.htm","20090410171126","200"
"http://www.fasterlouder.com.au:80/allabout/artist/4420/NOFX.htm","20090513050224","200"
"http://www.fasterlouder.com.au:80/allabout/artist/4422/The-All-American-Rejects.htm","20090228152705","200"
"http://www.fasterlouder.com.au:80/allabout/artist/443/Little-Birdy.htm","20090304035739","200"
"http://www.fasterlouder.com.au:80/allabout/artist/4458/The-Boat-People.htm","20090228071350","200"
"http://www.fasterlouder.com.au:80/allabout/artist/447/The-Pictures.htm","20090329030607","200"
"http://www.fasterlouder.com.au:80/allabout/artist/4539/Death-Cab-For-Cutie.htm","20090413135440","200"
"http://www.fasterlouder.com.au:80/allabout/artist/4599/I-Heart-Hiroshima.htm","20090427180726","200"
"http://www.fasterlouder.com.au:80/allabout/artist/4636/The-John-Butler-Trio.htm","20090615115824","200"
"http://www.fasterlouder.com.au:80/allabout/artist/4674/Alice-In-Chains.htm","20090303075501","200"
"http://www.fasterlouder.com.au:80/allabout/artist/4707/The-Exploders.htm","20090329030615","200"
"http://www.fasterlouder.com.au:80/allabout/artist/472/Evan-Dando.htm","20090619122252","200"
"http://www.fasterlouder.com.au:80/allabout/artist/4737/Children-Collide.htm","20090320075138","200"
"http://www.fasterlouder.com.au:80/allabout/artist/4759/Tex-Perkins.htm","20090506142132","200"
"http://www.fasterlouder.com.au:80/allabout/artist/476/Grinspoon.htm","20090426003311","200"
"http://www.fasterlouder.com.au:80/allabout/artist/4867/Earth-Crisis.htm","20090628203428","200"
"http://www.fasterlouder.com.au:80/allabout/artist/4920/My-Disco.htm","20090329032817","200"
"http://www.fasterlouder.com.au:80/allabout/artist/4948/Faith-No-More.htm","20090303174316","200"
"http://www.fasterlouder.com.au:80/allabout/artist/5052/Elbow.htm","20090402021731","200"
"http://www.fasterlouder.com.au:80/allabout/artist/5066/Propagandhi.htm","20090508102802","200"
"http://www.fasterlouder.com.au:80/allabout/artist/507/Incubus.htm","20090624231802","200"
"http://www.fasterlouder.com.au:80/allabout/artist/5087/Air.htm","20090403110652","200"
"http://www.fasterlouder.com.au:80/allabout/artist/510/Kisschasy.htm","20090313012815","200"
"http://www.fasterlouder.com.au:80/allabout/artist/516/Placebo.htm","20090423113001","200"
"http://www.fasterlouder.com.au:80/allabout/artist/5192/The-Bamboos.htm","20090501150520","200"
"http://www.fasterlouder.com.au:80/allabout/artist/5207/King-Curly.htm","20090506143018","200"
"http://www.fasterlouder.com.au:80/allabout/artist/522/Gyroscope.htm","20090311011942","200"
"http://www.fasterlouder.com.au:80/allabout/artist/5225/Dew-ProcessUniversal-Music.htm","20090513045436","200"
"http://www.fasterlouder.com.au:80/allabout/artist/524/Mike-Patton.htm","20090624045113","200"
"http://www.fasterlouder.com.au:80/allabout/artist/5271/Regular-John.htm","20090315053057","200"
"http://www.fasterlouder.com.au:80/allabout/artist/53/Nine-Inch-Nails.htm","20090323155305","200"
"http://www.fasterlouder.com.au:80/allabout/artist/5310/Sony-BMG.htm","20090501161534","200"
"http://www.fasterlouder.com.au:80/allabout/artist/535/Eskimo-Joe.htm","20090310180149","200"
"http://www.fasterlouder.com.au:80/allabout/artist/5479/Van-She.htm","20090313015514","200"
"http://www.fasterlouder.com.au:80/allabout/artist/5571/The-Subways.htm","20090303200500","200"
"http://www.fasterlouder.com.au:80/allabout/artist/5590/Dallas-Green.htm","20090422053849","200"
"http://www.fasterlouder.com.au:80/allabout/artist/5591/City--Colour.htm","20090421165351","200"
"http://www.fasterlouder.com.au:80/allabout/artist/5626/The-Zutons.htm","20090413130012","200"
"http://www.fasterlouder.com.au:80/allabout/artist/5726/Kato.htm","20090328185248","200"
"http://www.fasterlouder.com.au:80/allabout/artist/5753/Pnau.htm","20090501134402","200"
"http://www.fasterlouder.com.au:80/allabout/artist/5796/Mogwai.htm","20090313015519","200"
"http://www.fasterlouder.com.au:80/allabout/artist/5800/Danger-Mouse.htm","20090409185924","200"
"http://www.fasterlouder.com.au:80/allabout/artist/5825/Fall-Out-Boy.htm","20090228071352","200"
"http://www.fasterlouder.com.au:80/allabout/artist/5848/Bad-Religion.htm","20090618053923","200"
"http://www.fasterlouder.com.au:80/allabout/artist/5900/Clap-Your-Hands-Say-Yeah.htm","20090531115957","200"
"http://www.fasterlouder.com.au:80/allabout/artist/596/Blink-182.htm","20090519055251","200"
"http://www.fasterlouder.com.au:80/allabout/artist/6006/Bluejuice.htm","20090315092328","200"
"http://www.fasterlouder.com.au:80/allabout/artist/617/The-Casanovas.htm","20090328185254","200"
"http://www.fasterlouder.com.au:80/allabout/artist/618/Rubber-Records.htm","20090330054338","200"
"http://www.fasterlouder.com.au:80/allabout/artist/619/Endusk.htm","20090302040952","200"
"http://www.fasterlouder.com.au:80/allabout/artist/6236/Jose-Gonzales.htm","20090531132723","200"
"http://www.fasterlouder.com.au:80/allabout/artist/6246/Andrew-Morris.htm","20090303075513","200"
"http://www.fasterlouder.com.au:80/allabout/artist/6251/Bliss-n-Eso.htm","20090619153956","200"
"http://www.fasterlouder.com.au:80/allabout/artist/6256/teenagersintokyo.htm","20090412102338","200"
"http://www.fasterlouder.com.au:80/allabout/artist/627/Sonic-Youth.htm","20090413130020","200"
"http://www.fasterlouder.com.au:80/allabout/artist/6291/Warhorse.htm","20090315043927","200"
"http://www.fasterlouder.com.au:80/allabout/artist/6311/The-Seabellies.htm","20090512021621","200"
"http://www.fasterlouder.com.au:80/allabout/artist/6315/The-Gingers.htm","20090529023228","200"
"http://www.fasterlouder.com.au:80/allabout/artist/6446/Staind.htm","20090630150742","200"
"http://www.fasterlouder.com.au:80/allabout/artist/6504/Young--Restless.htm","20090524212303","200"
"http://www.fasterlouder.com.au:80/allabout/artist/6548/Yeah-Yeah-Yeahs.htm","20090330051619","200"
"http://www.fasterlouder.com.au:80/allabout/artist/6553/Mammal.htm","20090621121610","200"
"http://www.fasterlouder.com.au:80/allabout/artist/660/Rose-Tattoo.htm","20090513045442","200"
"http://www.fasterlouder.com.au:80/allabout/artist/6626/Phoenix.htm","20090410143614","200"
"http://www.fasterlouder.com.au:80/allabout/artist/6654/Underoath.htm","20090303074634","200"
"http://www.fasterlouder.com.au:80/allabout/artist/667/Magic-Dirt.htm","20090330053346","200"
"http://www.fasterlouder.com.au:80/allabout/artist/671/Jebediah.htm","20090224175042","200"
"http://www.fasterlouder.com.au:80/allabout/artist/6719/Brian-Richie.htm","20090517091019","200"
"http://www.fasterlouder.com.au:80/allabout/artist/6720/The-Mysterious-Green-Mist.htm","20090517091057","200"
"http://www.fasterlouder.com.au:80/allabout/artist/6752/Illicit-Records.htm","20090531131927","200"
"http://www.fasterlouder.com.au:80/allabout/artist/6789/Angus-and-Julia-Stone.htm","20090306073703","200"
"http://www.fasterlouder.com.au:80/allabout/artist/679/Epicure.htm","20090524005219","200"
"http://www.fasterlouder.com.au:80/allabout/artist/6807/Yes-Nukes.htm","20090529050610","200"
"http://www.fasterlouder.com.au:80/allabout/artist/6884/Icehouse.htm","20090318103216","200"
"http://www.fasterlouder.com.au:80/allabout/artist/690/Lucinda-Williams.htm","20090501042358","200"
"http://www.fasterlouder.com.au:80/allabout/artist/6946/Streetlight.htm","20090510053959","200"
"http://www.fasterlouder.com.au:80/allabout/artist/7000/Sydonia.htm","20090506142136","200"
"http://www.fasterlouder.com.au:80/allabout/artist/7009/Kanye-West.htm","20090501045225","200"
"http://www.fasterlouder.com.au:80/allabout/artist/7169/This-War.htm","20090529050615","200"
"http://www.fasterlouder.com.au:80/allabout/artist/7188/Blue-King-Brown.htm","20090618160235","200"
"http://www.fasterlouder.com.au:80/allabout/artist/722/The-Brian-Jonestown-Massacre.htm","20090329225713","200"
"http://www.fasterlouder.com.au:80/allabout/artist/7279/Beyonce.htm","20090410124823","200"
"http://www.fasterlouder.com.au:80/allabout/artist/7295/Birds-of-Tokyo.htm","20090512021630","200"
"http://www.fasterlouder.com.au:80/allabout/artist/7298/The-Young-and-the-Restless.htm","20090315092330","200"
"http://www.fasterlouder.com.au:80/allabout/artist/73/The-Living-End.htm","20090318053338","200"
"http://www.fasterlouder.com.au:80/allabout/artist/7331/Zakk-Wyldes-Black-Label-Society.htm","20090317220111","200"
"http://www.fasterlouder.com.au:80/allabout/artist/74/The-Vines.htm","20090618053944","200"
"http://www.fasterlouder.com.au:80/allabout/artist/7467/Built-to-Spill.htm","20090329225719","200"
"http://www.fasterlouder.com.au:80/allabout/artist/7485/Battles.htm","20090501162835","200"
"http://www.fasterlouder.com.au:80/allabout/artist/7490/Cannibal-Corpse.htm","20090513045446","200"
"http://www.fasterlouder.com.au:80/allabout/artist/75/Jet.htm","20090318062330","200"
"http://www.fasterlouder.com.au:80/allabout/artist/7501/Quiet-Child.htm","20090516113352","200"
"http://www.fasterlouder.com.au:80/allabout/artist/7513/The-Hoodoo-Gurus.htm","20090304033743","200"
"http://www.fasterlouder.com.au:80/allabout/artist/7526/Jack-Ladder.htm","20090619133141","200"
"http://www.fasterlouder.com.au:80/allabout/artist/7539/Grizzly-Bear.htm","20090524053130","200"
"http://www.fasterlouder.com.au:80/allabout/artist/7558/James-Morrison.htm","20090403053755","200"
"http://www.fasterlouder.com.au:80/allabout/artist/7684/Michael-Franti--Spearhead.htm","20090417205754","200"
"http://www.fasterlouder.com.au:80/allabout/artist/7747/The-Lemonheads.htm","20090619131217","200"
"http://www.fasterlouder.com.au:80/allabout/artist/783/Day-Of-Contempt.htm","20090628203435","200"
"http://www.fasterlouder.com.au:80/allabout/artist/7860/Juke-Kartel.htm","20090420190937","200"
"http://www.fasterlouder.com.au:80/allabout/artist/7889/","20090606001030","200"
"http://www.fasterlouder.com.au:80/allabout/artist/7889/secure-au.imrworldwide.com/","20090610030704","200"
"http://www.fasterlouder.com.au:80/allabout/artist/7909/The-Basics.htm","20090329030623","200"
"http://www.fasterlouder.com.au:80/allabout/artist/791/Franz-Ferdinand.htm","20090315042714","200"
"http://www.fasterlouder.com.au:80/allabout/artist/7942/The-Dukes-of-Windsor.htm","20090303135810","200"
"http://www.fasterlouder.com.au:80/allabout/artist/7944/Violent-Soho.htm","20090330042020","200"
"http://www.fasterlouder.com.au:80/allabout/artist/7981/Cry-Murder.htm","20090403053759","200"
"http://www.fasterlouder.com.au:80/allabout/artist/7992/Witch-Hats.htm","20090504171824","200"
"http://www.fasterlouder.com.au:80/allabout/artist/8094/The-Black-Sorrows.htm","20090609094104","200"
"http://www.fasterlouder.com.au:80/allabout/artist/8117/The-Temper-Trap.htm","20090425092749","200"
"http://www.fasterlouder.com.au:80/allabout/artist/8243/Easy-Star-All-Stars.htm","20090504173359","200"
"http://www.fasterlouder.com.au:80/allabout/artist/8254/Klaxons.htm","20090313015530","200"
"http://www.fasterlouder.com.au:80/allabout/artist/8277/Eddy-Current-Suppression-Ring.htm","20090402021736","200"
"http://www.fasterlouder.com.au:80/allabout/artist/8316/Kylie-Minogue.htm","20090328045238","200"
"http://www.fasterlouder.com.au:80/allabout/artist/8357/Operator-Please.htm","20090501165458","200"
"http://www.fasterlouder.com.au:80/allabout/artist/836/Faker.htm","20090501135210","200"
"http://www.fasterlouder.com.au:80/allabout/artist/8394/Arcade-Fire.htm","20090512021635","200"
"http://www.fasterlouder.com.au:80/allabout/artist/8422/Band-of-Horses.htm","20090501135214","200"
"http://www.fasterlouder.com.au:80/allabout/artist/843/Hellcat-Records.htm","20090625040703","200"
"http://www.fasterlouder.com.au:80/allabout/artist/8438/Fat-Freddys-Drop.htm","20090331102246","200"
"http://www.fasterlouder.com.au:80/allabout/artist/8454/Fishbone.htm","20090416012353","200"
"http://www.fasterlouder.com.au:80/allabout/artist/8457/Jenny-Wilson.htm","20090412101514","200"
"http://www.fasterlouder.com.au:80/allabout/artist/8463/Groove-Armada.htm","20090410082910","200"
"http://www.fasterlouder.com.au:80/allabout/artist/8479/secure-au.imrworldwide.com/","20090226094357","200"
"http://www.fasterlouder.com.au:80/allabout/artist/8479/Sneaky-Sound-System.htm","20090327235939","200"
"http://www.fasterlouder.com.au:80/allabout/artist/8479/?city=1","20090226094053","200"
"http://www.fasterlouder.com.au:80/allabout/artist/8479/?city=2","20090226095048","200"
"http://www.fasterlouder.com.au:80/allabout/artist/8479/?city=3","20090226090144","200"
"http://www.fasterlouder.com.au:80/allabout/artist/8479/?city=4","20090226094102","200"
"http://www.fasterlouder.com.au:80/allabout/artist/8479/?city=5","20090226094859","200"
"http://www.fasterlouder.com.au:80/allabout/artist/8479/?city=6","20090226094904","200"
"http://www.fasterlouder.com.au:80/allabout/artist/8527/","20090629003410","200"
"http://www.fasterlouder.com.au:80/allabout/artist/8527/Matt-Blackman.htm","20090627101149","200"
"http://www.fasterlouder.com.au:80/allabout/artist/8527/secure-au.imrworldwide.com/","20090629003426","200"
"http://www.fasterlouder.com.au:80/allabout/artist/8538/MM9.htm","20090628172322","200"
"http://www.fasterlouder.com.au:80/allabout/artist/8606/The-Angels.htm","20090306220031","200"
"http://www.fasterlouder.com.au:80/allabout/artist/8636/Abbe-May-and-the-Rockin-Pneumonia.htm","20090624145702","200"
"http://www.fasterlouder.com.au:80/allabout/artist/8638/KING-TIDE.htm","20090224175128","200"
"http://www.fasterlouder.com.au:80/allabout/artist/8692/The-Punisherz.htm","20090403185559","200"
"http://www.fasterlouder.com.au:80/allabout/artist/8694/Kill-Teen-Angst.htm","20090313070059","200"
"http://www.fasterlouder.com.au:80/allabout/artist/8724/Yves-Klein-Blue.htm","20090314031552","200"
"http://www.fasterlouder.com.au:80/allabout/artist/873/Tom-Waits.htm","20090519152956","200"
"http://www.fasterlouder.com.au:80/allabout/artist/8857/Dallas-Frasca.htm","20090311233916","200"
"http://www.fasterlouder.com.au:80/allabout/artist/8861/The-Bird.htm","20090331042734","200"
"http://www.fasterlouder.com.au:80/allabout/artist/888/The-Spazzys.htm","20090502021503","200"
"http://www.fasterlouder.com.au:80/allabout/artist/8898/Dulli-Greg.htm","20090501042406","200"
"http://www.fasterlouder.com.au:80/allabout/artist/8912/Whitley.htm","20090603172553","200"
"http://www.fasterlouder.com.au:80/allabout/artist/892/Island-Records.htm","20090523044813","200"
"http://www.fasterlouder.com.au:80/allabout/artist/8930/Twilight-Singers-The.htm","20090501170459","200"
"http://www.fasterlouder.com.au:80/allabout/artist/8937/Oh-Mercy.htm","20090603175403","200"
"http://www.fasterlouder.com.au:80/allabout/artist/8964/The-Dairy-Brothers.htm","20090521212736","200"
"http://www.fasterlouder.com.au:80/allabout/artist/8975/The-Winnie-Coopers.htm","20090303135814","200"
"http://www.fasterlouder.com.au:80/allabout/artist/900/Goldfrapp.htm","20090307195624","200"
"http://www.fasterlouder.com.au:80/allabout/artist/91/The-Strokes.htm","20090409224153","200"
"http://www.fasterlouder.com.au:80/allabout/artist/9107/Grassroots-Street-Orchestra.htm","20090331140758","200"
"http://www.fasterlouder.com.au:80/allabout/artist/9197/New-Found-Glory.htm","20090303075220","200"
"http://www.fasterlouder.com.au:80/allabout/artist/93/Janes-Addiction.htm","20090628141044","200"
"http://www.fasterlouder.com.au:80/allabout/artist/933/The-Daisycutters.htm","20090404134605","200"
"http://www.fasterlouder.com.au:80/allabout/artist/9375/The-Fratellis.htm","20090501165504","200"
"http://www.fasterlouder.com.au:80/allabout/artist/9383/36-Crazyfists.htm","20090303074934","200"
"http://www.fasterlouder.com.au:80/allabout/artist/9437/Cold-War-Kids.htm","20090501170036","200"
"http://www.fasterlouder.com.au:80/allabout/artist/9497/The-Dead-Farmers.htm","20090516113355","200"
"http://www.fasterlouder.com.au:80/allabout/artist/951/Trent-Reznor.htm","20090617023152","200"
"http://www.fasterlouder.com.au:80/allabout/artist/9519/Eugene-Hideaway-Bridges.htm","20090501165506","200"
"http://www.fasterlouder.com.au:80/allabout/artist/9579/Afro-Dizzi-Act.htm","20090331042739","200"
"http://www.fasterlouder.com.au:80/allabout/artist/958/The-Panics.htm","20090501134411","200"
"http://www.fasterlouder.com.au:80/allabout/artist/967/Gomez.htm","20090315045439","200"
"http://www.fasterlouder.com.au:80/allabout/artist/9670/Nuclear-BlastRiot.htm","20090523081440","200"
"http://www.fasterlouder.com.au:80/allabout/artist/9684/Astreetlightsong.htm","20090323085341","200"
"http://www.fasterlouder.com.au:80/allabout/artist/979/Powderfinger.htm","20090228071400","200"
"http://www.fasterlouder.com.au:80/allabout/artist/9891/Armen-Firman.htm","20090615032355","200"
"http://www.fasterlouder.com.au:80/allabout/artist/9931/The-John-Steel-Singers.htm","20090228070524","200"
"http://www.fasterlouder.com.au:80/allabout/artist/A","20090625023134","200"
"http://www.fasterlouder.com.au:80/allabout/artist/S","20090328035009","200"
"http://www.fasterlouder.com.au:80/allabout/eventname/10026/","20090531122427","200"
"http://www.fasterlouder.com.au:80/allabout/eventname/10026/Coaster-Festival.htm","20090530023327","200"
"http://www.fasterlouder.com.au:80/allabout/eventname/10026/secure-au.imrworldwide.com/","20090531132155","200"
"http://www.fasterlouder.com.au:80/allabout/eventname/10026/?city=3","20090531120001","200"
"http://www.fasterlouder.com.au:80/allabout/eventname/10026/?city=6","20090531120006","200"
"http://www.fasterlouder.com.au:80/allabout/eventname/10059/Byron-Bay-Arts-and-Music-Festival.htm","20090321072638","200"
"http://www.fasterlouder.com.au:80/allabout/eventname/10105/Craving-Music.htm","20090609145440","200"
"http://www.fasterlouder.com.au:80/allabout/eventname/10127/Sunset-Sounds.htm","20090302022011","200"
"http://www.fasterlouder.com.au:80/allabout/eventname/10179/Transmission-LIVE.htm","20090630181042","200"
"http://www.fasterlouder.com.au:80/allabout/eventname/10298/Australian-Air-Guitar-Championships.htm","20090228065144","200"
"http://www.fasterlouder.com.au:80/allabout/eventname/10299/Fire--Flood-Charity-Concert.htm","20090226095052","200"
"http://www.fasterlouder.com.au:80/allabout/eventname/10303/Sound_Relief","20090321080216","200"
"http://www.fasterlouder.com.au:80/allabout/eventname/10305/Live-at-the-Zoo.htm","20090421105850","200"
"http://www.fasterlouder.com.au:80/allabout/eventname/2077/Falls-Festival.htm","20090302021400","200"
"http://www.fasterlouder.com.au:80/allabout/eventname/2078/Big-Day-Out.htm","20090528021358","200"
"http://www.fasterlouder.com.au:80/allabout/eventname/2481/East_Coast_Blues_and_Roots_Festival","20090427180108","200"
"http://www.fasterlouder.com.au:80/allabout/eventname/2494/Metal-For-The-Brain.htm","20090306073844","200"
"http://www.fasterlouder.com.au:80/allabout/eventname/316/Coachella.htm","20090414142314","200"
"http://www.fasterlouder.com.au:80/allabout/eventname/3243/Purple-Sneakers.htm","20090516090743","200"
"http://www.fasterlouder.com.au:80/allabout/eventname/4429/All-Tomorrows-Parties.htm","20090402133005","200"
"http://www.fasterlouder.com.au:80/allabout/eventname/4687/Southbound-Festival.htm","20090302021654","200"
"http://www.fasterlouder.com.au:80/allabout/eventname/5686/Groovin-The-Moo-Festival.htm","20090511010147","200"
"http://www.fasterlouder.com.au:80/allabout/eventname/5755/V_Festival","20090315042736","200"
"http://www.fasterlouder.com.au:80/allabout/eventname/5898/sxsw.htm","20090330053349","200"
"http://www.fasterlouder.com.au:80/allabout/eventname/5927/The-Essential-Festival.htm","20090524212306","200"
"http://www.fasterlouder.com.au:80/allabout/eventname/8275/Soundwave-Festival.htm","20090409142508","200"
"http://www.fasterlouder.com.au:80/allabout/eventname/8892/Playground-Weekender.htm","20090314024546","200"
"http://www.fasterlouder.com.au:80/allabout/eventname/8979/youth-group.htm","20090413135448","200"
"http://www.fasterlouder.com.au:80/allabout/eventname/9377/","20090318040620","200"
"http://www.fasterlouder.com.au:80/allabout/eventname/9377/Adelaide-Fringe.htm","20090304120421","200"
"http://www.fasterlouder.com.au:80/allabout/eventname/9377/secure-au.imrworldwide.com/","20090318070333","200"
"http://www.fasterlouder.com.au:80/allabout/eventname/978/APRA-Awards.htm","20090629083015","200"
"http://www.fasterlouder.com.au:80/allabout/eventname/A","20090625023138","200"
"http://www.fasterlouder.com.au:80/allabout/keyword/548/","20090526062208","200"
"http://www.fasterlouder.com.au:80/allabout/keyword/548/emo.htm","20090621071155","200"
"http://www.fasterlouder.com.au:80/allabout/keyword/548/secure-au.imrworldwide.com/","20090604133257","200"
"http://www.fasterlouder.com.au:80/allabout/label/1249/Remote-Control.htm","20090603152144","200"
"http://www.fasterlouder.com.au:80/allabout/label/1378/Aloha-Records.htm?","20090322070802","200"
"http://www.fasterlouder.com.au:80/allabout/label/1410/Warp-Records.htm","20090604132004","200"
"http://www.fasterlouder.com.au:80/allabout/label/1632/Warner-Music-Australia.htm","20090329225728","200"
"http://www.fasterlouder.com.au:80/allabout/label/1778/Shock-Records.htm","20090413135454","200"
"http://www.fasterlouder.com.au:80/allabout/label/1789/Below-Par-Records.htm","20090317004552","200"
"http://www.fasterlouder.com.au:80/allabout/label/1840/Inertia.htm","20090604140433","200"
"http://www.fasterlouder.com.au:80/allabout/label/2019/Suicidal-Records.htm","20090622193724","200"
"http://www.fasterlouder.com.au:80/allabout/label/3712/Loose-Music.htm","20090320080017","200"
"http://www.fasterlouder.com.au:80/allabout/label/5310/Sony-BMG.htm","20090531131940","200"
"http://www.fasterlouder.com.au:80/allabout/label/6752/Illicit-Records.htm","20090604144929","200"
"http://www.fasterlouder.com.au:80/allabout/label/843/Hellcat-Records.htm","20090624092201","200"
"http://www.fasterlouder.com.au:80/allabout/label/892/Island-Records.htm","20090605225252","200"
"http://www.fasterlouder.com.au:80/allabout/label/9670/Nuclear-BlastRiot.htm","20090604132012","200"
"http://www.fasterlouder.com.au:80/allabout/label/A","20090625214154","200"
"http://www.fasterlouder.com.au:80/allabout/promoter/10225/Feel-Presents.htm","20090313015305","200"
"http://www.fasterlouder.com.au:80/allabout/promoter/1203/FBi.htm","20090313015531","200"
"http://www.fasterlouder.com.au:80/allabout/promoter/1289/RTRfm.htm","20090313070101","200"
"http://www.fasterlouder.com.au:80/allabout/promoter/1517/Secret-Sounds.htm","20090328134731","200"
"http://www.fasterlouder.com.au:80/allabout/promoter/419/Blue-Murder.htm","20090520082317","200"
"http://www.fasterlouder.com.au:80/allabout/promoter/640/Frontier-Touring-Co.htm","20090403053802","200"
"http://www.fasterlouder.com.au:80/allabout/promoter/640/Frontier_Touring_Co","20090308050612","200"
"http://www.fasterlouder.com.au:80/allabout/promoter/650/Falls-Festival.htm","20090502183601","200"
"http://www.fasterlouder.com.au:80/allabout/promoter/7064/Modular-Touring.htm","20090313070106","200"
"http://www.fasterlouder.com.au:80/allabout/promoter/7504/Monster-Management.htm","20090327125230","200"
"http://www.fasterlouder.com.au:80/allabout/promoter/9433/Quiksilver","20090321205555","200"
"http://www.fasterlouder.com.au:80/allabout/promoter/9936/Artrage.htm","20090313070111","200"
"http://www.fasterlouder.com.au:80/allabout/venue/1092/Macquarie-University-SAM-bar.htm","20090226222612","200"
"http://www.fasterlouder.com.au:80/allabout/venue/1145/Manning_Bar","20090522011533","200"
"http://www.fasterlouder.com.au:80/allabout/venue/1442/The-Palace.htm","20090624193111","200"
"http://www.fasterlouder.com.au:80/allabout/venue/1442/The_Palace","20090624081927","200"
"http://www.fasterlouder.com.au:80/allabout/venue/1558/Spectrum.htm","20090525005142","200"
"http://www.fasterlouder.com.au:80/allabout/venue/17/Metro-Theatre.htm","20090515104759","200"
"http://www.fasterlouder.com.au:80/allabout/venue/17/Metro_Theatre","20090228013554","200"
"http://www.fasterlouder.com.au:80/allabout/venue/1866/Evelyn-Hotel.htm","20090330225147","200"
"http://www.fasterlouder.com.au:80/allabout/venue/1880/The_Basement","20090515030951","200"
"http://www.fasterlouder.com.au:80/allabout/venue/1916/The_Troubadour","20090316164609","200"
"http://www.fasterlouder.com.au:80/allabout/venue/2195/The_Domain","20090604132853","200"
"http://www.fasterlouder.com.au:80/allabout/venue/2285/","20090606092614","200"
"http://www.fasterlouder.com.au:80/allabout/venue/2285/Metro_City","20090330061151","200"
"http://www.fasterlouder.com.au:80/allabout/venue/2285/secure-au.imrworldwide.com/","20090606124510","200"
"http://www.fasterlouder.com.au:80/allabout/venue/2304/The-Rev.htm","20090313012458","200"
"http://www.fasterlouder.com.au:80/allabout/venue/2524/Sydney-Cricket-Ground.htm","20090531051156","200"
"http://www.fasterlouder.com.au:80/allabout/venue/2534/Sydney-Opera-House.htm","20090313015318","200"
"http://www.fasterlouder.com.au:80/allabout/venue/2534/Sydney_Opera_House","20090607003900","200"
"http://www.fasterlouder.com.au:80/allabout/venue/2624/Northcote-Social-Club.htm","20090524005233","200"
"http://www.fasterlouder.com.au:80/allabout/venue/2624/Northcote_Social_Club","20090524053241","200"
"http://www.fasterlouder.com.au:80/allabout/venue/2658/University-of-Canberra-Refractory.htm","20090306034508","200"
"http://www.fasterlouder.com.au:80/allabout/venue/2903/Brisbane_Powerhouse","20090315045443","200"
"http://www.fasterlouder.com.au:80/allabout/venue/2979/Cockatoo_Island","20090515174320","200"
"http://www.fasterlouder.com.au:80/allabout/venue/302/The-Gaelic-Club.htm","20090605073525","200"
"http://www.fasterlouder.com.au:80/allabout/venue/3086/Centennial-Park.htm","20090404134601","200"
"http://www.fasterlouder.com.au:80/allabout/venue/3086/Centennial_Park","20090403190005","200"
"http://www.fasterlouder.com.au:80/allabout/venue/3130/The-Jubilee-Hotel.htm","20090228064832","200"
"http://www.fasterlouder.com.au:80/allabout/venue/3195/The_Factory","20090604140006","200"
"http://www.fasterlouder.com.au:80/allabout/venue/3200/","20090610030321","200"
"http://www.fasterlouder.com.au:80/allabout/venue/3200/UNSW-Roundhouse.htm","20090520082339","200"
"http://www.fasterlouder.com.au:80/allabout/venue/3200/UNSW_Roundhouse","20090518193440","200"
"http://www.fasterlouder.com.au:80/allabout/venue/3380/Wollongong-Entertainment-Centre.htm","20090513045453","200"
"http://www.fasterlouder.com.au:80/allabout/venue/347/The-Esplanade-Hotel.htm","20090617023205","200"
"http://www.fasterlouder.com.au:80/allabout/venue/3763/Caringbah-Bizzos.htm","20090505170658","200"
"http://www.fasterlouder.com.au:80/allabout/venue/3936/The-Tivoli.htm","20090617023229","200"
"http://www.fasterlouder.com.au:80/allabout/venue/3936/The_Tivoli","20090315092349","200"
"http://www.fasterlouder.com.au:80/allabout/venue/4031/The-Forum-Theatre.htm","20090511060234","200"
"http://www.fasterlouder.com.au:80/allabout/venue/4031/The_Forum_Theatre","20090515174331","200"
"http://www.fasterlouder.com.au:80/allabout/venue/4086/Rubys-Lounge.htm","20090328163449","200"
"http://www.fasterlouder.com.au:80/allabout/venue/409/The_Hopetoun_Hotel","20090611182557","200"
"http://www.fasterlouder.com.au:80/allabout/venue/4123/The-Palais-Theatre.htm","20090303075229","200"
"http://www.fasterlouder.com.au:80/allabout/venue/4123/The_Palais_Theatre","20090318113947","200"
"http://www.fasterlouder.com.au:80/allabout/venue/4216/","20090516113406","200"
"http://www.fasterlouder.com.au:80/allabout/venue/4216/Club-77.htm","20090511060238","200"
"http://www.fasterlouder.com.au:80/allabout/venue/4216/secure-au.imrworldwide.com/","20090605142808","200"
"http://www.fasterlouder.com.au:80/allabout/venue/44/Annandale-Hotel.htm","20090315093224","200"
"http://www.fasterlouder.com.au:80/allabout/venue/44/Annandale_Hotel","20090317004620","200"
"http://www.fasterlouder.com.au:80/allabout/venue/440/The-Metro-Theatre.htm","20090515013056","200"
"http://www.fasterlouder.com.au:80/allabout/venue/440/The_Metro_Theatre","20090621091522","200"
"http://www.fasterlouder.com.au:80/allabout/venue/463/The-Zoo.htm","20090516042847","200"
"http://www.fasterlouder.com.au:80/allabout/venue/463/The_Zoo","20090313145059","200"
"http://www.fasterlouder.com.au:80/allabout/venue/518/Rod-Laver-Arena.htm","20090313015538","200"
"http://www.fasterlouder.com.au:80/allabout/venue/5484/The_Judith_Wright_Centre","20090318042625","200"
"http://www.fasterlouder.com.au:80/allabout/venue/5532/","20090409185932","200"
"http://www.fasterlouder.com.au:80/allabout/venue/5532/secure-au.imrworldwide.com/","20090409185950","200"
"http://www.fasterlouder.com.au:80/allabout/venue/5532/Selinas-Coogee-Bay-Hotel.htm","20090404032212","200"
"http://www.fasterlouder.com.au:80/allabout/venue/5689/Rosemount-Hotel.htm","20090415185358","200"
"http://www.fasterlouder.com.au:80/allabout/venue/6199/UCU-Bar.htm","20090306034236","200"
"http://www.fasterlouder.com.au:80/allabout/venue/6376/Adelaide-Entertainment-Centre.htm","20090301205441","200"
"http://www.fasterlouder.com.au:80/allabout/venue/6376/Adelaide_Entertainment_Centre","20090321063627","200"
"http://www.fasterlouder.com.au:80/allabout/venue/638/","20090604124527","200"
"http://www.fasterlouder.com.au:80/allabout/venue/638/Hordern-Pavilion.htm","20090308050624","200"
"http://www.fasterlouder.com.au:80/allabout/venue/638/Hordern_Pavilion","20090523053616","200"
"http://www.fasterlouder.com.au:80/allabout/venue/638/secure-au.imrworldwide.com/","20090604140016","200"
"http://www.fasterlouder.com.au:80/allabout/venue/6394/The-Governor-Hindmarsh.htm","20090502224030","200"
"http://www.fasterlouder.com.au:80/allabout/venue/654320793/East_Brunswick_Club","20090318035554","200"
"http://www.fasterlouder.com.au:80/allabout/venue/654321291/The_World_Bar","20090515174334","200"
"http://www.fasterlouder.com.au:80/allabout/venue/654321318/The-Toff-In-Town.htm","20090303075235","200"
"http://www.fasterlouder.com.au:80/allabout/venue/654321377/","20090311011947","200"
"http://www.fasterlouder.com.au:80/allabout/venue/654321377/Epping-Memorial-Hall.htm","20090306073252","200"
"http://www.fasterlouder.com.au:80/allabout/venue/654321377/Epping_Memorial_Hall","20090405062203","200"
"http://www.fasterlouder.com.au:80/allabout/venue/654321377/secure-au.imrworldwide.com/","20090318060508","200"
"http://www.fasterlouder.com.au:80/allabout/venue/654321899/Northcote-Town-Hall.htm","20090329031032","200"
"http://www.fasterlouder.com.au:80/allabout/venue/654321957/Abercrombie-Hotel.htm","20090524004936","200"
"http://www.fasterlouder.com.au:80/allabout/venue/654321957/Abercrombie_Hotel","20090524053245","200"
"http://www.fasterlouder.com.au:80/allabout/venue/654322077/Gaelic_Theatre","20090318222417","200"
"http://www.fasterlouder.com.au:80/allabout/venue/654322149/The_Step_Inn","20090315053102","200"
"http://www.fasterlouder.com.au:80/allabout/venue/654322225/Phoenix","20090515031006","200"
"http://www.fasterlouder.com.au:80/allabout/venue/654322334/The_Oxford_Art_Factory","20090515031029","200"
"http://www.fasterlouder.com.au:80/allabout/venue/654322335/Oxford-Art-Factory.htm","20090303231340","200"
"http://www.fasterlouder.com.au:80/allabout/venue/654322335/Oxford_Art_Factory","20090303154745","200"
"http://www.fasterlouder.com.au:80/allabout/venue/654322357/Amplifier-Bar.htm","20090327125244","200"
"http://www.fasterlouder.com.au:80/allabout/venue/654322357/Amplifier_Bar","20090327125306","200"
"http://www.fasterlouder.com.au:80/allabout/venue/654322562/Club-Capitol.htm","20090415190233","200"
"http://www.fasterlouder.com.au:80/allabout/venue/654322664/Rosies","20090318062933","200"
"http://www.fasterlouder.com.au:80/allabout/venue/654322722/-The-Abercrombie-hotel.htm","20090328185304","200"
"http://www.fasterlouder.com.au:80/allabout/venue/654322722/_The_Abercrombie_hotel","20090329031037","200"
"http://www.fasterlouder.com.au:80/allabout/venue/654323449/City_Recital_Hall","20090515174339","200"
"http://www.fasterlouder.com.au:80/allabout/venue/654324157/The-Bridgeway-Hotel.htm","20090524053136","200"
"http://www.fasterlouder.com.au:80/allabout/venue/654324358/Edinburgh-Castle-Hotel.htm","20090325084542","200"
"http://www.fasterlouder.com.au:80/allabout/venue/654324358/Edinburgh_Castle_Hotel","20090330050815","200"
"http://www.fasterlouder.com.au:80/allabout/venue/654324412/Palace-Theatre-formerly-Metro.htm","20090422160226","200"
"http://www.fasterlouder.com.au:80/allabout/venue/654324873/The_Hive","20090318125205","200"
"http://www.fasterlouder.com.au:80/allabout/venue/654325861/Enmore_Theatre","20090515174345","200"
"http://www.fasterlouder.com.au:80/allabout/venue/654326083/The_Foundry","20090504171829","200"
"http://www.fasterlouder.com.au:80/allabout/venue/654326467/","20090615165103","200"
"http://www.fasterlouder.com.au:80/allabout/venue/654326467/secure-au.imrworldwide.com/","20090615165104","200"
"http://www.fasterlouder.com.au:80/allabout/venue/654326809/The_Forum","20090515004237","200"
"http://www.fasterlouder.com.au:80/allabout/venue/654326839/Q_Bar","20090318222423","200"
"http://www.fasterlouder.com.au:80/allabout/venue/654327625/Glenworth_Valley","20090515031032","200"
"http://www.fasterlouder.com.au:80/allabout/venue/654327803/The-Birmingham-Hotel.htm","20090409185957","200"
"http://www.fasterlouder.com.au:80/allabout/venue/654328357/Becks_Music_Box","20090329031042","200"
"http://www.fasterlouder.com.au:80/allabout/venue/654328966/Eastern-Creek-Raceway.htm","20090302131632","200"
"http://www.fasterlouder.com.au:80/allabout/venue/654328966/Eastern_Creek_Raceway","20090228013556","200"
"http://www.fasterlouder.com.au:80/allabout/venue/654329073/John-Follent-Park-.htm","20090313070118","200"
"http://www.fasterlouder.com.au:80/allabout/venue/654329073/John_Follent_Park_","20090313043813","200"
"http://www.fasterlouder.com.au:80/allabout/venue/654329097/Federation-Square.htm","20090328184426","200"
"http://www.fasterlouder.com.au:80/allabout/venue/654329339/Garden_Island_Naval_Base","20090228013604","200"
"http://www.fasterlouder.com.au:80/allabout/venue/654329356/Second_Degree_UQ","20090318054001","200"
"http://www.fasterlouder.com.au:80/allabout/venue/654329397/Billboard_The_Venue","20090328105602","200"
"http://www.fasterlouder.com.au:80/allabout/venue/654329400/The-Hi-Fi-Brisbane.htm","20090625023148","200"
"http://www.fasterlouder.com.au:80/allabout/venue/654329400/The_Hi-Fi_Brisbane","20090624014347","200"
"http://www.fasterlouder.com.au:80/allabout/venue/654329530/The_Oxford_Hotel","20090318222425","200"
"http://www.fasterlouder.com.au:80/allabout/venue/654329812/The-Edinburgh-Castle.htm","20090524053608","200"
"http://www.fasterlouder.com.au:80/allabout/venue/654330408/","20090531131150","200"
"http://www.fasterlouder.com.au:80/allabout/venue/654330408/secure-au.imrworldwide.com/","20090531134408","200"
"http://www.fasterlouder.com.au:80/allabout/venue/654330408/The_Order_of_Melbourne","20090530020950","200"
"http://www.fasterlouder.com.au:80/allabout/venue/654330408/?city=2","20090531120011","200"
"http://www.fasterlouder.com.au:80/allabout/venue/654330408/?city=3","20090531120016","200"
"http://www.fasterlouder.com.au:80/allabout/venue/654330639/-The-Governor-Hindmarsh-Hotel.htm","20090628203708","200"
"http://www.fasterlouder.com.au:80/allabout/venue/654330639/_The_Governor_Hindmarsh_Hotel","20090629063432","200"
"http://www.fasterlouder.com.au:80/allabout/venue/6579/Perth-Concert-Hall.htm","20090302215230","200"
"http://www.fasterlouder.com.au:80/allabout/venue/6579/Perth_Concert_Hall","20090303135203","200"
"http://www.fasterlouder.com.au:80/allabout/venue/6650/Artrage-Bakery.htm","20090313070129","200"
"http://www.fasterlouder.com.au:80/allabout/venue/6650/Artrage_Bakery","20090313085540","200"
"http://www.fasterlouder.com.au:80/allabout/venue/68/Becks_Festival_Bar","20090515013101","200"
"http://www.fasterlouder.com.au:80/allabout/venue/6851/The-East-Brunswick-Club.htm","20090615032411","200"
"http://www.fasterlouder.com.au:80/allabout/venue/6851/The_East_Brunswick_Club","20090228063839","200"
"http://www.fasterlouder.com.au:80/allabout/venue/7170/OneSixOne.htm","20090529050630","200"
"http://www.fasterlouder.com.au:80/allabout/venue/7516/Rocket-Bar.htm","20090522023719","200"
"http://www.fasterlouder.com.au:80/allabout/venue/753/Brisbane-Entertainment-Centre.htm","20090228065150","200"
"http://www.fasterlouder.com.au:80/allabout/venue/753/Brisbane_Entertainment_Centre","20090315045450","200"
"http://www.fasterlouder.com.au:80/allabout/venue/756/The_Arena","20090318092118","200"
"http://www.fasterlouder.com.au:80/allabout/venue/7928/Acer-Arena.htm","20090409191613","200"
"http://www.fasterlouder.com.au:80/allabout/venue/7928/Acer_Arena","20090318222434","200"
"http://www.fasterlouder.com.au:80/allabout/venue/7946/Forum_The","20090515174356","200"
"http://www.fasterlouder.com.au:80/allabout/venue/872/Sydney-Entertainment-Centre.htm","20090616034706","200"
"http://www.fasterlouder.com.au:80/allabout/venue/872/Sydney_Entertainment_Centre","20090515174402","200"
"http://www.fasterlouder.com.au:80/allabout/venue/9165/Factory-Theatre.htm","20090323085357","200"
"http://www.fasterlouder.com.au:80/allabout/venue/9165/Factory_Theatre","20090322110515","200"
"http://www.fasterlouder.com.au:80/allabout/venue/919/Corner-Hotel.htm","20090329025913","200"
"http://www.fasterlouder.com.au:80/allabout/venue/9223/Crown-and-Anchor.htm","20090506142140","200"
"http://www.fasterlouder.com.au:80/allabout/venue/M","20090621071200","200"
"http://www.fasterlouder.com.au:80/archive/38,42,43,37/1","20090614201021","200"
"http://www.fasterlouder.com.au:80/archive/38,42,43,37/2","20090618160238","200"
"http://www.fasterlouder.com.au:80/archive/38,42,43,37/235","20090619122257","200"
"http://www.fasterlouder.com.au:80/archive/38,42,43,37/3","20090619120322","200"
"http://www.fasterlouder.com.au:80/archive/38,42,43,37/4","20090619130249","200"
"http://www.fasterlouder.com.au:80/archive/38,42,43,37/5","20090619133148","200"
"http://www.fasterlouder.com.au:80/archive/47/1","20090330062821","200"
"http://www.fasterlouder.com.au:80/article/17570/new_news_item","20090325084435","200"
"http://www.fasterlouder.com.au:80/bands","20090311235251","200"
"http://www.fasterlouder.com.au:80/bands/52_Flicks","20090604181934","200"
"http://www.fasterlouder.com.au:80/bands/52_Flicks/gallery","20090428032544","200"
"http://www.fasterlouder.com.au:80/bands/A_Friend_of_Mine","20090604144934","200"
"http://www.fasterlouder.com.au:80/bands/Amber_Calling","20090517002932","200"
"http://www.fasterlouder.com.au:80/bands/Amber_Calling/gallery","20090603102907","200"
"http://www.fasterlouder.com.au:80/bands/Amy_Vee_and_The_Virtues","20090331102258","200"
"http://www.fasterlouder.com.au:80/bands/AVERICE","20090327183801","200"
"http://www.fasterlouder.com.au:80/bands/Beautiful_World","20090629194222","200"
"http://www.fasterlouder.com.au:80/bands/Ben_McMaster","20090316164858","200"
"http://www.fasterlouder.com.au:80/bands/Benn_","20090626062418","200"
"http://www.fasterlouder.com.au:80/bands/bernee","20090628135602","200"
"http://www.fasterlouder.com.au:80/bands/Beth_Lucas","20090611172310","200"
"http://www.fasterlouder.com.au:80/bands/Beth_Lucas/gallery","20090516113407","200"
"http://www.fasterlouder.com.au:80/bands/BIFF_co_","20090428032550","200"
"http://www.fasterlouder.com.au:80/bands/bjjkm","20090409191622","200"
"http://www.fasterlouder.com.au:80/bands/Black_Ruby","20090409190000","200"
"http://www.fasterlouder.com.au:80/bands/Bleached_Academy","20090612231146","200"
"http://www.fasterlouder.com.au:80/bands/Bloomfield","20090316164903","200"
"http://www.fasterlouder.com.au:80/bands/Brand_New_Math","20090318222437","200"
"http://www.fasterlouder.com.au:80/bands/Brindle","20090531122430","200"
"http://www.fasterlouder.com.au:80/bands/browse/","20090314073602","200"
"http://www.fasterlouder.com.au:80/bands/browse/a","20090312054716","200"
"http://www.fasterlouder.com.au:80/bands/browse/B","20090312054705","200"
"http://www.fasterlouder.com.au:80/bands/browse/C","20090314073635","200"
"http://www.fasterlouder.com.au:80/bands/browse/D","20090314073645","200"
"http://www.fasterlouder.com.au:80/bands/browse/E","20090314064717","200"
"http://www.fasterlouder.com.au:80/bands/browse/F","20090315093333","200"
"http://www.fasterlouder.com.au:80/bands/browse/G","20090314073648","200"
"http://www.fasterlouder.com.au:80/bands/browse/genre","20090331110720","200"
"http://www.fasterlouder.com.au:80/bands/browse/genre/5","20090331110728","200"
"http://www.fasterlouder.com.au:80/bands/browse/genre/9","20090621101945","200"
"http://www.fasterlouder.com.au:80/bands/browse/genre/9/2","20090616032601","200"
"http://www.fasterlouder.com.au:80/bands/browse/genre/9/3","20090621154106","200"
"http://www.fasterlouder.com.au:80/bands/browse/genre/9/4","20090621121622","200"
"http://www.fasterlouder.com.au:80/bands/browse/genre/9/5","20090621141135","200"
"http://www.fasterlouder.com.au:80/bands/browse/genre/9/6","20090621095951","200"
"http://www.fasterlouder.com.au:80/bands/browse/H","20090315092402","200"
"http://www.fasterlouder.com.au:80/bands/browse/I","20090314070253","200"
"http://www.fasterlouder.com.au:80/bands/browse/J","20090315092412","200"
"http://www.fasterlouder.com.au:80/bands/browse/K","20090314070256","200"
"http://www.fasterlouder.com.au:80/bands/browse/L","20090315093340","200"
"http://www.fasterlouder.com.au:80/bands/browse/M","20090314070308","200"
"http://www.fasterlouder.com.au:80/bands/browse/N","20090314064722","200"
"http://www.fasterlouder.com.au:80/bands/browse/O","20090314073654","200"
"http://www.fasterlouder.com.au:80/bands/browse/P","20090314070312","200"
"http://www.fasterlouder.com.au:80/bands/browse/popular/1","20090314073722","200"
"http://www.fasterlouder.com.au:80/bands/browse/Q","20090315093342","200"
"http://www.fasterlouder.com.au:80/bands/browse/R","20090314073704","200"
"http://www.fasterlouder.com.au:80/bands/browse/region","20090630012001","200"
"http://www.fasterlouder.com.au:80/bands/browse/S","20090314070327","200"
"http://www.fasterlouder.com.au:80/bands/browse/secure-au.imrworldwide.com/","20090315093822","200"
"http://www.fasterlouder.com.au:80/bands/browse/T","20090315093821","200"
"http://www.fasterlouder.com.au:80/bands/browse/U","20090314064848","200"
"http://www.fasterlouder.com.au:80/bands/browse/V","20090314070330","200"
"http://www.fasterlouder.com.au:80/bands/browse/W","20090314070335","200"
"http://www.fasterlouder.com.au:80/bands/browse/X","20090314070341","200"
"http://www.fasterlouder.com.au:80/bands/browse/Y","20090314064906","200"
"http://www.fasterlouder.com.au:80/bands/browse/Z","20090314070346","200"
"http://www.fasterlouder.com.au:80/bands/browse/~","20090314070356","200"
"http://www.fasterlouder.com.au:80/bands/Burn_Athena","20090327183805","200"
"http://www.fasterlouder.com.au:80/bands/Craig_Fraser___the_Terrorist_Threat","20090531133246","200"
"http://www.fasterlouder.com.au:80/bands/create","20090328001739","200"
"http://www.fasterlouder.com.au:80/bands/Dabbler","20090302021657","200"
"http://www.fasterlouder.com.au:80/bands/Damian_K_Sheiles","20090629082526","200"
"http://www.fasterlouder.com.au:80/bands/Emotional_Baggage_Handlers","20090416213929","200"
"http://www.fasterlouder.com.au:80/bands/Emotional_Baggage_Handlers/edit","20090416220833","200"
"http://www.fasterlouder.com.au:80/bands/Emotional_Baggage_Handlers/gallery/new","20090416220848","200"
"http://www.fasterlouder.com.au:80/bands/Falling_Short","20090429091055","200"
"http://www.fasterlouder.com.au:80/bands/Fareevasion2008","20090628134153","200"
"http://www.fasterlouder.com.au:80/bands/Fools_Rush_In","20090531131153","200"
"http://www.fasterlouder.com.au:80/bands/Freelance","20090624161121","200"
"http://www.fasterlouder.com.au:80/bands/Freelance/gallery","20090630002107","200"
"http://www.fasterlouder.com.au:80/bands/Fushia","20090316163855","200"
"http://www.fasterlouder.com.au:80/bands/Grimm_LovE","20090327183810","200"
"http://www.fasterlouder.com.au:80/bands/HalfKast_and_The_Grand_Audio_Family","20090604173204","200"
"http://www.fasterlouder.com.au:80/bands/Hoshi_in_the_Clouds","20090528033219","200"
"http://www.fasterlouder.com.au:80/bands/Josh_Orange","20090315194727","200"
"http://www.fasterlouder.com.au:80/bands/Kahootz","20090531131158","200"
"http://www.fasterlouder.com.au:80/bands/Kathematics","20090404133842","200"
"http://www.fasterlouder.com.au:80/bands/Kinematic","20090531133258","200"
"http://www.fasterlouder.com.au:80/bands/King_Fallen","20090225112425","200"
"http://www.fasterlouder.com.au:80/bands/King_George","20090316163900","200"
"http://www.fasterlouder.com.au:80/bands/kissy_trouble","20090527211921","200"
"http://www.fasterlouder.com.au:80/bands/Lawless_Breed","20090515110257","200"
"http://www.fasterlouder.com.au:80/bands/Lawless_Breed/gallery","20090520041335","200"
"http://www.fasterlouder.com.au:80/bands/Leed_Fiends","20090601110946","200"
"http://www.fasterlouder.com.au:80/bands/Little_Scout","20090601011431","200"
"http://www.fasterlouder.com.au:80/bands/matty_b","20090627184219","200"
"http://www.fasterlouder.com.au:80/bands/Memorandom","20090228063843","200"
"http://www.fasterlouder.com.au:80/bands/mesha","20090506071359","200"
"http://www.fasterlouder.com.au:80/bands/mesha/gallery","20090506072051","200"
"http://www.fasterlouder.com.au:80/bands/Mick_McCombe_Band","20090318222441","200"
"http://www.fasterlouder.com.au:80/bands/Modern_Joy","20090628132236","200"
"http://www.fasterlouder.com.au:80/bands/Mr_Rascal","20090531134428","200"
"http://www.fasterlouder.com.au:80/bands/Mt_Augustus","20090527203451","200"
"http://www.fasterlouder.com.au:80/bands/Muse","20090531160627","200"
"http://www.fasterlouder.com.au:80/bands/Muse/gallery","20090603053432","200"
"http://www.fasterlouder.com.au:80/bands/MY_FICTION","20090428032554","200"
"http://www.fasterlouder.com.au:80/bands/My_Mad_Flow","20090601011142","200"
"http://www.fasterlouder.com.au:80/bands/page_the_band","20090628132447","200"
"http://www.fasterlouder.com.au:80/bands/Pain_Division","20090630002118","200"
"http://www.fasterlouder.com.au:80/bands/Paindivision","20090630010410","200"
"http://www.fasterlouder.com.au:80/bands/Painted_Stones","20090628141101","200"
"http://www.fasterlouder.com.au:80/bands/pan_germanic_festival","20090630012008","200"
"http://www.fasterlouder.com.au:80/bands/Pan_The_Piper_-_Band","20090628135458","200"
"http://www.fasterlouder.com.au:80/bands/Panorama","20090409190005","200"
"http://www.fasterlouder.com.au:80/bands/Paper_Dolls","20090630010414","200"
"http://www.fasterlouder.com.au:80/bands/Paperface","20090628134202","200"
"http://www.fasterlouder.com.au:80/bands/Paperhouse","20090628132245","200"
"http://www.fasterlouder.com.au:80/bands/paqman","20090628134305","200"
"http://www.fasterlouder.com.au:80/bands/Paramore","20090628141107","200"
"http://www.fasterlouder.com.au:80/bands/Parker","20090630000830","200"
"http://www.fasterlouder.com.au:80/bands/Parkway_Drive","20090628134210","200"
"http://www.fasterlouder.com.au:80/bands/Paroxyst","20090628132251","200"
"http://www.fasterlouder.com.au:80/bands/Particles","20090628141112","200"
"http://www.fasterlouder.com.au:80/bands/Pat_and_Brendan","20090630000835","200"
"http://www.fasterlouder.com.au:80/bands/Pathogen","20090628134213","200"
"http://www.fasterlouder.com.au:80/bands/Patrick_And_The_Deep_End","20090628141116","200"
"http://www.fasterlouder.com.au:80/bands/Patrick_Tunney","20090628141122","200"
"http://www.fasterlouder.com.au:80/bands/Paul_Patten","20090630002122","200"
"http://www.fasterlouder.com.au:80/bands/Paul_William_Ray","20090628134218","200"
"http://www.fasterlouder.com.au:80/bands/Pebbles","20090628135504","200"
"http://www.fasterlouder.com.au:80/bands/Pedestrian_Revolution","20090628141127","200"
"http://www.fasterlouder.com.au:80/bands/PENTULTIMA","20090630002113","200"
"http://www.fasterlouder.com.au:80/bands/penumbra","20090630002148","200"
"http://www.fasterlouder.com.au:80/bands/People_Like_Us","20090628134222","200"
"http://www.fasterlouder.com.au:80/bands/Percussion_Junction","20090628135511","200"
"http://www.fasterlouder.com.au:80/bands/Periah","20090628134228","200"
"http://www.fasterlouder.com.au:80/bands/Perth_Kids","20090628134233","200"
"http://www.fasterlouder.com.au:80/bands/peyote","20090628132453","200"
"http://www.fasterlouder.com.au:80/bands/Philadelphia_Grand_Jury","20090630002128","200"
"http://www.fasterlouder.com.au:80/bands/PhillipBel","20090630010419","200"
"http://www.fasterlouder.com.au:80/bands/Phoenix_Lights","20090628141132","200"
"http://www.fasterlouder.com.au:80/bands/Phonic_Jam","20090628135516","200"
"http://www.fasterlouder.com.au:80/bands/Phonic_Soup","20090630000839","200"
"http://www.fasterlouder.com.au:80/bands/Phonik","20090628132255","200"
"http://www.fasterlouder.com.au:80/bands/Photographers","20090628134240","200"
"http://www.fasterlouder.com.au:80/bands/Pilate","20090628141137","200"
"http://www.fasterlouder.com.au:80/bands/Pilot","20090628141142","200"
"http://www.fasterlouder.com.au:80/bands/Pimento_Sleaze","20090630002133","200"
"http://www.fasterlouder.com.au:80/bands/Pimpin_Horus","20090628141148","200"
"http://www.fasterlouder.com.au:80/bands/Pioneers_of_Flight","20090628132300","200"
"http://www.fasterlouder.com.au:80/bands/PISTOL","20090628141050","200"
"http://www.fasterlouder.com.au:80/bands/PJ_Reh","20090628132241","200"
"http://www.fasterlouder.com.au:80/bands/Place_of_Indigo","20090628132305","200"
"http://www.fasterlouder.com.au:80/bands/Plastic_Palace_Alice","20090628135521","200"
"http://www.fasterlouder.com.au:80/bands/Playing_with_Fire","20090628132310","200"
"http://www.fasterlouder.com.au:80/bands/Pleasure_Overload","20090628135526","200"
"http://www.fasterlouder.com.au:80/bands/Plug-in_City","20090628135531","200"
"http://www.fasterlouder.com.au:80/bands/Plug_In","20090628134243","200"
"http://www.fasterlouder.com.au:80/bands/Pluto_Goneski","20090628132315","200"
"http://www.fasterlouder.com.au:80/bands/Poems","20090628135536","200"
"http://www.fasterlouder.com.au:80/bands/Polar_Disco","20090628135541","200"
"http://www.fasterlouder.com.au:80/bands/Polaroid_Fame","20090628141153","200"
"http://www.fasterlouder.com.au:80/bands/Porcelain_Grace","20090628135546","200"
"http://www.fasterlouder.com.au:80/bands/Porcelain_Militia","20090628141158","200"
"http://www.fasterlouder.com.au:80/bands/Postcards_For_Abby","20090628132320","200"
"http://www.fasterlouder.com.au:80/bands/POWERAGE","20090628141055","200"
"http://www.fasterlouder.com.au:80/bands/Predictive_Text","20090630010425","200"
"http://www.fasterlouder.com.au:80/bands/Prelude","20090628134250","200"
"http://www.fasterlouder.com.au:80/bands/Pretext","20090630010430","200"
"http://www.fasterlouder.com.au:80/bands/prettyguns","20090628132457","200"
"http://www.fasterlouder.com.au:80/bands/Princess_Rodeo","20090628134255","200"
"http://www.fasterlouder.com.au:80/bands/Priority_One","20090630002138","200"
"http://www.fasterlouder.com.au:80/bands/Prismatics","20090628132325","200"
"http://www.fasterlouder.com.au:80/bands/Prita","20090630000844","200"
"http://www.fasterlouder.com.au:80/bands/Project_Lo-Fi","20090628135551","200"
"http://www.fasterlouder.com.au:80/bands/Project_Mayhem","20090630010435","200"
"http://www.fasterlouder.com.au:80/bands/Projected_Twin","20090628132330","200"
"http://www.fasterlouder.com.au:80/bands/Propaganda_Klann","20090628141510","200"
"http://www.fasterlouder.com.au:80/bands/Psychobilly_freakout","20090628141516","200"
"http://www.fasterlouder.com.au:80/bands/PUNISHMENT","20090630010405","200"
"http://www.fasterlouder.com.au:80/bands/Punxie_and_The_Poison_Pens","20090318222446","200"
"http://www.fasterlouder.com.au:80/bands/Purple_Elephant","20090628132335","200"
"http://www.fasterlouder.com.au:80/bands/PUSH_BUTTON_AUTO","20090628134157","200"
"http://www.fasterlouder.com.au:80/bands/Rocketsmiths","20090531131943","200"
"http://www.fasterlouder.com.au:80/bands/Rooftop_Nightwatch","20090527203457","200"
"http://www.fasterlouder.com.au:80/bands/search","20090311164830","200"
"http://www.fasterlouder.com.au:80/bands/search/interests/Eachother","20090428041451","200"
"http://www.fasterlouder.com.au:80/bands/secure-au.imrworldwide.com/","20090428041456","200"
"http://www.fasterlouder.com.au:80/bands/Serenik","20090519215640","200"
"http://www.fasterlouder.com.au:80/bands/Shellfin","20090318222452","200"
"http://www.fasterlouder.com.au:80/bands/Shock_Horror","20090527200025","200"
"http://www.fasterlouder.com.au:80/bands/short_stack","20090322030443","200"
"http://www.fasterlouder.com.au:80/bands/short_stack/gallery","20090321072642","200"
"http://www.fasterlouder.com.au:80/bands/Smoke_and_Cinder","20090627184649","200"
"http://www.fasterlouder.com.au:80/bands/Sunnyvale_High","20090227151719","200"
"http://www.fasterlouder.com.au:80/bands/Swing_Set_Green","20090601085046","200"
"http://www.fasterlouder.com.au:80/bands/Teen_Skank_Parade","20090227151713","200"
"http://www.fasterlouder.com.au:80/bands/the_book_of_ships","20090331102313","200"
"http://www.fasterlouder.com.au:80/bands/The_Capitals","20090402210229","200"
"http://www.fasterlouder.com.au:80/bands/the_divine_blue_project","20090315194734","200"
"http://www.fasterlouder.com.au:80/bands/The_Hard_Way","20090531133301","200"
"http://www.fasterlouder.com.au:80/bands/The_Kandy_Apples","20090626062615","200"
"http://www.fasterlouder.com.au:80/bands/The_Lazy_Sons","20090409191616","200"
"http://www.fasterlouder.com.au:80/bands/The_Living_End","20090416235456","200"
"http://www.fasterlouder.com.au:80/bands/The_Nickson_Wing","20090316164909","200"
"http://www.fasterlouder.com.au:80/bands/The_Polites","20090531132728","200"
"http://www.fasterlouder.com.au:80/bands/The_Protean_Theory","20090225110913","200"
"http://www.fasterlouder.com.au:80/bands/The_Self-Harmonisers","20090528033224","200"
"http://www.fasterlouder.com.au:80/bands/The_Sunpilots","20090316164916","200"
"http://www.fasterlouder.com.au:80/bands/The_Transients","20090622020913","200"
"http://www.fasterlouder.com.au:80/bands/The_Vans","20090315194731","200"
"http://www.fasterlouder.com.au:80/bands/Tonight_Is_Like_Space_Invaders","20090527200031","200"
"http://www.fasterlouder.com.au:80/bands/Total_Karnage","20090516090745","200"
"http://www.fasterlouder.com.au:80/bands/Turnpage","20090404031517","200"
"http://www.fasterlouder.com.au:80/bands/TURRAMULLI","20090327183815","200"
"http://www.fasterlouder.com.au:80/bands/Veto","20090316164920","200"
"http://www.fasterlouder.com.au:80/blogs","20090312054927","200"
"http://www.fasterlouder.com.au:80/buddies/add/adamweathered","20090312044616","200"
"http://www.fasterlouder.com.au:80/buddies/add/DefinitelyMaybe","20090311233443","200"
"http://www.fasterlouder.com.au:80/buddies/add/Lisa23","20090314190011","200"
"http://www.fasterlouder.com.au:80/buddies/add/Marilyn","20090416235512","200"
"http://www.fasterlouder.com.au:80/competitions/","20090227140831","200"
"http://www.fasterlouder.com.au:80/competitions/show/866/Laneway-Festival--Win-Flights-Accom-VIP-access-Jeans-and-more.htm","20090308051201","200"
"http://www.fasterlouder.com.au:80/competitions/show/866/secure-au.imrworldwide.com/","20090224044332","200"
"http://www.fasterlouder.com.au:80/competitions/show/874","20090321080907","200"
"http://www.fasterlouder.com.au:80/competitions/show/882/Win_a_double_pass_to_Fall_out_Boy","20090307200518","200"
"http://www.fasterlouder.com.au:80/competitions/show/888/Win-a-copy-of-Sean-Kuti--Egypt-80s-Many-Things.htm","20090225002911","200"
"http://www.fasterlouder.com.au:80/competitions/show/890/Win-a-Fratellis-Soundcheck-Party.htm","20090225002916","200"
"http://www.fasterlouder.com.au:80/competitions/show/891","20090227122033","200"
"http://www.fasterlouder.com.au:80/competitions/show/891/V-Festival-Win-Viewing-Platform-access-meet-Kaiser-Chiefs-and-more-.htm","20090303075238","200"
"http://www.fasterlouder.com.au:80/competitions/show/892/Win-tix-to-Bondi-Open-Air--Dirty-Dancing.htm","20090225002921","200"
"http://www.fasterlouder.com.au:80/competitions/show/893/Play-ping-pong-with-KRAM.htm","20090327183820","200"
"http://www.fasterlouder.com.au:80/competitions/show/894/Win-a-Gibson-Guitar--Tix-to-Big-British-Sounds.htm","20090318222456","200"
"http://www.fasterlouder.com.au:80/competitions/show/895","20090306220033","200"
"http://www.fasterlouder.com.au:80/competitions/show/899","20090321091100","200"
"http://www.fasterlouder.com.au:80/competitions/show/900","20090410095713","200"
"http://www.fasterlouder.com.au:80/competitions/show/900/Hang-out-with-The-Duke-Spirit-at-the-Aquarium-.htm","20090307191638","200"
"http://www.fasterlouder.com.au:80/competitions/show/901","20090307015926","200"
"http://www.fasterlouder.com.au:80/competitions/show/903/Win-one-of-25-double-passes-to-see-Knowing.htm","20090314031559","200"
"http://www.fasterlouder.com.au:80/competitions/show/904/Win-a-collection-of-the-albums-shortlisted-to-win-the-Australian-Music-Prize-2008.htm","20090314031603","200"
"http://www.fasterlouder.com.au:80/competitions/show/905/secure-au.imrworldwide.com/","20090322200513","200"
"http://www.fasterlouder.com.au:80/competitions/show/905/V-festival-tix--Win-them-here.htm","20090314031609","200"
"http://www.fasterlouder.com.au:80/competitions/show/908/Win-tix-to-the-Baby-Animals.htm","20090327183825","200"
"http://www.fasterlouder.com.au:80/competitions/show/911/JJJ-hottest-100--win-the-cd--awesome-prizes.htm","20090327183830","200"
"http://www.fasterlouder.com.au:80/competitions/show/911/JJJ_hottest_100__win_the_cd__awesome_prizes","20090410171221","200"
"http://www.fasterlouder.com.au:80/competitions/show/911/secure-au.imrworldwide.com/","20090412003410","200"
"http://www.fasterlouder.com.au:80/competitions/show/912/Win-a-double-pass-to-Kaiser-Chiefs-with-special-guests-Razorlight.htm","20090327183835","200"
"http://www.fasterlouder.com.au:80/competitions/show/918","20090409212955","200"
"http://www.fasterlouder.com.au:80/competitions/show/918/secure-au.imrworldwide.com/","20090422002059","200"
"http://www.fasterlouder.com.au:80/competitions/show/918/Win_a_signed_Yeah_Yeah_Yeahs_guitar","20090420191207","200"
"http://www.fasterlouder.com.au:80/competitions/show/921/Five-copies-of-Eagles-Of-Death-Metals-Heart-On.htm","20090426054703","200"
"http://www.fasterlouder.com.au:80/competitions/show/921/Five_copies_of_Eagles_Of_Death_Metals_Heart_On","20090420190944","200"
"http://www.fasterlouder.com.au:80/competitions/show/921/secure-au.imrworldwide.com/","20090422010112","200"
"http://www.fasterlouder.com.au:80/competitions/show/923/The-ultimate-Green-Day-prize-pack.htm","20090502040558","200"
"http://www.fasterlouder.com.au:80/competitions/show/923/The_ultimate_Green_Day_prize_pack","20090511010227","200"
"http://www.fasterlouder.com.au:80/competitions/show/924","20090507141241","200"
"http://www.fasterlouder.com.au:80/competitions/show/925/Win-a-copy-of-The-Answers-new-Album.htm","20090519163003","200"
"http://www.fasterlouder.com.au:80/competitions/show/929","20090605155746","200"
"http://www.fasterlouder.com.au:80/competitions/show/937/Win-a-Guitar-Hero-Metallica-Skatey--Game-pack.htm","20090622193728","200"
"http://www.fasterlouder.com.au:80/competitions/show/937/Win_a_Guitar_Hero_Metallica_Skatey__Game_pack","20090622013006","200"
"http://www.fasterlouder.com.au:80/competitions/winnerslist/","20090419120912","200"
"http://www.fasterlouder.com.au:80/errordocs/dbdown.html","20090304035316","200"
"http://www.fasterlouder.com.au:80/features","20090326024930","200"
"http://www.fasterlouder.com.au:80/features/10013/Video-Sneaky-Sound-dish-the-dirt-on-their-upcoming-album.htm","20090228070050","200"
"http://www.fasterlouder.com.au:80/features/10115/Video-FasterLouder-Live--Sydney--with-The-Mint-Chicks.htm","20090307191644","200"
"http://www.fasterlouder.com.au:80/features/10152/Video-FasterLouder-Live-at-The-Prince-of-Wales.htm","20090307191007","200"
"http://www.fasterlouder.com.au:80/features/10487/Ben-Lee-The-indie-kid-that-could.htm","20090321074525","200"
"http://www.fasterlouder.com.au:80/features/1064","20090609052649","200"
"http://www.fasterlouder.com.au:80/features/11161/Video-FasterLouder-Live-2-at-the-Prince-of-Wales.htm","20090307191649","200"
"http://www.fasterlouder.com.au:80/features/11162/BRMC-speak-through-their-music.htm","20090528033230","200"
"http://www.fasterlouder.com.au:80/features/11204/Video-FasterLouder-Live-2-at-the-Gaelic-with-78-Saab.htm","20090307191013","200"
"http://www.fasterlouder.com.au:80/features/11240/King-Tide-Vs-Custom-Kings.htm","20090328051918","200"
"http://www.fasterlouder.com.au:80/features/11466/Vanishing-Point-enjoys-their-fourth-season.htm","20090225110918","200"
"http://www.fasterlouder.com.au:80/features/11487/","20090502224033","200"
"http://www.fasterlouder.com.au:80/features/11487/Justin-Hamilton-comedy-rocks.htm","20090430143423","200"
"http://www.fasterlouder.com.au:80/features/11487/secure-au.imrworldwide.com/","20090502224047","200"
"http://www.fasterlouder.com.au:80/features/11585/Sparkadia-postcards-from-the-edge.htm","20090609170859","200"
"http://www.fasterlouder.com.au:80/features/11794/VIDEO-Paul-Kelly.htm","20090531131948","200"
"http://www.fasterlouder.com.au:80/features/11868/The-Baby-Animals--Early-warnings.htm","20090502224053","200"
"http://www.fasterlouder.com.au:80/features/11982/Tales-from-the-Big-Day-Out-part-two.htm","20090628134311","200"
"http://www.fasterlouder.com.au:80/features/12119/Richard-Z-Kruspe-saves-Rammstein-with-Emigrate-side-project.htm","20090314015119","200"
"http://www.fasterlouder.com.au:80/features/12155/The-HorrorPops-Tales-of-kissing-and-killing.htm","20090624092206","200"
"http://www.fasterlouder.com.au:80/features/12302/FRINGE-Puppetry-of-the-Penis.htm","20090318074555","200"
"http://www.fasterlouder.com.au:80/features/12303/FRINGE-Peter-Berner.htm","20090318072453","200"
"http://www.fasterlouder.com.au:80/features/12339/FRINGE--Maeve-Higgins.htm","20090318053344","200"
"http://www.fasterlouder.com.au:80/features/12340/FRINGE--Karen-Dunbar.htm","20090318053346","200"
"http://www.fasterlouder.com.au:80/features/12374/The-Gingers-rock-drenched-punksters.htm","20090531131953","200"
"http://www.fasterlouder.com.au:80/features/12379/FRINGE--Daliso-Chaponda.htm","20090318043246","200"
"http://www.fasterlouder.com.au:80/features/12381/FRINGE--Daniel-Townes.htm","20090308051258","200"
"http://www.fasterlouder.com.au:80/features/12489/FRINGE--Supermarket.htm","20090308033514","200"
"http://www.fasterlouder.com.au:80/features/12528/FRINGE--Trevor-Crook.htm","20090308033518","200"
"http://www.fasterlouder.com.au:80/features/12529/FRINGE--Tom-Gleeson.htm","20090308050828","200"
"http://www.fasterlouder.com.au:80/features/12569/Roskilde-Festival-on-top-of-the-world.htm","20090602041421","200"
"http://www.fasterlouder.com.au:80/features/12665/Madina-Lake-Inside-the-house-of-cards.htm","20090430151532","200"
"http://www.fasterlouder.com.au:80/features/12988/","20090321191442","200"
"http://www.fasterlouder.com.au:80/features/12988/secure-au.imrworldwide.com/","20090321191453","200"
"http://www.fasterlouder.com.au:80/features/12988/Zakk-Wylde-by-name-and-nature.htm","20090317081919","200"
"http://www.fasterlouder.com.au:80/features/13014/Biohazard.htm","20090307192704","200"
"http://www.fasterlouder.com.au:80/features/13275/Electric-Mary.htm","20090409104157","200"
"http://www.fasterlouder.com.au:80/features/14045/The-Butterfly-Effect-studio-visit.htm","20090328022318","200"
"http://www.fasterlouder.com.au:80/features/14370/The-Grates.htm","20090603152146","200"
"http://www.fasterlouder.com.au:80/features/14377/British-India-Splendour-blog.htm","20090604132049","200"
"http://www.fasterlouder.com.au:80/features/14417/Trivium.htm","20090317005932","200"
"http://www.fasterlouder.com.au:80/features/14462/The-Living-End.htm","20090531122435","200"
"http://www.fasterlouder.com.au:80/features/14569/","20090603165404","200"
"http://www.fasterlouder.com.au:80/features/14569/secure-au.imrworldwide.com/","20090604122433","200"
"http://www.fasterlouder.com.au:80/features/14599/The-Panics.htm","20090604142450","200"
"http://www.fasterlouder.com.au:80/features/14666/Cog-onward-and-upward.htm","20090318035557","200"
"http://www.fasterlouder.com.au:80/features/14682/Festival-moments-we-wont-forget.htm","20090318060514","200"
"http://www.fasterlouder.com.au:80/features/14782/Bluejuice.htm","20090531122440","200"
"http://www.fasterlouder.com.au:80/features/14810/Avalon-Drive.htm","20090531131958","200"
"http://www.fasterlouder.com.au:80/features/14886/The-Drones.htm","20090508060336","200"
"http://www.fasterlouder.com.au:80/features/14916/CRAVING-MUSIC-Zeta.htm","20090609223516","200"
"http://www.fasterlouder.com.au:80/features/14917/CRAVING-MUSIC-The-Rocketsmiths.htm","20090609223910","200"
"http://www.fasterlouder.com.au:80/features/15234/","20090603175412","200"
"http://www.fasterlouder.com.au:80/features/15234/Meshuggah.htm","20090518193257","200"
"http://www.fasterlouder.com.au:80/features/15234/secure-au.imrworldwide.com/","20090604134730","200"
"http://www.fasterlouder.com.au:80/features/15593/The-Fauves.htm","20090330043034","200"
"http://www.fasterlouder.com.au:80/features/15650/Elora-Danan.htm","20090307195633","200"
"http://www.fasterlouder.com.au:80/features/16347/","20090329025916","200"
"http://www.fasterlouder.com.au:80/features/16347/Even-keeping-on-burning.htm","20090327075532","200"
"http://www.fasterlouder.com.au:80/features/16347/secure-au.imrworldwide.com/","20090329025925","200"
"http://www.fasterlouder.com.au:80/features/16370/Tegan-and-Sara.htm","20090410081538","200"
"http://www.fasterlouder.com.au:80/features/16381/The-Hives.htm","20090319054711","200"
"http://www.fasterlouder.com.au:80/features/16391/Franz-Ferdinand.htm","20090307195737","200"
"http://www.fasterlouder.com.au:80/features/16436/Kisschasy.htm","20090320003138","200"
"http://www.fasterlouder.com.au:80/features/16441/Warren-Ellis.htm","20090308051219","200"
"http://www.fasterlouder.com.au:80/features/16496/Heroes-of-the-Big-Day-Out.htm","20090625055452","200"
"http://www.fasterlouder.com.au:80/features/16607/Bowing-Out-at-Big-Day-Out.htm","20090326033724","200"
"http://www.fasterlouder.com.au:80/features/16607/Last-Bow-at-Big-Day-Out.htm","20090224081351","200"
"http://www.fasterlouder.com.au:80/features/16607/Last_Bow_at_Big_Day_Out","20090302033544","200"
"http://www.fasterlouder.com.au:80/features/16664/Fantomas.htm","20090303064226","200"
"http://www.fasterlouder.com.au:80/features/16745/How_to_win_the_Hottest_100","20090306031952","200"
"http://www.fasterlouder.com.au:80/features/16782/Bloodhound-Gang.htm","20090303214057","200"
"http://www.fasterlouder.com.au:80/features/16909/The-Big-Day-Out-2009-Awards.htm","20090526055622","200"
"http://www.fasterlouder.com.au:80/features/16987/The-Australian-Music-Prize.htm","20090316172122","200"
"http://www.fasterlouder.com.au:80/features/16996/Red-Jumpsuit-Apparatus.htm","20090318054550","200"
"http://www.fasterlouder.com.au:80/features/17028/Every-Time-I-Die.htm","20090226094226","200"
"http://www.fasterlouder.com.au:80/features/17091/Amanda-Palmer.htm","20090327235553","200"
"http://www.fasterlouder.com.au:80/features/17107/U2s-new-album-first-listen.htm","20090226222839","200"
"http://www.fasterlouder.com.au:80/features/17107/U2s_new_album_first_listen","20090328044345","200"
"http://www.fasterlouder.com.au:80/features/17115/Thursday.htm","20090228013608","200"
"http://www.fasterlouder.com.au:80/features/17125/Cassette-Kids-.htm","20090228013613","200"
"http://www.fasterlouder.com.au:80/features/17150/","20090318032239","200"
"http://www.fasterlouder.com.au:80/features/17150/New-Found-Glory.htm","20090228013617","200"
"http://www.fasterlouder.com.au:80/features/17150/New_Found_Glory","20090301172524","200"
"http://www.fasterlouder.com.au:80/features/17150/secure-au.imrworldwide.com/","20090318064326","200"
"http://www.fasterlouder.com.au:80/features/17159/Death-Cab-For-Cutie.htm","20090225112437","200"
"http://www.fasterlouder.com.au:80/features/17177/The_Cat_Empire","20090228013623","200"
"http://www.fasterlouder.com.au:80/features/17217/","20090308045318","200"
"http://www.fasterlouder.com.au:80/features/17217/secure-au.imrworldwide.com/","20090304033323","200"
"http://www.fasterlouder.com.au:80/features/17217/The-Subways.htm","20090308050631","200"
"http://www.fasterlouder.com.au:80/features/17217/The_Subways","20090302143904","200"
"http://www.fasterlouder.com.au:80/features/17217/?city=1","20090304033754","200"
"http://www.fasterlouder.com.au:80/features/17217/?city=2","20090304033311","200"
"http://www.fasterlouder.com.au:80/features/17217/?city=3","20090304034655","200"
"http://www.fasterlouder.com.au:80/features/17217/?city=6","20090304033316","200"
"http://www.fasterlouder.com.au:80/features/17229/Jacks-Mannequin.htm","20090303201203","200"
"http://www.fasterlouder.com.au:80/features/17276/Mogwai.htm","20090303231343","200"
"http://www.fasterlouder.com.au:80/features/17284/Mammal-.htm","20090303231731","200"
"http://www.fasterlouder.com.au:80/features/17307/U2--No-Line-On-The-Horizon-REVIEW.htm","20090306073708","200"
"http://www.fasterlouder.com.au:80/features/17316/Nikolai-Fraiture.htm","20090318035602","200"
"http://www.fasterlouder.com.au:80/features/17326/Belles-Will-Ring.htm","20090318081214","200"
"http://www.fasterlouder.com.au:80/features/17418/Frenzal-Rhomb.htm","20090313145101","200"
"http://www.fasterlouder.com.au:80/features/17454/Birds-of-Tokyo.htm","20090313150854","200"
"http://www.fasterlouder.com.au:80/features/17469/The-Kills.htm","20090313070130","200"
"http://www.fasterlouder.com.au:80/features/17484/","20090331194656","200"
"http://www.fasterlouder.com.au:80/features/17484/Duffy.htm","20090313085201","200"
"http://www.fasterlouder.com.au:80/features/17484/secure-au.imrworldwide.com/","20090331201411","200"
"http://www.fasterlouder.com.au:80/features/17506/The-Black-Lips.htm","20090318222502","200"
"http://www.fasterlouder.com.au:80/features/17509/Yeah-Yeah-Yeahs--Its-Blitz.htm","20090322154252","200"
"http://www.fasterlouder.com.au:80/features/17533/Razorlight.htm","20090409213406","200"
"http://www.fasterlouder.com.au:80/features/17591/Jenny-Lewis.htm","20090324104235","200"
"http://www.fasterlouder.com.au:80/features/17603/Regular-John.htm","20090326144855","200"
"http://www.fasterlouder.com.au:80/features/17604/Dukes-of-Windsor.htm","20090323161312","200"
"http://www.fasterlouder.com.au:80/features/17619/CW_Stoneking","20090330043038","200"
"http://www.fasterlouder.com.au:80/features/17660/Sia.htm","20090326161124","200"
"http://www.fasterlouder.com.au:80/features/17676/The-Who.htm","20090327190255","200"
"http://www.fasterlouder.com.au:80/features/17686/The-Grates.htm","20090327190300","200"
"http://www.fasterlouder.com.au:80/features/17710/M83.htm","20090327190305","200"
"http://www.fasterlouder.com.au:80/features/17717/Plants-and-Animals.htm","20090327183841","200"
"http://www.fasterlouder.com.au:80/features/17724/Augie-March.htm","20090329030630","200"
"http://www.fasterlouder.com.au:80/features/17729/Evermore.htm","20090328133506","200"
"http://www.fasterlouder.com.au:80/features/17771/School-Of-Seven-Bells.htm","20090411195605","200"
"http://www.fasterlouder.com.au:80/features/17811/Rise-Against.htm","20090618054009","200"
"http://www.fasterlouder.com.au:80/features/17813/Baby-Animals.htm","20090412151817","200"
"http://www.fasterlouder.com.au:80/features/1783/The-Butterfly-Effect-Are-Filling-The-Silence.htm","20090302041609","200"
"http://www.fasterlouder.com.au:80/features/17832/Yeah-Yeah-Yeahs.htm","20090406071208","200"
"http://www.fasterlouder.com.au:80/features/17869/Neville-Staple-and-The-Special-Beat.htm","20090411195610","200"
"http://www.fasterlouder.com.au:80/features/17900/The-Answer.htm","20090414141535","200"
"http://www.fasterlouder.com.au:80/features/17914/Dan-Auerbach.htm","20090513045456","200"
"http://www.fasterlouder.com.au:80/features/17950/On_tour_with_Mammal_Part_2","20090414054100","200"
"http://www.fasterlouder.com.au:80/features/17974/My-Secret-Playlist-with-The-Cat-Empire.htm","20090415190235","200"
"http://www.fasterlouder.com.au:80/features/18034/Odawas.htm","20090421165356","200"
"http://www.fasterlouder.com.au:80/features/18102/Leader-Cheetah.htm","20090426055842","200"
"http://www.fasterlouder.com.au:80/features/18114/Pimpin-Horus.htm","20090604192423","200"
"http://www.fasterlouder.com.au:80/features/18124/The-Jezabels.htm","20090614005255","200"
"http://www.fasterlouder.com.au:80/features/18136/Peaches.htm","20090426042356","200"
"http://www.fasterlouder.com.au:80/features/18144/Spod.htm","20090426003316","200"
"http://www.fasterlouder.com.au:80/features/18217/The-Virgins.htm","20090502040316","200"
"http://www.fasterlouder.com.au:80/features/18225/WhoMadeWho.htm","20090502040604","200"
"http://www.fasterlouder.com.au:80/features/18235/Hanging-out-with-Matt--Kim.htm","20090504173836","200"
"http://www.fasterlouder.com.au:80/features/18244/Jez-Mead.htm","20090504051158","200"
"http://www.fasterlouder.com.au:80/features/18253/My-Secret-Playlist-with-Bob-Evans.htm","20090505041358","200"
"http://www.fasterlouder.com.au:80/features/18265/Doves.htm","20090628134315","200"
"http://www.fasterlouder.com.au:80/features/18322/Little-Birdy.htm","20090511202145","200"
"http://www.fasterlouder.com.au:80/features/18324/Screamfeeder-takes-Kitten-Licks-on-tour.htm","20090512194958","200"
"http://www.fasterlouder.com.au:80/features/18364/Bliss-N-Eso-interview-Phrase.htm","20090515031035","200"
"http://www.fasterlouder.com.au:80/features/18376/My-Secret-Playlist-with-Augie-March.htm","20090609223147","200"
"http://www.fasterlouder.com.au:80/features/18442/Something-In-The-Water.htm","20090606113131","200"
"http://www.fasterlouder.com.au:80/features/18503/Lady-Of-The-Sunshine.htm","20090601111249","200"
"http://www.fasterlouder.com.au:80/features/18534/","20090603062303","200"
"http://www.fasterlouder.com.au:80/features/18534/Grizzly-Bear.htm","20090531172606","200"
"http://www.fasterlouder.com.au:80/features/18534/secure-au.imrworldwide.com/","20090604133308","200"
"http://www.fasterlouder.com.au:80/features/18534/?city=1","20090603062250","200"
"http://www.fasterlouder.com.au:80/features/18534/?city=2","20090603062255","200"
"http://www.fasterlouder.com.au:80/features/18550/Ladytron.htm","20090525005144","200"
"http://www.fasterlouder.com.au:80/features/18583/Rancid.htm","20090528234656","200"
"http://www.fasterlouder.com.au:80/features/18633/Friendly-Fires.htm","20090531120023","200"
"http://www.fasterlouder.com.au:80/features/18645/The-Best-Of-Tony-Mott.htm","20090609193016","200"
"http://www.fasterlouder.com.au:80/features/18870/","20090619121328","200"
"http://www.fasterlouder.com.au:80/features/18870/Chris-Cheney-on-The-Beatles.htm","20090615075445","200"
"http://www.fasterlouder.com.au:80/features/18870/secure-au.imrworldwide.com/","20090619120327","200"
"http://www.fasterlouder.com.au:80/features/18924/Gossip.htm","20090619125343","200"
"http://www.fasterlouder.com.au:80/features/19007/Junior-Boys.htm","20090624185853","200"
"http://www.fasterlouder.com.au:80/features/19022/","20090629081507","200"
"http://www.fasterlouder.com.au:80/features/2138/All-Meshuggahd-Up.htm","20090604133313","200"
"http://www.fasterlouder.com.au:80/features/216/The-Butterfly-Effect--Preparing-for-Take-Off-Once-Again.htm","20090428115217","200"
"http://www.fasterlouder.com.au:80/features/2316/","20090531120031","200"
"http://www.fasterlouder.com.au:80/features/2316/Getting-Lost-And-Found-With-Mudvayne.htm","20090529064450","200"
"http://www.fasterlouder.com.au:80/features/2316/secure-au.imrworldwide.com/","20090531132003","200"
"http://www.fasterlouder.com.au:80/features/2446","20090430151710","200"
"http://www.fasterlouder.com.au:80/features/2545/Lets-Get-Together-With-Sarah-McLeod.htm","20090314024549","200"
"http://www.fasterlouder.com.au:80/features/3220/The-Butterfly-Effect-Rise-Again-Like-A-Phoenix.htm","20090302035018","200"
"http://www.fasterlouder.com.au:80/features/3319/Motion-City-Soundtrack-Get-Moving.htm","20090304193631","200"
"http://www.fasterlouder.com.au:80/features/3704/Cog-Are-The-New-Normal.htm","20090328044355","200"
"http://www.fasterlouder.com.au:80/features/3846/","20090307125058","200"
"http://www.fasterlouder.com.au:80/features/3890/Absorb-The-City--Colour-With-Alexisonfires-Dallas-Green.htm","20090419144234","200"
"http://www.fasterlouder.com.au:80/features/3917/Are-You-A-Broken-Social-Scenester.htm","20090601105900","200"
"http://www.fasterlouder.com.au:80/features/3929","20090325084545","200"
"http://www.fasterlouder.com.au:80/features/4181/Gary-Numans-Jagged-New-Album.htm","20090318100319","200"
"http://www.fasterlouder.com.au:80/features/4949/The-Butterfly-Effect-are-back.htm","20090224000533","200"
"http://www.fasterlouder.com.au:80/features/5113","20090629035237","200"
"http://www.fasterlouder.com.au:80/features/5402/","20090616084904","200"
"http://www.fasterlouder.com.au:80/features/5869/Thank-God-Its-Over-2006.htm","20090531120045","200"
"http://www.fasterlouder.com.au:80/features/6125/Fear-Factory--soul-of-an-older-machine.htm","20090630190355","200"
"http://www.fasterlouder.com.au:80/features/6223/","20090410125415","200"
"http://www.fasterlouder.com.au:80/features/7160/King-Tides-scared-new-world.htm","20090328031815","200"
"http://www.fasterlouder.com.au:80/features/7229/The-Punisherz-planned-assault-on-Falls-Festival.htm","20090403172530","200"
"http://www.fasterlouder.com.au:80/features/7573/Jenny-Wilson-Kooky-No-I-just-love-to-be-myself.htm","20090412090548","200"
"http://www.fasterlouder.com.au:80/features/7616/Trivium-assert-their-ascendancy-down-under.htm","20090526060138","200"
"http://www.fasterlouder.com.au:80/features/768/","20090416045833","200"
"http://www.fasterlouder.com.au:80/features/7836/Paul-Stanley-Detroit-Rock-Sydney.htm","20090326024935","200"
"http://www.fasterlouder.com.au:80/features/8336/The-Answer-to-classic-rock.htm","20090318074601","200"
"http://www.fasterlouder.com.au:80/features/8451/","20090321080221","200"
"http://www.fasterlouder.com.au:80/features/9068/The-Winnie-Coopers-explore-the-wonders-of-hip-hop.htm","20090314033516","200"
"http://www.fasterlouder.com.au:80/features/9100/Anberlin_Here_to_Make_a_Difference","20090604124534","200"
"http://www.fasterlouder.com.au:80/features/9252/Moneen-finish-first-Aussie-tour.htm","20090421044834","200"
"http://www.fasterlouder.com.au:80/features/9274/Ash-Grunwald--one-man-band.htm","20090315093827","200"
"http://www.fasterlouder.com.au:80/features/9564/Airbourne-airborn-at-last.htm","20090430035527","200"
"http://www.fasterlouder.com.au:80/festivalawards/","20090419120917","200"
"http://www.fasterlouder.com.au:80/festivalawards/gallery","20090326023233","200"
"http://www.fasterlouder.com.au:80/festivalawards/media/","20090327235947","200"
"http://www.fasterlouder.com.au:80/forgotten/","20090505221542","200"
"http://www.fasterlouder.com.au:80/forum/","20090328004605","200"
"http://www.fasterlouder.com.au:80/forum/announcement.php?","20090517065243","200"
"http://www.fasterlouder.com.au:80/forum/faq.php","20090513045500","200"
"http://www.fasterlouder.com.au:80/forum/faq.php?s=a760b0f7c32bfdf54eef9bf9dc456f01","20090604144949","200"
"http://www.fasterlouder.com.au:80/forum/forumdisplay.php?","20090225181210","200"
"http://www.fasterlouder.com.au:80/forum/forumdisplay.php?s=6bb94cdfb90e42eaaa755536bb8fe51d&f=104&daysprune=100&order=asc&sort=lastpost&pp=50&page=1","20090315092414","200"
"http://www.fasterlouder.com.au:80/forum/forumdisplay.php?f=104&daysprune=100&order=asc&sort=lastpost&pp=50&page=1","20090622020924","200"
"http://www.fasterlouder.com.au:80/forum/forumdisplay.php?f=10","20090419120725","200"
"http://www.fasterlouder.com.au:80/forum/forumdisplay.php?f=103","20090622020918","200"
"http://www.fasterlouder.com.au:80/forum/forumdisplay.php?s=6bb94cdfb90e42eaaa755536bb8fe51d&f=103","20090315093833","200"
"http://www.fasterlouder.com.au:80/forum/forumdisplay.php?s=a760b0f7c32bfdf54eef9bf9dc456f01&f=103","20090603165408","200"
"http://www.fasterlouder.com.au:80/forum/forumdisplay.php?f=104","20090314042346","200"
"http://www.fasterlouder.com.au:80/forum/forumdisplay.php?s=6bb94cdfb90e42eaaa755536bb8fe51d&f=104&page=2&order=desc","20090315081339","200"
"http://www.fasterlouder.com.au:80/forum/forumdisplay.php?s=a760b0f7c32bfdf54eef9bf9dc456f01&f=104","20090604124540","200"
"http://www.fasterlouder.com.au:80/forum/forumdisplay.php?s=d7bcb39e15814aa42a19c6097e2948e8&f=104","20090331201416","200"
"http://www.fasterlouder.com.au:80/forum/forumdisplay.php?f=126","20090419120737","200"
"http://www.fasterlouder.com.au:80/forum/forumdisplay.php?f=16","20090419120923","200"
"http://www.fasterlouder.com.au:80/forum/forumdisplay.php?f=17","20090419120928","200"
"http://www.fasterlouder.com.au:80/forum/forumdisplay.php?f=20","20090419120933","200"
"http://www.fasterlouder.com.au:80/forum/forumdisplay.php?f=21","20090315153006","200"
"http://www.fasterlouder.com.au:80/forum/forumdisplay.php?f=8","20090513050228","200"
"http://www.fasterlouder.com.au:80/forum/showthread.php?","20090308043452","200"
"http://www.fasterlouder.com.au:80/forum/showthread.php?s=6bb94cdfb90e42eaaa755536bb8fe51d&p=339549","20090315093839","200"
"http://www.fasterlouder.com.au:80/forum/showthread.php?s=6bb94cdfb90e42eaaa755536bb8fe51d&p=340373","20090315093844","200"
"http://www.fasterlouder.com.au:80/forum/showthread.php?s=6bb94cdfb90e42eaaa755536bb8fe51d&p=341228","20090315092421","200"
"http://www.fasterlouder.com.au:80/forum/showthread.php?s=6bb94cdfb90e42eaaa755536bb8fe51d&p=341263","20090315092426","200"
"http://www.fasterlouder.com.au:80/forum/showthread.php?s=6bb94cdfb90e42eaaa755536bb8fe51d&p=341393","20090315093848","200"
"http://www.fasterlouder.com.au:80/forum/showthread.php?s=6bb94cdfb90e42eaaa755536bb8fe51d&p=342637","20090315092432","200"
"http://www.fasterlouder.com.au:80/forum/showthread.php?s=6bb94cdfb90e42eaaa755536bb8fe51d&p=343606","20090315092437","200"
"http://www.fasterlouder.com.au:80/forum/showthread.php?s=6bb94cdfb90e42eaaa755536bb8fe51d&p=343778","20090315093854","200"
"http://www.fasterlouder.com.au:80/forum/showthread.php?s=6bb94cdfb90e42eaaa755536bb8fe51d&p=344018","20090315093900","200"
"http://www.fasterlouder.com.au:80/forum/showthread.php?s=6bb94cdfb90e42eaaa755536bb8fe51d&p=347072","20090315093905","200"
"http://www.fasterlouder.com.au:80/forum/showthread.php?s=6bb94cdfb90e42eaaa755536bb8fe51d&p=348201","20090315092443","200"
"http://www.fasterlouder.com.au:80/forum/showthread.php?s=6bb94cdfb90e42eaaa755536bb8fe51d&p=348427","20090315092447","200"
"http://www.fasterlouder.com.au:80/forum/showthread.php?s=6bb94cdfb90e42eaaa755536bb8fe51d&p=348527","20090315092452","200"
"http://www.fasterlouder.com.au:80/forum/showthread.php?s=6bb94cdfb90e42eaaa755536bb8fe51d&p=348629","20090315093916","200"
"http://www.fasterlouder.com.au:80/forum/showthread.php?s=6bb94cdfb90e42eaaa755536bb8fe51d&p=348841","20090315093918","200"
"http://www.fasterlouder.com.au:80/forum/showthread.php?s=6bb94cdfb90e42eaaa755536bb8fe51d&p=348986","20090315093924","200"
"http://www.fasterlouder.com.au:80/forum/showthread.php?s=6bb94cdfb90e42eaaa755536bb8fe51d&p=349749","20090315093929","200"
"http://www.fasterlouder.com.au:80/forum/showthread.php?s=6bb94cdfb90e42eaaa755536bb8fe51d&p=349914","20090315093934","200"
"http://www.fasterlouder.com.au:80/forum/showthread.php?s=6bb94cdfb90e42eaaa755536bb8fe51d&p=350423","20090315092456","200"
"http://www.fasterlouder.com.au:80/forum/showthread.php?s=6bb94cdfb90e42eaaa755536bb8fe51d&p=350956","20090315093940","200"
"http://www.fasterlouder.com.au:80/forum/showthread.php?s=6bb94cdfb90e42eaaa755536bb8fe51d&p=351364","20090315093947","200"
"http://www.fasterlouder.com.au:80/forum/showthread.php?s=6bb94cdfb90e42eaaa755536bb8fe51d&p=351984","20090315092501","200"
"http://www.fasterlouder.com.au:80/forum/showthread.php?s=6bb94cdfb90e42eaaa755536bb8fe51d&p=352965","20090315092506","200"
"http://www.fasterlouder.com.au:80/forum/showthread.php?s=6bb94cdfb90e42eaaa755536bb8fe51d&p=355082","20090315093951","200"
"http://www.fasterlouder.com.au:80/forum/showthread.php?s=6bb94cdfb90e42eaaa755536bb8fe51d&p=356418","20090315093956","200"
"http://www.fasterlouder.com.au:80/forum/showthread.php?s=6bb94cdfb90e42eaaa755536bb8fe51d&p=357248","20090315093959","200"
"http://www.fasterlouder.com.au:80/forum/showthread.php?s=6bb94cdfb90e42eaaa755536bb8fe51d&p=357940","20090315094004","200"
"http://www.fasterlouder.com.au:80/forum/showthread.php?s=6bb94cdfb90e42eaaa755536bb8fe51d&p=358278","20090315092514","200"
"http://www.fasterlouder.com.au:80/forum/showthread.php?s=6bb94cdfb90e42eaaa755536bb8fe51d&p=358934","20090315092517","200"
"http://www.fasterlouder.com.au:80/forum/showthread.php?s=6bb94cdfb90e42eaaa755536bb8fe51d&p=359054","20090315092523","200"
"http://www.fasterlouder.com.au:80/forum/showthread.php?s=6bb94cdfb90e42eaaa755536bb8fe51d&p=360905","20090315092529","200"
"http://www.fasterlouder.com.au:80/forum/showthread.php?s=6bb94cdfb90e42eaaa755536bb8fe51d&p=362159","20090315092532","200"
"http://www.fasterlouder.com.au:80/forum/showthread.php?s=6bb94cdfb90e42eaaa755536bb8fe51d&p=362359","20090315092537","200"
"http://www.fasterlouder.com.au:80/forum/showthread.php?s=6bb94cdfb90e42eaaa755536bb8fe51d&p=364243","20090315094009","200"
"http://www.fasterlouder.com.au:80/forum/showthread.php?s=6bb94cdfb90e42eaaa755536bb8fe51d&p=364558","20090315092549","200"
"http://www.fasterlouder.com.au:80/forum/showthread.php?s=6bb94cdfb90e42eaaa755536bb8fe51d&p=364613","20090315092552","200"
"http://www.fasterlouder.com.au:80/forum/showthread.php?s=6bb94cdfb90e42eaaa755536bb8fe51d&p=365712","20090315094016","200"
"http://www.fasterlouder.com.au:80/forum/showthread.php?s=6bb94cdfb90e42eaaa755536bb8fe51d&p=365905","20090315094019","200"
"http://www.fasterlouder.com.au:80/forum/showthread.php?s=6bb94cdfb90e42eaaa755536bb8fe51d&p=366101","20090315092557","200"
"http://www.fasterlouder.com.au:80/forum/showthread.php?s=6bb94cdfb90e42eaaa755536bb8fe51d&p=366625","20090315094024","200"
"http://www.fasterlouder.com.au:80/forum/showthread.php?s=6bb94cdfb90e42eaaa755536bb8fe51d&p=366678","20090315092600","200"
"http://www.fasterlouder.com.au:80/forum/showthread.php?s=6bb94cdfb90e42eaaa755536bb8fe51d&p=366680","20090315092606","200"
"http://www.fasterlouder.com.au:80/forum/showthread.php?s=6bb94cdfb90e42eaaa755536bb8fe51d&p=366742","20090315092613","200"
"http://www.fasterlouder.com.au:80/forum/showthread.php?s=6bb94cdfb90e42eaaa755536bb8fe51d&p=366774","20090315094029","200"
"http://www.fasterlouder.com.au:80/forum/showthread.php?s=6bb94cdfb90e42eaaa755536bb8fe51d&p=366775","20090315092617","200"
"http://www.fasterlouder.com.au:80/forum/showthread.php?s=6bb94cdfb90e42eaaa755536bb8fe51d&p=366790","20090315092620","200"
"http://www.fasterlouder.com.au:80/forum/showthread.php?s=6bb94cdfb90e42eaaa755536bb8fe51d&p=366890","20090315094035","200"
"http://www.fasterlouder.com.au:80/forum/showthread.php?s=6bb94cdfb90e42eaaa755536bb8fe51d&p=366891","20090315092626","200"
"http://www.fasterlouder.com.au:80/forum/showthread.php?s=6bb94cdfb90e42eaaa755536bb8fe51d&p=366900","20090315092631","200"
"http://www.fasterlouder.com.au:80/forum/showthread.php?s=6bb94cdfb90e42eaaa755536bb8fe51d&p=366910","20090315094040","200"
"http://www.fasterlouder.com.au:80/forum/showthread.php?p=372386","20090625222734","200"
"http://www.fasterlouder.com.au:80/forum/showthread.php?p=391404","20090622022827","200"
"http://www.fasterlouder.com.au:80/forum/showthread.php?p=409250","20090622020929","200"
"http://www.fasterlouder.com.au:80/forum/showthread.php?p=411776","20090622020934","200"
"http://www.fasterlouder.com.au:80/forum/showthread.php?p=412383","20090622022832","200"
"http://www.fasterlouder.com.au:80/forum/showthread.php?p=412412","20090622022836","200"
"http://www.fasterlouder.com.au:80/forum/showthread.php?p=412490","20090622022843","200"
"http://www.fasterlouder.com.au:80/forum/showthread.php?p=412688","20090622022848","200"
"http://www.fasterlouder.com.au:80/forum/showthread.php?p=412803","20090622020938","200"
"http://www.fasterlouder.com.au:80/forum/showthread.php?p=412822","20090622022852","200"
"http://www.fasterlouder.com.au:80/forum/showthread.php?p=412823","20090622020943","200"
"http://www.fasterlouder.com.au:80/forum/showthread.php?p=412829","20090622022857","200"
"http://www.fasterlouder.com.au:80/forum/showthread.php?p=412996","20090622022902","200"
"http://www.fasterlouder.com.au:80/forum/showthread.php?p=413020","20090622020950","200"
"http://www.fasterlouder.com.au:80/forum/showthread.php?p=413194","20090622020956","200"
"http://www.fasterlouder.com.au:80/forum/showthread.php?p=413363","20090622022907","200"
"http://www.fasterlouder.com.au:80/forum/showthread.php?p=413433","20090622022912","200"
"http://www.fasterlouder.com.au:80/forum/showthread.php?p=413448","20090622021002","200"
"http://www.fasterlouder.com.au:80/forum/showthread.php?p=413462","20090622022917","200"
"http://www.fasterlouder.com.au:80/forum/showthread.php?p=413481","20090622022923","200"
"http://www.fasterlouder.com.au:80/forum/showthread.php?p=413656","20090622021006","200"
"http://www.fasterlouder.com.au:80/forum/showthread.php?p=413927","20090622022928","200"
"http://www.fasterlouder.com.au:80/forum/showthread.php?p=413928","20090622021011","200"
"http://www.fasterlouder.com.au:80/forum/showthread.php?p=413998","20090622021016","200"
"http://www.fasterlouder.com.au:80/forum/showthread.php?p=414009","20090622021022","200"
"http://www.fasterlouder.com.au:80/forum/showthread.php?p=414049","20090622021027","200"
"http://www.fasterlouder.com.au:80/forum/showthread.php?p=414074","20090622021033","200"
"http://www.fasterlouder.com.au:80/forum/showthread.php?p=414114","20090622021039","200"
"http://www.fasterlouder.com.au:80/forum/showthread.php?p=414140","20090622022934","200"
"http://www.fasterlouder.com.au:80/forum/showthread.php?p=414142","20090622023044","200"
"http://www.fasterlouder.com.au:80/forum/showthread.php?p=414144","20090622023050","200"
"http://www.fasterlouder.com.au:80/forum/showthread.php?p=414152","20090622021041","200"
"http://www.fasterlouder.com.au:80/forum/showthread.php?p=414234","20090622021047","200"
"http://www.fasterlouder.com.au:80/forum/showthread.php?p=414246","20090622023055","200"
"http://www.fasterlouder.com.au:80/forum/showthread.php?p=414252","20090622023058","200"
"http://www.fasterlouder.com.au:80/forum/showthread.php?p=414261","20090622023103","200"
"http://www.fasterlouder.com.au:80/forum/showthread.php?p=414270","20090622021051","200"
"http://www.fasterlouder.com.au:80/forum/showthread.php?p=414271","20090622021057","200"
"http://www.fasterlouder.com.au:80/forum/showthread.php?p=414273","20090622021102","200"
"http://www.fasterlouder.com.au:80/forum/showthread.php?p=414277","20090622021107","200"
"http://www.fasterlouder.com.au:80/forum/showthread.php?p=414320","20090622021112","200"
"http://www.fasterlouder.com.au:80/forum/showthread.php?p=414331","20090622023110","200"
"http://www.fasterlouder.com.au:80/forum/showthread.php?p=414349","20090622021118","200"
"http://www.fasterlouder.com.au:80/forum/showthread.php?p=414358","20090622023114","200"
"http://www.fasterlouder.com.au:80/forum/showthread.php?p=414372","20090622021125","200"
"http://www.fasterlouder.com.au:80/forum/showthread.php?p=414388","20090622023119","200"
"http://www.fasterlouder.com.au:80/forum/showthread.php?p=414390","20090622021129","200"
"http://www.fasterlouder.com.au:80/forum/showthread.php?p=414398","20090622023125","200"
"http://www.fasterlouder.com.au:80/forum/showthread.php?p=414400","20090622023130","200"
"http://www.fasterlouder.com.au:80/forum/showthread.php?p=414402","20090622023134","200"
"http://www.fasterlouder.com.au:80/forum/showthread.php?p=414412","20090622021135","200"
"http://www.fasterlouder.com.au:80/forum/showthread.php?p=414414","20090622021140","200"
"http://www.fasterlouder.com.au:80/forum/showthread.php?p=414421","20090622023140","200"
"http://www.fasterlouder.com.au:80/forum/showthread.php?p=414422","20090622021145","200"
"http://www.fasterlouder.com.au:80/forum/showthread.php?p=414423","20090622021150","200"
"http://www.fasterlouder.com.au:80/forum/showthread.php?p=414435","20090622021156","200"
"http://www.fasterlouder.com.au:80/forum/showthread.php?p=414436","20090622023145","200"
"http://www.fasterlouder.com.au:80/forum/showthread.php?s=6bb94cdfb90e42eaaa755536bb8fe51d&t=14584&page=10","20090315092651","200"
"http://www.fasterlouder.com.au:80/forum/showthread.php?s=6bb94cdfb90e42eaaa755536bb8fe51d&t=21684&page=10","20090315110823","200"
"http://www.fasterlouder.com.au:80/forum/showthread.php?t=23513&page=10","20090622022613","200"
"http://www.fasterlouder.com.au:80/forum/showthread.php?s=6bb94cdfb90e42eaaa755536bb8fe51d&t=14271&page=103","20090315092636","200"
"http://www.fasterlouder.com.au:80/forum/showthread.php?s=6bb94cdfb90e42eaaa755536bb8fe51d&t=21217&page=11","20090315094605","200"
"http://www.fasterlouder.com.au:80/forum/showthread.php?s=d7bcb39e15814aa42a19c6097e2948e8&t=19866&page=11","20090331140413","200"
"http://www.fasterlouder.com.au:80/forum/showthread.php?t=14584&page=11","20090622023200","200"
"http://www.fasterlouder.com.au:80/forum/showthread.php?t=21998&page=11","20090622023250","200"
"http://www.fasterlouder.com.au:80/forum/showthread.php?t=14271&page=119","20090622021200","200"
"http://www.fasterlouder.com.au:80/forum/showthread.php?t=14991&page=13","20090622021235","200"
"http://www.fasterlouder.com.au:80/forum/showthread.php?s=6bb94cdfb90e42eaaa755536bb8fe51d&t=16074&page=151","20090315094127","200"
"http://www.fasterlouder.com.au:80/forum/showthread.php?s=6bb94cdfb90e42eaaa755536bb8fe51d&t=19866&page=18","20090315092901","200"
"http://www.fasterlouder.com.au:80/forum/showthread.php?s=6bb94cdfb90e42eaaa755536bb8fe51d&t=14271&page=2","20090315092643","200"
"http://www.fasterlouder.com.au:80/forum/showthread.php?s=6bb94cdfb90e42eaaa755536bb8fe51d&t=14584&page=2","20090315092658","200"
"http://www.fasterlouder.com.au:80/forum/showthread.php?s=6bb94cdfb90e42eaaa755536bb8fe51d&t=15201&page=2","20090315092707","200"
"http://www.fasterlouder.com.au:80/forum/showthread.php?s=6bb94cdfb90e42eaaa755536bb8fe51d&t=15410&page=2","20090315094111","200"
"http://www.fasterlouder.com.au:80/forum/showthread.php?s=6bb94cdfb90e42eaaa755536bb8fe51d&t=16074&page=2","20090315094134","200"
"http://www.fasterlouder.com.au:80/forum/showthread.php?s=6bb94cdfb90e42eaaa755536bb8fe51d&t=16645&page=2","20090315094144","200"
"http://www.fasterlouder.com.au:80/forum/showthread.php?s=6bb94cdfb90e42eaaa755536bb8fe51d&t=16907&page=2","20090315092752","200"
"http://www.fasterlouder.com.au:80/forum/showthread.php?s=6bb94cdfb90e42eaaa755536bb8fe51d&t=17466&page=2","20090315092808","200"
"http://www.fasterlouder.com.au:80/forum/showthread.php?s=6bb94cdfb90e42eaaa755536bb8fe51d&t=17800&page=2","20090315094254","200"
"http://www.fasterlouder.com.au:80/forum/showthread.php?s=6bb94cdfb90e42eaaa755536bb8fe51d&t=18389&page=2","20090315094319","200"
"http://www.fasterlouder.com.au:80/forum/showthread.php?s=6bb94cdfb90e42eaaa755536bb8fe51d&t=19234&page=2","20090315092827","200"
"http://www.fasterlouder.com.au:80/forum/showthread.php?s=6bb94cdfb90e42eaaa755536bb8fe51d&t=19806&page=2","20090315094348","200"
"http://www.fasterlouder.com.au:80/forum/showthread.php?s=6bb94cdfb90e42eaaa755536bb8fe51d&t=19866&page=2","20090315094359","200"
"http://www.fasterlouder.com.au:80/forum/showthread.php?s=6bb94cdfb90e42eaaa755536bb8fe51d&t=20221&page=2","20090315094433","200"
"http://www.fasterlouder.com.au:80/forum/showthread.php?s=6bb94cdfb90e42eaaa755536bb8fe51d&t=20259&page=2","20090315094439","200"
"http://www.fasterlouder.com.au:80/forum/showthread.php?s=6bb94cdfb90e42eaaa755536bb8fe51d&t=20269&page=2","20090315094449","200"
"http://www.fasterlouder.com.au:80/forum/showthread.php?s=6bb94cdfb90e42eaaa755536bb8fe51d&t=20782&page=2","20090315094535","200"
"http://www.fasterlouder.com.au:80/forum/showthread.php?s=6bb94cdfb90e42eaaa755536bb8fe51d&t=20870&page=2","20090315094544","200"
"http://www.fasterlouder.com.au:80/forum/showthread.php?s=6bb94cdfb90e42eaaa755536bb8fe51d&t=21217&page=2","20090315094612","200"
"http://www.fasterlouder.com.au:80/forum/showthread.php?s=6bb94cdfb90e42eaaa755536bb8fe51d&t=21245&page=2","20090315094619","200"
"http://www.fasterlouder.com.au:80/forum/showthread.php?s=6bb94cdfb90e42eaaa755536bb8fe51d&t=21275&page=2","20090315110809","200"
"http://www.fasterlouder.com.au:80/forum/showthread.php?s=6bb94cdfb90e42eaaa755536bb8fe51d&t=21350&page=2","20090315110813","200"
"http://www.fasterlouder.com.au:80/forum/showthread.php?s=6bb94cdfb90e42eaaa755536bb8fe51d&t=21663&page=2","20090315093105","200"
"http://www.fasterlouder.com.au:80/forum/showthread.php?s=6bb94cdfb90e42eaaa755536bb8fe51d&t=21684&page=2","20090315110829","200"
"http://www.fasterlouder.com.au:80/forum/showthread.php?s=a760b0f7c32bfdf54eef9bf9dc456f01&t=21998&page=2","20090519055331","200"
"http://www.fasterlouder.com.au:80/forum/showthread.php?t=14271&page=2","20090622021205","200"
"http://www.fasterlouder.com.au:80/forum/showthread.php?t=14584&page=2","20090622021215","200"
"http://www.fasterlouder.com.au:80/forum/showthread.php?t=14991&page=2","20090622021241","200"
"http://www.fasterlouder.com.au:80/forum/showthread.php?t=16074&page=2","20090622021250","200"
"http://www.fasterlouder.com.au:80/forum/showthread.php?t=16645&page=2","20090622023220","200"
"http://www.fasterlouder.com.au:80/forum/showthread.php?t=20430&page=2","20090622022504","200"
"http://www.fasterlouder.com.au:80/forum/showthread.php?t=21217&page=2","20090622023241","200"
"http://www.fasterlouder.com.au:80/forum/showthread.php?t=21882&page=2","20090622022526","200"
"http://www.fasterlouder.com.au:80/forum/showthread.php?t=21998&page=2","20090622022535","200"
"http://www.fasterlouder.com.au:80/forum/showthread.php?t=22478&page=2","20090622023307","200"
"http://www.fasterlouder.com.au:80/forum/showthread.php?t=23021&page=2","20090622022548","200"
"http://www.fasterlouder.com.au:80/forum/showthread.php?t=23089&page=2","20090622023330","200"
"http://www.fasterlouder.com.au:80/forum/showthread.php?t=23093&page=2","20090622023346","200"
"http://www.fasterlouder.com.au:80/forum/showthread.php?t=23095&page=2","20090622022609","200"
"http://www.fasterlouder.com.au:80/forum/showthread.php?t=23513&page=2","20090622023411","200"
"http://www.fasterlouder.com.au:80/forum/showthread.php?t=23610&page=2","20090622022628","200"
"http://www.fasterlouder.com.au:80/forum/showthread.php?t=23713&page=2","20090622023421","200"
"http://www.fasterlouder.com.au:80/forum/showthread.php?t=23742&page=2","20090622023425","200"
"http://www.fasterlouder.com.au:80/forum/showthread.php?t=23783&page=2","20090622022648","200"
"http://www.fasterlouder.com.au:80/forum/showthread.php?t=23819&page=2","20090622023445","200"
"http://www.fasterlouder.com.au:80/forum/showthread.php?t=23844&page=2","20090622022654","200"
"http://www.fasterlouder.com.au:80/forum/showthread.php?t=23866&page=2","20090622022703","200"
"http://www.fasterlouder.com.au:80/forum/showthread.php?t=23928&page=2","20090622023518","200"
"http://www.fasterlouder.com.au:80/forum/showthread.php?t=23950&page=2","20090622022756","200"
"http://www.fasterlouder.com.au:80/forum/showthread.php?t=16074&page=209","20090622021255","200"
"http://www.fasterlouder.com.au:80/forum/showthread.php?t=22478&page=23","20090622023310","200"
"http://www.fasterlouder.com.au:80/forum/showthread.php?s=d7bcb39e15814aa42a19c6097e2948e8&t=19866&page=24","20090331140804","200"
"http://www.fasterlouder.com.au:80/forum/showthread.php?s=6bb94cdfb90e42eaaa755536bb8fe51d&t=16645&page=27","20090315092742","200"
"http://www.fasterlouder.com.au:80/forum/showthread.php?t=21217&page=28","20090622022511","200"
"http://www.fasterlouder.com.au:80/forum/showthread.php?s=6bb94cdfb90e42eaaa755536bb8fe51d&t=14271&page=3","20090315092647","200"
"http://www.fasterlouder.com.au:80/forum/showthread.php?s=6bb94cdfb90e42eaaa755536bb8fe51d&t=14584&page=3","20090315094057","200"
"http://www.fasterlouder.com.au:80/forum/showthread.php?s=6bb94cdfb90e42eaaa755536bb8fe51d&t=15201&page=3","20090315092713","200"
"http://www.fasterlouder.com.au:80/forum/showthread.php?s=6bb94cdfb90e42eaaa755536bb8fe51d&t=15410&page=3","20090315092722","200"
"http://www.fasterlouder.com.au:80/forum/showthread.php?s=6bb94cdfb90e42eaaa755536bb8fe51d&t=16074&page=3","20090315092732","200"
"http://www.fasterlouder.com.au:80/forum/showthread.php?s=6bb94cdfb90e42eaaa755536bb8fe51d&t=16645&page=3","20090315094148","200"
"http://www.fasterlouder.com.au:80/forum/showthread.php?s=6bb94cdfb90e42eaaa755536bb8fe51d&t=16907&page=3","20090315092758","200"
"http://www.fasterlouder.com.au:80/forum/showthread.php?s=6bb94cdfb90e42eaaa755536bb8fe51d&t=17466&page=3","20090315094215","200"
"http://www.fasterlouder.com.au:80/forum/showthread.php?s=6bb94cdfb90e42eaaa755536bb8fe51d&t=17800&page=3","20090315094258","200"
"http://www.fasterlouder.com.au:80/forum/showthread.php?s=6bb94cdfb90e42eaaa755536bb8fe51d&t=18389&page=3","20090315094323","200"
"http://www.fasterlouder.com.au:80/forum/showthread.php?s=6bb94cdfb90e42eaaa755536bb8fe51d&t=19234&page=3","20090315094338","200"
"http://www.fasterlouder.com.au:80/forum/showthread.php?s=6bb94cdfb90e42eaaa755536bb8fe51d&t=19806&page=3","20090315094353","200"
"http://www.fasterlouder.com.au:80/forum/showthread.php?s=6bb94cdfb90e42eaaa755536bb8fe51d&t=19866&page=3","20090315094413","200"
"http://www.fasterlouder.com.au:80/forum/showthread.php?s=6bb94cdfb90e42eaaa755536bb8fe51d&t=20259&page=3","20090315092916","200"
"http://www.fasterlouder.com.au:80/forum/showthread.php?s=6bb94cdfb90e42eaaa755536bb8fe51d&t=20269&page=3","20090315094455","200"
"http://www.fasterlouder.com.au:80/forum/showthread.php?s=6bb94cdfb90e42eaaa755536bb8fe51d&t=21217&page=3","20090315094615","200"
"http://www.fasterlouder.com.au:80/forum/showthread.php?s=6bb94cdfb90e42eaaa755536bb8fe51d&t=21275&page=3","20090315093024","200"
"http://www.fasterlouder.com.au:80/forum/showthread.php?s=6bb94cdfb90e42eaaa755536bb8fe51d&t=21684&page=3","20090315110834","200"
"http://www.fasterlouder.com.au:80/forum/showthread.php?s=a760b0f7c32bfdf54eef9bf9dc456f01&t=21998&page=3","20090519153000","200"
"http://www.fasterlouder.com.au:80/forum/showthread.php?t=14271&page=3","20090622021210","200"
"http://www.fasterlouder.com.au:80/forum/showthread.php?t=14584&page=3","20090622021220","200"
"http://www.fasterlouder.com.au:80/forum/showthread.php?t=14991&page=3","20090622023206","200"
"http://www.fasterlouder.com.au:80/forum/showthread.php?t=16074&page=3","20090622022436","200"
"http://www.fasterlouder.com.au:80/forum/showthread.php?t=16645&page=3","20090622022445","200"
"http://www.fasterlouder.com.au:80/forum/showthread.php?t=19866&page=3","20090622022455","200"
"http://www.fasterlouder.com.au:80/forum/showthread.php?t=21217&page=3","20090622022518","200"
"http://www.fasterlouder.com.au:80/forum/showthread.php?t=21998&page=3","20090622022538","200"
"http://www.fasterlouder.com.au:80/forum/showthread.php?t=22478&page=3","20090622022543","200"
"http://www.fasterlouder.com.au:80/forum/showthread.php?t=23021&page=3","20090622023325","200"
"http://www.fasterlouder.com.au:80/forum/showthread.php?t=23089&page=3","20090622023336","200"
"http://www.fasterlouder.com.au:80/forum/showthread.php?t=23093&page=3","20090622022603","200"
"http://www.fasterlouder.com.au:80/forum/showthread.php?t=23095&page=3","20090622023356","200"
"http://www.fasterlouder.com.au:80/forum/showthread.php?t=23513&page=3","20090622023416","200"
"http://www.fasterlouder.com.au:80/forum/showthread.php?t=23610&page=3","20090622022633","200"
"http://www.fasterlouder.com.au:80/forum/showthread.php?t=23928&page=3","20090622023523","200"
"http://www.fasterlouder.com.au:80/forum/showthread.php?t=23950&page=3","20090622022801","200"
"http://www.fasterlouder.com.au:80/forum/showthread.php?s=6bb94cdfb90e42eaaa755536bb8fe51d&t=15410&page=32","20090315092726","200"
"http://www.fasterlouder.com.au:80/forum/showthread.php?s=6bb94cdfb90e42eaaa755536bb8fe51d&t=19234&page=38","20090315092831","200"
"http://www.fasterlouder.com.au:80/forum/showthread.php?t=16645&page=38","20090622023225","200"
"http://www.fasterlouder.com.au:80/forum/showthread.php?s=6bb94cdfb90e42eaaa755536bb8fe51d&t=14271&page=4","20090315094045","200"
"http://www.fasterlouder.com.au:80/forum/showthread.php?s=6bb94cdfb90e42eaaa755536bb8fe51d&t=14584&page=4","20090315092702","200"
"http://www.fasterlouder.com.au:80/forum/showthread.php?s=6bb94cdfb90e42eaaa755536bb8fe51d&t=15201&page=4","20090315092717","200"
"http://www.fasterlouder.com.au:80/forum/showthread.php?s=6bb94cdfb90e42eaaa755536bb8fe51d&t=15410&page=4","20090315094116","200"
"http://www.fasterlouder.com.au:80/forum/showthread.php?s=6bb94cdfb90e42eaaa755536bb8fe51d&t=16074&page=4","20090315094138","200"
"http://www.fasterlouder.com.au:80/forum/showthread.php?s=6bb94cdfb90e42eaaa755536bb8fe51d&t=16645&page=4","20090315094153","200"
"http://www.fasterlouder.com.au:80/forum/showthread.php?s=6bb94cdfb90e42eaaa755536bb8fe51d&t=16907&page=4","20090315094158","200"
"http://www.fasterlouder.com.au:80/forum/showthread.php?s=6bb94cdfb90e42eaaa755536bb8fe51d&t=17466&page=4","20090315092812","200"
"http://www.fasterlouder.com.au:80/forum/showthread.php?s=6bb94cdfb90e42eaaa755536bb8fe51d&t=17800&page=4","20090315094302","200"
"http://www.fasterlouder.com.au:80/forum/showthread.php?s=6bb94cdfb90e42eaaa755536bb8fe51d&t=18389&page=4","20090315094327","200"
"http://www.fasterlouder.com.au:80/forum/showthread.php?s=6bb94cdfb90e42eaaa755536bb8fe51d&t=19234&page=4","20090315092840","200"
"http://www.fasterlouder.com.au:80/forum/showthread.php?s=6bb94cdfb90e42eaaa755536bb8fe51d&t=19866&page=4","20090315092906","200"
"http://www.fasterlouder.com.au:80/forum/showthread.php?s=6bb94cdfb90e42eaaa755536bb8fe51d&t=20259&page=4","20090315094443","200"
"http://www.fasterlouder.com.au:80/forum/showthread.php?s=6bb94cdfb90e42eaaa755536bb8fe51d&t=20269&page=4","20090315094458","200"
"http://www.fasterlouder.com.au:80/forum/showthread.php?s=6bb94cdfb90e42eaaa755536bb8fe51d&t=21217&page=4","20090315093002","200"
"http://www.fasterlouder.com.au:80/forum/showthread.php?s=6bb94cdfb90e42eaaa755536bb8fe51d&t=21275&page=4","20090315093049","200"
"http://www.fasterlouder.com.au:80/forum/showthread.php?s=6bb94cdfb90e42eaaa755536bb8fe51d&t=21684&page=4","20090315093113","200"
"http://www.fasterlouder.com.au:80/forum/showthread.php?s=a760b0f7c32bfdf54eef9bf9dc456f01&t=21998&page=4","20090519163013","200"
"http://www.fasterlouder.com.au:80/forum/showthread.php?t=14271&page=4","20090622023151","200"
"http://www.fasterlouder.com.au:80/forum/showthread.php?t=14584&page=4","20090622021225","200"
"http://www.fasterlouder.com.au:80/forum/showthread.php?t=14991&page=4","20090622023210","200"
"http://www.fasterlouder.com.au:80/forum/showthread.php?t=16074&page=4","20090622023216","200"
"http://www.fasterlouder.com.au:80/forum/showthread.php?t=16645&page=4","20090622022450","200"
"http://www.fasterlouder.com.au:80/forum/showthread.php?t=19866&page=4","20090622023231","200"
"http://www.fasterlouder.com.au:80/forum/showthread.php?t=21217&page=4","20090622023246","200"
"http://www.fasterlouder.com.au:80/forum/showthread.php?t=21998&page=4","20090622023256","200"
"http://www.fasterlouder.com.au:80/forum/showthread.php?t=22478&page=4","20090622023316","200"
"http://www.fasterlouder.com.au:80/forum/showthread.php?t=23021&page=4","20090622022554","200"
"http://www.fasterlouder.com.au:80/forum/showthread.php?t=23089&page=4","20090622022559","200"
"http://www.fasterlouder.com.au:80/forum/showthread.php?t=23093&page=4","20090622023351","200"
"http://www.fasterlouder.com.au:80/forum/showthread.php?t=23095&page=4","20090622023402","200"
"http://www.fasterlouder.com.au:80/forum/showthread.php?t=23513&page=4","20090622022618","200"
"http://www.fasterlouder.com.au:80/forum/showthread.php?s=6bb94cdfb90e42eaaa755536bb8fe51d&t=14271&page=5","20090315094050","200"
"http://www.fasterlouder.com.au:80/forum/showthread.php?s=6bb94cdfb90e42eaaa755536bb8fe51d&t=14584&page=5","20090315094102","200"
"http://www.fasterlouder.com.au:80/forum/showthread.php?s=6bb94cdfb90e42eaaa755536bb8fe51d&t=15201&page=5","20090315094105","200"
"http://www.fasterlouder.com.au:80/forum/showthread.php?s=6bb94cdfb90e42eaaa755536bb8fe51d&t=15410&page=5","20090315094123","200"
"http://www.fasterlouder.com.au:80/forum/showthread.php?s=6bb94cdfb90e42eaaa755536bb8fe51d&t=16074&page=5","20090315092737","200"
"http://www.fasterlouder.com.au:80/forum/showthread.php?s=6bb94cdfb90e42eaaa755536bb8fe51d&t=16645&page=5","20090315092748","200"
"http://www.fasterlouder.com.au:80/forum/showthread.php?s=6bb94cdfb90e42eaaa755536bb8fe51d&t=16907&page=5","20090315094207","200"
"http://www.fasterlouder.com.au:80/forum/showthread.php?s=6bb94cdfb90e42eaaa755536bb8fe51d&t=17466&page=5","20090315094225","200"
"http://www.fasterlouder.com.au:80/forum/showthread.php?s=6bb94cdfb90e42eaaa755536bb8fe51d&t=17800&page=5","20090315094308","200"
"http://www.fasterlouder.com.au:80/forum/showthread.php?s=6bb94cdfb90e42eaaa755536bb8fe51d&t=18389&page=5","20090315094332","200"
"http://www.fasterlouder.com.au:80/forum/showthread.php?s=6bb94cdfb90e42eaaa755536bb8fe51d&t=19234&page=5","20090315094343","200"
"http://www.fasterlouder.com.au:80/forum/showthread.php?s=6bb94cdfb90e42eaaa755536bb8fe51d&t=19866&page=5","20090315092911","200"
"http://www.fasterlouder.com.au:80/forum/showthread.php?s=6bb94cdfb90e42eaaa755536bb8fe51d&t=21217&page=5","20090315093006","200"
"http://www.fasterlouder.com.au:80/forum/showthread.php?s=6bb94cdfb90e42eaaa755536bb8fe51d&t=21275&page=5","20090315093053","200"
"http://www.fasterlouder.com.au:80/forum/showthread.php?s=6bb94cdfb90e42eaaa755536bb8fe51d&t=21684&page=5","20090315093121","200"
"http://www.fasterlouder.com.au:80/forum/showthread.php?s=a760b0f7c32bfdf54eef9bf9dc456f01&t=21998&page=5","20090523081446","200"
"http://www.fasterlouder.com.au:80/forum/showthread.php?t=14271&page=5","20090622023155","200"
"http://www.fasterlouder.com.au:80/forum/showthread.php?t=14584&page=5","20090622021231","200"
"http://www.fasterlouder.com.au:80/forum/showthread.php?t=14991&page=5","20090622021246","200"
"http://www.fasterlouder.com.au:80/forum/showthread.php?t=16074&page=5","20090622022440","200"
"http://www.fasterlouder.com.au:80/forum/showthread.php?t=16645&page=5","20090627184230","200"
"http://www.fasterlouder.com.au:80/forum/showthread.php?t=19866&page=5","20090622022500","200"
"http://www.fasterlouder.com.au:80/forum/showthread.php?t=21217&page=5","20090622022522","200"
"http://www.fasterlouder.com.au:80/forum/showthread.php?t=21998&page=5","20090622023302","200"
"http://www.fasterlouder.com.au:80/forum/showthread.php?t=22478&page=5","20090622023322","200"
"http://www.fasterlouder.com.au:80/forum/showthread.php?t=23089&page=5","20090622023341","200"
"http://www.fasterlouder.com.au:80/forum/showthread.php?t=23513&page=5","20090622022623","200"
"http://www.fasterlouder.com.au:80/forum/showthread.php?t=19866&page=50","20090622023236","200"
"http://www.fasterlouder.com.au:80/forum/showthread.php?s=6bb94cdfb90e42eaaa755536bb8fe51d&t=16907&page=6","20090315092801","200"
"http://www.fasterlouder.com.au:80/forum/showthread.php?s=6bb94cdfb90e42eaaa755536bb8fe51d&t=17466&page=6","20090315094227","200"
"http://www.fasterlouder.com.au:80/forum/showthread.php?s=6bb94cdfb90e42eaaa755536bb8fe51d&t=17800&page=6","20090315094311","200"
"http://www.fasterlouder.com.au:80/forum/showthread.php?s=6bb94cdfb90e42eaaa755536bb8fe51d&t=18389&page=7","20090315092817","200"
"http://www.fasterlouder.com.au:80/forum/showthread.php?s=a760b0f7c32bfdf54eef9bf9dc456f01&t=21998&page=9","20090523081451","200"
"http://www.fasterlouder.com.au:80/forum/showthread.php?s=655634b9ff73c8d67df06e019502a570&t=21967","20090426034614","200"
"http://www.fasterlouder.com.au:80/forum/showthread.php?s=6bb94cdfb90e42eaaa755536bb8fe51d&t=14271","20090315084548","200"
"http://www.fasterlouder.com.au:80/forum/showthread.php?s=6bb94cdfb90e42eaaa755536bb8fe51d&t=14584","20090315084553","200"
"http://www.fasterlouder.com.au:80/forum/showthread.php?s=6bb94cdfb90e42eaaa755536bb8fe51d&t=15201","20090315084558","200"
"http://www.fasterlouder.com.au:80/forum/showthread.php?s=6bb94cdfb90e42eaaa755536bb8fe51d&t=15410","20090315084605","200"
"http://www.fasterlouder.com.au:80/forum/showthread.php?s=6bb94cdfb90e42eaaa755536bb8fe51d&t=16074","20090315084609","200"
"http://www.fasterlouder.com.au:80/forum/showthread.php?s=6bb94cdfb90e42eaaa755536bb8fe51d&t=16645","20090315084615","200"
"http://www.fasterlouder.com.au:80/forum/showthread.php?s=6bb94cdfb90e42eaaa755536bb8fe51d&t=16907","20090315084619","200"
"http://www.fasterlouder.com.au:80/forum/showthread.php?s=6bb94cdfb90e42eaaa755536bb8fe51d&t=17466","20090315084626","200"
"http://www.fasterlouder.com.au:80/forum/showthread.php?s=6bb94cdfb90e42eaaa755536bb8fe51d&t=17800","20090315084630","200"
"http://www.fasterlouder.com.au:80/forum/showthread.php?s=6bb94cdfb90e42eaaa755536bb8fe51d&t=18389","20090315084636","200"
"http://www.fasterlouder.com.au:80/forum/showthread.php?s=6bb94cdfb90e42eaaa755536bb8fe51d&t=18697","20090315092821","200"
"http://www.fasterlouder.com.au:80/forum/showthread.php?s=6bb94cdfb90e42eaaa755536bb8fe51d&t=19234","20090315084642","200"
"http://www.fasterlouder.com.au:80/forum/showthread.php?s=6bb94cdfb90e42eaaa755536bb8fe51d&t=19635","20090315092842","200"
"http://www.fasterlouder.com.au:80/forum/showthread.php?s=6bb94cdfb90e42eaaa755536bb8fe51d&t=19690","20090315092848","200"
"http://www.fasterlouder.com.au:80/forum/showthread.php?s=6bb94cdfb90e42eaaa755536bb8fe51d&t=19806","20090315084650","200"
"http://www.fasterlouder.com.au:80/forum/showthread.php?s=6bb94cdfb90e42eaaa755536bb8fe51d&t=19861","20090315092854","200"
"http://www.fasterlouder.com.au:80/forum/showthread.php?s=6bb94cdfb90e42eaaa755536bb8fe51d&t=19866","20090315084653","200"
"http://www.fasterlouder.com.au:80/forum/showthread.php?s=6bb94cdfb90e42eaaa755536bb8fe51d&t=19929","20090315094416","200"
"http://www.fasterlouder.com.au:80/forum/showthread.php?s=6bb94cdfb90e42eaaa755536bb8fe51d&t=20007","20090315094422","200"
"http://www.fasterlouder.com.au:80/forum/showthread.php?s=6bb94cdfb90e42eaaa755536bb8fe51d&t=20174","20090315094427","200"
"http://www.fasterlouder.com.au:80/forum/showthread.php?s=6bb94cdfb90e42eaaa755536bb8fe51d&t=20221","20090315084700","200"
"http://www.fasterlouder.com.au:80/forum/showthread.php?s=6bb94cdfb90e42eaaa755536bb8fe51d&t=20259","20090315084704","200"
"http://www.fasterlouder.com.au:80/forum/showthread.php?s=6bb94cdfb90e42eaaa755536bb8fe51d&t=20269","20090315084709","200"
"http://www.fasterlouder.com.au:80/forum/showthread.php?s=6bb94cdfb90e42eaaa755536bb8fe51d&t=20274","20090315094504","200"
"http://www.fasterlouder.com.au:80/forum/showthread.php?s=6bb94cdfb90e42eaaa755536bb8fe51d&t=20343","20090315092919","200"
"http://www.fasterlouder.com.au:80/forum/showthread.php?s=6bb94cdfb90e42eaaa755536bb8fe51d&t=20353","20090315092925","200"
"http://www.fasterlouder.com.au:80/forum/showthread.php?s=6bb94cdfb90e42eaaa755536bb8fe51d&t=20376","20090315092929","200"
"http://www.fasterlouder.com.au:80/forum/showthread.php?s=6bb94cdfb90e42eaaa755536bb8fe51d&t=20430","20090315094509","200"
"http://www.fasterlouder.com.au:80/forum/showthread.php?s=6bb94cdfb90e42eaaa755536bb8fe51d&t=20594","20090315094514","200"
"http://www.fasterlouder.com.au:80/forum/showthread.php?s=6bb94cdfb90e42eaaa755536bb8fe51d&t=20601","20090315094519","200"
"http://www.fasterlouder.com.au:80/forum/showthread.php?s=6bb94cdfb90e42eaaa755536bb8fe51d&t=20672","20090315094524","200"
"http://www.fasterlouder.com.au:80/forum/showthread.php?s=6bb94cdfb90e42eaaa755536bb8fe51d&t=20694","20090315094529","200"
"http://www.fasterlouder.com.au:80/forum/showthread.php?s=6bb94cdfb90e42eaaa755536bb8fe51d&t=20709","20090315092935","200"
"http://www.fasterlouder.com.au:80/forum/showthread.php?s=6bb94cdfb90e42eaaa755536bb8fe51d&t=20732","20090315092945","200"
"http://www.fasterlouder.com.au:80/forum/showthread.php?s=6bb94cdfb90e42eaaa755536bb8fe51d&t=20751","20090315092947","200"
"http://www.fasterlouder.com.au:80/forum/showthread.php?s=6bb94cdfb90e42eaaa755536bb8fe51d&t=20771","20090315092952","200"
"http://www.fasterlouder.com.au:80/forum/showthread.php?s=6bb94cdfb90e42eaaa755536bb8fe51d&t=20782","20090315084714","200"
"http://www.fasterlouder.com.au:80/forum/showthread.php?s=6bb94cdfb90e42eaaa755536bb8fe51d&t=20850","20090315094539","200"
"http://www.fasterlouder.com.au:80/forum/showthread.php?s=6bb94cdfb90e42eaaa755536bb8fe51d&t=20870","20090315084719","200"
"http://www.fasterlouder.com.au:80/forum/showthread.php?s=6bb94cdfb90e42eaaa755536bb8fe51d&t=20894","20090315094552","200"
"http://www.fasterlouder.com.au:80/forum/showthread.php?s=6bb94cdfb90e42eaaa755536bb8fe51d&t=21193","20090315094602","200"
"http://www.fasterlouder.com.au:80/forum/showthread.php?s=6bb94cdfb90e42eaaa755536bb8fe51d&t=21217","20090315084724","200"
"http://www.fasterlouder.com.au:80/forum/showthread.php?s=6bb94cdfb90e42eaaa755536bb8fe51d&t=21245","20090315084729","200"
"http://www.fasterlouder.com.au:80/forum/showthread.php?s=6bb94cdfb90e42eaaa755536bb8fe51d&t=21275","20090315084734","200"
"http://www.fasterlouder.com.au:80/forum/showthread.php?s=6bb94cdfb90e42eaaa755536bb8fe51d&t=21322","20090315093057","200"
"http://www.fasterlouder.com.au:80/forum/showthread.php?s=6bb94cdfb90e42eaaa755536bb8fe51d&t=21350","20090315084743","200"
"http://www.fasterlouder.com.au:80/forum/showthread.php?s=6bb94cdfb90e42eaaa755536bb8fe51d&t=21416","20090315093102","200"
"http://www.fasterlouder.com.au:80/forum/showthread.php?s=6bb94cdfb90e42eaaa755536bb8fe51d&t=21553","20090315110818","200"
"http://www.fasterlouder.com.au:80/forum/showthread.php?s=6bb94cdfb90e42eaaa755536bb8fe51d&t=21663","20090315084826","200"
"http://www.fasterlouder.com.au:80/forum/showthread.php?s=6bb94cdfb90e42eaaa755536bb8fe51d&t=21684","20090315084839","200"
"http://www.fasterlouder.com.au:80/forum/showthread.php?s=a760b0f7c32bfdf54eef9bf9dc456f01&t=12289","20090604142455","200"
"http://www.fasterlouder.com.au:80/forum/showthread.php?s=a760b0f7c32bfdf54eef9bf9dc456f01&t=15111","20090603172557","200"
"http://www.fasterlouder.com.au:80/forum/showthread.php?s=a760b0f7c32bfdf54eef9bf9dc456f01&t=15112","20090603152152","200"
"http://www.fasterlouder.com.au:80/forum/showthread.php?s=a760b0f7c32bfdf54eef9bf9dc456f01&t=7759","20090604132051","200"
"http://www.fasterlouder.com.au:80/forum/showthread.php?s=d7bcb39e15814aa42a19c6097e2948e8&t=1555","20090331194703","200"
"http://www.fasterlouder.com.au:80/forum/showthread.php?s=d7bcb39e15814aa42a19c6097e2948e8&t=17116","20090402133229","200"
"http://www.fasterlouder.com.au:80/forum/showthread.php?s=d7bcb39e15814aa42a19c6097e2948e8&t=17117","20090331195658","200"
"http://www.fasterlouder.com.au:80/forum/showthread.php?s=d7bcb39e15814aa42a19c6097e2948e8&t=17118","20090331201942","200"
"http://www.fasterlouder.com.au:80/forum/showthread.php?s=d7bcb39e15814aa42a19c6097e2948e8&t=17119","20090331195702","200"
"http://www.fasterlouder.com.au:80/forum/showthread.php?t=10230","20090513045508","200"
"http://www.fasterlouder.com.au:80/forum/showthread.php?t=11206","20090228013631","200"
"http://www.fasterlouder.com.au:80/forum/showthread.php?t=11232","20090516042926","200"
"http://www.fasterlouder.com.au:80/forum/showthread.php?t=11305","20090504172744","200"
"http://www.fasterlouder.com.au:80/forum/showthread.php?t=11861","20090506142143","200"
"http://www.fasterlouder.com.au:80/forum/showthread.php?t=12377","20090513050235","200"
"http://www.fasterlouder.com.au:80/forum/showthread.php?t=12586","20090605230434","200"
"http://www.fasterlouder.com.au:80/forum/showthread.php?t=13043","20090228013639","200"
"http://www.fasterlouder.com.au:80/forum/showthread.php?t=13457","20090403024536","200"
"http://www.fasterlouder.com.au:80/forum/showthread.php?t=13496","20090306073257","200"
"http://www.fasterlouder.com.au:80/forum/showthread.php?t=13734","20090319015917","200"
"http://www.fasterlouder.com.au:80/forum/showthread.php?t=13840","20090502040610","200"
"http://www.fasterlouder.com.au:80/forum/showthread.php?t=14093","20090228063846","200"
"http://www.fasterlouder.com.au:80/forum/showthread.php?t=15475","20090603222837","200"
"http://www.fasterlouder.com.au:80/forum/showthread.php?t=16022","20090511184211","200"
"http://www.fasterlouder.com.au:80/forum/showthread.php?t=16530","20090513050239","200"
"http://www.fasterlouder.com.au:80/forum/showthread.php?t=17476","20090303174321","200"
"http://www.fasterlouder.com.au:80/forum/showthread.php?t=17698","20090513045511","200"
"http://www.fasterlouder.com.au:80/forum/showthread.php?t=17943","20090607024829","200"
"http://www.fasterlouder.com.au:80/forum/showthread.php?t=17950","20090413135456","200"
"http://www.fasterlouder.com.au:80/forum/showthread.php?t=17991","20090303174334","200"
"http://www.fasterlouder.com.au:80/forum/showthread.php?t=19296","20090226223700","200"
"http://www.fasterlouder.com.au:80/forum/showthread.php?t=19866","20090430063217","200"
"http://www.fasterlouder.com.au:80/forum/showthread.php?t=19888","20090313145106","200"
"http://www.fasterlouder.com.au:80/forum/showthread.php?t=19925","20090316164925","200"
"http://www.fasterlouder.com.au:80/forum/showthread.php?t=20286","20090303201207","200"
"http://www.fasterlouder.com.au:80/forum/showthread.php?t=20477","20090519022653","200"
"http://www.fasterlouder.com.au:80/forum/showthread.php?t=20571","20090601213235","200"
"http://www.fasterlouder.com.au:80/forum/showthread.php?t=20572","20090422195030","200"
"http://www.fasterlouder.com.au:80/forum/showthread.php?t=21004","20090525075620","200"
"http://www.fasterlouder.com.au:80/forum/showthread.php?t=21038","20090227045717","200"
"http://www.fasterlouder.com.au:80/forum/showthread.php?t=21045","20090228071402","200"
"http://www.fasterlouder.com.au:80/forum/showthread.php?t=21159","20090228013643","200"
"http://www.fasterlouder.com.au:80/forum/showthread.php?t=21172","20090228013646","200"
"http://www.fasterlouder.com.au:80/forum/showthread.php?t=21191","20090302155738","200"
"http://www.fasterlouder.com.au:80/forum/showthread.php?t=21192","20090511060241","200"
"http://www.fasterlouder.com.au:80/forum/showthread.php?t=21210","20090303174345","200"
"http://www.fasterlouder.com.au:80/forum/showthread.php?t=21216","20090405045647","200"
"http://www.fasterlouder.com.au:80/forum/showthread.php?t=21220","20090307140323","200"
"http://www.fasterlouder.com.au:80/forum/showthread.php?t=21223","20090609223152","200"
"http://www.fasterlouder.com.au:80/forum/showthread.php?t=21240","20090302215251","200"
"http://www.fasterlouder.com.au:80/forum/showthread.php?t=21251","20090303134931","200"
"http://www.fasterlouder.com.au:80/forum/showthread.php?t=21256","20090303231002","200"
"http://www.fasterlouder.com.au:80/forum/showthread.php?t=21258","20090304035746","200"
"http://www.fasterlouder.com.au:80/forum/showthread.php?t=21271","20090303164846","200"
"http://www.fasterlouder.com.au:80/forum/showthread.php?t=21286","20090303174354","200"
"http://www.fasterlouder.com.au:80/forum/showthread.php?t=21355","20090330042022","200"
"http://www.fasterlouder.com.au:80/forum/showthread.php?t=21364","20090320001647","200"
"http://www.fasterlouder.com.au:80/forum/showthread.php?t=21379","20090318222510","200"
"http://www.fasterlouder.com.au:80/forum/showthread.php?t=21475","20090313012841","200"
"http://www.fasterlouder.com.au:80/forum/showthread.php?t=21490","20090312021842","200"
"http://www.fasterlouder.com.au:80/forum/showthread.php?t=21498","20090313012500","200"
"http://www.fasterlouder.com.au:80/forum/showthread.php?t=21504","20090312021908","200"
"http://www.fasterlouder.com.au:80/forum/showthread.php?t=21537","20090313085542","200"
"http://www.fasterlouder.com.au:80/forum/showthread.php?t=21545","20090313070136","200"
"http://www.fasterlouder.com.au:80/forum/showthread.php?t=21617","20090322200523","200"
"http://www.fasterlouder.com.au:80/forum/showthread.php?t=21626","20090406040541","200"
"http://www.fasterlouder.com.au:80/forum/showthread.php?t=21643","20090318222514","200"
"http://www.fasterlouder.com.au:80/forum/showthread.php?t=21671","20090318222521","200"
"http://www.fasterlouder.com.au:80/forum/showthread.php?t=21705","20090318222526","200"
"http://www.fasterlouder.com.au:80/forum/showthread.php?t=21714","20090318222528","200"
"http://www.fasterlouder.com.au:80/forum/showthread.php?t=21768","20090322200539","200"
"http://www.fasterlouder.com.au:80/forum/showthread.php?t=21826","20090325111713","200"
"http://www.fasterlouder.com.au:80/forum/showthread.php?t=21828","20090330043042","200"
"http://www.fasterlouder.com.au:80/forum/showthread.php?t=21862","20090328184436","200"
"http://www.fasterlouder.com.au:80/forum/showthread.php?t=21891","20090531202748","200"
"http://www.fasterlouder.com.au:80/forum/showthread.php?t=21894","20090413035500","200"
"http://www.fasterlouder.com.au:80/forum/showthread.php?t=21927","20090330225149","200"
"http://www.fasterlouder.com.au:80/forum/showthread.php?t=21961","20090401013747","200"
"http://www.fasterlouder.com.au:80/forum/showthread.php?t=21968","20090330225154","200"
"http://www.fasterlouder.com.au:80/forum/showthread.php?t=21986","20090327190309","200"
"http://www.fasterlouder.com.au:80/forum/showthread.php?t=21987","20090327190315","200"
"http://www.fasterlouder.com.au:80/forum/showthread.php?t=21988","20090327190321","200"
"http://www.fasterlouder.com.au:80/forum/showthread.php?t=21991","20090401013800","200"
"http://www.fasterlouder.com.au:80/forum/showthread.php?t=21998","20090516193123","200"
"http://www.fasterlouder.com.au:80/forum/showthread.php?t=22002","20090401013806","200"
"http://www.fasterlouder.com.au:80/forum/showthread.php?t=22035","20090404072840","200"
"http://www.fasterlouder.com.au:80/forum/showthread.php?t=22084","20090417155147","200"
"http://www.fasterlouder.com.au:80/forum/showthread.php?t=22119","20090412010718","200"
"http://www.fasterlouder.com.au:80/forum/showthread.php?t=22133","20090616034708","200"
"http://www.fasterlouder.com.au:80/forum/showthread.php?t=22134","20090409191259","200"
"http://www.fasterlouder.com.au:80/forum/showthread.php?t=22152","20090408153222","200"
"http://www.fasterlouder.com.au:80/forum/showthread.php?t=22154","20090409010525","200"
"http://www.fasterlouder.com.au:80/forum/showthread.php?t=22159","20090504172749","200"
"http://www.fasterlouder.com.au:80/forum/showthread.php?t=22184","20090410143849","200"
"http://www.fasterlouder.com.au:80/forum/showthread.php?t=22252","20090508060531","200"
"http://www.fasterlouder.com.au:80/forum/showthread.php?t=22289","20090417205130","200"
"http://www.fasterlouder.com.au:80/forum/showthread.php?t=22298","20090615165110","200"
"http://www.fasterlouder.com.au:80/forum/showthread.php?t=22323","20090421012239","200"
"http://www.fasterlouder.com.au:80/forum/showthread.php?t=22366","20090501052628","200"
"http://www.fasterlouder.com.au:80/forum/showthread.php?t=22371","20090426042403","200"
"http://www.fasterlouder.com.au:80/forum/showthread.php?t=22387","20090422023844","200"
"http://www.fasterlouder.com.au:80/forum/showthread.php?t=22388","20090421165401","200"
"http://www.fasterlouder.com.au:80/forum/showthread.php?t=22396","20090422010137","200"
"http://www.fasterlouder.com.au:80/forum/showthread.php?t=22464","20090426003331","200"
"http://www.fasterlouder.com.au:80/forum/showthread.php?t=22471","20090426042412","200"
"http://www.fasterlouder.com.au:80/forum/showthread.php?t=22577","20090502164337","200"
"http://www.fasterlouder.com.au:80/forum/showthread.php?t=22580","20090502164348","200"
"http://www.fasterlouder.com.au:80/forum/showthread.php?t=22587","20090504172754","200"
"http://www.fasterlouder.com.au:80/forum/showthread.php?t=22601","20090505021501","200"
"http://www.fasterlouder.com.au:80/forum/showthread.php?t=22612","20090505021510","200"
"http://www.fasterlouder.com.au:80/forum/showthread.php?t=22614","20090524053247","200"
"http://www.fasterlouder.com.au:80/forum/showthread.php?t=22622","20090504050558","200"
"http://www.fasterlouder.com.au:80/forum/showthread.php?t=22636","20090518013349","200"
"http://www.fasterlouder.com.au:80/forum/showthread.php?t=22648","20090505184309","200"
"http://www.fasterlouder.com.au:80/forum/showthread.php?t=22713","20090510054001","200"
"http://www.fasterlouder.com.au:80/forum/showthread.php?t=22751","20090606113136","200"
"http://www.fasterlouder.com.au:80/forum/showthread.php?t=22757","20090513045516","200"
"http://www.fasterlouder.com.au:80/forum/showthread.php?t=22814","20090511184218","200"
"http://www.fasterlouder.com.au:80/forum/showthread.php?t=22909","20090518013403","200"
"http://www.fasterlouder.com.au:80/forum/showthread.php?t=22936","20090519054936","200"
"http://www.fasterlouder.com.au:80/forum/showthread.php?t=22949","20090516193134","200"
"http://www.fasterlouder.com.au:80/forum/showthread.php?t=22983","20090519002003","200"
"http://www.fasterlouder.com.au:80/forum/showthread.php?t=22987","20090519002013","200"
"http://www.fasterlouder.com.au:80/forum/showthread.php?t=23005","20090520042952","200"
"http://www.fasterlouder.com.au:80/forum/showthread.php?t=23033","20090520105759","200"
"http://www.fasterlouder.com.au:80/forum/showthread.php?t=23058","20090606193457","200"
"http://www.fasterlouder.com.au:80/forum/showthread.php?t=23111","20090622023406","200"
"http://www.fasterlouder.com.au:80/forum/showthread.php?t=23167","20090523232935","200"
"http://www.fasterlouder.com.au:80/forum/showthread.php?t=23197","20090524005236","200"
"http://www.fasterlouder.com.au:80/forum/showthread.php?t=23275","20090529023237","200"
"http://www.fasterlouder.com.au:80/forum/showthread.php?t=23285","20090529005623","200"
"http://www.fasterlouder.com.au:80/forum/showthread.php?t=23374","20090531122456","200"
"http://www.fasterlouder.com.au:80/forum/showthread.php?t=23406","20090601224741","200"
"http://www.fasterlouder.com.au:80/forum/showthread.php?t=23419","20090602202335","200"
"http://www.fasterlouder.com.au:80/forum/showthread.php?t=23537","20090607024835","200"
"http://www.fasterlouder.com.au:80/forum/showthread.php?t=23557","20090607005851","200"
"http://www.fasterlouder.com.au:80/forum/showthread.php?t=23580","20090608192750","200"
"http://www.fasterlouder.com.au:80/forum/showthread.php?t=23591","20090608192811","200"
"http://www.fasterlouder.com.au:80/forum/showthread.php?t=23611","20090622022637","200"
"http://www.fasterlouder.com.au:80/forum/showthread.php?t=23720","20090614233254","200"
"http://www.fasterlouder.com.au:80/forum/showthread.php?t=23728","20090622022643","200"
"http://www.fasterlouder.com.au:80/forum/showthread.php?t=23734","20090614233257","200"
"http://www.fasterlouder.com.au:80/forum/showthread.php?t=23735","20090614233303","200"
"http://www.fasterlouder.com.au:80/forum/showthread.php?t=23761","20090616060636","200"
"http://www.fasterlouder.com.au:80/forum/showthread.php?t=23763","20090616060642","200"
"http://www.fasterlouder.com.au:80/forum/showthread.php?t=23770","20090622023429","200"
"http://www.fasterlouder.com.au:80/forum/showthread.php?t=23772","20090616084604","200"
"http://www.fasterlouder.com.au:80/forum/showthread.php?t=23786","20090616185607","200"
"http://www.fasterlouder.com.au:80/forum/showthread.php?t=23791","20090621001206","200"
"http://www.fasterlouder.com.au:80/forum/showthread.php?t=23794","20090616185612","200"
"http://www.fasterlouder.com.au:80/forum/showthread.php?t=23795","20090622023438","200"
"http://www.fasterlouder.com.au:80/forum/showthread.php?t=23797","20090619064027","200"
"http://www.fasterlouder.com.au:80/forum/showthread.php?t=23800","20090616185616","200"
"http://www.fasterlouder.com.au:80/forum/showthread.php?t=23808","20090622023441","200"
"http://www.fasterlouder.com.au:80/forum/showthread.php?t=23862","20090622023450","200"
"http://www.fasterlouder.com.au:80/forum/showthread.php?t=23865","20090622022658","200"
"http://www.fasterlouder.com.au:80/forum/showthread.php?t=23871","20090622022709","200"
"http://www.fasterlouder.com.au:80/forum/showthread.php?t=23884","20090622022714","200"
"http://www.fasterlouder.com.au:80/forum/showthread.php?t=23887","20090622023456","200"
"http://www.fasterlouder.com.au:80/forum/showthread.php?t=23890","20090622023501","200"
"http://www.fasterlouder.com.au:80/forum/showthread.php?t=23904","20090622023506","200"
"http://www.fasterlouder.com.au:80/forum/showthread.php?t=23914","20090622022719","200"
"http://www.fasterlouder.com.au:80/forum/showthread.php?t=23918","20090622023512","200"
"http://www.fasterlouder.com.au:80/forum/showthread.php?t=23920","20090622022723","200"
"http://www.fasterlouder.com.au:80/forum/showthread.php?t=23929","20090622022729","200"
"http://www.fasterlouder.com.au:80/forum/showthread.php?t=23932","20090622022734","200"
"http://www.fasterlouder.com.au:80/forum/showthread.php?t=23934","20090622022740","200"
"http://www.fasterlouder.com.au:80/forum/showthread.php?t=23936","20090622023527","200"
"http://www.fasterlouder.com.au:80/forum/showthread.php?t=23943","20090622023533","200"
"http://www.fasterlouder.com.au:80/forum/showthread.php?t=23944","20090622022745","200"
"http://www.fasterlouder.com.au:80/forum/showthread.php?t=23945","20090622022750","200"
"http://www.fasterlouder.com.au:80/forum/showthread.php?t=23949","20090622023539","200"
"http://www.fasterlouder.com.au:80/forum/showthread.php?t=23951","20090622023542","200"
"http://www.fasterlouder.com.au:80/forum/showthread.php?t=23962","20090622022806","200"
"http://www.fasterlouder.com.au:80/forum/showthread.php?t=23969","20090622023548","200"
"http://www.fasterlouder.com.au:80/forum/showthread.php?t=23983","20090622022811","200"
"http://www.fasterlouder.com.au:80/forum/showthread.php?t=23987","20090622022817","200"
"http://www.fasterlouder.com.au:80/forum/showthread.php?t=23996","20090622023552","200"
"http://www.fasterlouder.com.au:80/forum/showthread.php?t=24009","20090622023557","200"
"http://www.fasterlouder.com.au:80/forum/showthread.php?t=24017","20090622023603","200"
"http://www.fasterlouder.com.au:80/forum/showthread.php?t=24054","20090627104945","200"
"http://www.fasterlouder.com.au:80/forum/showthread.php?t=24069","20090627105008","200"
"http://www.fasterlouder.com.au:80/forum/showthread.php?t=24072","20090627153742","200"
"http://www.fasterlouder.com.au:80/forum/showthread.php?t=24103","20090629083022","200"
"http://www.fasterlouder.com.au:80/forum/showthread.php?t=24108","20090629081510","200"
"http://www.fasterlouder.com.au:80/forum/showthread.php?t=24131","20090627154041","200"
"http://www.fasterlouder.com.au:80/forum/showthread.php?t=24135","20090630091927","200"
"http://www.fasterlouder.com.au:80/forum/showthread.php?t=24140","20090630150748","200"
"http://www.fasterlouder.com.au:80/forum/showthread.php?t=393","20090327190327","200"
"http://www.fasterlouder.com.au:80/forum/showthread.php?t=8220","20090513050244","200"
"http://www.fasterlouder.com.au:80/gallery/10000/Violent-Soho.htm","20090316153017","200"
"http://www.fasterlouder.com.au:80/gallery/10001/Kissy-Trouble-Company.htm","20090315194018","200"
"http://www.fasterlouder.com.au:80/gallery/10002/Charles-Jenkins.htm","20090316163905","200"
"http://www.fasterlouder.com.au:80/gallery/10011/Coldplay.htm","20090318222533","200"
"http://www.fasterlouder.com.au:80/gallery/10014/Paradise-City.htm","20090318222539","200"
"http://www.fasterlouder.com.au:80/gallery/10029/Joe-Lally.htm","20090329032827","200"
"http://www.fasterlouder.com.au:80/gallery/10036/Hot-Little-Hands-Qua-Super-Melody.htm","20090428025058","200"
"http://www.fasterlouder.com.au:80/gallery/10047/Sound-Relief-Melbourne.htm","20090321191500","200"
"http://www.fasterlouder.com.au:80/gallery/10050/Sound-Relief.htm","20090322110518","200"
"http://www.fasterlouder.com.au:80/gallery/10057/The-Stranglers.htm","20090525122722","200"
"http://www.fasterlouder.com.au:80/gallery/10062/The-Vandas.htm","20090329031056","200"
"http://www.fasterlouder.com.au:80/gallery/10067/Princess-One-Point-Five.htm","20090330062827","200"
"http://www.fasterlouder.com.au:80/gallery/10069/Yummy-Fur.htm","20090330040803","200"
"http://www.fasterlouder.com.au:80/gallery/10070/Amanda-Palmer-and-The-Danger-Ensemble.htm","20090330061153","200"
"http://www.fasterlouder.com.au:80/gallery/10072/Yellow-Brick-Road-feat-Strange-Reactions-amp-Papa-vs-Pretty.htm","20090328184441","200"
"http://www.fasterlouder.com.au:80/gallery/10073/Birds-Of-Tokyo.htm","20090322110535","200"
"http://www.fasterlouder.com.au:80/gallery/10075/1/The-Church.htm","20090323161315","200"
"http://www.fasterlouder.com.au:80/gallery/10075/2/The-Church.htm","20090321111421","200"
"http://www.fasterlouder.com.au:80/gallery/10075/3/The-Church.htm","20090321111542","200"
"http://www.fasterlouder.com.au:80/gallery/10075/4/","20090331042744","200"
"http://www.fasterlouder.com.au:80/gallery/10075/4/secure-au.imrworldwide.com/","20090331043017","200"
"http://www.fasterlouder.com.au:80/gallery/10075/4/The-Church.htm","20090430094839","200"
"http://www.fasterlouder.com.au:80/gallery/10075/5/","20090331135936","200"
"http://www.fasterlouder.com.au:80/gallery/10075/5/secure-au.imrworldwide.com/","20090331140426","200"
"http://www.fasterlouder.com.au:80/gallery/10075/5/The-Church.htm","20090323155308","200"
"http://www.fasterlouder.com.au:80/gallery/10075/6/The-Church.htm","20090330232359","200"
"http://www.fasterlouder.com.au:80/gallery/10075/7/","20090331135946","200"
"http://www.fasterlouder.com.au:80/gallery/10075/7/secure-au.imrworldwide.com/","20090331140431","200"
"http://www.fasterlouder.com.au:80/gallery/10075/7/The-Church.htm","20090323155312","200"
"http://www.fasterlouder.com.au:80/gallery/10075/photo/508846/The-Church.htm","20090321111432","200"
"http://www.fasterlouder.com.au:80/gallery/10075/photo/508847/The-Church.htm","20090321111543","200"
"http://www.fasterlouder.com.au:80/gallery/10075/photo/508848/The-Church.htm","20090321111549","200"
"http://www.fasterlouder.com.au:80/gallery/10075/photo/508849/The-Church.htm","20090321111556","200"
"http://www.fasterlouder.com.au:80/gallery/10075/photo/508850/The-Church.htm","20090321111437","200"
"http://www.fasterlouder.com.au:80/gallery/10075/photo/508851/The-Church.htm","20090321111442","200"
"http://www.fasterlouder.com.au:80/gallery/10075/photo/508852/The-Church.htm","20090321111447","200"
"http://www.fasterlouder.com.au:80/gallery/10075/photo/508853/The-Church.htm","20090321111601","200"
"http://www.fasterlouder.com.au:80/gallery/10075/photo/508854/The-Church.htm","20090321111607","200"
"http://www.fasterlouder.com.au:80/gallery/10075/photo/508855/The-Church.htm","20090321111612","200"
"http://www.fasterlouder.com.au:80/gallery/10075/photo/508856/The-Church.htm","20090321111455","200"
"http://www.fasterlouder.com.au:80/gallery/10075/photo/508857/The-Church.htm","20090321111617","200"
"http://www.fasterlouder.com.au:80/gallery/10075/photo/508858/The-Church.htm","20090321111500","200"
"http://www.fasterlouder.com.au:80/gallery/10075/photo/508859/The-Church.htm","20090321111506","200"
"http://www.fasterlouder.com.au:80/gallery/10075/photo/508860/The-Church.htm","20090321111622","200"
"http://www.fasterlouder.com.au:80/gallery/10075/photo/508861/The-Church.htm","20090321111511","200"
"http://www.fasterlouder.com.au:80/gallery/10075/photo/508862/The-Church.htm","20090321111516","200"
"http://www.fasterlouder.com.au:80/gallery/10075/photo/508863/The-Church.htm","20090321111627","200"
"http://www.fasterlouder.com.au:80/gallery/10075/photo/508864/The-Church.htm","20090321111632","200"
"http://www.fasterlouder.com.au:80/gallery/10075/photo/508865/The-Church.htm","20090321111522","200"
"http://www.fasterlouder.com.au:80/gallery/10075/photo/508866/The-Church.htm","20090321111526","200"
"http://www.fasterlouder.com.au:80/gallery/10075/photo/508867/The-Church.htm","20090331043022","200"
"http://www.fasterlouder.com.au:80/gallery/10075/photo/508868/","20090331135956","200"
"http://www.fasterlouder.com.au:80/gallery/10075/photo/508868/secure-au.imrworldwide.com/","20090331141243","200"
"http://www.fasterlouder.com.au:80/gallery/10075/photo/508868/The-Church.htm","20090429213614","200"
"http://www.fasterlouder.com.au:80/gallery/10075/photo/508869/The-Church.htm","20090331140442","200"
"http://www.fasterlouder.com.au:80/gallery/10075/photo/508870/The-Church.htm","20090331140001","200"
"http://www.fasterlouder.com.au:80/gallery/10075/photo/508871/","20090331140007","200"
"http://www.fasterlouder.com.au:80/gallery/10075/photo/508871/secure-au.imrworldwide.com/","20090331141253","200"
"http://www.fasterlouder.com.au:80/gallery/10075/photo/508871/The-Church.htm","20090430063643","200"
"http://www.fasterlouder.com.au:80/gallery/10075/photo/508872/The-Church.htm","20090331140452","200"
"http://www.fasterlouder.com.au:80/gallery/10075/photo/508873/The-Church.htm","20090331140027","200"
"http://www.fasterlouder.com.au:80/gallery/10075/photo/508874/The-Church.htm","20090331140456","200"
"http://www.fasterlouder.com.au:80/gallery/10075/photo/508875/The-Church.htm","20090331140032","200"
"http://www.fasterlouder.com.au:80/gallery/10075/photo/508876/The-Church.htm","20090331140841","200"
"http://www.fasterlouder.com.au:80/gallery/10075/photo/508877/The-Church.htm","20090331140502","200"
"http://www.fasterlouder.com.au:80/gallery/10075/photo/508878/The-Church.htm","20090331140506","200"
"http://www.fasterlouder.com.au:80/gallery/10075/photo/508879/The-Church.htm","20090331140846","200"
"http://www.fasterlouder.com.au:80/gallery/10075/photo/508880/The-Church.htm","20090331140852","200"
"http://www.fasterlouder.com.au:80/gallery/10075/photo/508881/The-Church.htm","20090331141258","200"
"http://www.fasterlouder.com.au:80/gallery/10075/photo/508882/The-Church.htm","20090331141304","200"
"http://www.fasterlouder.com.au:80/gallery/10075/photo/508883/The-Church.htm","20090331140857","200"
"http://www.fasterlouder.com.au:80/gallery/10075/photo/508884/The-Church.htm","20090331140902","200"
"http://www.fasterlouder.com.au:80/gallery/10075/photo/508906/The-Church.htm","20090331141309","200"
"http://www.fasterlouder.com.au:80/gallery/10075/photo/508908/The-Church.htm","20090331140907","200"
"http://www.fasterlouder.com.au:80/gallery/10075/photo/508910/The-Church.htm","20090331140914","200"
"http://www.fasterlouder.com.au:80/gallery/10075/photo/508911/The-Church.htm","20090331140037","200"
"http://www.fasterlouder.com.au:80/gallery/10075/photo/508912/The-Church.htm","20090331141314","200"
"http://www.fasterlouder.com.au:80/gallery/10075/photo/508913/The-Church.htm","20090331141319","200"
"http://www.fasterlouder.com.au:80/gallery/10075/photo/508914/The-Church.htm","20090331140921","200"
"http://www.fasterlouder.com.au:80/gallery/10075/photo/508915/","20090331140044","200"
"http://www.fasterlouder.com.au:80/gallery/10075/photo/508915/secure-au.imrworldwide.com/","20090331140053","200"
"http://www.fasterlouder.com.au:80/gallery/10075/photo/508915/The-Church.htm","20090429213035","200"
"http://www.fasterlouder.com.au:80/gallery/10075/photo/508920/The-Church.htm","20090331141330","200"
"http://www.fasterlouder.com.au:80/gallery/10075/The-Church.htm","20090321111427","200"
"http://www.fasterlouder.com.au:80/gallery/10085/Garage-2-V-Perth-Finals.htm","20090330053353","200"
"http://www.fasterlouder.com.au:80/gallery/10086/The-Sunpilots-.htm","20090618054711","200"
"http://www.fasterlouder.com.au:80/gallery/10101/Death-Angel-and-Armored-Saint.htm","20090330051621","200"
"http://www.fasterlouder.com.au:80/gallery/10123/Clipsal-500-After-Race-Concert--Thursday.htm","20090330062832","200"
"http://www.fasterlouder.com.au:80/gallery/1013/Eskimo-Joe.htm","20090528033236","200"
"http://www.fasterlouder.com.au:80/gallery/10133/Clipsal-500-After-Race-Concert.htm","20090328105605","200"
"http://www.fasterlouder.com.au:80/gallery/10135/End-Of-Fashion.htm","20090331194705","200"
"http://www.fasterlouder.com.au:80/gallery/10136/The-Fray.htm","20090330050817","200"
"http://www.fasterlouder.com.au:80/gallery/10138/Frenzal-Rhomb-Nancy-Vandal.htm","20090328105619","200"
"http://www.fasterlouder.com.au:80/gallery/10140/Death-In-The-Family.htm","20090330050822","200"
"http://www.fasterlouder.com.au:80/gallery/10143/My-Filthy-Riot-Day-One.htm","20090327190331","200"
"http://www.fasterlouder.com.au:80/gallery/10145/Clipsal-500-After-Race-Concert--Saturday.htm","20090607045842","200"
"http://www.fasterlouder.com.au:80/gallery/10147/Kate-Miller-Heidke.htm","20090330062839","200"
"http://www.fasterlouder.com.au:80/gallery/10148/1/Anime-Fire-quotOn-The-Wings-of-Hopequot.htm","20090327163636","200"
"http://www.fasterlouder.com.au:80/gallery/10148/2/Anime-Fire-quotOn-The-Wings-of-Hopequot.htm","20090326070128","200"
"http://www.fasterlouder.com.au:80/gallery/10148/3/Anime-Fire-quotOn-The-Wings-of-Hopequot.htm","20090326065945","200"
"http://www.fasterlouder.com.au:80/gallery/10148/4/Anime-Fire-quotOn-The-Wings-of-Hopequot.htm","20090327125310","200"
"http://www.fasterlouder.com.au:80/gallery/10148/Anime-Fire-quotOn-The-Wings-of-Hopequot.htm","20090326070202","200"
"http://www.fasterlouder.com.au:80/gallery/10148/photo/514005/","20090330035206","200"
"http://www.fasterlouder.com.au:80/gallery/10148/photo/514005/Anime-Fire-quotOn-The-Wings-of-Hopequot.htm","20090326065951","200"
"http://www.fasterlouder.com.au:80/gallery/10148/photo/514005/secure-au.imrworldwide.com/","20090330033424","200"
"http://www.fasterlouder.com.au:80/gallery/10155/British-India.htm","20090327190336","200"
"http://www.fasterlouder.com.au:80/gallery/10157/Belles-Will-Ring.htm","20090327190341","200"
"http://www.fasterlouder.com.au:80/gallery/10159/CW-Stoneking.htm","20090520082343","200"
"http://www.fasterlouder.com.au:80/gallery/10160/Ghetto-Disco.htm","20090327190346","200"
"http://www.fasterlouder.com.au:80/gallery/10165/Melanie-Pain-.htm","20090328185307","200"
"http://www.fasterlouder.com.au:80/gallery/10166/Rockarchive-10th-Anniversary-Exhibition.htm","20090327183846","200"
"http://www.fasterlouder.com.au:80/gallery/10175/My-Filthy-Riot--Day-Two.htm","20090327183851","200"
"http://www.fasterlouder.com.au:80/gallery/10178/Short-Stack.htm","20090330225158","200"
"http://www.fasterlouder.com.au:80/gallery/10179/2/The-Aussie-BBQ-tour-at-SXSW.htm","20090330040040","200"
"http://www.fasterlouder.com.au:80/gallery/10179/5/The-Aussie-BBQ-tour-at-SXSW.htm","20090330045727","200"
"http://www.fasterlouder.com.au:80/gallery/10179/photo/516213/The-Aussie-BBQ-tour-at-SXSW.htm","20090331200637","200"
"http://www.fasterlouder.com.au:80/gallery/10179/photo/516214/","20090331194714","200"
"http://www.fasterlouder.com.au:80/gallery/10179/photo/516214/secure-au.imrworldwide.com/","20090331194715","200"
"http://www.fasterlouder.com.au:80/gallery/10179/photo/516214/The-Aussie-BBQ-tour-at-SXSW.htm","20090430064736","200"
"http://www.fasterlouder.com.au:80/gallery/10179/photo/516215/The-Aussie-BBQ-tour-at-SXSW.htm","20090331194720","200"
"http://www.fasterlouder.com.au:80/gallery/10179/The-Aussie-BBQ-tour-at-SXSW.htm","20090327093140","200"
"http://www.fasterlouder.com.au:80/gallery/10183/Rise-Against.htm","20090330052411","200"
"http://www.fasterlouder.com.au:80/gallery/10194/3/Best-Of-Splendour-In-The-Grass-2008.htm","20090402133009","200"
"http://www.fasterlouder.com.au:80/gallery/10194/Best-Of-Splendour-In-The-Grass-2008.htm","20090327183856","200"
"http://www.fasterlouder.com.au:80/gallery/10194/photo/516772/Best-Of-Splendour-In-The-Grass-2008.htm","20090402133234","200"
"http://www.fasterlouder.com.au:80/gallery/10194/photo/516774/Best-Of-Splendour-In-The-Grass-2008.htm","20090402131528","200"
"http://www.fasterlouder.com.au:80/gallery/10194/photo/516777/Best-Of-Splendour-In-The-Grass-2008.htm","20090402133034","200"
"http://www.fasterlouder.com.au:80/gallery/10194/photo/516778/Best-Of-Splendour-In-The-Grass-2008.htm","20090402133039","200"
"http://www.fasterlouder.com.au:80/gallery/10194/photo/516779/Best-Of-Splendour-In-The-Grass-2008.htm","20090402131532","200"
"http://www.fasterlouder.com.au:80/gallery/10194/photo/516780/Best-Of-Splendour-In-The-Grass-2008.htm","20090402133044","200"
"http://www.fasterlouder.com.au:80/gallery/10194/photo/516781/Best-Of-Splendour-In-The-Grass-2008.htm","20090402133239","200"
"http://www.fasterlouder.com.au:80/gallery/10194/photo/516783/Best-Of-Splendour-In-The-Grass-2008.htm","20090402133049","200"
"http://www.fasterlouder.com.au:80/gallery/10194/photo/516784/Best-Of-Splendour-In-The-Grass-2008.htm","20090402131537","200"
"http://www.fasterlouder.com.au:80/gallery/10194/photo/516786/Best-Of-Splendour-In-The-Grass-2008.htm","20090402133245","200"
"http://www.fasterlouder.com.au:80/gallery/10194/secure-au.imrworldwide.com/","20090402131544","200"
"http://www.fasterlouder.com.au:80/gallery/10209/Madness.htm","20090403190010","200"
"http://www.fasterlouder.com.au:80/gallery/10221/2/V-Festival-.htm","20090405045654","200"
"http://www.fasterlouder.com.au:80/gallery/10221/photo/519408/V-Festival-.htm","20090405055450","200"
"http://www.fasterlouder.com.au:80/gallery/10221/photo/519409/","20090405045700","200"
"http://www.fasterlouder.com.au:80/gallery/10221/photo/519409/secure-au.imrworldwide.com/","20090405062244","200"
"http://www.fasterlouder.com.au:80/gallery/10221/photo/519409/V-Festival-.htm","20090402204036","200"
"http://www.fasterlouder.com.au:80/gallery/10221/photo/519410/","20090405045704","200"
"http://www.fasterlouder.com.au:80/gallery/10221/photo/519410/V-Festival-.htm","20090402210235","200"
"http://www.fasterlouder.com.au:80/gallery/10221/photo/519411/","20090405055820","200"
"http://www.fasterlouder.com.au:80/gallery/10221/photo/519411/secure-au.imrworldwide.com/","20090405062303","200"
"http://www.fasterlouder.com.au:80/gallery/10221/photo/519411/V-Festival-.htm","20090402210240","200"
"http://www.fasterlouder.com.au:80/gallery/10221/photo/519412/","20090405060639","200"
"http://www.fasterlouder.com.au:80/gallery/10221/photo/519412/V-Festival-.htm","20090402204041","200"
"http://www.fasterlouder.com.au:80/gallery/10221/photo/519413/","20090405055825","200"
"http://www.fasterlouder.com.au:80/gallery/10221/photo/519413/secure-au.imrworldwide.com/","20090405060657","200"
"http://www.fasterlouder.com.au:80/gallery/10221/photo/519413/V-Festival-.htm","20090402210245","200"
"http://www.fasterlouder.com.au:80/gallery/10221/photo/519414/","20090405060704","200"
"http://www.fasterlouder.com.au:80/gallery/10221/photo/519414/secure-au.imrworldwide.com/","20090405060707","200"
"http://www.fasterlouder.com.au:80/gallery/10221/photo/519414/V-Festival-.htm","20090402210257","200"
"http://www.fasterlouder.com.au:80/gallery/10221/photo/519415/","20090405045709","200"
"http://www.fasterlouder.com.au:80/gallery/10221/photo/519415/secure-au.imrworldwide.com/","20090405045712","200"
"http://www.fasterlouder.com.au:80/gallery/10221/photo/519415/V-Festival-.htm","20090402210304","200"
"http://www.fasterlouder.com.au:80/gallery/10221/photo/519416/","20090405045719","200"
"http://www.fasterlouder.com.au:80/gallery/10221/photo/519416/V-Festival-.htm","20090402210311","200"
"http://www.fasterlouder.com.au:80/gallery/10221/photo/519417/","20090405060728","200"
"http://www.fasterlouder.com.au:80/gallery/10221/photo/519417/V-Festival-.htm","20090402204046","200"
"http://www.fasterlouder.com.au:80/gallery/10221/photo/519418/V-Festival-.htm","20090402204051","200"
"http://www.fasterlouder.com.au:80/gallery/10221/photo/519419/","20090405045724","200"
"http://www.fasterlouder.com.au:80/gallery/10221/photo/519419/secure-au.imrworldwide.com/","20090405060732","200"
"http://www.fasterlouder.com.au:80/gallery/10221/photo/519419/V-Festival-.htm","20090402210313","200"
"http://www.fasterlouder.com.au:80/gallery/10221/photo/519420/","20090405045735","200"
"http://www.fasterlouder.com.au:80/gallery/10221/photo/519420/V-Festival-.htm","20090402204056","200"
"http://www.fasterlouder.com.au:80/gallery/10221/photo/519421/","20090405055846","200"
"http://www.fasterlouder.com.au:80/gallery/10221/photo/519421/secure-au.imrworldwide.com/","20090405055854","200"
"http://www.fasterlouder.com.au:80/gallery/10221/photo/519421/V-Festival-.htm","20090402204101","200"
"http://www.fasterlouder.com.au:80/gallery/10221/photo/519422/","20090405045740","200"
"http://www.fasterlouder.com.au:80/gallery/10221/photo/519422/secure-au.imrworldwide.com/","20090405045744","200"
"http://www.fasterlouder.com.au:80/gallery/10221/photo/519422/V-Festival-.htm","20090402204106","200"
"http://www.fasterlouder.com.au:80/gallery/10221/photo/519423/","20090405045751","200"
"http://www.fasterlouder.com.au:80/gallery/10221/photo/519423/V-Festival-.htm","20090402204111","200"
"http://www.fasterlouder.com.au:80/gallery/10221/photo/519424/","20090405045801","200"
"http://www.fasterlouder.com.au:80/gallery/10221/photo/519424/secure-au.imrworldwide.com/","20090405055909","200"
"http://www.fasterlouder.com.au:80/gallery/10221/photo/519424/V-Festival-.htm","20090402204322","200"
"http://www.fasterlouder.com.au:80/gallery/10221/photo/519425/","20090405055916","200"
"http://www.fasterlouder.com.au:80/gallery/10221/photo/519425/secure-au.imrworldwide.com/","20090405055919","200"
"http://www.fasterlouder.com.au:80/gallery/10221/photo/519425/V-Festival-.htm","20090402204327","200"
"http://www.fasterlouder.com.au:80/gallery/10221/photo/519426/","20090405055926","200"
"http://www.fasterlouder.com.au:80/gallery/10221/photo/519426/V-Festival-.htm","20090402204332","200"
"http://www.fasterlouder.com.au:80/gallery/10221/photo/519427/","20090405045805","200"
"http://www.fasterlouder.com.au:80/gallery/10221/photo/519427/secure-au.imrworldwide.com/","20090405055929","200"
"http://www.fasterlouder.com.au:80/gallery/10221/photo/519427/V-Festival-.htm","20090402204339","200"
"http://www.fasterlouder.com.au:80/gallery/10221/photo/519428/","20090405055936","200"
"http://www.fasterlouder.com.au:80/gallery/10221/photo/519428/V-Festival-.htm","20090402204344","200"
"http://www.fasterlouder.com.au:80/gallery/10221/photo/519429/","20090405045820","200"
"http://www.fasterlouder.com.au:80/gallery/10221/photo/519429/V-Festival-.htm","20090402210320","200"
"http://www.fasterlouder.com.au:80/gallery/10221/photo/519430/","20090405055942","200"
"http://www.fasterlouder.com.au:80/gallery/10221/photo/519430/secure-au.imrworldwide.com/","20090405045835","200"
"http://www.fasterlouder.com.au:80/gallery/10221/photo/519430/V-Festival-.htm","20090402210326","200"
"http://www.fasterlouder.com.au:80/gallery/10221/photo/519431/","20090405045842","200"
"http://www.fasterlouder.com.au:80/gallery/10221/photo/519431/secure-au.imrworldwide.com/","20090405045850","200"
"http://www.fasterlouder.com.au:80/gallery/10221/photo/519431/V-Festival-.htm","20090402210332","200"
"http://www.fasterlouder.com.au:80/gallery/10221/photo/519432/","20090405055951","200"
"http://www.fasterlouder.com.au:80/gallery/10221/photo/519432/V-Festival-.htm","20090402204350","200"
"http://www.fasterlouder.com.au:80/gallery/10221/photo/519433/","20090405045857","200"
"http://www.fasterlouder.com.au:80/gallery/10221/photo/519433/V-Festival-.htm","20090402210337","200"
"http://www.fasterlouder.com.au:80/gallery/10221/photo/519434/","20090405060001","200"
"http://www.fasterlouder.com.au:80/gallery/10221/photo/519434/secure-au.imrworldwide.com/","20090405045908","200"
