original,timestamp,statuscode
"http://ic.i.tsatic-cdn.net:80/","20101111233458","200"
"http://ic.i.tsatic-cdn.net/0/120_120/0446d_92.jpg","20121104011755","200"
"http://ic.i.tsatic-cdn.net/0/120_120/1b43f_840.jpg","20121102160726","200"
"http://ic.i.tsatic-cdn.net/0/120_120/2b79d_728.jpg","20120410141636","200"
"http://ic.i.tsatic-cdn.net/0/120_120/2df03_896.jpg","20121003155737","200"
"http://ic.i.tsatic-cdn.net/0/120_120/2f4f4_370.jpg","20120922030625","200"
"http://ic.i.tsatic-cdn.net/0/120_120/3044f_434.jpg","20121023034817","200"
"http://ic.i.tsatic-cdn.net/0/120_120/353ba_217.jpg","20121103041606","200"
"http://ic.i.tsatic-cdn.net/0/120_120/3aedd_615.jpg","20121021102311","200"
"http://ic.i.tsatic-cdn.net/0/120_120/4ae6a_752.jpg","20121102153147","200"
"http://ic.i.tsatic-cdn.net/0/120_120/56d79_890.jpg","20121104102748","200"
"http://ic.i.tsatic-cdn.net/0/120_120/60c58_128.jpg","20120410122717","200"
"http://ic.i.tsatic-cdn.net/0/120_120/67302_110.jpg","20120410090114","200"
"http://ic.i.tsatic-cdn.net/0/120_120/6db11_177.jpg","20121103040904","200"
"http://ic.i.tsatic-cdn.net/0/120_120/738f0_599.jpg","20120410151107","200"
"http://ic.i.tsatic-cdn.net/0/120_120/81394_222.jpg","20120410084825","200"
"http://ic.i.tsatic-cdn.net/0/120_120/906c3_705.jpg","20120410092227","200"
"http://ic.i.tsatic-cdn.net/0/120_120/92000_328.jpg","20120410122738","200"
"http://ic.i.tsatic-cdn.net/0/120_120/96fe8_433.jpg","20121025143309","200"
"http://ic.i.tsatic-cdn.net/0/120_120/a12bc_20.jpg","20121104021455","200"
"http://ic.i.tsatic-cdn.net/0/120_120/bbd33_399.jpg","20120410163307","200"
"http://ic.i.tsatic-cdn.net/0/120_120/c5c2e_104.jpg","20120410054022","200"
"http://ic.i.tsatic-cdn.net/0/120_120/d4723_109.jpg","20121022202929","200"
"http://ic.i.tsatic-cdn.net/0/120_120/e2be9_437.jpg","20120410151051","200"
"http://ic.i.tsatic-cdn.net/0/120_120/e5c8b_635.jpg","20120410151324","200"
"http://ic.i.tsatic-cdn.net/0/120_120/ee60c_515.jpg","20121025234851","200"
"http://ic.i.tsatic-cdn.net/0/120_120/f3a34_287.jpg","20121102152633","200"
"http://ic.i.tsatic-cdn.net/0/204_155/049a9_222.jpg","20120410084830","200"
"http://ic.i.tsatic-cdn.net/0/204_155/0db35_125.jpg","20121020041704","200"
"http://ic.i.tsatic-cdn.net/0/204_155/0eb6f_402.jpg","20121104104128","200"
"http://ic.i.tsatic-cdn.net/0/204_155/119b6_700.jpg","20120410094133","200"
"http://ic.i.tsatic-cdn.net/0/204_155/25b7c_305.jpg","20121015092104","200"
"http://ic.i.tsatic-cdn.net/0/204_155/25fc7_162.jpg","20120410112952","200"
"http://ic.i.tsatic-cdn.net/0/204_155/28e3d_158.jpg","20120410094205","200"
"http://ic.i.tsatic-cdn.net/0/204_155/29177_502.jpg","20121024013831","200"
"http://ic.i.tsatic-cdn.net/0/204_155/2a476_382.jpg","20121102053846","200"
"http://ic.i.tsatic-cdn.net/0/204_155/2b77f_698.jpg","20121008102841","200"
"http://ic.i.tsatic-cdn.net/0/204_155/2de45_890.jpg","20121104102705","200"
"http://ic.i.tsatic-cdn.net/0/204_155/2eb01_980.jpg","20120410141601","200"
"http://ic.i.tsatic-cdn.net/0/204_155/32a5a_550.jpg","20120410094202","200"
"http://ic.i.tsatic-cdn.net/0/204_155/39906_611.jpg","20121104134311","200"
"http://ic.i.tsatic-cdn.net/0/204_155/3c567_217.jpg","20121103041622","200"
"http://ic.i.tsatic-cdn.net/0/204_155/471bd_121.jpg","20120410155852","200"
"http://ic.i.tsatic-cdn.net/0/204_155/4c189_539.jpg","20121102235439","200"
"http://ic.i.tsatic-cdn.net/0/204_155/54423_223.jpg","20121022131630","200"
"http://ic.i.tsatic-cdn.net/0/204_155/6457b_956.jpg","20121104154636","200"
"http://ic.i.tsatic-cdn.net/0/204_155/6d923_169.jpg","20121025211701","200"
"http://ic.i.tsatic-cdn.net/0/204_155/72d65_507.jpg","20120410155234","200"
"http://ic.i.tsatic-cdn.net/0/204_155/72f30_19.jpg","20120410091114","200"
"http://ic.i.tsatic-cdn.net/0/204_155/87f33_753.jpg","20121102144941","200"
"http://ic.i.tsatic-cdn.net/0/204_155/92371_177.jpg","20121103040928","200"
"http://ic.i.tsatic-cdn.net/0/204_155/9b408_20.jpg","20121104021559","200"
"http://ic.i.tsatic-cdn.net/0/204_155/a363b_418.jpg","20120410141605","200"
"http://ic.i.tsatic-cdn.net/0/204_155/b326e_966.jpg","20121003155844","200"
"http://ic.i.tsatic-cdn.net/0/204_155/b3a5b_759.jpg","20121026124115","200"
"http://ic.i.tsatic-cdn.net/0/204_155/b8c85_625.jpg","20121025211655","200"
"http://ic.i.tsatic-cdn.net/0/204_155/bcc1d_660.jpg","20121103230022","200"
"http://ic.i.tsatic-cdn.net/0/204_155/bf0be_193.jpg","20121104021546","200"
"http://ic.i.tsatic-cdn.net/0/204_155/c6ae2_569.jpg","20121019030805","200"
"http://ic.i.tsatic-cdn.net/0/204_155/d1ce0_144.jpg","20120410141608","200"
"http://ic.i.tsatic-cdn.net/0/204_155/e1af6_174.jpg","20120410095339","200"
"http://ic.i.tsatic-cdn.net/0/204_155/e1ef0_92.jpg","20121104011817","200"
"http://ic.i.tsatic-cdn.net/0/204_155/e225d_814.jpg","20121024013727","200"
"http://ic.i.tsatic-cdn.net/0/204_155/f495e_896.jpg","20121003155645","200"
"http://ic.i.tsatic-cdn.net/0/204_204/e7ca0_104.jpg","20120410173753","200"
"http://ic.i.tsatic-cdn.net/0/250_250/09728_370.jpg","20110818063500","200"
"http://ic.i.tsatic-cdn.net/0/250_250/46d61_217.jpg","20121020194905","200"
"http://ic.i.tsatic-cdn.net/0/250_250/94a99_104.jpg","20120410171517","200"
"http://ic.i.tsatic-cdn.net/0/250_250/9a49e_985.jpg","20121104120722","200"
"http://ic.i.tsatic-cdn.net/0/250_250/ab2a3_222.jpg","20130927142441","200"
"http://ic.i.tsatic-cdn.net/0/250_250/ca26b_896.jpg","20140311181429","200"
"http://ic.i.tsatic-cdn.net/0/250_250/f6b48_599.jpg","20140826172103","200"
"http://ic.i.tsatic-cdn.net/0/311_206/0097b_681.jpg","20120922030750","200"
"http://ic.i.tsatic-cdn.net/0/311_206/03bca_369.jpg","20120919151444","200"
"http://ic.i.tsatic-cdn.net/0/311_206/13505_640.jpg","20121023024117","200"
"http://ic.i.tsatic-cdn.net/0/311_206/156f0_367.jpg","20120919151456","200"
"http://ic.i.tsatic-cdn.net/0/311_206/1cfbe_906.jpg","20121104092950","200"
"http://ic.i.tsatic-cdn.net/0/311_206/2f2f5_727.jpg","20121003160332","200"
"http://ic.i.tsatic-cdn.net/0/311_206/317a9_844.jpg","20120919151946","200"
"http://ic.i.tsatic-cdn.net/0/311_206/3c80b_257.jpg","20121102133627","200"
"http://ic.i.tsatic-cdn.net/0/311_206/3e5a8_826.jpg","20120919151526","200"
"http://ic.i.tsatic-cdn.net/0/311_206/55395_452.jpg","20120919152020","200"
"http://ic.i.tsatic-cdn.net/0/311_206/623eb_744.jpg","20121016103034","200"
"http://ic.i.tsatic-cdn.net/0/311_206/63ea9_370.jpg","20120923053536","200"
"http://ic.i.tsatic-cdn.net/0/311_206/65973_489.jpg","20121103042040","200"
"http://ic.i.tsatic-cdn.net/0/311_206/96dd4_75.jpg","20120923060216","200"
"http://ic.i.tsatic-cdn.net/0/311_206/983dc_672.jpg","20121103041133","200"
"http://ic.i.tsatic-cdn.net/0/311_206/984e6_412.jpg","20121103225918","200"
"http://ic.i.tsatic-cdn.net/0/311_206/ab6ac_829.jpg","20120919151908","200"
"http://ic.i.tsatic-cdn.net/0/311_206/abf94_368.jpg","20120923053624","200"
"http://ic.i.tsatic-cdn.net/0/311_206/b3c71_618.jpg","20120923053724","200"
"http://ic.i.tsatic-cdn.net/0/311_206/b57c2_675.jpg","20121103041338","200"
"http://ic.i.tsatic-cdn.net/0/311_206/cf2d2_406.jpg","20120920232243","200"
"http://ic.i.tsatic-cdn.net/0/311_206/d04e5_26.jpg","20120923053644","200"
"http://ic.i.tsatic-cdn.net/0/311_206/d337c_297.jpg","20121103225906","200"
"http://ic.i.tsatic-cdn.net/0/311_206/d761a_402.jpg","20121021063942","200"
"http://ic.i.tsatic-cdn.net/0/311_206/ea6ce_248.jpg","20121103225901","200"
"http://ic.i.tsatic-cdn.net/0/311_206/f75e9_123.jpg","20121103223545","200"
"http://ic.i.tsatic-cdn.net/0/55_30/90558_190.jpg","20140530113549","200"
"http://ic.i.tsatic-cdn.net/0/55_30/b851c_72.jpg","20140530075438","200"
"http://ic.i.tsatic-cdn.net/0/635_290/3f1a3_85.jpg","20150717234203","200"
"http://ic.i.tsatic-cdn.net/0/635_290/4c50b_597.jpg","20120410143821","200"
"http://ic.i.tsatic-cdn.net/0/635_290/67113_460.jpg","20120410072455","200"
"http://ic.i.tsatic-cdn.net/0/635_290/af8f9_753.jpg","20121102144948","200"
"http://ic.i.tsatic-cdn.net/0/635_290/cbe06_73.jpg","20141109113903","200"
"http://ic.i.tsatic-cdn.net/0/635_290/e6507_305.jpg","20121015092013","200"
"http://ic.i.tsatic-cdn.net/0/635_290/ff166_727.jpg","20131208061915","200"
"http://ic.i.tsatic-cdn.net/0/635_340/169b3_73.jpg","20140530151142","200"
"http://ic.i.tsatic-cdn.net/0/635_340/29359_435.jpg","20121021052853","200"
"http://ic.i.tsatic-cdn.net/0/635_340/371d2_611.jpg","20121016000420","200"
"http://ic.i.tsatic-cdn.net/0/635_340/3f106_952.jpg","20120912171526","200"
"http://ic.i.tsatic-cdn.net/0/635_340/48106_344.jpg","20121020232237","200"
"http://ic.i.tsatic-cdn.net/0/635_340/5a1b0_85.jpg","20150714043540","200"
"http://ic.i.tsatic-cdn.net/0/635_340/8a55c_80.jpg","20110411121652","200"
"http://ic.i.tsatic-cdn.net/0/635_340/a24aa_791.jpg","20130722061501","200"
"http://ic.i.tsatic-cdn.net/0/635_340/a9361_507.jpg","20110822062721","200"
"http://ic.i.tsatic-cdn.net/0/635_340/bba1b_212.jpg","20120502145421","503"
"http://ic.i.tsatic-cdn.net/0/635_340/cace9_736.jpg","20121020183132","200"
"http://ic.i.tsatic-cdn.net/0/635_340/dd03b_402.jpg","20121104104145","200"
"http://ic.i.tsatic-cdn.net/0/640_360/5165c_72.jpg","20140530113906","200"
"http://ic.i.tsatic-cdn.net/0/640_360/87605_73.jpg","20140530075006","200"
"http://ic.i.tsatic-cdn.net/0/640_360/f5a63_802.jpg","20141221123419","200"
"http://ic.i.tsatic-cdn.net/0/65_50/6f23e_507.jpg","20110822013638","200"
"http://ic.i.tsatic-cdn.net/1/120_120/03c65_1236.jpg","20121026124139","200"
"http://ic.i.tsatic-cdn.net/1/120_120/11346_1568.jpg","20120930072924","200"
"http://ic.i.tsatic-cdn.net/1/120_120/1df80_1543.jpg","20120410121730","200"
"http://ic.i.tsatic-cdn.net/1/120_120/58839_1895.jpg","20121023005054","200"
"http://ic.i.tsatic-cdn.net/1/120_120/59846_1072.jpg","20121011154102","200"
"http://ic.i.tsatic-cdn.net/1/120_120/5d7b2_1219.jpg","20121024051436","200"
"http://ic.i.tsatic-cdn.net/1/120_120/6441b_1100.jpg","20121015090545","200"
"http://ic.i.tsatic-cdn.net/1/120_120/64a31_1565.jpg","20120410143114","200"
"http://ic.i.tsatic-cdn.net/1/120_120/8337d_1249.jpg","20120410141630","200"
"http://ic.i.tsatic-cdn.net/1/120_120/968d8_1927.jpg","20121002223044","200"
"http://ic.i.tsatic-cdn.net/1/120_120/9a68f_1033.jpg","20120410162051","200"
"http://ic.i.tsatic-cdn.net/1/120_120/b1b8e_1227.jpg","20121018231008","200"
"http://ic.i.tsatic-cdn.net/1/120_120/b3089_1721.jpg","20121104100802","200"
"http://ic.i.tsatic-cdn.net/1/120_120/b69d4_1406.jpg","20121018212202","200"
"http://ic.i.tsatic-cdn.net/1/120_120/ba064_1209.jpg","20121103030142","200"
"http://ic.i.tsatic-cdn.net/1/120_120/cd3bf_1522.jpg","20120410090057","200"
"http://ic.i.tsatic-cdn.net/1/120_120/cf486_1088.jpg","20120410123329","200"
"http://ic.i.tsatic-cdn.net/1/120_120/e06b6_1646.jpg","20121103131326","200"
"http://ic.i.tsatic-cdn.net/1/120_120/e79c5_1814.jpg","20121024075016","200"
"http://ic.i.tsatic-cdn.net/1/120_120/f5490_1608.jpg","20121014095839","200"
"http://ic.i.tsatic-cdn.net/1/120_120/feb57_1663.jpg","20121103165913","200"
"http://ic.i.tsatic-cdn.net/1/204_155/03b3a_1375.jpg","20121020041544","200"
"http://ic.i.tsatic-cdn.net/1/204_155/064c1_1244.jpg","20120410095256","200"
"http://ic.i.tsatic-cdn.net/1/204_155/1463d_1586.jpg","20121102145223","200"
"http://ic.i.tsatic-cdn.net/1/204_155/20d95_1064.jpg","20120410065117","200"
"http://ic.i.tsatic-cdn.net/1/204_155/24ea2_1304.jpg","20121024013715","200"
"http://ic.i.tsatic-cdn.net/1/204_155/2fba5_1419.jpg","20121102145308","200"
"http://ic.i.tsatic-cdn.net/1/204_155/2fe6b_1891.jpg","20121104154244","200"
"http://ic.i.tsatic-cdn.net/1/204_155/38c08_1344.jpg","20120410083742","200"
"http://ic.i.tsatic-cdn.net/1/204_155/41f83_1636.jpg","20121102235346","200"
"http://ic.i.tsatic-cdn.net/1/204_155/49756_1798.jpg","20121104134213","200"
"http://ic.i.tsatic-cdn.net/1/204_155/53be0_1243.jpg","20121026124218","200"
"http://ic.i.tsatic-cdn.net/1/204_155/5add8_1083.jpg","20121025211538","200"
"http://ic.i.tsatic-cdn.net/1/204_155/8890c_1523.jpg","20121104021516","200"
"http://ic.i.tsatic-cdn.net/1/204_155/9d51f_1236.jpg","20121024013905","200"
"http://ic.i.tsatic-cdn.net/1/204_155/a3003_1849.jpg","20121026084542","200"
"http://ic.i.tsatic-cdn.net/1/204_155/a3dcf_1648.jpg","20121013002831","200"
"http://ic.i.tsatic-cdn.net/1/204_155/abf30_1209.jpg","20121103030233","200"
"http://ic.i.tsatic-cdn.net/1/204_155/b1a37_1109.jpg","20121024084500","200"
"http://ic.i.tsatic-cdn.net/1/204_155/b7366_1876.jpg","20120410083729","200"
"http://ic.i.tsatic-cdn.net/1/204_155/c2da1_1893.jpg","20121013045255","200"
"http://ic.i.tsatic-cdn.net/1/204_155/dcf84_1866.jpg","20121104134246","200"
"http://ic.i.tsatic-cdn.net/1/204_155/f08dc_1593.jpg","20121003155918","200"
"http://ic.i.tsatic-cdn.net/1/204_155/f8904_1084.jpg","20121026084456","200"
"http://ic.i.tsatic-cdn.net/1/250_250/4d31c_1741.jpg","20140414072754","200"
"http://ic.i.tsatic-cdn.net/1/250_250/edd47_1927.jpg","20121002222943","200"
"http://ic.i.tsatic-cdn.net/1/311_206/0cd21_1527.jpg","20121023023958","200"
"http://ic.i.tsatic-cdn.net/1/311_206/0dbcd_1593.jpg","20121003160123","200"
"http://ic.i.tsatic-cdn.net/1/311_206/0deca_1293.jpg","20121003160055","200"
"http://ic.i.tsatic-cdn.net/1/311_206/14125_1412.jpg","20120922030921","200"
"http://ic.i.tsatic-cdn.net/1/311_206/1a591_1496.jpg","20121102133610","200"
"http://ic.i.tsatic-cdn.net/1/311_206/228bd_1925.jpg","20121025051934","200"
"http://ic.i.tsatic-cdn.net/1/311_206/2563f_1416.jpg","20120922030903","200"
"http://ic.i.tsatic-cdn.net/1/311_206/277a0_1739.jpg","20121004045536","200"
"http://ic.i.tsatic-cdn.net/1/311_206/28699_1468.jpg","20121103134607","200"
"http://ic.i.tsatic-cdn.net/1/311_206/3338d_1825.jpg","20121103042113","200"
"http://ic.i.tsatic-cdn.net/1/311_206/344c6_1500.jpg","20120922030840","200"
"http://ic.i.tsatic-cdn.net/1/311_206/45209_1506.jpg","20121016102622","200"
"http://ic.i.tsatic-cdn.net/1/311_206/500a3_1608.jpg","20120919151334","200"
"http://ic.i.tsatic-cdn.net/1/311_206/5bfa3_1348.jpg","20120923053706","200"
"http://ic.i.tsatic-cdn.net/1/311_206/5c538_1927.jpg","20121002222852","200"
"http://ic.i.tsatic-cdn.net/1/311_206/931bd_1499.jpg","20121103041250","200"
"http://ic.i.tsatic-cdn.net/1/311_206/9a420_1873.jpg","20121013173232","200"
"http://ic.i.tsatic-cdn.net/1/311_206/9c2e8_1160.jpg","20120919151324","200"
"http://ic.i.tsatic-cdn.net/1/311_206/b4535_1621.jpg","20121103041726","200"
"http://ic.i.tsatic-cdn.net/1/311_206/bd609_1636.jpg","20121103002746","200"
"http://ic.i.tsatic-cdn.net/1/311_206/c7b83_1221.jpg","20120920232358","200"
"http://ic.i.tsatic-cdn.net/1/311_206/e5db5_1587.jpg","20121026025145","200"
"http://ic.i.tsatic-cdn.net/1/311_206/e6243_1142.jpg","20121103041731","200"
"http://ic.i.tsatic-cdn.net/1/311_206/fae80_1479.jpg","20121103041155","200"
"http://ic.i.tsatic-cdn.net/1/635_290/5a42c_1083.jpg","20121025211648","200"
"http://ic.i.tsatic-cdn.net/1/635_290/c49f3_1648.jpg","20121013002847","200"
"http://ic.i.tsatic-cdn.net/1/635_290/f1cec_1244.jpg","20120410095313","200"
"http://ic.i.tsatic-cdn.net/1/635_340/3976e_1593.jpg","20110818063607","200"
"http://ic.i.tsatic-cdn.net/1/635_340/729f0_1636.jpg","20121020183259","200"
"http://ic.i.tsatic-cdn.net/1/635_340/84697_1648.jpg","20110818063631","200"
"http://ic.i.tsatic-cdn.net/1/635_340/bba95_1052.jpg","20130628092832","200"
"http://ic.i.tsatic-cdn.net/1/65_50/5d4c9_1434.jpg","20110822062812","200"
"http://ic.i.tsatic-cdn.net/1/65_50/a4cfe_1593.jpg","20120219192804","200"
"http://ic.i.tsatic-cdn.net/1/65_50/f819f_1927.jpg","20120219192602","200"
"http://ic.i.tsatic-cdn.net/10/120_120/1d87b_10363.jpg","20120410083349","200"
"http://ic.i.tsatic-cdn.net/10/120_120/83146_10904.jpg","20121024084738","200"
"http://ic.i.tsatic-cdn.net/10/120_120/d3ac5_10782.jpg","20120922025504","200"
"http://ic.i.tsatic-cdn.net/10/120_120/f0e0e_10714.jpg","20120410144753","200"
"http://ic.i.tsatic-cdn.net/10/150_150/026e4_10450.jpg","20121025191454","200"
"http://ic.i.tsatic-cdn.net/10/150_150/18fde_10602.jpg","20121103175212","200"
"http://ic.i.tsatic-cdn.net/10/150_150/7dd9f_10919.jpg","20121103145418","200"
"http://ic.i.tsatic-cdn.net/10/150_150/aa5e6_10768.jpg","20151116174130","404"
"http://ic.i.tsatic-cdn.net/10/204_155/136d4_10196.jpg","20121025114352","200"
"http://ic.i.tsatic-cdn.net/10/204_155/293c7_10570.jpg","20121023050444","200"
"http://ic.i.tsatic-cdn.net/10/204_155/6817b_10782.jpg","20120922025547","200"
"http://ic.i.tsatic-cdn.net/10/204_155/eddb2_10904.jpg","20121024084254","200"
"http://ic.i.tsatic-cdn.net/10/250_250/2c955_10904.jpg","20121015191856","200"
"http://ic.i.tsatic-cdn.net/10/250_250/d8d34_10782.jpg","20120922025910","200"
"http://ic.i.tsatic-cdn.net/10/311_206/39d82_10074.jpg","20121103041229","200"
"http://ic.i.tsatic-cdn.net/10/311_206/89628_10607.jpg","20121103041416","200"
"http://ic.i.tsatic-cdn.net/10/311_206/99d64_10163.jpg","20121103041319","200"
"http://ic.i.tsatic-cdn.net/10/311_206/e7a40_10988.jpg","20121103041141","200"
"http://ic.i.tsatic-cdn.net/10/35_35/35dd6_10602.jpg","20120410062256","200"
"http://ic.i.tsatic-cdn.net/10/40_40/1df52_10209.jpg","20120410172031","200"
"http://ic.i.tsatic-cdn.net/10/40_40/aa972_10230.jpg","20120825120741","200"
"http://ic.i.tsatic-cdn.net/10/40_40/d1897_10602.jpg","20120410173653","200"
"http://ic.i.tsatic-cdn.net/10/45_45/50516_10510.jpg","20121018105629","200"
"http://ic.i.tsatic-cdn.net/10/48_48/0665a_10004.jpg","20121025165550","200"
"http://ic.i.tsatic-cdn.net/10/48_48/8ae9e_10221.jpg","20150708151538","200"
"http://ic.i.tsatic-cdn.net/10/48_48/8ebf9_10151.jpg","20150414174342","200"
"http://ic.i.tsatic-cdn.net/10/48_48/981e5_10639.jpg","20121102200628","200"
"http://ic.i.tsatic-cdn.net/10/50_50/0c078_10924.jpg","20121025175045","200"
"http://ic.i.tsatic-cdn.net/10/50_50/114d7_10919.jpg","20110822035237","200"
"http://ic.i.tsatic-cdn.net/10/50_50/12d95_10450.jpg","20121020092020","200"
"http://ic.i.tsatic-cdn.net/10/50_50/363ab_10116.jpg","20110411210504","200"
"http://ic.i.tsatic-cdn.net/10/50_50/51c57_10602.jpg","20121020220540","200"
"http://ic.i.tsatic-cdn.net/10/50_50/5a5d6_10548.jpg","20110411210328","200"
"http://ic.i.tsatic-cdn.net/10/50_50/68a44_10142.jpg","20121102062330","200"
"http://ic.i.tsatic-cdn.net/10/635_340/a4f31_10196.jpg","20121016000157","200"
"http://ic.i.tsatic-cdn.net/10/65_50/9e64c_10782.jpg","20120212014812","200"
"http://ic.i.tsatic-cdn.net/10/75_75/20cea_10919.jpg","20121019202912","200"
"http://ic.i.tsatic-cdn.net/10/75_75/6f9e5_10405.jpg","20121026012456","200"
"http://ic.i.tsatic-cdn.net/10/75_75/81f72_10142.jpg","20120410055657","200"
"http://ic.i.tsatic-cdn.net/100/100_75/8131c_100131.jpg","20120410171850","200"
"http://ic.i.tsatic-cdn.net/100/107_81/8d6e6_100319.jpg","20111109145657","200"
"http://ic.i.tsatic-cdn.net/100/120_120/1fc37_100347.jpg","20121021114132","200"
"http://ic.i.tsatic-cdn.net/100/120_120/35066_100104.jpg","20121103214905","200"
"http://ic.i.tsatic-cdn.net/100/120_120/cd91c_100574.jpg","20120410123351","200"
"http://ic.i.tsatic-cdn.net/100/120_120/e1f4e_100519.jpg","20121104102609","200"
"http://ic.i.tsatic-cdn.net/100/150_150/3b9e6_100428.jpg","20121104000716","200"
"http://ic.i.tsatic-cdn.net/100/150_150/60693_100772.jpg","20110822013628","200"
"http://ic.i.tsatic-cdn.net/100/150_150/d532a_100825.jpg","20150706051145","200"
"http://ic.i.tsatic-cdn.net/100/160_120/ce691_100081.jpg","20120410060957","200"
"http://ic.i.tsatic-cdn.net/100/204_155/0385c_100686.jpg","20120410095820","200"
"http://ic.i.tsatic-cdn.net/100/204_155/07e34_100889.jpg","20120410085633","200"
"http://ic.i.tsatic-cdn.net/100/204_155/08601_100655.jpg","20121008042049","200"
"http://ic.i.tsatic-cdn.net/100/204_155/08e44_100993.jpg","20121024192559","200"
"http://ic.i.tsatic-cdn.net/100/204_155/0d22f_100975.jpg","20120410071710","200"
"http://ic.i.tsatic-cdn.net/100/204_155/2329e_100104.jpg","20121103214858","200"
"http://ic.i.tsatic-cdn.net/100/204_155/2d3eb_100772.jpg","20121025234539","200"
"http://ic.i.tsatic-cdn.net/100/204_155/41124_100486.jpg","20120410112422","200"
"http://ic.i.tsatic-cdn.net/100/204_155/45c21_100432.jpg","20120410073546","200"
"http://ic.i.tsatic-cdn.net/100/204_155/4819d_100519.jpg","20121104102601","200"
"http://ic.i.tsatic-cdn.net/100/204_155/488e9_100347.jpg","20121021113807","200"
"http://ic.i.tsatic-cdn.net/100/204_155/6a270_100717.jpg","20121008042032","200"
"http://ic.i.tsatic-cdn.net/100/204_155/6b900_100881.jpg","20120410170038","200"
"http://ic.i.tsatic-cdn.net/100/204_155/98052_100028.jpg","20121026040313","200"
"http://ic.i.tsatic-cdn.net/100/204_155/a20d1_100574.jpg","20120410142949","200"
"http://ic.i.tsatic-cdn.net/100/204_155/aabb7_100040.jpg","20121014220642","200"
"http://ic.i.tsatic-cdn.net/100/204_155/b33ff_100004.jpg","20120410064631","200"
"http://ic.i.tsatic-cdn.net/100/204_155/b5d7b_100589.jpg","20121102142935","200"
"http://ic.i.tsatic-cdn.net/100/204_155/c4ff1_100864.jpg","20121103163234","200"
"http://ic.i.tsatic-cdn.net/100/204_155/d887d_100288.jpg","20121102152831","200"
"http://ic.i.tsatic-cdn.net/100/204_155/ec313_100739.jpg","20120410082300","200"
"http://ic.i.tsatic-cdn.net/100/204_155/f1688_100035.jpg","20120410065341","200"
"http://ic.i.tsatic-cdn.net/100/250_250/694b1_100519.jpg","20121021053917","200"
"http://ic.i.tsatic-cdn.net/100/250_250/d5b48_100772.jpg","20110822062304","200"
"http://ic.i.tsatic-cdn.net/100/311_206/24765_100131.jpg","20121103060605","200"
"http://ic.i.tsatic-cdn.net/100/311_206/4af0b_100028.jpg","20121020103840","200"
"http://ic.i.tsatic-cdn.net/100/311_206/8d228_100587.jpg","20121014175326","200"
"http://ic.i.tsatic-cdn.net/100/311_206/bb39d_100235.jpg","20121025053053","200"
"http://ic.i.tsatic-cdn.net/100/311_206/bc3d5_100518.jpg","20121103204951","200"
"http://ic.i.tsatic-cdn.net/100/311_206/bdad2_100559.jpg","20121025053142","200"
"http://ic.i.tsatic-cdn.net/100/311_206/ec6e9_100081.jpg","20120803230922","200"
"http://ic.i.tsatic-cdn.net/100/40_40/5c890_100428.jpg","20120410061327","200"
"http://ic.i.tsatic-cdn.net/100/45_45/582c2_100064.jpg","20121103223008","200"
"http://ic.i.tsatic-cdn.net/100/48_48/2ca7e_100672.jpg","20120930073755","200"
"http://ic.i.tsatic-cdn.net/100/48_48/66b08_100795.jpg","20121018051139","200"
"http://ic.i.tsatic-cdn.net/100/48_48/9f692_100825.jpg","20140222005815","200"
"http://ic.i.tsatic-cdn.net/100/48_48/b3082_100361.jpg","20121104003253","200"
"http://ic.i.tsatic-cdn.net/100/48_48/e4c16_100515.jpg","20120410094622","200"
"http://ic.i.tsatic-cdn.net/100/50_50/3aa8b_100768.jpg","20110822022656","200"
"http://ic.i.tsatic-cdn.net/100/50_50/3d103_100428.jpg","20110822045935","200"
"http://ic.i.tsatic-cdn.net/100/50_50/3f3c1_100672.jpg","20110822025944","200"
"http://ic.i.tsatic-cdn.net/100/50_50/86847_100738.jpg","20121104025538","200"
"http://ic.i.tsatic-cdn.net/100/50_50/c9ec7_100030.jpg","20101229222604","200"
"http://ic.i.tsatic-cdn.net/100/60_60/2bfe2_100515.jpg","20110410113910","200"
"http://ic.i.tsatic-cdn.net/100/635_290/1e80e_100864.jpg","20121103163429","200"
"http://ic.i.tsatic-cdn.net/100/635_290/86311_100406.jpg","20120410165157","200"
"http://ic.i.tsatic-cdn.net/100/635_290/d879f_100040.jpg","20121014221249","200"
"http://ic.i.tsatic-cdn.net/100/635_340/5185f_100028.jpg","20121026040611","200"
"http://ic.i.tsatic-cdn.net/100/635_340/7e90a_100136.jpg","20121104014738","200"
"http://ic.i.tsatic-cdn.net/100/635_340/a0ce8_100288.jpg","20131207221724","200"
"http://ic.i.tsatic-cdn.net/100/65_50/238b8_100319.jpg","20120410080604","200"
"http://ic.i.tsatic-cdn.net/100/65_50/cfcc5_100320.jpg","20120328145441","200"
"http://ic.i.tsatic-cdn.net/100/66_43/ffe1b_100004.jpg","20150726184002","200"
"http://ic.i.tsatic-cdn.net/100/75_75/61b56_100428.jpg","20121021031401","200"
"http://ic.i.tsatic-cdn.net/100/75_75/d486c_100825.jpg","20121013043709","200"
"http://ic.i.tsatic-cdn.net/100/75_75/ebf42_100830.jpg","20121014100015","200"
"http://ic.i.tsatic-cdn.net/101/100_75/3285c_101649.jpg","20120410133746","200"
"http://ic.i.tsatic-cdn.net/101/107_81/e8c7e_101239.jpg","20121104154308","200"
"http://ic.i.tsatic-cdn.net/101/107_81/f47c4_101238.jpg","20121104154349","200"
"http://ic.i.tsatic-cdn.net/101/120_120/08e70_101856.jpg","20121026084622","200"
"http://ic.i.tsatic-cdn.net/101/120_120/2753c_101413.jpg","20121014173556","200"
"http://ic.i.tsatic-cdn.net/101/120_120/5a35d_101203.jpg","20121019202502","200"
"http://ic.i.tsatic-cdn.net/101/120_120/81d73_101158.jpg","20121025095630","200"
"http://ic.i.tsatic-cdn.net/101/120_120/a7d1f_101715.jpg","20120410161625","200"
"http://ic.i.tsatic-cdn.net/101/160_120/ac440_101392.jpg","20120410061009","200"
"http://ic.i.tsatic-cdn.net/101/204_155/00e1f_101625.jpg","20120410112145","200"
"http://ic.i.tsatic-cdn.net/101/204_155/01d23_101412.jpg","20120410065601","200"
"http://ic.i.tsatic-cdn.net/101/204_155/04664_101348.jpg","20120410115601","200"
"http://ic.i.tsatic-cdn.net/101/204_155/08077_101413.jpg","20121014135425","200"
"http://ic.i.tsatic-cdn.net/101/204_155/0ce59_101300.jpg","20121026072617","200"
"http://ic.i.tsatic-cdn.net/101/204_155/1296a_101907.jpg","20121104035110","200"
"http://ic.i.tsatic-cdn.net/101/204_155/322c7_101218.jpg","20121103163332","200"
"http://ic.i.tsatic-cdn.net/101/204_155/3c861_101462.jpg","20120410101055","200"
"http://ic.i.tsatic-cdn.net/101/204_155/3f5f3_101105.jpg","20120410074257","200"
"http://ic.i.tsatic-cdn.net/101/204_155/4e539_101942.jpg","20120410165533","200"
"http://ic.i.tsatic-cdn.net/101/204_155/54e96_101203.jpg","20121019202317","200"
"http://ic.i.tsatic-cdn.net/101/204_155/5663c_101649.jpg","20121104154326","200"
"http://ic.i.tsatic-cdn.net/101/204_155/6533e_101261.jpg","20120410121346","200"
"http://ic.i.tsatic-cdn.net/101/204_155/66acf_101970.jpg","20121104041416","200"
"http://ic.i.tsatic-cdn.net/101/204_155/79334_101831.jpg","20121102114308","200"
"http://ic.i.tsatic-cdn.net/101/204_155/7a9ad_101158.jpg","20121025102252","200"
"http://ic.i.tsatic-cdn.net/101/204_155/89591_101242.jpg","20120410084537","200"
"http://ic.i.tsatic-cdn.net/101/204_155/9e553_101159.jpg","20120410173016","200"
"http://ic.i.tsatic-cdn.net/101/204_155/a4eb6_101409.jpg","20121024044041","200"
"http://ic.i.tsatic-cdn.net/101/204_155/af4e5_101032.jpg","20121015091119","200"
"http://ic.i.tsatic-cdn.net/101/204_155/b02db_101819.jpg","20121026135828","200"
"http://ic.i.tsatic-cdn.net/101/204_155/c01ea_101285.jpg","20120410121950","200"
"http://ic.i.tsatic-cdn.net/101/204_155/c4822_101752.jpg","20120410074058","200"
"http://ic.i.tsatic-cdn.net/101/204_155/d789d_101856.jpg","20121026084529","200"
"http://ic.i.tsatic-cdn.net/101/204_155/ed16d_101944.jpg","20121104154303","200"
"http://ic.i.tsatic-cdn.net/101/204_155/f5f16_101900.jpg","20120410170020","200"
"http://ic.i.tsatic-cdn.net/101/204_155/fc85d_101657.jpg","20121024043439","200"
"http://ic.i.tsatic-cdn.net/101/250_250/6697f_101585.jpg","20110822062253","200"
"http://ic.i.tsatic-cdn.net/101/250_250/b0fdd_101032.jpg","20110822062144","200"
"http://ic.i.tsatic-cdn.net/101/311_206/41126_101413.jpg","20121021041734","200"
"http://ic.i.tsatic-cdn.net/101/311_206/5aeb2_101819.jpg","20121020133948","200"
"http://ic.i.tsatic-cdn.net/101/311_206/6e5ac_101046.jpg","20121104042653","200"
"http://ic.i.tsatic-cdn.net/101/311_206/715ca_101856.jpg","20121026044823","200"
"http://ic.i.tsatic-cdn.net/101/311_206/a509e_101903.jpg","20130210082930","200"
"http://ic.i.tsatic-cdn.net/101/311_206/b90aa_101392.jpg","20121020211211","200"
"http://ic.i.tsatic-cdn.net/101/311_206/e4eab_101649.jpg","20121025194824","200"
"http://ic.i.tsatic-cdn.net/101/311_206/ef344_101003.jpg","20121014011624","200"
"http://ic.i.tsatic-cdn.net/101/40_40/9c1e1_101467.jpg","20110822035318","200"
"http://ic.i.tsatic-cdn.net/101/45_45/48c6e_101457.jpg","20131103105959","200"
"http://ic.i.tsatic-cdn.net/101/48_48/61931_101982.jpg","20121026052512","200"
"http://ic.i.tsatic-cdn.net/101/48_48/6847e_101440.jpg","20150708150128","200"
"http://ic.i.tsatic-cdn.net/101/48_48/9ad0e_101681.jpg","20121102083703","200"
"http://ic.i.tsatic-cdn.net/101/50_50/26ebd_101328.jpg","20121102160542","200"
"http://ic.i.tsatic-cdn.net/101/50_50/3a530_101982.jpg","20121002224311","200"
"http://ic.i.tsatic-cdn.net/101/50_50/84580_101098.jpg","20101128225528","200"
"http://ic.i.tsatic-cdn.net/101/635_290/908ee_101261.jpg","20120410121308","200"
"http://ic.i.tsatic-cdn.net/101/635_340/153f2_101348.jpg","20121102131011","200"
"http://ic.i.tsatic-cdn.net/101/635_340/67bbb_101151.jpg","20140228124345","200"
"http://ic.i.tsatic-cdn.net/101/635_340/84637_101819.jpg","20121026114040","200"
"http://ic.i.tsatic-cdn.net/101/65_50/5b919_101392.jpg","20110822005302","200"
"http://ic.i.tsatic-cdn.net/101/65_50/902a0_101396.jpg","20110822044617","200"
"http://ic.i.tsatic-cdn.net/101/65_50/a2a56_101903.jpg","20120410082810","200"
"http://ic.i.tsatic-cdn.net/101/65_50/b55dc_101285.jpg","20120410134456","200"
"http://ic.i.tsatic-cdn.net/101/75_75/34673_101098.jpg","20120930073413","200"
"http://ic.i.tsatic-cdn.net/1014/210_125/f2287_1014190.jpg","20130330012215","200"
"http://ic.i.tsatic-cdn.net/1014/635_340/41fac_1014190.jpg","20110822070020","200"
"http://ic.i.tsatic-cdn.net/1015/100_75/53801_1015108.jpg","20120410122936","200"
"http://ic.i.tsatic-cdn.net/1015/135_65/3d834_1015094.jpg","20130330012212","200"
"http://ic.i.tsatic-cdn.net/1015/150_150/cf87f_1015126.jpg","20120410062822","200"
"http://ic.i.tsatic-cdn.net/1015/204_111/1a684_1015102.jpg","20120410062000","200"
"http://ic.i.tsatic-cdn.net/1015/204_155/27533_1015094.jpg","20121104082514","200"
"http://ic.i.tsatic-cdn.net/1015/210_140/fcd86_1015102.jpg","20130330012220","200"
"http://ic.i.tsatic-cdn.net/1015/284_175/06e0b_1015105.jpg","20130330012209","200"
"http://ic.i.tsatic-cdn.net/1015/311_206/49c7d_1015105.jpg","20121104071002","200"
"http://ic.i.tsatic-cdn.net/1015/311_206/93492_1015102.jpg","20120803231202","200"
"http://ic.i.tsatic-cdn.net/1015/48_48/8bb6f_1015126.jpg","20120410061720","200"
"http://ic.i.tsatic-cdn.net/1015/50_50/e41fd_1015126.jpg","20120410051023","200"
"http://ic.i.tsatic-cdn.net/1015/65_50/19693_1015102.jpg","20120327220500","200"
"http://ic.i.tsatic-cdn.net/102/107_81/0c71f_102914.jpg","20121023005120","200"
"http://ic.i.tsatic-cdn.net/102/120_120/aef6d_102755.jpg","20120410144500","200"
"http://ic.i.tsatic-cdn.net/102/120_120/c3034_102616.jpg","20120410055937","200"
"http://ic.i.tsatic-cdn.net/102/120_120/d3cc5_102320.jpg","20121014135429","200"
"http://ic.i.tsatic-cdn.net/102/160_120/87785_102162.jpg","20120410061002","200"
"http://ic.i.tsatic-cdn.net/102/204_155/1a037_102253.jpg","20120410145754","200"
"http://ic.i.tsatic-cdn.net/102/204_155/1b348_102510.jpg","20121104154410","200"
"http://ic.i.tsatic-cdn.net/102/204_155/3b148_102891.jpg","20120410122014","200"
"http://ic.i.tsatic-cdn.net/102/204_155/40ee5_102685.jpg","20120410112110","200"
"http://ic.i.tsatic-cdn.net/102/204_155/42dd1_102755.jpg","20121102232901","200"
"http://ic.i.tsatic-cdn.net/102/204_155/4d618_102152.jpg","20120410083042","200"
"http://ic.i.tsatic-cdn.net/102/204_155/782be_102706.jpg","20120410171619","200"
"http://ic.i.tsatic-cdn.net/102/204_155/7ca64_102320.jpg","20121014135548","200"
"http://ic.i.tsatic-cdn.net/102/204_155/7de8f_102672.jpg","20120410095109","200"
"http://ic.i.tsatic-cdn.net/102/204_155/8bab7_102491.jpg","20121024151205","200"
"http://ic.i.tsatic-cdn.net/102/204_155/9dcaf_102847.jpg","20121012193901","200"
"http://ic.i.tsatic-cdn.net/102/204_155/a204c_102400.jpg","20121102091252","200"
"http://ic.i.tsatic-cdn.net/102/204_155/a24c3_102879.jpg","20120410162137","200"
"http://ic.i.tsatic-cdn.net/102/204_155/b18ff_102710.jpg","20120410083009","200"
"http://ic.i.tsatic-cdn.net/102/204_155/b5452_102875.jpg","20121102114255","200"
"http://ic.i.tsatic-cdn.net/102/204_155/b8556_102036.jpg","20121103202301","200"
"http://ic.i.tsatic-cdn.net/102/204_155/c60e0_102615.jpg","20121104034829","200"
"http://ic.i.tsatic-cdn.net/102/204_155/e9270_102151.jpg","20120410112004","200"
"http://ic.i.tsatic-cdn.net/102/204_155/ed8d2_102079.jpg","20121026110832","200"
"http://ic.i.tsatic-cdn.net/102/204_155/ee20c_102292.jpg","20121104154250","200"
"http://ic.i.tsatic-cdn.net/102/204_155/fa839_102413.jpg","20120410162556","200"
"http://ic.i.tsatic-cdn.net/102/204_155/ffa5f_102170.jpg","20120410095039","200"
"http://ic.i.tsatic-cdn.net/102/204_160/922dc_102915.jpg","20120410173355","200"
"http://ic.i.tsatic-cdn.net/102/210_266/61401_102385.jpg","20130330012217","200"
"http://ic.i.tsatic-cdn.net/102/311_206/3175e_102209.jpg","20120914170524","200"
"http://ic.i.tsatic-cdn.net/102/311_206/3e22b_102384.jpg","20120914170514","200"
"http://ic.i.tsatic-cdn.net/102/311_206/44b5a_102330.jpg","20120926115737","200"
"http://ic.i.tsatic-cdn.net/102/311_206/59378_102208.jpg","20120912173059","200"
"http://ic.i.tsatic-cdn.net/102/311_206/615b0_102024.jpg","20121004150532","200"
"http://ic.i.tsatic-cdn.net/102/311_206/db322_102615.jpg","20121025053158","200"
"http://ic.i.tsatic-cdn.net/102/35_35/3cc2c_102436.jpg","20120410124722","200"
"http://ic.i.tsatic-cdn.net/102/40_40/2f8b3_102920.jpg","20120410120248","200"
"http://ic.i.tsatic-cdn.net/102/40_40/60e59_102769.jpg","20120118154217","200"
"http://ic.i.tsatic-cdn.net/102/40_40/aea63_102753.jpg","20120410173643","200"
"http://ic.i.tsatic-cdn.net/102/40_40/d2cf7_102269.jpg","20121026135742","200"
"http://ic.i.tsatic-cdn.net/102/48_48/241b7_102022.jpg","20120410081350","200"
"http://ic.i.tsatic-cdn.net/102/48_48/3ca5b_102167.jpg","20101229221709","200"
"http://ic.i.tsatic-cdn.net/102/48_48/e916d_102375.jpg","20121007152533","200"
"http://ic.i.tsatic-cdn.net/102/48_48/f145c_102269.jpg","20101229223935","200"
"http://ic.i.tsatic-cdn.net/102/50_50/02179_102269.jpg","20121026135709","200"
"http://ic.i.tsatic-cdn.net/102/50_50/47498_102022.jpg","20120410074642","200"
"http://ic.i.tsatic-cdn.net/102/50_50/c2512_102726.jpg","20110822065759","200"
"http://ic.i.tsatic-cdn.net/102/50_50/d2f1c_102167.jpg","20101229221713","200"
"http://ic.i.tsatic-cdn.net/102/50_50/f1944_102277.jpg","20101229231435","200"
"http://ic.i.tsatic-cdn.net/102/60_60/38caa_102368.jpg","20140116195930","200"
"http://ic.i.tsatic-cdn.net/102/635_290/c3796_102431.jpg","20151003045306","200"
"http://ic.i.tsatic-cdn.net/102/635_340/befd0_102879.jpg","20120410162437","200"
"http://ic.i.tsatic-cdn.net/102/65_50/02215_102987.jpg","20120327220638","200"
"http://ic.i.tsatic-cdn.net/102/65_50/0d265_102384.jpg","20110822062212","200"
"http://ic.i.tsatic-cdn.net/102/65_50/30bab_102916.jpg","20110822044610","200"
"http://ic.i.tsatic-cdn.net/102/65_50/3b315_102024.jpg","20120410082807","200"
"http://ic.i.tsatic-cdn.net/102/65_50/3bc97_102879.jpg","20120410160727","200"
"http://ic.i.tsatic-cdn.net/102/65_50/46463_102209.jpg","20110822062158","200"
"http://ic.i.tsatic-cdn.net/102/65_50/55c21_102330.jpg","20120104202957","200"
"http://ic.i.tsatic-cdn.net/102/65_50/963d4_102162.jpg","20120504212829","200"
"http://ic.i.tsatic-cdn.net/102/65_50/b6f03_102208.jpg","20110822062249","200"
"http://ic.i.tsatic-cdn.net/102/75_75/2591b_102769.jpg","20121014134736","200"
"http://ic.i.tsatic-cdn.net/102/75_75/82e84_102028.jpg","20121019202859","200"
"http://ic.i.tsatic-cdn.net/102/75_75/967f0_102920.jpg","20120323080802","200"
"http://ic.i.tsatic-cdn.net/102/75_75/e7b17_102726.jpg","20121017140026","200"
"http://ic.i.tsatic-cdn.net/102/75_75/f3470_102700.jpg","20121024005459","200"
"http://ic.i.tsatic-cdn.net/103/107_81/032a3_103627.jpg","20140116195928","200"
"http://ic.i.tsatic-cdn.net/103/107_81/5d174_103622.jpg","20120410055550","200"
"http://ic.i.tsatic-cdn.net/103/120_120/21d14_103108.jpg","20121015122809","200"
"http://ic.i.tsatic-cdn.net/103/120_120/4a134_103379.jpg","20121024030133","200"
"http://ic.i.tsatic-cdn.net/103/120_120/c7e8b_103234.jpg","20121014135505","200"
"http://ic.i.tsatic-cdn.net/103/120_120/e9607_103589.jpg","20121025133920","200"
"http://ic.i.tsatic-cdn.net/103/150_150/09350_103968.jpg","20150409144616","200"
"http://ic.i.tsatic-cdn.net/103/150_150/6d4f1_103684.jpg","20121026044527","200"
"http://ic.i.tsatic-cdn.net/103/150_150/77122_103135.jpg","20121104003103","200"
"http://ic.i.tsatic-cdn.net/103/160_120/24c33_103182.jpg","20120410060955","200"
"http://ic.i.tsatic-cdn.net/103/204_155/06a4b_103226.jpg","20120410121303","200"
"http://ic.i.tsatic-cdn.net/103/204_155/0d4f5_103427.jpg","20121104154356","200"
"http://ic.i.tsatic-cdn.net/103/204_155/172f3_103108.jpg","20121015122931","200"
"http://ic.i.tsatic-cdn.net/103/204_155/215ad_103828.jpg","20121103061140","200"
"http://ic.i.tsatic-cdn.net/103/204_155/2d217_103044.jpg","20120410074334","200"
"http://ic.i.tsatic-cdn.net/103/204_155/524e9_103667.jpg","20120410095123","200"
"http://ic.i.tsatic-cdn.net/103/204_155/5346e_103029.jpg","20120410064653","200"
"http://ic.i.tsatic-cdn.net/103/204_155/5ccc4_103578.jpg","20120410064748","200"
"http://ic.i.tsatic-cdn.net/103/204_155/620dd_103259.jpg","20120410164913","200"
"http://ic.i.tsatic-cdn.net/103/204_155/73934_103199.jpg","20120410071012","200"
"http://ic.i.tsatic-cdn.net/103/204_155/7cbfa_103234.jpg","20121014173424","200"
"http://ic.i.tsatic-cdn.net/103/204_155/8a7b1_103252.jpg","20120410153344","200"
"http://ic.i.tsatic-cdn.net/103/204_155/8b295_103606.jpg","20120410165544","200"
"http://ic.i.tsatic-cdn.net/103/204_155/938dc_103816.jpg","20120410072949","200"
"http://ic.i.tsatic-cdn.net/103/204_155/b8176_103181.jpg","20120410114843","200"
"http://ic.i.tsatic-cdn.net/103/204_155/ba332_103193.jpg","20121024151159","200"
"http://ic.i.tsatic-cdn.net/103/204_155/baf25_103216.jpg","20121025113937","200"
"http://ic.i.tsatic-cdn.net/103/204_155/c2b35_103283.jpg","20121104154313","200"
"http://ic.i.tsatic-cdn.net/103/204_155/d95e6_103112.jpg","20120410083013","200"
"http://ic.i.tsatic-cdn.net/103/204_155/ecc8c_103432.jpg","20121104152255","200"
"http://ic.i.tsatic-cdn.net/103/210_160/8c89d_103858.jpg","20150512115125","200"
"http://ic.i.tsatic-cdn.net/103/250_250/40f56_103108.jpg","20121015152954","200"
"http://ic.i.tsatic-cdn.net/103/250_250/476fe_103739.jpg","20110822062541","200"
"http://ic.i.tsatic-cdn.net/103/311_206/2583a_103182.jpg","20120901040917","200"
"http://ic.i.tsatic-cdn.net/103/311_206/2b77e_103108.jpg","20121015153136","200"
"http://ic.i.tsatic-cdn.net/103/311_206/3728c_103816.jpg","20121020183344","200"
"http://ic.i.tsatic-cdn.net/103/311_206/454aa_103622.jpg","20121008040520","200"
"http://ic.i.tsatic-cdn.net/103/311_206/7336e_103703.jpg","20121021041422","200"
"http://ic.i.tsatic-cdn.net/103/311_206/9f918_103589.jpg","20121025103009","200"
"http://ic.i.tsatic-cdn.net/103/311_206/a5707_103462.jpg","20121104042128","200"
"http://ic.i.tsatic-cdn.net/103/311_206/ded3c_103631.jpg","20121020151101","200"
"http://ic.i.tsatic-cdn.net/103/35_35/8dafb_103072.jpg","20120410060058","200"
"http://ic.i.tsatic-cdn.net/103/36_36/24cef_103677.jpg","20110423005321","200"
"http://ic.i.tsatic-cdn.net/103/40_40/55732_103783.jpg","20121103211505","200"
"http://ic.i.tsatic-cdn.net/103/40_40/599ad_103053.jpg","20120410154931","200"
"http://ic.i.tsatic-cdn.net/103/40_40/71538_103749.jpg","20121103101702","200"
"http://ic.i.tsatic-cdn.net/103/40_40/8813b_103135.jpg","20120410163425","200"
"http://ic.i.tsatic-cdn.net/103/40_40/f795f_103567.jpg","20140904073705","200"
"http://ic.i.tsatic-cdn.net/103/45_45/ca6aa_103011.jpg","20120410062403","200"
"http://ic.i.tsatic-cdn.net/103/45_45/d63b0_103684.jpg","20120410140502","200"
"http://ic.i.tsatic-cdn.net/103/48_48/2c6cd_103644.jpg","20121020073118","200"
"http://ic.i.tsatic-cdn.net/103/48_48/39cb8_103968.jpg","20120410121752","200"
"http://ic.i.tsatic-cdn.net/103/48_48/4d065_103135.jpg","20101229222218","200"
"http://ic.i.tsatic-cdn.net/103/48_48/5a2a5_103684.jpg","20101128225303","200"
"http://ic.i.tsatic-cdn.net/103/48_48/bdbe5_103783.jpg","20121025190121","200"
"http://ic.i.tsatic-cdn.net/103/48_48/fb690_103749.jpg","20121103183651","200"
"http://ic.i.tsatic-cdn.net/103/50_50/4f29d_103135.jpg","20110822050314","200"
"http://ic.i.tsatic-cdn.net/103/50_50/63326_103684.jpg","20120410055234","200"
"http://ic.i.tsatic-cdn.net/103/50_50/ce337_103977.jpg","20121102062034","200"
"http://ic.i.tsatic-cdn.net/103/50_50/d9e64_103554.jpg","20120410172516","200"
"http://ic.i.tsatic-cdn.net/103/50_50/da41a_103749.jpg","20110822083208","200"
"http://ic.i.tsatic-cdn.net/103/635_290/5eeaf_103283.jpg","20121103142913","200"
"http://ic.i.tsatic-cdn.net/103/635_340/f601c_103816.jpg","20121103010244","200"
"http://ic.i.tsatic-cdn.net/103/65_50/5943b_103182.jpg","20110822022925","200"
"http://ic.i.tsatic-cdn.net/103/65_50/71ef2_103995.jpg","20110822062532","200"
"http://ic.i.tsatic-cdn.net/103/65_50/927f1_103216.jpg","20120427211827","200"
"http://ic.i.tsatic-cdn.net/103/65_50/c59a1_103108.jpg","20120318061641","200"
"http://ic.i.tsatic-cdn.net/103/65_50/d327d_103357.jpg","20120205035258","200"
"http://ic.i.tsatic-cdn.net/103/65_50/e2fa9_103622.jpg","20120410054823","200"
"http://ic.i.tsatic-cdn.net/103/75_75/4389a_103968.jpg","20120327220526","200"
"http://ic.i.tsatic-cdn.net/103/75_75/9c2da_103126.jpg","20121021080253","200"
"http://ic.i.tsatic-cdn.net/103/75_75/acdfe_103920.jpg","20121103051353","200"
"http://ic.i.tsatic-cdn.net/103/75_75/b855d_103135.jpg","20120118120041","200"
"http://ic.i.tsatic-cdn.net/1031/311_206/b244b_1031630.jpg","20121022064841","200"
"http://ic.i.tsatic-cdn.net/1031/65_50/137cf_1031630.jpg","20120410094309","200"
"http://ic.i.tsatic-cdn.net/1035/206_130/09512_1035106.jpg","20120410094331","200"
"http://ic.i.tsatic-cdn.net/1035/311_206/78c7b_1035106.jpg","20130329093440","200"
"http://ic.i.tsatic-cdn.net/104/100_75/08b25_104001.jpg","20120410113419","200"
"http://ic.i.tsatic-cdn.net/104/107_81/bba51_104092.jpg","20120410150925","200"
"http://ic.i.tsatic-cdn.net/104/120_120/18d96_104523.jpg","20121021165018","200"
"http://ic.i.tsatic-cdn.net/104/120_120/e2275_104624.jpg","20120410142222","200"
"http://ic.i.tsatic-cdn.net/104/130_65/3d67b_104073.jpg","20110423074636","200"
"http://ic.i.tsatic-cdn.net/104/150_150/acae2_104986.jpg","20110822013523","200"
"http://ic.i.tsatic-cdn.net/104/150_150/b75a9_104299.jpg","20121104073317","200"
"http://ic.i.tsatic-cdn.net/104/150_150/d1d3e_104225.jpg","20121103200032","200"
"http://ic.i.tsatic-cdn.net/104/204_155/12b0f_104855.jpg","20120410072813","200"
"http://ic.i.tsatic-cdn.net/104/204_155/24abb_104268.jpg","20121103083353","200"
"http://ic.i.tsatic-cdn.net/104/204_155/26bc1_104658.jpg","20121102101529","200"
"http://ic.i.tsatic-cdn.net/104/204_155/4f2e8_104044.jpg","20120410074338","200"
"http://ic.i.tsatic-cdn.net/104/204_155/58de1_104997.jpg","20120410160013","200"
"http://ic.i.tsatic-cdn.net/104/204_155/5a85a_104181.jpg","20120410111745","200"
"http://ic.i.tsatic-cdn.net/104/204_155/5abab_104488.jpg","20121102235642","200"
"http://ic.i.tsatic-cdn.net/104/204_155/68f00_104616.jpg","20120410165537","200"
"http://ic.i.tsatic-cdn.net/104/204_155/77dc1_104398.jpg","20121102112425","200"
"http://ic.i.tsatic-cdn.net/104/204_155/7a9bf_104752.jpg","20120410070900","200"
"http://ic.i.tsatic-cdn.net/104/204_155/80173_104471.jpg","20121022153123","200"
"http://ic.i.tsatic-cdn.net/104/204_155/a3b0d_104626.jpg","20121103002705","200"
"http://ic.i.tsatic-cdn.net/104/204_155/aac52_104999.jpg","20120410114636","200"
"http://ic.i.tsatic-cdn.net/104/204_155/b2abf_104348.jpg","20120410155541","200"
"http://ic.i.tsatic-cdn.net/104/204_155/b7b4b_104773.jpg","20121024182110","200"
"http://ic.i.tsatic-cdn.net/104/204_155/baffc_104261.jpg","20120410112404","200"
"http://ic.i.tsatic-cdn.net/104/204_155/bce8a_104188.jpg","20120410171211","200"
"http://ic.i.tsatic-cdn.net/104/204_155/c37ab_104624.jpg","20120410142128","200"
"http://ic.i.tsatic-cdn.net/104/204_155/c7a9c_104186.jpg","20120410094947","200"
"http://ic.i.tsatic-cdn.net/104/204_155/ca740_104766.jpg","20120410083007","200"
"http://ic.i.tsatic-cdn.net/104/204_155/cb3ff_104937.jpg","20121026002701","200"
"http://ic.i.tsatic-cdn.net/104/204_155/d4792_104496.jpg","20121024192843","200"
"http://ic.i.tsatic-cdn.net/104/204_155/e4c7a_104873.jpg","20120410070613","200"
"http://ic.i.tsatic-cdn.net/104/204_155/eeecd_104161.jpg","20120410160010","200"
"http://ic.i.tsatic-cdn.net/104/204_155/f195a_104533.jpg","20120410112327","200"
"http://ic.i.tsatic-cdn.net/104/204_155/fe852_104791.jpg","20120410122019","200"
"http://ic.i.tsatic-cdn.net/104/205_100/ea0a3_104073.jpg","20110423073940","200"
"http://ic.i.tsatic-cdn.net/104/311_206/610f5_104256.jpg","20121021232731","200"
"http://ic.i.tsatic-cdn.net/104/311_206/84282_104278.jpg","20121007222114","200"
"http://ic.i.tsatic-cdn.net/104/311_206/92068_104624.jpg","20121026044617","200"
"http://ic.i.tsatic-cdn.net/104/311_206/aac44_104081.jpg","20121007221312","200"
"http://ic.i.tsatic-cdn.net/104/311_206/cc950_104275.jpg","20121017100059","200"
"http://ic.i.tsatic-cdn.net/104/311_206/dfa74_104268.jpg","20121020195152","200"
"http://ic.i.tsatic-cdn.net/104/311_206/ecf38_104804.jpg","20121102220349","200"
"http://ic.i.tsatic-cdn.net/104/35_35/454d8_104325.jpg","20120410173722","200"
"http://ic.i.tsatic-cdn.net/104/35_35/4bb6d_104912.jpg","20120410053130","200"
"http://ic.i.tsatic-cdn.net/104/36_36/88501_104089.jpg","20110130024048","200"
"http://ic.i.tsatic-cdn.net/104/40_40/0aa0f_104266.jpg","20110822082851","200"
"http://ic.i.tsatic-cdn.net/104/40_40/40451_104651.jpg","20120410123328","200"
"http://ic.i.tsatic-cdn.net/104/40_40/5908b_104891.jpg","20110822082711","200"
"http://ic.i.tsatic-cdn.net/104/40_40/85aa5_104912.jpg","20121102160231","200"
"http://ic.i.tsatic-cdn.net/104/40_40/899f5_104231.jpg","20120410173628","200"
"http://ic.i.tsatic-cdn.net/104/40_40/b6720_104397.jpg","20140107152340","200"
"http://ic.i.tsatic-cdn.net/104/45_45/0cec4_104414.jpg","20120410095350","200"
"http://ic.i.tsatic-cdn.net/104/48_48/093eb_104397.jpg","20120410100417","200"
"http://ic.i.tsatic-cdn.net/104/48_48/2cef4_104325.jpg","20150205005248","200"
"http://ic.i.tsatic-cdn.net/104/48_48/6ca49_104438.jpg","20120410152437","200"
"http://ic.i.tsatic-cdn.net/104/48_48/9eef6_104253.jpg","20110103034213","200"
"http://ic.i.tsatic-cdn.net/104/48_48/cc5d9_104299.jpg","20140323225714","200"
"http://ic.i.tsatic-cdn.net/104/50_50/0a977_104397.jpg","20120410065408","200"
"http://ic.i.tsatic-cdn.net/104/50_50/23a47_104266.jpg","20110822083115","200"
"http://ic.i.tsatic-cdn.net/104/50_50/26a22_104912.jpg","20110822005912","200"
"http://ic.i.tsatic-cdn.net/104/50_50/50f27_104345.jpg","20110822063101","200"
"http://ic.i.tsatic-cdn.net/104/50_50/8e3d7_104935.jpg","20101229222706","200"
"http://ic.i.tsatic-cdn.net/104/50_50/9e0ae_104299.jpg","20110822063633","200"
"http://ic.i.tsatic-cdn.net/104/50_50/ad605_104651.jpg","20110822060433","200"
"http://ic.i.tsatic-cdn.net/104/60_60/2a370_104414.jpg","20101112184602","200"
"http://ic.i.tsatic-cdn.net/104/635_290/ad1fd_104073.jpg","20120410055559","200"
"http://ic.i.tsatic-cdn.net/104/635_340/0ae88_104219.jpg","20120510055103","200"
"http://ic.i.tsatic-cdn.net/104/635_340/c8f4c_104268.jpg","20121103083953","200"
"http://ic.i.tsatic-cdn.net/104/635_340/dbb5e_104533.jpg","20121103141725","200"
"http://ic.i.tsatic-cdn.net/104/65_50/12e7f_104275.jpg","20110822065601","200"
"http://ic.i.tsatic-cdn.net/104/65_50/1ac7c_104944.jpg","20120205035302","200"
"http://ic.i.tsatic-cdn.net/104/65_50/60123_104523.jpg","20110822064658","200"
"http://ic.i.tsatic-cdn.net/104/65_50/a851c_104256.jpg","20120410140126","200"
"http://ic.i.tsatic-cdn.net/104/75_75/437e8_104397.jpg","20121024133258","200"
"http://ic.i.tsatic-cdn.net/104/75_75/74304_104225.jpg","20121020221511","200"
"http://ic.i.tsatic-cdn.net/104/75_75/de89e_104156.jpg","20121102053340","200"
"http://ic.i.tsatic-cdn.net/104/75_75/eb8c7_104651.jpg","20120323080923","200"
"http://ic.i.tsatic-cdn.net/105/100_75/f9cd8_105850.jpg","20120410152407","200"
"http://ic.i.tsatic-cdn.net/105/107_81/2b87e_105756.jpg","20120410061443","200"
"http://ic.i.tsatic-cdn.net/105/107_81/b7d66_105755.jpg","20121024231052","200"
"http://ic.i.tsatic-cdn.net/105/120_120/3d265_105935.jpg","20121024181546","200"
"http://ic.i.tsatic-cdn.net/105/120_120/94bf3_105910.jpg","20121024231025","200"
"http://ic.i.tsatic-cdn.net/105/120_120/b609a_105020.jpg","20121103213841","200"
"http://ic.i.tsatic-cdn.net/105/145_108/c6840_105419.jpg","20140115081056","200"
"http://ic.i.tsatic-cdn.net/105/150_150/2a7f4_105884.jpg","20120410152359","200"
"http://ic.i.tsatic-cdn.net/105/150_150/2e533_105762.jpg","20110822013443","200"
"http://ic.i.tsatic-cdn.net/105/150_150/46ec1_105206.jpg","20121103134753","200"
"http://ic.i.tsatic-cdn.net/105/150_150/5bb64_105441.jpg","20121103072550","200"
"http://ic.i.tsatic-cdn.net/105/150_150/d248b_105194.jpg","20120410080515","200"
"http://ic.i.tsatic-cdn.net/105/160_120/23f7e_105419.jpg","20120410061004","200"
"http://ic.i.tsatic-cdn.net/105/200_105/36dd1_105830.jpg","20121104011927","200"
"http://ic.i.tsatic-cdn.net/105/204_155/024b6_105035.jpg","20120410151153","200"
"http://ic.i.tsatic-cdn.net/105/204_155/0ec01_105935.jpg","20121024181553","200"
"http://ic.i.tsatic-cdn.net/105/204_155/133a5_105326.jpg","20120410164931","200"
"http://ic.i.tsatic-cdn.net/105/204_155/172e9_105367.jpg","20120410083030","200"
"http://ic.i.tsatic-cdn.net/105/204_155/190ee_105738.jpg","20120410075331","200"
"http://ic.i.tsatic-cdn.net/105/204_155/1a8a9_105372.jpg","20120410082918","200"
"http://ic.i.tsatic-cdn.net/105/204_155/23b9a_105097.jpg","20121026002716","200"
"http://ic.i.tsatic-cdn.net/105/204_155/287cb_105827.jpg","20121025151407","200"
"http://ic.i.tsatic-cdn.net/105/204_155/3e1d8_105762.jpg","20120410145142","200"
"http://ic.i.tsatic-cdn.net/105/204_155/41a8b_105969.jpg","20120410145156","200"
"http://ic.i.tsatic-cdn.net/105/204_155/42e0f_105020.jpg","20121103214759","200"
"http://ic.i.tsatic-cdn.net/105/204_155/54f8c_105450.jpg","20121025231033","200"
"http://ic.i.tsatic-cdn.net/105/204_155/638a1_105483.jpg","20120410074320","200"
"http://ic.i.tsatic-cdn.net/105/204_155/69fff_105926.jpg","20121104102525","200"
"http://ic.i.tsatic-cdn.net/105/204_155/75390_105017.jpg","20121025234831","200"
"http://ic.i.tsatic-cdn.net/105/204_155/8a2ff_105224.jpg","20120410165634","200"
"http://ic.i.tsatic-cdn.net/105/204_155/8b002_105830.jpg","20121104012022","200"
"http://ic.i.tsatic-cdn.net/105/204_155/913d3_105930.jpg","20121019123058","200"
"http://ic.i.tsatic-cdn.net/105/204_155/a3380_105909.jpg","20121020024803","200"
"http://ic.i.tsatic-cdn.net/105/204_155/a491a_105567.jpg","20120410143828","200"
"http://ic.i.tsatic-cdn.net/105/204_155/a90df_105320.jpg","20120410071143","200"
"http://ic.i.tsatic-cdn.net/105/204_155/b65f0_105099.jpg","20121102042340","200"
"http://ic.i.tsatic-cdn.net/105/204_155/be3cb_105325.jpg","20120410164857","200"
"http://ic.i.tsatic-cdn.net/105/204_155/bf490_105179.jpg","20121103001751","200"
"http://ic.i.tsatic-cdn.net/105/204_155/db1a2_105457.jpg","20120410150829","200"
"http://ic.i.tsatic-cdn.net/105/204_155/db408_105241.jpg","20120410122004","200"
"http://ic.i.tsatic-cdn.net/105/204_155/de4a5_105740.jpg","20120410121337","200"
"http://ic.i.tsatic-cdn.net/105/204_155/e57dd_105418.jpg","20120410123339","200"
"http://ic.i.tsatic-cdn.net/105/204_155/eb54f_105765.jpg","20120410112041","200"
"http://ic.i.tsatic-cdn.net/105/204_155/ee612_105103.jpg","20120410122550","200"
"http://ic.i.tsatic-cdn.net/105/204_155/f06d6_105135.jpg","20121102134756","200"
"http://ic.i.tsatic-cdn.net/105/204_155/f6caf_105173.jpg","20120410122608","200"
"http://ic.i.tsatic-cdn.net/105/206_130/6bad9_105017.jpg","20120825120112","200"
"http://ic.i.tsatic-cdn.net/105/250_250/4068c_105762.jpg","20110822061711","200"
"http://ic.i.tsatic-cdn.net/105/250_250/c6de5_105777.jpg","20121103084358","200"
"http://ic.i.tsatic-cdn.net/105/311_206/10bdf_105850.jpg","20121014175521","200"
"http://ic.i.tsatic-cdn.net/105/311_206/2058e_105595.jpg","20121021041408","200"
"http://ic.i.tsatic-cdn.net/105/311_206/23044_105011.jpg","20121014175218","200"
"http://ic.i.tsatic-cdn.net/105/311_206/28728_105419.jpg","20120721094136","200"
"http://ic.i.tsatic-cdn.net/105/311_206/35e83_105169.jpg","20121008102641","200"
"http://ic.i.tsatic-cdn.net/105/311_206/545f5_105756.jpg","20120721094159","200"
"http://ic.i.tsatic-cdn.net/105/311_206/dfc66_105173.jpg","20121008102607","200"
"http://ic.i.tsatic-cdn.net/105/35_35/420c8_105708.jpg","20120620074421","200"
"http://ic.i.tsatic-cdn.net/105/35_35/d48a4_105867.jpg","20120620074422","200"
"http://ic.i.tsatic-cdn.net/105/36_36/becad_105194.jpg","20101113001130","200"
"http://ic.i.tsatic-cdn.net/105/36_36/d628d_105884.jpg","20130707123144","200"
"http://ic.i.tsatic-cdn.net/105/40_40/2a2d2_105190.jpg","20140901002335","200"
"http://ic.i.tsatic-cdn.net/105/40_40/6b566_105194.jpg","20120410052156","200"
"http://ic.i.tsatic-cdn.net/105/40_40/7f365_105575.jpg","20120410155813","200"
"http://ic.i.tsatic-cdn.net/105/40_40/863ea_105335.jpg","20121104123020","200"
"http://ic.i.tsatic-cdn.net/105/40_40/dbe25_105884.jpg","20110822023157","200"
"http://ic.i.tsatic-cdn.net/105/48_48/57b01_105509.jpg","20101128225224","200"
"http://ic.i.tsatic-cdn.net/105/48_48/58020_105774.jpg","20121103145348","200"
"http://ic.i.tsatic-cdn.net/105/48_48/778cd_105927.jpg","20120410151508","200"
"http://ic.i.tsatic-cdn.net/105/48_48/c66b3_105879.jpg","20150410190355","200"
"http://ic.i.tsatic-cdn.net/105/48_48/d1594_105730.jpg","20151117202307","404"
"http://ic.i.tsatic-cdn.net/105/48_48/db29b_105190.jpg","20151117202415","404"
"http://ic.i.tsatic-cdn.net/105/50_50/2036e_105206.jpg","20110822055723","200"
"http://ic.i.tsatic-cdn.net/105/50_50/211b1_105927.jpg","20120410080400","200"
"http://ic.i.tsatic-cdn.net/105/50_50/57b1d_105194.jpg","20101128225353","200"
"http://ic.i.tsatic-cdn.net/105/50_50/b8be9_105884.jpg","20121104033119","200"
"http://ic.i.tsatic-cdn.net/105/50_50/c6b3d_105335.jpg","20120410154601","200"
"http://ic.i.tsatic-cdn.net/105/50_50/d0f97_105817.jpg","20101128225508","200"
"http://ic.i.tsatic-cdn.net/105/54_30/741ee_105567.jpg","20140220173920","200"
"http://ic.i.tsatic-cdn.net/105/55_30/80940_105186.jpg","20150206173942","200"
"http://ic.i.tsatic-cdn.net/105/635_290/5b7cf_105424.jpg","20131013171431","200"
"http://ic.i.tsatic-cdn.net/105/635_290/95afd_105099.jpg","20121102042734","200"
"http://ic.i.tsatic-cdn.net/105/635_290/c3e44_105830.jpg","20121104012033","200"
"http://ic.i.tsatic-cdn.net/105/635_290/fcbb8_105592.jpg","20150925091627","200"
"http://ic.i.tsatic-cdn.net/105/635_340/68517_105830.jpg","20121021031425","200"
"http://ic.i.tsatic-cdn.net/105/635_340/9abe5_105248.jpg","20141015205027","200"
"http://ic.i.tsatic-cdn.net/105/640_360/730c5_105267.jpg","20150206173936","200"
"http://ic.i.tsatic-cdn.net/105/640_360/c2804_105854.jpg","20160118060445","404"
"https://ic.i.tsatic-cdn.net/105/654_340/0a9cf_105960.jpg","20260326194007","200"
"http://ic.i.tsatic-cdn.net/105/65_50/5cd94_105450.jpg","20110822055837","200"
"http://ic.i.tsatic-cdn.net/105/65_50/e9208_105343.jpg","20110822005236","200"
"http://ic.i.tsatic-cdn.net/105/65_50/f7a1f_105756.jpg","20110822011815","200"
"http://ic.i.tsatic-cdn.net/105/65_65/1eb0b_105575.jpg","20150630100413","200"
"http://ic.i.tsatic-cdn.net/105/75_75/92721_105206.jpg","20121103181644","200"
"http://ic.i.tsatic-cdn.net/105/75_75/93c78_105194.jpg","20120410080612","200"
"http://ic.i.tsatic-cdn.net/105/75_75/b5032_105575.jpg","20120328151056","200"
"http://ic.i.tsatic-cdn.net/105/75_75/ce413_105441.jpg","20120609141742","200"
"http://ic.i.tsatic-cdn.net/105/75_75/d7318_105884.jpg","20120410053444","200"
"http://ic.i.tsatic-cdn.net/106/100_75/2a4a0_106825.jpg","20120410113405","200"
"http://ic.i.tsatic-cdn.net/106/100_75/b8e21_106376.jpg","20120410113423","200"
"http://ic.i.tsatic-cdn.net/106/107_81/40a05_106711.jpg","20120410142746","200"
"http://ic.i.tsatic-cdn.net/106/120_120/04d5a_106065.jpg","20121025034556","200"
"http://ic.i.tsatic-cdn.net/106/120_120/4f9ab_106668.jpg","20120410054626","200"
"http://ic.i.tsatic-cdn.net/106/120_120/6ac07_106792.jpg","20120410151250","200"
"http://ic.i.tsatic-cdn.net/106/120_120/80efa_106953.jpg","20120410060823","200"
"http://ic.i.tsatic-cdn.net/106/120_120/873af_106643.jpg","20120410160622","200"
"http://ic.i.tsatic-cdn.net/106/120_120/d612b_106854.jpg","20121025043950","200"
"http://ic.i.tsatic-cdn.net/106/135_65/6c6cc_106957.jpg","20130330012216","200"
"http://ic.i.tsatic-cdn.net/106/135_65/aa7a2_106711.jpg","20130330012216","200"
"http://ic.i.tsatic-cdn.net/106/150_150/6aa48_106554.jpg","20121026104655","200"
"http://ic.i.tsatic-cdn.net/106/204_155/0b9d0_106731.jpg","20120410100147","200"
"http://ic.i.tsatic-cdn.net/106/204_155/0dcd3_106088.jpg","20121025182323","200"
"http://ic.i.tsatic-cdn.net/106/204_155/133fb_106602.jpg","20121025161053","200"
"http://ic.i.tsatic-cdn.net/106/204_155/1614f_106215.jpg","20121026133201","200"
"http://ic.i.tsatic-cdn.net/106/204_155/1b163_106213.jpg","20120410151134","200"
"http://ic.i.tsatic-cdn.net/106/204_155/1d604_106037.jpg","20121026133145","200"
"http://ic.i.tsatic-cdn.net/106/204_155/236d4_106194.jpg","20121026022200","200"
"http://ic.i.tsatic-cdn.net/106/204_155/282be_106151.jpg","20121102134222","200"
"http://ic.i.tsatic-cdn.net/106/204_155/2bc38_106139.jpg","20120410120243","200"
"http://ic.i.tsatic-cdn.net/106/204_155/2c600_106698.jpg","20120410152614","200"
"http://ic.i.tsatic-cdn.net/106/204_155/2c9ca_106371.jpg","20121014095655","200"
"http://ic.i.tsatic-cdn.net/106/204_155/2ea78_106082.jpg","20120410151331","200"
"http://ic.i.tsatic-cdn.net/106/204_155/36889_106669.jpg","20121026033443","200"
"http://ic.i.tsatic-cdn.net/106/204_155/3a384_106769.jpg","20120410144906","200"
"http://ic.i.tsatic-cdn.net/106/204_155/3f49a_106032.jpg","20120410153216","200"
"http://ic.i.tsatic-cdn.net/106/204_155/4177b_106025.jpg","20121025114514","200"
"http://ic.i.tsatic-cdn.net/106/204_155/43d59_106668.jpg","20120410092403","200"
"http://ic.i.tsatic-cdn.net/106/204_155/563b4_106431.jpg","20120410073102","200"
"http://ic.i.tsatic-cdn.net/106/204_155/57834_106630.jpg","20121103143000","200"
"http://ic.i.tsatic-cdn.net/106/204_155/6e19f_106646.jpg","20120410085619","200"
"http://ic.i.tsatic-cdn.net/106/204_155/77f03_106349.jpg","20120410095859","200"
"http://ic.i.tsatic-cdn.net/106/204_155/79544_106113.jpg","20120410071214","200"
"http://ic.i.tsatic-cdn.net/106/204_155/865d7_106379.jpg","20121104051024","200"
"http://ic.i.tsatic-cdn.net/106/204_155/86f8e_106814.jpg","20120410095815","200"
"http://ic.i.tsatic-cdn.net/106/204_155/8a834_106043.jpg","20120410154230","200"
"http://ic.i.tsatic-cdn.net/106/204_155/915d4_106319.jpg","20120410165541","200"
"http://ic.i.tsatic-cdn.net/106/204_155/a9e27_106893.jpg","20121026133140","200"
"http://ic.i.tsatic-cdn.net/106/204_155/c8509_106410.jpg","20120410095134","200"
"http://ic.i.tsatic-cdn.net/106/204_155/e4c4a_106864.jpg","20120410151118","200"
"http://ic.i.tsatic-cdn.net/106/204_155/e5e93_106377.jpg","20121014095603","200"
"http://ic.i.tsatic-cdn.net/106/204_155/ead37_106152.jpg","20120410090258","200"
"http://ic.i.tsatic-cdn.net/106/204_155/f034d_106948.jpg","20121023221044","200"
"http://ic.i.tsatic-cdn.net/106/204_155/f86ed_106372.jpg","20120410122532","200"
"http://ic.i.tsatic-cdn.net/106/204_155/f9e40_106788.jpg","20120410120236","200"
"http://ic.i.tsatic-cdn.net/106/204_155/fdc0a_106496.jpg","20120410094814","200"
"http://ic.i.tsatic-cdn.net/106/206_130/06ae4_106371.jpg","20120825120315","200"
"http://ic.i.tsatic-cdn.net/106/311_206/4e45d_106065.jpg","20121014175314","200"
"http://ic.i.tsatic-cdn.net/106/311_206/9761b_106908.jpg","20121102091126","200"
"http://ic.i.tsatic-cdn.net/106/311_206/af5ed_106854.jpg","20121103090500","200"
"http://ic.i.tsatic-cdn.net/106/311_206/b20ce_106959.jpg","20121102084707","200"
"http://ic.i.tsatic-cdn.net/106/311_206/d498c_106379.jpg","20121021031756","200"
"http://ic.i.tsatic-cdn.net/106/311_206/e22de_106431.jpg","20121023205933","200"
"http://ic.i.tsatic-cdn.net/106/311_206/e6d9c_106377.jpg","20121017040551","200"
"http://ic.i.tsatic-cdn.net/106/35_35/526b3_106353.jpg","20120620074401","200"
"http://ic.i.tsatic-cdn.net/106/35_35/829dc_106358.jpg","20120620074403","200"
"http://ic.i.tsatic-cdn.net/106/40_40/5f9b7_106064.jpg","20120410124956","200"
"http://ic.i.tsatic-cdn.net/106/40_40/7dab1_106458.jpg","20121103165908","200"
"http://ic.i.tsatic-cdn.net/106/40_40/fa829_106720.jpg","20120410081236","200"
"http://ic.i.tsatic-cdn.net/106/45_45/97375_106458.jpg","20121026072406","200"
"http://ic.i.tsatic-cdn.net/106/48_48/978e7_106930.jpg","20120923053857","200"
"http://ic.i.tsatic-cdn.net/106/48_48/bf16e_106720.jpg","20121103065856","200"
"http://ic.i.tsatic-cdn.net/106/50_50/00a8a_106885.jpg","20101229221719","200"
"http://ic.i.tsatic-cdn.net/106/50_50/54e5a_106415.jpg","20120410144610","200"
"http://ic.i.tsatic-cdn.net/106/50_50/61c4f_106720.jpg","20120410144615","200"
"http://ic.i.tsatic-cdn.net/106/50_50/9a259_106554.jpg","20110512055214","200"
"http://ic.i.tsatic-cdn.net/106/635_290/045b6_106769.jpg","20120410144910","200"
"http://ic.i.tsatic-cdn.net/106/635_340/5355c_106379.jpg","20121104045543","200"
"http://ic.i.tsatic-cdn.net/106/65_50/0fc97_106823.jpg","20120205035252","200"
"http://ic.i.tsatic-cdn.net/106/65_50/30b48_106749.jpg","20120609141809","200"
"http://ic.i.tsatic-cdn.net/106/65_50/53ab6_106088.jpg","20120226140524","200"
"http://ic.i.tsatic-cdn.net/106/65_50/c2474_106515.jpg","20110822023546","200"
"http://ic.i.tsatic-cdn.net/106/65_50/c3fdd_106528.jpg","20120609141809","200"
"http://ic.i.tsatic-cdn.net/106/66_43/d9dd1_106113.jpg","20120410070124","200"
"http://ic.i.tsatic-cdn.net/106/75_75/258de_106148.jpg","20121021140046","200"
"http://ic.i.tsatic-cdn.net/106/75_75/bdd39_106720.jpg","20120410142852","200"
"http://ic.i.tsatic-cdn.net/106/75_75/ff1a5_106554.jpg","20121103051319","200"
"http://ic.i.tsatic-cdn.net/107/210_160/c5072_107671.jpg","20150512115120","200"
"http://ic.i.tsatic-cdn.net/1071/640_256/3980e_1071074.jpg","20130330012209","200"
"http://ic.i.tsatic-cdn.net/1077/311_206/099be_1077135.jpg","20121102212927","200"
"http://ic.i.tsatic-cdn.net/11/120_120/24323_11889.jpg","20121023050201","200"
"http://ic.i.tsatic-cdn.net/11/120_120/39d64_11800.jpg","20120922030001","200"
"http://ic.i.tsatic-cdn.net/11/120_120/3a3ba_11012.jpg","20120410170127","200"
"http://ic.i.tsatic-cdn.net/11/120_120/434a6_11319.jpg","20121019181957","200"
"http://ic.i.tsatic-cdn.net/11/120_120/60622_11459.jpg","20120410155651","200"
"http://ic.i.tsatic-cdn.net/11/120_120/67ba7_11215.jpg","20121021102333","200"
"http://ic.i.tsatic-cdn.net/11/120_120/e1e54_11262.jpg","20121103134705","200"
"http://ic.i.tsatic-cdn.net/11/120_120/fda78_11128.jpg","20121104021353","200"
"http://ic.i.tsatic-cdn.net/11/150_150/b7d5f_11817.jpg","20121102200323","200"
"http://ic.i.tsatic-cdn.net/11/204_155/000d0_11249.jpg","20121015153956","200"
"http://ic.i.tsatic-cdn.net/11/204_155/0b2ef_11128.jpg","20121104021359","200"
"http://ic.i.tsatic-cdn.net/11/204_155/83993_11708.jpg","20121016100539","200"
"http://ic.i.tsatic-cdn.net/11/204_155/90d84_11309.jpg","20121023050453","200"
"http://ic.i.tsatic-cdn.net/11/204_155/f8c48_11262.jpg","20121103134710","200"
"http://ic.i.tsatic-cdn.net/11/204_155/fd422_11492.jpg","20121103230041","200"
"http://ic.i.tsatic-cdn.net/11/250_250/e4a64_11128.jpg","20121021031526","200"
"http://ic.i.tsatic-cdn.net/11/311_206/39d35_11521.jpg","20121103041443","200"
"http://ic.i.tsatic-cdn.net/11/311_206/88800_11249.jpg","20121015155437","200"
"http://ic.i.tsatic-cdn.net/11/311_206/9aa44_11201.jpg","20121103041057","200"
"http://ic.i.tsatic-cdn.net/11/311_206/b69df_11180.jpg","20121103041304","200"
"http://ic.i.tsatic-cdn.net/11/35_35/746c9_11022.jpg","20120410051854","200"
"http://ic.i.tsatic-cdn.net/11/36_36/1c642_11162.jpg","20101229221209","200"
"http://ic.i.tsatic-cdn.net/11/36_36/35fa5_11426.jpg","20101112184527","200"
"http://ic.i.tsatic-cdn.net/11/40_40/00752_11393.jpg","20120410151200","200"
"http://ic.i.tsatic-cdn.net/11/45_45/f2714_11274.jpg","20120410141343","200"
"http://ic.i.tsatic-cdn.net/11/48_48/23a15_11599.jpg","20121103175320","200"
"http://ic.i.tsatic-cdn.net/11/48_48/4fa02_11928.jpg","20121026075549","200"
"http://ic.i.tsatic-cdn.net/11/48_48/53604_11476.jpg","20150708130135","200"
"http://ic.i.tsatic-cdn.net/11/48_48/b87e4_11647.jpg","20120410093248","200"
"http://ic.i.tsatic-cdn.net/11/48_48/bdc13_11543.jpg","20151101053621","200"
"http://ic.i.tsatic-cdn.net/11/48_48/bf3fa_11855.jpg","20140718235210","200"
"http://ic.i.tsatic-cdn.net/11/50_50/13c34_11817.jpg","20121020165942","200"
"http://ic.i.tsatic-cdn.net/11/50_50/b78f9_11022.jpg","20110822072118","200"
"http://ic.i.tsatic-cdn.net/11/50_50/c433d_11136.jpg","20110411121812","200"
"http://ic.i.tsatic-cdn.net/11/54_30/93895_11465.jpg","20140530010954","200"
"http://ic.i.tsatic-cdn.net/11/635_340/2e452_11157.jpg","20121021052726","200"
"http://ic.i.tsatic-cdn.net/11/635_340/4e925_11249.jpg","20121015190913","200"
"http://ic.i.tsatic-cdn.net/11/65_50/0e210_11249.jpg","20120318062005","200"
"http://ic.i.tsatic-cdn.net/1104/135_65/ccbf1_1104892.jpg","20130330012212","200"
"http://ic.i.tsatic-cdn.net/1104/640_256/6930c_1104896.jpg","20130330012210","200"
"http://ic.i.tsatic-cdn.net/112/100_75/3929a_112921.jpg","20120410163801","200"
"http://ic.i.tsatic-cdn.net/112/210_160/fdc98_112099.jpg","20150512115118","200"
"http://ic.i.tsatic-cdn.net/112/311_206/54797_112921.jpg","20121102145352","200"
"http://ic.i.tsatic-cdn.net/113/120_120/14801_113780.jpg","20121021004633","200"
"http://ic.i.tsatic-cdn.net/113/120_120/18702_113784.jpg","20121021030950","200"
"http://ic.i.tsatic-cdn.net/113/120_120/24864_113791.jpg","20121021020251","200"
"http://ic.i.tsatic-cdn.net/113/120_120/24c23_113798.jpg","20121021015831","200"
"http://ic.i.tsatic-cdn.net/113/120_120/271f3_113782.jpg","20121021020507","200"
"http://ic.i.tsatic-cdn.net/113/120_120/4177f_113790.jpg","20121021020200","200"
"http://ic.i.tsatic-cdn.net/113/120_120/41b61_113792.jpg","20121021004534","200"
"http://ic.i.tsatic-cdn.net/113/120_120/420ca_113786.jpg","20121021004406","200"
"http://ic.i.tsatic-cdn.net/113/120_120/4f21a_113800.jpg","20121021020006","200"
"http://ic.i.tsatic-cdn.net/113/120_120/5826d_113785.jpg","20121021031251","200"
"http://ic.i.tsatic-cdn.net/113/120_120/5871d_113794.jpg","20121021015914","200"
"http://ic.i.tsatic-cdn.net/113/120_120/5be53_113797.jpg","20121021020344","200"
"http://ic.i.tsatic-cdn.net/113/120_120/5f390_113783.jpg","20121021004021","200"
"http://ic.i.tsatic-cdn.net/113/120_120/75cbf_113796.jpg","20121021015822","200"
"http://ic.i.tsatic-cdn.net/113/120_120/80816_113793.jpg","20121021015807","200"
"http://ic.i.tsatic-cdn.net/113/120_120/92210_113789.jpg","20121021030848","200"
"http://ic.i.tsatic-cdn.net/113/120_120/97609_113795.jpg","20121021020047","200"
"http://ic.i.tsatic-cdn.net/113/120_120/9d12b_113799.jpg","20121021003952","200"
"http://ic.i.tsatic-cdn.net/113/120_120/bcb84_113788.jpg","20121021031134","200"
"http://ic.i.tsatic-cdn.net/113/120_120/ca49c_113801.jpg","20121021004250","200"
"http://ic.i.tsatic-cdn.net/113/120_120/cb246_113787.jpg","20121021031348","200"
"http://ic.i.tsatic-cdn.net/113/120_120/cd86f_113781.jpg","20121021004341","200"
"http://ic.i.tsatic-cdn.net/113/210_160/03d4b_113147.jpg","20150512115120","200"
"http://ic.i.tsatic-cdn.net/113/210_160/83d2d_113290.jpg","20150512115119","200"
"http://ic.i.tsatic-cdn.net/113/65_50/813db_113780.jpg","20120331135714","200"
"http://ic.i.tsatic-cdn.net/1130/150_150/194e3_1130877.jpg","20150411001818","200"
"http://ic.i.tsatic-cdn.net/1130/150_150/f4691_1130752.jpg","20121104080559","200"
"http://ic.i.tsatic-cdn.net/1130/204_155/6d888_1130797.jpg","20121026130916","200"
"http://ic.i.tsatic-cdn.net/1130/204_155/e404f_1130785.jpg","20120410101300","200"
"http://ic.i.tsatic-cdn.net/1130/311_206/2841a_1130767.jpg","20121026065849","200"
"http://ic.i.tsatic-cdn.net/1130/311_206/7938a_1130849.jpg","20121021205413","200"
"http://ic.i.tsatic-cdn.net/1130/35_35/6ce6a_1130765.jpg","20120410051857","200"
"http://ic.i.tsatic-cdn.net/1130/35_35/80968_1130872.jpg","20120410062236","200"
"http://ic.i.tsatic-cdn.net/1130/36_36/60f2e_1130792.jpg","20101229221156","200"
"http://ic.i.tsatic-cdn.net/1130/36_36/76c08_1130765.jpg","20111031055835","200"
"http://ic.i.tsatic-cdn.net/1130/40_40/32aad_1130752.jpg","20110822013701","200"
"http://ic.i.tsatic-cdn.net/1130/40_40/48eea_1130816.jpg","20120410173642","200"
"http://ic.i.tsatic-cdn.net/1130/40_40/a679f_1130872.jpg","20120410162746","200"
"http://ic.i.tsatic-cdn.net/1130/48_48/27ba3_1130871.jpg","20140222003856","200"
"http://ic.i.tsatic-cdn.net/1130/48_48/8a802_1130801.jpg","20121103201449","200"
"http://ic.i.tsatic-cdn.net/1130/48_48/9128a_1130816.jpg","20120410140842","200"
"http://ic.i.tsatic-cdn.net/1130/48_48/c65a2_1130765.jpg","20120410123755","200"
"http://ic.i.tsatic-cdn.net/1130/48_48/d35e8_1130792.jpg","20120410083654","200"
"http://ic.i.tsatic-cdn.net/1130/48_48/ea371_1130752.jpg","20120308214346","200"
"http://ic.i.tsatic-cdn.net/1130/48_48/f9074_1130872.jpg","20120410145037","200"
"http://ic.i.tsatic-cdn.net/1130/48_48/fb20d_1130802.jpg","20121026113643","200"
"http://ic.i.tsatic-cdn.net/1130/50_50/355ba_1130877.jpg","20110822010528","200"
"http://ic.i.tsatic-cdn.net/1130/50_50/98dcb_1130752.jpg","20110822030152","200"
"http://ic.i.tsatic-cdn.net/1130/50_50/bf386_1130872.jpg","20120410173255","200"
"http://ic.i.tsatic-cdn.net/1130/50_50/c4e7c_1130765.jpg","20110822030118","200"
"http://ic.i.tsatic-cdn.net/1130/50_50/df87f_1130792.jpg","20110818063706","200"
"http://ic.i.tsatic-cdn.net/1130/65_50/e8f78_1130849.jpg","20110822032342","200"
"http://ic.i.tsatic-cdn.net/1130/75_75/31eb3_1130873.jpg","20120323080714","200"
"http://ic.i.tsatic-cdn.net/1130/75_75/3b60f_1130752.jpg","20120410060309","200"
"http://ic.i.tsatic-cdn.net/1130/75_75/c18e0_1130872.jpg","20120410060316","200"
"http://ic.i.tsatic-cdn.net/1130/75_75/f5115_1130877.jpg","20121102235045","200"
"http://ic.i.tsatic-cdn.net/1131/204_155/31d4f_1131310.jpg","20121104082436","200"
"http://ic.i.tsatic-cdn.net/1137/204_155/f574d_1137489.jpg","20121104081102","200"
"http://ic.i.tsatic-cdn.net/1137/311_206/401d8_1137489.jpg","20121102221019","200"
"http://ic.i.tsatic-cdn.net/1137/635_340/243ab_1137489.jpg","20121103084430","200"
"http://ic.i.tsatic-cdn.net/114/210_160/59da0_114261.jpg","20150512115113","200"
"http://ic.i.tsatic-cdn.net/115/120_120/0781e_115702.jpg","20121021004016","200"
"http://ic.i.tsatic-cdn.net/115/120_120/0ca15_115693.jpg","20121021015939","200"
"http://ic.i.tsatic-cdn.net/115/120_120/0eedc_115699.jpg","20121021020439","200"
"http://ic.i.tsatic-cdn.net/115/120_120/1a27d_115703.jpg","20121021031237","200"
"http://ic.i.tsatic-cdn.net/115/120_120/1e60a_115706.jpg","20121021015654","200"
"http://ic.i.tsatic-cdn.net/115/120_120/3ef80_115698.jpg","20121021031149","200"
"http://ic.i.tsatic-cdn.net/115/120_120/426f3_115697.jpg","20121021031310","200"
"http://ic.i.tsatic-cdn.net/115/120_120/4567a_115694.jpg","20121021015931","200"
"http://ic.i.tsatic-cdn.net/115/120_120/47bde_115705.jpg","20121021020129","200"
"http://ic.i.tsatic-cdn.net/115/120_120/4f3de_115690.jpg","20121021031230","200"
"http://ic.i.tsatic-cdn.net/115/120_120/773fb_115704.jpg","20121021003958","200"
"http://ic.i.tsatic-cdn.net/115/120_120/7d079_115695.jpg","20121021030627","200"
"http://ic.i.tsatic-cdn.net/115/120_120/82c50_115691.jpg","20121021020042","200"
"http://ic.i.tsatic-cdn.net/115/120_120/8ede8_115696.jpg","20121021004613","200"
"http://ic.i.tsatic-cdn.net/115/120_120/a25b7_115685.jpg","20121021004638","200"
"http://ic.i.tsatic-cdn.net/115/120_120/b0b44_115687.jpg","20121021015637","200"
"http://ic.i.tsatic-cdn.net/115/120_120/b6c92_115692.jpg","20121021015926","200"
"http://ic.i.tsatic-cdn.net/115/120_120/c7a98_115689.jpg","20121021015908","200"
"http://ic.i.tsatic-cdn.net/115/120_120/ca866_115686.jpg","20121021004059","200"
"http://ic.i.tsatic-cdn.net/115/120_120/e4645_115701.jpg","20121021015945","200"
"http://ic.i.tsatic-cdn.net/115/120_120/ef381_115700.jpg","20121021004113","200"
"http://ic.i.tsatic-cdn.net/115/120_120/ffb50_115688.jpg","20121021015921","200"
"http://ic.i.tsatic-cdn.net/115/210_160/354b1_115899.jpg","20150512115113","200"
"http://ic.i.tsatic-cdn.net/115/210_160/82ab5_115907.jpg","20150512115115","200"
"http://ic.i.tsatic-cdn.net/115/65_50/5e555_115700.jpg","20120331135659","200"
"http://ic.i.tsatic-cdn.net/116/200_125/f7136_116362.jpg","20120510004205","200"
"http://ic.i.tsatic-cdn.net/116/210_160/4100b_116649.jpg","20150512115110","200"
"http://ic.i.tsatic-cdn.net/116/210_160/99157_116578.jpg","20150512115108","200"
"http://ic.i.tsatic-cdn.net/116/210_160/b5367_116989.jpg","20260326194012","302"
"http://ic.i.tsatic-cdn.net/117/210_160/4d1f4_117785.jpg","20150512115113","200"
"http://ic.i.tsatic-cdn.net/117/210_160/68b55_117877.jpg","20150512115108","200"
"https://ic.i.tsatic-cdn.net/117/210_160/89e72_117074.jpg","20260326194014","200"
"http://ic.i.tsatic-cdn.net/117/210_160/f39b3_117467.jpg","20150512115107","200"
"http://ic.i.tsatic-cdn.net/1173/48_48/0f8e8_1173435.jpg","20121103112827","200"
"http://ic.i.tsatic-cdn.net/118/210_160/6995c_118021.jpg","20150512115111","200"
"http://ic.i.tsatic-cdn.net/118/210_160/fc46c_118679.jpg","20150512115101","200"
"http://ic.i.tsatic-cdn.net/118/65_50/a6cac_118783.jpg","20120410125113","200"
"http://ic.i.tsatic-cdn.net/119/311_206/40505_119003.jpg","20121103114018","200"
"http://ic.i.tsatic-cdn.net/12/120_120/064fb_12123.jpg","20121024192144","200"
"http://ic.i.tsatic-cdn.net/12/120_120/14b6d_12481.jpg","20121023050400","200"
"http://ic.i.tsatic-cdn.net/12/120_120/259df_12700.jpg","20120410151125","200"
"http://ic.i.tsatic-cdn.net/12/120_120/7a376_12466.jpg","20121103183923","200"
"http://ic.i.tsatic-cdn.net/12/120_120/7c727_12015.jpg","20121103104907","200"
"http://ic.i.tsatic-cdn.net/12/120_120/8f172_12546.jpg","20120410083525","200"
"http://ic.i.tsatic-cdn.net/12/120_120/9102e_12461.jpg","20121024210638","200"
"http://ic.i.tsatic-cdn.net/12/120_120/99fc8_12929.jpg","20121006171443","200"
"http://ic.i.tsatic-cdn.net/12/120_120/a3e79_12686.jpg","20120410151318","200"
"http://ic.i.tsatic-cdn.net/12/120_120/c7501_12667.jpg","20121103094150","200"
"http://ic.i.tsatic-cdn.net/12/120_120/d2e1f_12464.jpg","20121103230004","200"
"http://ic.i.tsatic-cdn.net/12/120_120/de7b5_12410.jpg","20120410144729","200"
"http://ic.i.tsatic-cdn.net/12/120_120/fdb3b_12539.jpg","20121016100530","200"
"http://ic.i.tsatic-cdn.net/12/150_150/604ea_12178.jpg","20121103145357","200"
"http://ic.i.tsatic-cdn.net/12/204_155/23715_12098.jpg","20120410065531","200"
"http://ic.i.tsatic-cdn.net/12/204_155/4d823_12604.jpg","20121015154205","200"
"http://ic.i.tsatic-cdn.net/12/204_155/5d573_12491.jpg","20121104102738","200"
"http://ic.i.tsatic-cdn.net/12/204_155/6a0c0_12481.jpg","20121023050437","200"
"http://ic.i.tsatic-cdn.net/12/204_155/76136_12651.jpg","20121026091510","200"
"http://ic.i.tsatic-cdn.net/12/204_155/7915e_12367.jpg","20121103030034","200"
"http://ic.i.tsatic-cdn.net/12/204_155/7e84e_12464.jpg","20121103230111","200"
"http://ic.i.tsatic-cdn.net/12/204_155/a73ee_12635.jpg","20121104021619","200"
"http://ic.i.tsatic-cdn.net/12/204_155/bc84b_12615.jpg","20121026084613","200"
"http://ic.i.tsatic-cdn.net/12/204_155/c06f8_12539.jpg","20121016053545","200"
"http://ic.i.tsatic-cdn.net/12/204_155/cf812_12847.jpg","20121023050349","200"
"http://ic.i.tsatic-cdn.net/12/204_155/cfb78_12461.jpg","20121024201808","200"
"http://ic.i.tsatic-cdn.net/12/204_155/da6c7_12632.jpg","20121024013921","200"
"http://ic.i.tsatic-cdn.net/12/204_155/df281_12618.jpg","20121102145211","200"
"http://ic.i.tsatic-cdn.net/12/204_155/e481a_12492.jpg","20120410065532","200"
"http://ic.i.tsatic-cdn.net/12/204_155/f99dd_12710.jpg","20121026055447","200"
"http://ic.i.tsatic-cdn.net/12/250_250/92d7d_12521.jpg","20131213185629","200"
"http://ic.i.tsatic-cdn.net/12/250_250/e9fb8_12481.jpg","20120510003439","200"
"http://ic.i.tsatic-cdn.net/12/311_206/33088_12312.jpg","20121023023858","200"
"http://ic.i.tsatic-cdn.net/12/311_206/44d58_12604.jpg","20121015155827","200"
"http://ic.i.tsatic-cdn.net/12/311_206/50efd_12568.jpg","20121102134001","200"
"http://ic.i.tsatic-cdn.net/12/311_206/74950_12441.jpg","20120925015004","200"
"http://ic.i.tsatic-cdn.net/12/311_206/8a31d_12551.jpg","20121016102602","200"
"http://ic.i.tsatic-cdn.net/12/311_206/8dede_12061.jpg","20121103123456","200"
"http://ic.i.tsatic-cdn.net/12/311_206/ac7fd_12562.jpg","20121103041359","200"
"http://ic.i.tsatic-cdn.net/12/311_206/ace6b_12528.jpg","20121103041127","200"
"http://ic.i.tsatic-cdn.net/12/48_48/9e725_12052.jpg","20121102190256","200"
"http://ic.i.tsatic-cdn.net/12/48_48/a4b8f_12231.jpg","20121102095236","200"
"http://ic.i.tsatic-cdn.net/12/50_50/3f19e_12178.jpg","20121020210914","200"
"http://ic.i.tsatic-cdn.net/12/54_30/a65e5_12535.jpg","20140530011456","200"
"http://ic.i.tsatic-cdn.net/12/55_30/3d07d_12641.jpg","20150409164758","200"
"http://ic.i.tsatic-cdn.net/12/55_30/6f4ab_12172.jpg","20140529165806","200"
"http://ic.i.tsatic-cdn.net/12/635_290/7d219_12787.jpg","20120410093945","200"
"http://ic.i.tsatic-cdn.net/12/635_290/931bc_12772.jpg","20121024043815","200"
"http://ic.i.tsatic-cdn.net/12/635_290/9c9a1_12793.jpg","20120410142016","200"
"http://ic.i.tsatic-cdn.net/12/635_290/a6ee0_12477.jpg","20131013174416","200"
"http://ic.i.tsatic-cdn.net/12/635_290/ae04b_12751.jpg","20121102160320","200"
"http://ic.i.tsatic-cdn.net/12/635_340/03351_12604.jpg","20121015154311","200"
"http://ic.i.tsatic-cdn.net/12/635_340/fa820_12235.jpg","20140530003058","200"
"http://ic.i.tsatic-cdn.net/12/640_360/3a9f2_12235.jpg","20140529170033","200"
"http://ic.i.tsatic-cdn.net/12/640_360/9aebd_12172.jpg","20140530002053","200"
"http://ic.i.tsatic-cdn.net/12/65_50/4376a_12604.jpg","20120318061912","200"
"http://ic.i.tsatic-cdn.net/12/75_75/cf32d_12286.jpg","20120929201359","200"
"http://ic.i.tsatic-cdn.net/120/210_160/b45be_120262.jpg","20150512115106","200"
"http://ic.i.tsatic-cdn.net/120/210_160/caae6_120911.jpg","20150512115103","200"
"http://ic.i.tsatic-cdn.net/1200/100_75/ce476_1200684.jpg","20150829101725","200"
"http://ic.i.tsatic-cdn.net/1200/100_75/e5b62_1200682.jpg","20120410062838","200"
"http://ic.i.tsatic-cdn.net/1200/150_150/05d53_1200750.jpg","20120410153200","200"
"http://ic.i.tsatic-cdn.net/1200/150_150/09997_1200865.jpg","20120410153408","200"
"http://ic.i.tsatic-cdn.net/1200/150_150/0c323_1200794.jpg","20121026025045","200"
"http://ic.i.tsatic-cdn.net/1200/150_150/24163_1200739.jpg","20121104045803","200"
"http://ic.i.tsatic-cdn.net/1200/150_150/2e0eb_1200656.jpg","20121104002909","200"
"http://ic.i.tsatic-cdn.net/1200/150_150/313c1_1200725.jpg","20120410122800","200"
"http://ic.i.tsatic-cdn.net/1200/150_150/41d86_1200921.jpg","20121025174405","200"
"http://ic.i.tsatic-cdn.net/1200/150_150/53064_1200931.jpg","20121020042326","200"
"http://ic.i.tsatic-cdn.net/1200/150_150/bc6ce_1200730.jpg","20120410154313","200"
"http://ic.i.tsatic-cdn.net/1200/150_150/dc261_1200762.jpg","20140201201347","200"
"http://ic.i.tsatic-cdn.net/1200/204_155/1171a_1200766.jpg","20121102142227","200"
"http://ic.i.tsatic-cdn.net/1200/204_155/a9c94_1200665.jpg","20120410122024","200"
"http://ic.i.tsatic-cdn.net/1200/311_206/44d26_1200934.jpg","20121104070956","200"
"http://ic.i.tsatic-cdn.net/1200/311_206/7a1a5_1200643.jpg","20121004150449","200"
"http://ic.i.tsatic-cdn.net/1200/35_35/3d309_1200739.jpg","20120410052735","200"
"http://ic.i.tsatic-cdn.net/1200/35_35/b222c_1200927.jpg","20140309072525","200"
"http://ic.i.tsatic-cdn.net/1200/35_35/fd5f6_1200725.jpg","20120410062217","200"
"http://ic.i.tsatic-cdn.net/1200/36_36/d23cd_1200960.jpg","20111222224616","200"
"http://ic.i.tsatic-cdn.net/1200/40_40/15bd7_1200656.jpg","20121021030906","200"
"http://ic.i.tsatic-cdn.net/1200/40_40/18182_1200762.jpg","20120410082318","200"
"http://ic.i.tsatic-cdn.net/1200/40_40/1a223_1200730.jpg","20120410173458","200"
"http://ic.i.tsatic-cdn.net/1200/40_40/32786_1200739.jpg","20121021031722","200"
"http://ic.i.tsatic-cdn.net/1200/40_40/38bc7_1200750.jpg","20121026072359","200"
"http://ic.i.tsatic-cdn.net/1200/40_40/a6e1d_1200725.jpg","20110822032336","200"
"http://ic.i.tsatic-cdn.net/1200/40_40/bea33_1200783.jpg","20110822060900","200"
"http://ic.i.tsatic-cdn.net/1200/48_48/2f42b_1200739.jpg","20110822055955","200"
"http://ic.i.tsatic-cdn.net/1200/48_48/84981_1200927.jpg","20130926002542","200"
"http://ic.i.tsatic-cdn.net/1200/48_48/c4fca_1200725.jpg","20120410084350","200"
"http://ic.i.tsatic-cdn.net/1200/50_50/1ac8c_1200783.jpg","20110822060853","200"
"http://ic.i.tsatic-cdn.net/1200/50_50/38ab4_1200960.jpg","20101229223805","200"
"http://ic.i.tsatic-cdn.net/1200/50_50/40391_1200762.jpg","20101128225347","200"
"http://ic.i.tsatic-cdn.net/1200/50_50/680aa_1200865.jpg","20110822033137","200"
"http://ic.i.tsatic-cdn.net/1200/50_50/6e757_1200921.jpg","20121020091346","200"
"http://ic.i.tsatic-cdn.net/1200/50_50/87fd5_1200931.jpg","20110721231556","200"
"http://ic.i.tsatic-cdn.net/1200/50_50/97d59_1200739.jpg","20110822025402","200"
"http://ic.i.tsatic-cdn.net/1200/50_50/a8fa4_1200794.jpg","20121020103722","200"
"http://ic.i.tsatic-cdn.net/1200/50_50/d7006_1200725.jpg","20101229221722","200"
"http://ic.i.tsatic-cdn.net/1200/50_50/ee5ec_1200827.jpg","20110822014246","200"
"http://ic.i.tsatic-cdn.net/1200/65_50/851ae_1200643.jpg","20110822061846","200"
"http://ic.i.tsatic-cdn.net/1200/65_65/8821f_1200725.jpg","20121120051023","200"
"http://ic.i.tsatic-cdn.net/1200/75_75/0119a_1200783.jpg","20120410094044","200"
"http://ic.i.tsatic-cdn.net/1200/75_75/032f6_1200865.jpg","20120410053440","200"
"http://ic.i.tsatic-cdn.net/1200/75_75/1e93f_1200739.jpg","20120410090402","200"
"http://ic.i.tsatic-cdn.net/1200/75_75/405b5_1200762.jpg","20120118201731","200"
"http://ic.i.tsatic-cdn.net/1200/75_75/6c4c4_1200659.jpg","20120410063542","200"
"http://ic.i.tsatic-cdn.net/1200/75_75/777c1_1200860.jpg","20120410145312","200"
"http://ic.i.tsatic-cdn.net/1200/75_75/8fcad_1200656.jpg","20121021004051","200"
"http://ic.i.tsatic-cdn.net/1200/75_75/bd7e5_1200750.jpg","20120410053424","200"
"http://ic.i.tsatic-cdn.net/1200/75_75/c64a2_1200725.jpg","20120331135604","200"
"http://ic.i.tsatic-cdn.net/1200/75_75/e6805_1200730.jpg","20120410053449","200"
"http://ic.i.tsatic-cdn.net/1201/0_0/215be_1201102.jpg","20120410171813","404"
"http://ic.i.tsatic-cdn.net/1201/100_75/0686a_1201576.jpg","20120410084023","200"
"http://ic.i.tsatic-cdn.net/1201/100_75/93a93_1201575.jpg","20120410084013","200"
"http://ic.i.tsatic-cdn.net/1201/100_75/f1a5d_1201579.jpg","20120410084033","200"
"http://ic.i.tsatic-cdn.net/1201/150_150/e838d_1201727.jpg","20121103113212","200"
"http://ic.i.tsatic-cdn.net/1201/311_206/56991_1201576.jpg","20121104011624","200"
"http://ic.i.tsatic-cdn.net/1201/311_206/a071c_1201560.jpg","20120818013952","200"
"http://ic.i.tsatic-cdn.net/1201/311_206/a829a_1201328.jpg","20121018145110","200"
"http://ic.i.tsatic-cdn.net/1201/311_206/baf12_1201365.jpg","20121019075322","200"
"http://ic.i.tsatic-cdn.net/1201/311_206/f4947_1201575.jpg","20121104011537","200"
"http://ic.i.tsatic-cdn.net/1201/45_45/01217_1201590.jpg","20120410122026","200"
"http://ic.i.tsatic-cdn.net/1201/45_45/271ab_1201588.jpg","20120410121948","200"
"http://ic.i.tsatic-cdn.net/1201/45_45/30d0d_1201586.jpg","20120410121947","200"
"http://ic.i.tsatic-cdn.net/1201/45_45/30edf_1201592.jpg","20120410122005","200"
"http://ic.i.tsatic-cdn.net/1201/45_45/33beb_1201584.jpg","20120410121951","200"
"http://ic.i.tsatic-cdn.net/1201/45_45/6fb50_1201583.jpg","20120410121949","200"
"http://ic.i.tsatic-cdn.net/1201/45_45/72108_1201595.jpg","20120410122006","200"
"http://ic.i.tsatic-cdn.net/1201/45_45/7e112_1201593.jpg","20120410122031","200"
"http://ic.i.tsatic-cdn.net/1201/45_45/8c5de_1201598.jpg","20120410122017","200"
"http://ic.i.tsatic-cdn.net/1201/45_45/939e1_1201589.jpg","20120410121940","200"
"http://ic.i.tsatic-cdn.net/1201/45_45/ad4e5_1201597.jpg","20120410121957","200"
"http://ic.i.tsatic-cdn.net/1201/45_45/bdd50_1201594.jpg","20120410122011","200"
"http://ic.i.tsatic-cdn.net/1201/45_45/d955c_1201596.jpg","20120410122015","200"
"http://ic.i.tsatic-cdn.net/1201/45_45/e6c02_1201591.jpg","20120410121956","200"
"http://ic.i.tsatic-cdn.net/1201/45_45/e9aeb_1201587.jpg","20120410121942","200"
"http://ic.i.tsatic-cdn.net/1201/45_45/fb5e9_1201585.jpg","20120410122000","200"
"http://ic.i.tsatic-cdn.net/1201/48_48/863ae_1201727.jpg","20140201194124","200"
"http://ic.i.tsatic-cdn.net/1201/48_48/9ed55_1201264.jpg","20121102220337","200"
"http://ic.i.tsatic-cdn.net/1201/50_50/6add9_1201727.jpg","20101229222801","200"
"http://ic.i.tsatic-cdn.net/1201/623_415/9ad4e_1201349.jpg","20131212061327","200"
"http://ic.i.tsatic-cdn.net/1201/65_50/08c6b_1201829.jpg","20110822032312","200"
"http://ic.i.tsatic-cdn.net/1201/65_50/0ea8a_1201583.jpg","20120410053102","200"
"http://ic.i.tsatic-cdn.net/1201/65_50/91439_1201560.jpg","20110822033053","200"
"http://ic.i.tsatic-cdn.net/1201/65_50/a57a0_1201328.jpg","20110822010243","200"
"http://ic.i.tsatic-cdn.net/1201/65_50/c6650_1201365.jpg","20120410140338","200"
"http://ic.i.tsatic-cdn.net/1201/75_75/2bdab_1201727.jpg","20121020195449","200"
"http://ic.i.tsatic-cdn.net/1202/120_120/053fa_1202286.jpg","20121026130127","200"
"http://ic.i.tsatic-cdn.net/1202/120_120/0a511_1202288.jpg","20121026124041","200"
"http://ic.i.tsatic-cdn.net/1202/120_120/0e075_1202282.jpg","20121026130107","200"
"http://ic.i.tsatic-cdn.net/1202/120_120/1c648_1202283.jpg","20121026124000","200"
"http://ic.i.tsatic-cdn.net/1202/120_120/242f2_1202292.jpg","20121026124006","200"
"http://ic.i.tsatic-cdn.net/1202/120_120/2b8b8_1202284.jpg","20121026124156","200"
"http://ic.i.tsatic-cdn.net/1202/120_120/2e127_1202285.jpg","20121026124246","200"
"http://ic.i.tsatic-cdn.net/1202/120_120/3cf0c_1202287.jpg","20121026124108","200"
"http://ic.i.tsatic-cdn.net/1202/120_120/50684_1202294.jpg","20121026124013","200"
"http://ic.i.tsatic-cdn.net/1202/120_120/55be8_1202293.jpg","20121026130137","200"
"http://ic.i.tsatic-cdn.net/1202/120_120/64f59_1202291.jpg","20121026130023","200"
"http://ic.i.tsatic-cdn.net/1202/120_120/a6f8d_1202281.jpg","20121026130144","200"
"http://ic.i.tsatic-cdn.net/1202/120_120/a7c6b_1202290.jpg","20121026130029","200"
"http://ic.i.tsatic-cdn.net/1202/120_120/b31e2_1202295.jpg","20121026124023","200"
"http://ic.i.tsatic-cdn.net/1202/120_120/d898c_1202289.jpg","20121026124102","200"
"http://ic.i.tsatic-cdn.net/1202/120_120/e7abd_1202280.jpg","20121026124036","200"
"http://ic.i.tsatic-cdn.net/1202/204_155/796b5_1202686.jpg","20121104081233","200"
"http://ic.i.tsatic-cdn.net/1202/311_206/2f80c_1202371.jpg","20120818013855","200"
"http://ic.i.tsatic-cdn.net/1202/45_45/2829f_1202285.jpg","20120410122010","200"
"http://ic.i.tsatic-cdn.net/1202/45_45/3a56c_1202282.jpg","20120410122037","200"
"http://ic.i.tsatic-cdn.net/1202/45_45/486ec_1202288.jpg","20120410122023","200"
"http://ic.i.tsatic-cdn.net/1202/45_45/5f712_1202283.jpg","20120410121954","200"
"http://ic.i.tsatic-cdn.net/1202/45_45/67b17_1202292.jpg","20120410122025","200"
"http://ic.i.tsatic-cdn.net/1202/45_45/6a451_1202286.jpg","20120410121943","200"
"http://ic.i.tsatic-cdn.net/1202/45_45/9164e_1202293.jpg","20120410122012","200"
"http://ic.i.tsatic-cdn.net/1202/45_45/961f8_1202289.jpg","20120410121939","200"
"http://ic.i.tsatic-cdn.net/1202/45_45/97b8a_1202281.jpg","20120410122032","200"
"http://ic.i.tsatic-cdn.net/1202/45_45/ab618_1202291.jpg","20120410122016","200"
"http://ic.i.tsatic-cdn.net/1202/45_45/b772d_1202290.jpg","20120410121946","200"
"http://ic.i.tsatic-cdn.net/1202/45_45/b953f_1202287.jpg","20120410121959","200"
"http://ic.i.tsatic-cdn.net/1202/45_45/bc88d_1202294.jpg","20120410122001","200"
"http://ic.i.tsatic-cdn.net/1202/45_45/c4333_1202295.jpg","20120410122003","200"
"http://ic.i.tsatic-cdn.net/1202/45_45/c5a1b_1202280.jpg","20120410122009","200"
"http://ic.i.tsatic-cdn.net/1202/45_45/f42da_1202284.jpg","20120410122029","200"
"http://ic.i.tsatic-cdn.net/1202/65_50/3fdc0_1202371.jpg","20110822032010","200"
"http://ic.i.tsatic-cdn.net/1203/100_75/29616_1203600.jpg","20120410084039","200"
"http://ic.i.tsatic-cdn.net/1203/100_75/f2678_1203291.jpg","20120410152444","200"
"http://ic.i.tsatic-cdn.net/1203/120_120/d94b6_1203859.jpg","20121024163523","200"
"http://ic.i.tsatic-cdn.net/1203/205_100/239b4_1203871.jpg","20110423074157","200"
"http://ic.i.tsatic-cdn.net/1203/205_100/6b8ed_1203877.jpg","20111109145621","200"
"http://ic.i.tsatic-cdn.net/1203/311_206/066c6_1203880.jpg","20120824205908","200"
"http://ic.i.tsatic-cdn.net/1203/311_206/201c7_1203859.jpg","20121102052906","200"
"http://ic.i.tsatic-cdn.net/1203/311_206/291fc_1203291.jpg","20121103183238","200"
"http://ic.i.tsatic-cdn.net/1203/311_206/66733_1203600.jpg","20121104011629","200"
"http://ic.i.tsatic-cdn.net/1203/311_206/bf531_1203861.jpg","20121026065922","200"
"http://ic.i.tsatic-cdn.net/1203/36_36/68c7f_1203605.jpg","20101231061349","200"
"http://ic.i.tsatic-cdn.net/1203/48_48/5cc0d_1203701.jpg","20121020042321","200"
"http://ic.i.tsatic-cdn.net/1203/50_50/28f81_1203714.jpg","20121104120716","200"
"http://ic.i.tsatic-cdn.net/1203/50_50/3bd58_1203701.jpg","20121026055850","200"
"http://ic.i.tsatic-cdn.net/1203/50_50/b7e93_1203605.jpg","20110719084157","200"
"http://ic.i.tsatic-cdn.net/1203/635_290/f0244_1203877.jpg","20141031022843","200"
"http://ic.i.tsatic-cdn.net/1203/65_50/2073b_1203880.jpg","20120119115657","200"
"http://ic.i.tsatic-cdn.net/1203/65_50/2e64e_1203720.jpg","20120410094315","200"
"http://ic.i.tsatic-cdn.net/1204/130_65/1992b_1204030.jpg","20110423074859","200"
"http://ic.i.tsatic-cdn.net/1204/130_65/65aa9_1204007.jpg","20110423074733","200"
"http://ic.i.tsatic-cdn.net/1204/130_65/9c503_1204041.jpg","20120410052617","200"
"http://ic.i.tsatic-cdn.net/1204/204_155/4d02c_1204360.jpg","20121026133303","200"
"http://ic.i.tsatic-cdn.net/1204/204_155/c6a66_1204012.jpg","20121104154130","200"
"http://ic.i.tsatic-cdn.net/1204/205_100/0ea5f_1204041.jpg","20110423074005","200"
"http://ic.i.tsatic-cdn.net/1204/205_100/5769d_1204000.jpg","20110423074103","200"
"http://ic.i.tsatic-cdn.net/1204/205_100/798fc_1204007.jpg","20110423074055","200"
"http://ic.i.tsatic-cdn.net/1204/205_100/83a01_1204030.jpg","20110423074146","200"
"http://ic.i.tsatic-cdn.net/1204/205_100/ed309_1204004.jpg","20111109145621","200"
"http://ic.i.tsatic-cdn.net/1204/311_206/cc1d7_1204382.jpg","20120930073520","200"
"http://ic.i.tsatic-cdn.net/1204/40_40/025b1_1204032.jpg","20121103084504","200"
"http://ic.i.tsatic-cdn.net/1204/45_45/920dd_1204278.jpg","20120410090231","200"
"http://ic.i.tsatic-cdn.net/1204/48_48/35a7f_1204025.jpg","20120410172903","200"
"http://ic.i.tsatic-cdn.net/1204/48_48/a2648_1204032.jpg","20120410093241","200"
"http://ic.i.tsatic-cdn.net/1204/50_50/04459_1204009.jpg","20121024092335","200"
"http://ic.i.tsatic-cdn.net/1204/635_290/35001_1204000.jpg","20121104082447","200"
"http://ic.i.tsatic-cdn.net/1204/635_290/3cd5f_1204030.jpg","20110423073928","200"
"http://ic.i.tsatic-cdn.net/1204/635_290/5c6e7_1204038.jpg","20121104142040","200"
"http://ic.i.tsatic-cdn.net/1204/635_290/ae469_1204041.jpg","20120410061636","200"
"http://ic.i.tsatic-cdn.net/1204/635_290/dbeaf_1204005.jpg","20121104154332","200"
"http://ic.i.tsatic-cdn.net/1204/65_50/553a0_1204382.jpg","20120410134433","200"
"http://ic.i.tsatic-cdn.net/1205/311_206/c8f01_1205561.jpg","20121002223743","200"
"http://ic.i.tsatic-cdn.net/1205/36_36/eab9c_1205272.jpg","20120505213016","200"
"http://ic.i.tsatic-cdn.net/1205/40_40/fb3a8_1205272.jpg","20121011234227","200"
"http://ic.i.tsatic-cdn.net/1205/48_48/0da94_1205272.jpg","20120410140908","200"
"http://ic.i.tsatic-cdn.net/1205/50_50/37b4a_1205272.jpg","20101128225545","200"
"http://ic.i.tsatic-cdn.net/1205/65_50/35eb6_1205414.jpg","20110822062620","200"
"http://ic.i.tsatic-cdn.net/1205/65_50/470d7_1205027.jpg","20120212014447","200"
"http://ic.i.tsatic-cdn.net/1205/65_50/c0a36_1205561.jpg","20120410162526","200"
"http://ic.i.tsatic-cdn.net/1205/75_75/927f4_1205272.jpg","20121103183905","200"
"http://ic.i.tsatic-cdn.net/1206/100_75/2a00a_1206945.jpg","20150829101725","200"
"http://ic.i.tsatic-cdn.net/1206/100_75/4aded_1206958.jpg","20120410145426","200"
"http://ic.i.tsatic-cdn.net/1206/100_75/9f13a_1206964.jpg","20120410113401","200"
"http://ic.i.tsatic-cdn.net/1206/100_75/a81a9_1206919.jpg","20150829101725","200"
"http://ic.i.tsatic-cdn.net/1206/120_120/04187_1206937.jpg","20121104082518","200"
"http://ic.i.tsatic-cdn.net/1206/120_120/0af11_1206182.jpg","20121104082845","200"
"http://ic.i.tsatic-cdn.net/1206/120_120/10e35_1206176.jpg","20121104084317","200"
"http://ic.i.tsatic-cdn.net/1206/120_120/110d7_1206180.jpg","20121104083931","200"
"http://ic.i.tsatic-cdn.net/1206/120_120/15beb_1206902.jpg","20121104082440","200"
"http://ic.i.tsatic-cdn.net/1206/120_120/182f0_1206913.jpg","20121104081028","200"
"http://ic.i.tsatic-cdn.net/1206/120_120/1d9b4_1206955.jpg","20121104081124","200"
"http://ic.i.tsatic-cdn.net/1206/120_120/1f48e_1206954.jpg","20121104081032","200"
"http://ic.i.tsatic-cdn.net/1206/120_120/22e0d_1206943.jpg","20121104081002","200"
"http://ic.i.tsatic-cdn.net/1206/120_120/236f0_1206179.jpg","20121104084149","200"
"http://ic.i.tsatic-cdn.net/1206/120_120/2c5db_1206914.jpg","20121104082415","200"
"http://ic.i.tsatic-cdn.net/1206/120_120/330d4_1206919.jpg","20121104082420","200"
"http://ic.i.tsatic-cdn.net/1206/120_120/367a0_1206945.jpg","20121104082531","200"
"http://ic.i.tsatic-cdn.net/1206/120_120/3841d_1206910.jpg","20121104081023","200"
"http://ic.i.tsatic-cdn.net/1206/120_120/3a545_1206915.jpg","20121104082624","200"
"http://ic.i.tsatic-cdn.net/1206/120_120/41350_1206175.jpg","20121104084330","200"
"http://ic.i.tsatic-cdn.net/1206/120_120/41bce_1206950.jpg","20121104081008","200"
"http://ic.i.tsatic-cdn.net/1206/120_120/43aa2_1206189.jpg","20121104084407","200"
"http://ic.i.tsatic-cdn.net/1206/120_120/46751_1206931.jpg","20121104082451","200"
"http://ic.i.tsatic-cdn.net/1206/120_120/60f75_1206183.jpg","20121104084515","200"
"http://ic.i.tsatic-cdn.net/1206/120_120/613e5_1206916.jpg","20121104082404","200"
"http://ic.i.tsatic-cdn.net/1206/120_120/6410e_1206908.jpg","20121104081129","200"
"http://ic.i.tsatic-cdn.net/1206/120_120/674cf_1206932.jpg","20121104081208","200"
"http://ic.i.tsatic-cdn.net/1206/120_120/6a16b_1206952.jpg","20121104082426","200"
"http://ic.i.tsatic-cdn.net/1206/120_120/75303_1206188.jpg","20121104082827","200"
"http://ic.i.tsatic-cdn.net/1206/120_120/7840d_1206935.jpg","20121104082629","200"
"http://ic.i.tsatic-cdn.net/1206/120_120/7d7e9_1206190.jpg","20121104084324","200"
"http://ic.i.tsatic-cdn.net/1206/120_120/7e46a_1206948.jpg","20121104081040","200"
"http://ic.i.tsatic-cdn.net/1206/120_120/7ed74_1206946.jpg","20121104080853","200"
"http://ic.i.tsatic-cdn.net/1206/120_120/80f56_1206187.jpg","20121104084346","200"
"http://ic.i.tsatic-cdn.net/1206/120_120/81f6a_1206930.jpg","20121104081238","200"
"http://ic.i.tsatic-cdn.net/1206/120_120/82529_1206956.jpg","20121104080825","200"
"http://ic.i.tsatic-cdn.net/1206/120_120/94836_1206953.jpg","20121104081015","200"
"http://ic.i.tsatic-cdn.net/1206/120_120/989c3_1206957.jpg","20121104082501","200"
"http://ic.i.tsatic-cdn.net/1206/120_120/9ccfc_1206940.jpg","20121104080844","200"
"http://ic.i.tsatic-cdn.net/1206/120_120/9d07e_1206936.jpg","20121104081053","200"
"http://ic.i.tsatic-cdn.net/1206/120_120/9d56d_1206939.jpg","20121104082525","200"
"http://ic.i.tsatic-cdn.net/1206/120_120/9e8dd_1206917.jpg","20121104081212","200"
"http://ic.i.tsatic-cdn.net/1206/120_120/a853a_1206942.jpg","20121104080833","200"
"http://ic.i.tsatic-cdn.net/1206/120_120/a9f9c_1206912.jpg","20121104082551","200"
"http://ic.i.tsatic-cdn.net/1206/120_120/b4413_1206929.jpg","20121104082547","200"
"http://ic.i.tsatic-cdn.net/1206/120_120/b5c68_1206177.jpg","20121104084425","200"
"http://ic.i.tsatic-cdn.net/1206/120_120/b812f_1206911.jpg","20121104082507","200"
"http://ic.i.tsatic-cdn.net/1206/120_120/b983b_1206181.jpg","20121104083927","200"
"http://ic.i.tsatic-cdn.net/1206/120_120/bd31c_1206909.jpg","20121104082457","200"
"http://ic.i.tsatic-cdn.net/1206/120_120/c4156_1206938.jpg","20121104082559","200"
"http://ic.i.tsatic-cdn.net/1206/120_120/cb42d_1206185.jpg","20121104084458","200"
"http://ic.i.tsatic-cdn.net/1206/120_120/d31c7_1206178.jpg","20121104083910","200"
"http://ic.i.tsatic-cdn.net/1206/120_120/d7e53_1206184.jpg","20121104084306","200"
"http://ic.i.tsatic-cdn.net/1206/120_120/da250_1206186.jpg","20121104082815","200"
"http://ic.i.tsatic-cdn.net/1206/120_120/de28e_1206949.jpg","20121104080949","200"
"http://ic.i.tsatic-cdn.net/1206/120_120/e2aec_1206951.jpg","20121104082409","200"
"http://ic.i.tsatic-cdn.net/1206/120_120/fc4a8_1206944.jpg","20121104082431","200"
"http://ic.i.tsatic-cdn.net/1206/120_120/ffba8_1206934.jpg","20121104081112","200"
"http://ic.i.tsatic-cdn.net/1206/150_85/0c4b6_1206902.jpg","20150829101728","200"
"http://ic.i.tsatic-cdn.net/1206/150_85/20b29_1206945.jpg","20150829101728","200"
"http://ic.i.tsatic-cdn.net/1206/150_85/7adca_1206919.jpg","20150829101728","200"
"http://ic.i.tsatic-cdn.net/1206/204_155/1e33a_1206964.jpg","20121018125821","200"
"http://ic.i.tsatic-cdn.net/1206/204_155/3c73c_1206958.jpg","20120410121941","200"
"http://ic.i.tsatic-cdn.net/1206/204_155/50dfa_1206968.jpg","20121104084215","200"
"http://ic.i.tsatic-cdn.net/1206/204_155/87b05_1206962.jpg","20121104082537","200"
"http://ic.i.tsatic-cdn.net/1206/204_155/d3835_1206206.jpg","20120410121945","200"
"http://ic.i.tsatic-cdn.net/1206/311_206/1fa61_1206879.jpg","20121014175550","200"
"http://ic.i.tsatic-cdn.net/1206/311_206/5a1f8_1206365.jpg","20121018051441","200"
"http://ic.i.tsatic-cdn.net/1206/311_206/dc6cf_1206491.jpg","20120929201517","200"
"http://ic.i.tsatic-cdn.net/1206/311_206/f4f04_1206964.jpg","20121103181558","200"
"http://ic.i.tsatic-cdn.net/1206/40_40/32c0c_1206966.jpg","20120410145210","200"
"http://ic.i.tsatic-cdn.net/1206/48_48/209d0_1206200.jpg","20151007142307","200"
"http://ic.i.tsatic-cdn.net/1206/48_48/2803e_1206043.jpg","20121025051929","200"
"http://ic.i.tsatic-cdn.net/1206/48_48/6fa9f_1206364.jpg","20120410092615","200"
"http://ic.i.tsatic-cdn.net/1206/50_50/22e04_1206966.jpg","20101229224746","200"
"http://ic.i.tsatic-cdn.net/1206/50_50/95485_1206539.jpg","20101229222242","200"
"http://ic.i.tsatic-cdn.net/1206/50_50/c96e2_1206364.jpg","20101128225426","200"
"http://ic.i.tsatic-cdn.net/1206/635_290/60d9c_1206205.jpg","20150705233948","200"
"http://ic.i.tsatic-cdn.net/1206/640_363/46eeb_1206935.jpg","20150829101725","200"
"http://ic.i.tsatic-cdn.net/1206/65_50/039cc_1206902.jpg","20110822063513","200"
"http://ic.i.tsatic-cdn.net/1206/65_50/1d2da_1206919.jpg","20110822063250","200"
"http://ic.i.tsatic-cdn.net/1206/65_50/624fe_1206958.jpg","20120410134457","200"
"http://ic.i.tsatic-cdn.net/1206/65_50/7fa89_1206945.jpg","20110822064343","200"
"http://ic.i.tsatic-cdn.net/1206/65_50/8ee79_1206962.jpg","20120510055104","200"
"http://ic.i.tsatic-cdn.net/1206/75_75/6ec8e_1206966.jpg","20120119002624","200"
"http://ic.i.tsatic-cdn.net/1206/75_75/e6cea_1206993.jpg","20120911135335","200"
"http://ic.i.tsatic-cdn.net/1207/100_75/2b3ea_1207480.jpg","20120410145428","200"
"http://ic.i.tsatic-cdn.net/1207/100_75/716a2_1207153.jpg","20120410153209","200"
"http://ic.i.tsatic-cdn.net/1207/100_75/7beab_1207481.jpg","20150829101725","200"
"http://ic.i.tsatic-cdn.net/1207/100_75/81cef_1207246.jpg","20120410151530","200"
"http://ic.i.tsatic-cdn.net/1207/100_75/86ea1_1207155.jpg","20110822060229","200"
"http://ic.i.tsatic-cdn.net/1207/120_120/339a5_1207632.jpg","20121103091015","200"
"http://ic.i.tsatic-cdn.net/1207/120_120/376e7_1207643.jpg","20121103091129","200"
"http://ic.i.tsatic-cdn.net/1207/120_120/445ff_1207641.jpg","20121103094349","200"
"http://ic.i.tsatic-cdn.net/1207/120_120/4d019_1207639.jpg","20121103093324","200"
"http://ic.i.tsatic-cdn.net/1207/120_120/53003_1207630.jpg","20121103091114","200"
"http://ic.i.tsatic-cdn.net/1207/120_120/5e2e8_1207638.jpg","20121103094008","200"
"http://ic.i.tsatic-cdn.net/1207/120_120/6d01b_1207637.jpg","20121103094544","200"
"http://ic.i.tsatic-cdn.net/1207/120_120/6e664_1207629.jpg","20121103094602","200"
"http://ic.i.tsatic-cdn.net/1207/120_120/72b15_1207635.jpg","20121103094623","200"
"http://ic.i.tsatic-cdn.net/1207/120_120/73dba_1207642.jpg","20121103093102","200"
"http://ic.i.tsatic-cdn.net/1207/120_120/a7a88_1207636.jpg","20121103093233","200"
"http://ic.i.tsatic-cdn.net/1207/120_120/c1bdb_1207634.jpg","20121103092942","200"
"http://ic.i.tsatic-cdn.net/1207/120_120/cb918_1207631.jpg","20121103092905","200"
"http://ic.i.tsatic-cdn.net/1207/120_120/d0e6d_1207633.jpg","20121103093457","200"
"http://ic.i.tsatic-cdn.net/1207/120_120/e81b4_1207640.jpg","20121103094019","200"
"http://ic.i.tsatic-cdn.net/1207/120_120/ea5ac_1207644.jpg","20121103101625","200"
"http://ic.i.tsatic-cdn.net/1207/145_108/3bcc0_1207547.jpg","20140115081057","200"
"http://ic.i.tsatic-cdn.net/1207/150_150/0f9ca_1207340.jpg","20121103084332","200"
"http://ic.i.tsatic-cdn.net/1207/150_150/26367_1207166.jpg","20121103121056","200"
"http://ic.i.tsatic-cdn.net/1207/150_150/625d7_1207510.jpg","20121103060824","200"
"http://ic.i.tsatic-cdn.net/1207/150_150/e86fc_1207556.jpg","20121017040726","200"
"http://ic.i.tsatic-cdn.net/1207/150_85/322c2_1207481.jpg","20150829101728","200"
"http://ic.i.tsatic-cdn.net/1207/160_120/6700d_1207547.jpg","20120410060952","200"
"http://ic.i.tsatic-cdn.net/1207/204_155/25710_1207189.jpg","20120410064718","200"
"http://ic.i.tsatic-cdn.net/1207/204_155/25f07_1207246.jpg","20120410120251","200"
"http://ic.i.tsatic-cdn.net/1207/204_155/35734_1207335.jpg","20120410095607","200"
"http://ic.i.tsatic-cdn.net/1207/204_155/43153_1207228.jpg","20120410120237","200"
"http://ic.i.tsatic-cdn.net/1207/204_155/86f46_1207282.jpg","20120410173511","200"
"http://ic.i.tsatic-cdn.net/1207/204_155/f31a6_1207136.jpg","20120410074311","200"
"http://ic.i.tsatic-cdn.net/1207/204_155/f5d62_1207315.jpg","20121104152953","200"
"http://ic.i.tsatic-cdn.net/1207/204_155/ffd50_1207128.jpg","20121103142725","200"
"http://ic.i.tsatic-cdn.net/1207/311_206/18192_1207481.jpg","20121009050906","200"
"http://ic.i.tsatic-cdn.net/1207/311_206/49134_1207153.jpg","20121104002756","200"
"http://ic.i.tsatic-cdn.net/1207/311_206/57591_1207873.jpg","20121020060821","200"
"http://ic.i.tsatic-cdn.net/1207/311_206/62d99_1207160.jpg","20121026065913","200"
"http://ic.i.tsatic-cdn.net/1207/311_206/7e928_1207335.jpg","20121102195627","200"
"http://ic.i.tsatic-cdn.net/1207/311_206/860ca_1207547.jpg","20121102054002","200"
"http://ic.i.tsatic-cdn.net/1207/311_206/b9266_1207155.jpg","20121025052011","200"
"http://ic.i.tsatic-cdn.net/1207/311_206/b94ea_1207309.jpg","20121017040558","200"
"http://ic.i.tsatic-cdn.net/1207/36_36/23154_1207621.jpg","20101126193143","200"
"http://ic.i.tsatic-cdn.net/1207/36_36/427d3_1207232.jpg","20101119074545","200"
"http://ic.i.tsatic-cdn.net/1207/36_36/4c16f_1207274.jpg","20110130023753","200"
"http://ic.i.tsatic-cdn.net/1207/36_36/b7449_1207628.jpg","20120620074303","200"
"http://ic.i.tsatic-cdn.net/1207/36_36/bcad2_1207017.jpg","20120620074303","200"
"http://ic.i.tsatic-cdn.net/1207/40_40/46000_1207340.jpg","20120410122002","200"
"http://ic.i.tsatic-cdn.net/1207/40_40/726dc_1207152.jpg","20121014095625","200"
"http://ic.i.tsatic-cdn.net/1207/40_40/9cb96_1207510.jpg","20120410072646","200"
"http://ic.i.tsatic-cdn.net/1207/40_40/e83fe_1207339.jpg","20110822032355","200"
"http://ic.i.tsatic-cdn.net/1207/48_48/170f8_1207727.jpg","20121102225106","200"
"http://ic.i.tsatic-cdn.net/1207/48_48/584c5_1207339.jpg","20121026063154","200"
"http://ic.i.tsatic-cdn.net/1207/48_48/5a42b_1207556.jpg","20121020073302","200"
"http://ic.i.tsatic-cdn.net/1207/48_48/83f31_1207557.jpg","20120819113759","200"
"http://ic.i.tsatic-cdn.net/1207/48_48/8ab9a_1207510.jpg","20120410134444","200"
"http://ic.i.tsatic-cdn.net/1207/48_48/9c156_1207283.jpg","20120410140844","200"
"http://ic.i.tsatic-cdn.net/1207/48_48/abb3d_1207017.jpg","20120410081521","200"
"http://ic.i.tsatic-cdn.net/1207/48_48/df764_1207340.jpg","20120410153620","200"
"http://ic.i.tsatic-cdn.net/1207/48_48/e42ce_1207152.jpg","20121020042348","200"
"http://ic.i.tsatic-cdn.net/1207/48_48/ea80b_1207513.jpg","20121104005513","200"
"http://ic.i.tsatic-cdn.net/1207/50_50/3dc86_1207243.jpg","20110818063733","200"
"http://ic.i.tsatic-cdn.net/1207/50_50/5612d_1207340.jpg","20110822005012","200"
"http://ic.i.tsatic-cdn.net/1207/50_50/6244c_1207017.jpg","20110818063812","200"
"http://ic.i.tsatic-cdn.net/1207/50_50/68bb5_1207152.jpg","20101229222227","200"
"http://ic.i.tsatic-cdn.net/1207/50_50/79f96_1207516.jpg","20101229231322","200"
"http://ic.i.tsatic-cdn.net/1207/50_50/8db12_1207274.jpg","20110822025351","200"
"http://ic.i.tsatic-cdn.net/1207/50_50/90606_1207166.jpg","20110822035539","200"
"http://ic.i.tsatic-cdn.net/1207/50_50/a6955_1207556.jpg","20120318062218","200"
"http://ic.i.tsatic-cdn.net/1207/50_50/c5bdd_1207283.jpg","20120410173307","200"
"http://ic.i.tsatic-cdn.net/1207/50_50/dbb3e_1207510.jpg","20101128225525","200"
"http://ic.i.tsatic-cdn.net/1207/65_50/14fb8_1207547.jpg","20110822064411","200"
"http://ic.i.tsatic-cdn.net/1207/65_50/1d407_1207228.jpg","20110822031958","200"
"http://ic.i.tsatic-cdn.net/1207/65_50/61021_1207481.jpg","20110822065646","200"
"http://ic.i.tsatic-cdn.net/1207/65_50/ff12a_1207944.jpg","20110822062703","200"
"http://ic.i.tsatic-cdn.net/1207/75_75/1fc49_1207284.jpg","20121017072104","200"
"http://ic.i.tsatic-cdn.net/1207/75_75/6d808_1207152.jpg","20120118234507","200"
"http://ic.i.tsatic-cdn.net/1207/75_75/ca0b5_1207340.jpg","20120118113540","200"
"http://ic.i.tsatic-cdn.net/1207/75_75/f47ab_1207510.jpg","20120410151450","200"
"http://ic.i.tsatic-cdn.net/1208/100_75/8ecd3_1208368.jpg","20120410083231","200"
"http://ic.i.tsatic-cdn.net/1208/100_75/cac75_1208332.jpg","20120410165434","200"
"http://ic.i.tsatic-cdn.net/1208/150_150/1fe07_1208677.jpg","20121104001218","200"
"http://ic.i.tsatic-cdn.net/1208/150_150/f481c_1208736.jpg","20110822060354","200"
"http://ic.i.tsatic-cdn.net/1208/204_155/16d52_1208335.jpg","20120410095207","200"
"http://ic.i.tsatic-cdn.net/1208/204_155/2cf15_1208368.jpg","20120410094139","200"
"http://ic.i.tsatic-cdn.net/1208/204_155/78243_1208411.jpg","20120410120246","200"
"http://ic.i.tsatic-cdn.net/1208/204_155/c2e15_1208229.jpg","20120410144442","200"
"http://ic.i.tsatic-cdn.net/1208/311_206/8a871_1208129.jpg","20121022004405","200"
"http://ic.i.tsatic-cdn.net/1208/311_206/b56f9_1208413.jpg","20121103061212","200"
"http://ic.i.tsatic-cdn.net/1208/311_206/d3d1f_1208368.jpg","20121103064735","200"
"http://ic.i.tsatic-cdn.net/1208/35_35/189b0_1208688.jpg","20120620074408","200"
"http://ic.i.tsatic-cdn.net/1208/35_35/8d3b1_1208677.jpg","20120119052350","200"
"http://ic.i.tsatic-cdn.net/1208/40_40/0b606_1208677.jpg","20120410085206","200"
"http://ic.i.tsatic-cdn.net/1208/40_40/4a410_1208330.jpg","20120410173537","200"
"http://ic.i.tsatic-cdn.net/1208/40_40/7cfed_1208393.jpg","20121103051055","200"
"http://ic.i.tsatic-cdn.net/1208/48_48/af1a7_1208670.jpg","20120410063716","200"
"http://ic.i.tsatic-cdn.net/1208/48_48/b2f34_1208677.jpg","20120410092734","200"
"http://ic.i.tsatic-cdn.net/1208/48_48/c54bf_1208687.jpg","20120410093148","200"
"http://ic.i.tsatic-cdn.net/1208/48_48/ccfe9_1208330.jpg","20120410122509","200"
"http://ic.i.tsatic-cdn.net/1208/50_50/474a7_1208426.jpg","20110822052916","200"
"http://ic.i.tsatic-cdn.net/1208/50_50/5d9ce_1208736.jpg","20110822010836","200"
"http://ic.i.tsatic-cdn.net/1208/50_50/6eae3_1208677.jpg","20101229221331","200"
"http://ic.i.tsatic-cdn.net/1208/50_50/c9c10_1208330.jpg","20120410053112","200"
"http://ic.i.tsatic-cdn.net/1208/60_60/6a531_1208426.jpg","20120331135458","200"
"http://ic.i.tsatic-cdn.net/1208/65_50/36cbe_1208495.jpg","20110822071046","200"
"http://ic.i.tsatic-cdn.net/1208/65_50/9ca77_1208129.jpg","20120410135957","200"
"http://ic.i.tsatic-cdn.net/1208/65_65/494f9_1208677.jpg","20140901103045","200"
"http://ic.i.tsatic-cdn.net/1208/75_75/3bd65_1208426.jpg","20120410121701","200"
"http://ic.i.tsatic-cdn.net/1208/75_75/72d3a_1208427.jpg","20121023232437","200"
"http://ic.i.tsatic-cdn.net/1208/75_75/73fd3_1208677.jpg","20120215091747","200"
"http://ic.i.tsatic-cdn.net/1208/75_75/ea902_1208687.jpg","20140803051324","200"
"http://ic.i.tsatic-cdn.net/1209/150_150/3ac76_1209067.jpg","20150417190407","200"
"http://ic.i.tsatic-cdn.net/1209/204_155/ae250_1209083.jpg","20120410150851","200"
"http://ic.i.tsatic-cdn.net/1209/204_155/ae9a3_1209784.jpg","20120410072401","200"
"http://ic.i.tsatic-cdn.net/1209/204_155/cc50a_1209278.jpg","20120410144230","200"
"http://ic.i.tsatic-cdn.net/1209/311_206/77ece_1209060.jpg","20121102220832","200"
"http://ic.i.tsatic-cdn.net/1209/311_206/7a5e8_1209830.jpg","20121012155239","200"
"http://ic.i.tsatic-cdn.net/1209/35_35/452cc_1209803.jpg","20120620074422","200"
"http://ic.i.tsatic-cdn.net/1209/35_35/b68e9_1209070.jpg","20120620074402","200"
"http://ic.i.tsatic-cdn.net/1210/100_75/d2a80_1210083.jpg","20120410122950","200"
"http://ic.i.tsatic-cdn.net/1210/204_155/ecff9_1210094.jpg","20120410160020","200"
"http://ic.i.tsatic-cdn.net/1210/311_206/6e3e5_1210079.jpg","20121104070930","200"
"http://ic.i.tsatic-cdn.net/1210/311_206/78533_1210104.jpg","20121003053550","200"
"http://ic.i.tsatic-cdn.net/1210/311_206/874e3_1210067.jpg","20120729192801","200"
"http://ic.i.tsatic-cdn.net/1210/311_206/eb142_1210105.jpg","20121020061155","200"
"http://ic.i.tsatic-cdn.net/1210/40_40/f088d_1210097.jpg","20110822032350","200"
"http://ic.i.tsatic-cdn.net/1210/45_45/22dd9_1210097.jpg","20120410064751","200"
"http://ic.i.tsatic-cdn.net/1210/48_48/90010_1210097.jpg","20120410100446","200"
"http://ic.i.tsatic-cdn.net/1210/50_50/d3768_1210097.jpg","20110822091621","200"
"http://ic.i.tsatic-cdn.net/1210/65_50/a5016_1210067.jpg","20110822013602","200"
"http://ic.i.tsatic-cdn.net/1210/75_75/2f10c_1210097.jpg","20121025223703","200"
"http://ic.i.tsatic-cdn.net/1215/311_206/1d35c_1215845.jpg","20121102221040","200"
"http://ic.i.tsatic-cdn.net/1216/120_120/df780_1216680.jpg","20120410121717","200"
"http://ic.i.tsatic-cdn.net/1216/204_155/55850_1216680.jpg","20120410151158","200"
"http://ic.i.tsatic-cdn.net/1216/40_40/3822f_1216952.jpg","20120526212537","200"
"http://ic.i.tsatic-cdn.net/1216/40_40/db22a_1216956.jpg","20120531220736","200"
"http://ic.i.tsatic-cdn.net/1217/100_75/774b5_1217154.jpg","20120410153426","200"
"http://ic.i.tsatic-cdn.net/1217/100_75/ed8b0_1217189.jpg","20120410153435","200"
"http://ic.i.tsatic-cdn.net/1217/120_120/15b04_1217123.jpg","20121102112052","200"
"http://ic.i.tsatic-cdn.net/1217/120_120/2f1ca_1217109.jpg","20121102112007","200"
"http://ic.i.tsatic-cdn.net/1217/120_120/30cd7_1217122.jpg","20121102112013","200"
"http://ic.i.tsatic-cdn.net/1217/120_120/3b970_1217117.jpg","20121102112046","200"
"http://ic.i.tsatic-cdn.net/1217/120_120/4fe70_1217124.jpg","20121102112254","200"
"http://ic.i.tsatic-cdn.net/1217/120_120/51936_1217118.jpg","20121102112057","200"
"http://ic.i.tsatic-cdn.net/1217/120_120/545b0_1217111.jpg","20121102112109","200"
"http://ic.i.tsatic-cdn.net/1217/120_120/5a0f8_1217121.jpg","20121102112125","200"
"http://ic.i.tsatic-cdn.net/1217/120_120/82a6a_1217110.jpg","20121102111936","200"
"http://ic.i.tsatic-cdn.net/1217/120_120/86320_1217120.jpg","20121102112040","200"
"http://ic.i.tsatic-cdn.net/1217/120_120/955ab_1217115.jpg","20121102112001","200"
"http://ic.i.tsatic-cdn.net/1217/120_120/b111e_1217113.jpg","20121102112035","200"
"http://ic.i.tsatic-cdn.net/1217/120_120/c5aa4_1217116.jpg","20121102112029","200"
"http://ic.i.tsatic-cdn.net/1217/120_120/d99fc_1217119.jpg","20121102112149","200"
"http://ic.i.tsatic-cdn.net/1217/120_120/e28b1_1217114.jpg","20121102112159","200"
"http://ic.i.tsatic-cdn.net/1217/120_120/f40e5_1217112.jpg","20121102112130","200"
"http://ic.i.tsatic-cdn.net/1217/150_150/6b5dd_1217368.jpg","20121025190151","200"
"http://ic.i.tsatic-cdn.net/1217/150_150/7cdfc_1217155.jpg","20120922030803","200"
"http://ic.i.tsatic-cdn.net/1217/204_111/a1d40_1217066.jpg","20120410061956","200"
"http://ic.i.tsatic-cdn.net/1217/204_155/2e3db_1217028.jpg","20120410092413","200"
"http://ic.i.tsatic-cdn.net/1217/204_155/40caa_1217101.jpg","20120410072356","200"
"http://ic.i.tsatic-cdn.net/1217/204_155/641b4_1217144.jpg","20120410101430","200"
"http://ic.i.tsatic-cdn.net/1217/204_155/82056_1217014.jpg","20120410112100","200"
"http://ic.i.tsatic-cdn.net/1217/204_155/c51c4_1217201.jpg","20120410084321","200"
"http://ic.i.tsatic-cdn.net/1217/204_155/f2e26_1217023.jpg","20120410090214","200"
"http://ic.i.tsatic-cdn.net/1217/311_206/2952f_1217206.jpg","20121102220929","200"
"http://ic.i.tsatic-cdn.net/1217/311_206/440e0_1217053.jpg","20121019180807","200"
"http://ic.i.tsatic-cdn.net/1217/311_206/455c8_1217154.jpg","20121103181517","200"
"http://ic.i.tsatic-cdn.net/1217/311_206/54150_1217109.jpg","20121020150834","200"
"http://ic.i.tsatic-cdn.net/1217/311_206/a32a4_1217438.jpg","20121013081834","200"
"http://ic.i.tsatic-cdn.net/1217/311_206/bb434_1217101.jpg","20120926115010","200"
"http://ic.i.tsatic-cdn.net/1217/311_206/c2103_1217864.jpg","20120729192723","200"
"http://ic.i.tsatic-cdn.net/1217/311_206/d02b3_1217014.jpg","20121021041756","200"
"http://ic.i.tsatic-cdn.net/1217/35_35/02fa8_1217063.jpg","20120410154839","200"
"http://ic.i.tsatic-cdn.net/1217/35_35/962f7_1217155.jpg","20120410062425","200"
"http://ic.i.tsatic-cdn.net/1217/35_35/d41fc_1217176.jpg","20120410054156","200"
"http://ic.i.tsatic-cdn.net/1217/35_35/f70a3_1217107.jpg","20120620074409","200"
"http://ic.i.tsatic-cdn.net/1217/40_40/00c89_1217063.jpg","20120410061231","200"
"http://ic.i.tsatic-cdn.net/1217/40_40/69016_1217383.jpg","20120410083011","200"
"http://ic.i.tsatic-cdn.net/1217/40_40/72014_1217368.jpg","20121024052604","200"
"http://ic.i.tsatic-cdn.net/1217/40_40/c3731_1217046.jpg","20121019182522","200"
"http://ic.i.tsatic-cdn.net/1217/40_40/e82fa_1217173.jpg","20110822070130","200"
"http://ic.i.tsatic-cdn.net/1217/48_48/0b3fa_1217063.jpg","20120410053712","200"
"http://ic.i.tsatic-cdn.net/1217/48_48/1bde7_1217176.jpg","20120410080002","200"
"http://ic.i.tsatic-cdn.net/1217/48_48/4f812_1217141.jpg","20101229222622","200"
"http://ic.i.tsatic-cdn.net/1217/48_48/6a7ec_1217007.jpg","20121013174725","200"
"http://ic.i.tsatic-cdn.net/1217/48_48/7995d_1217152.jpg","20120410093841","200"
"http://ic.i.tsatic-cdn.net/1217/48_48/88d8e_1217383.jpg","20140221034547","200"
"http://ic.i.tsatic-cdn.net/1217/48_48/c9c39_1217155.jpg","20120410062837","200"
"http://ic.i.tsatic-cdn.net/1217/48_48/f939a_1217368.jpg","20120410062825","200"
"http://ic.i.tsatic-cdn.net/1217/50_50/32ef6_1217155.jpg","20110818063834","200"
"http://ic.i.tsatic-cdn.net/1217/50_50/8d897_1217216.jpg","20121020220642","200"
"http://ic.i.tsatic-cdn.net/1217/50_50/a881a_1217173.jpg","20121102062001","200"
"http://ic.i.tsatic-cdn.net/1217/50_50/a96ff_1217187.jpg","20121026135754","200"
"http://ic.i.tsatic-cdn.net/1217/50_50/b1cee_1217368.jpg","20110112100359","200"
"http://ic.i.tsatic-cdn.net/1217/50_50/bb4e1_1217152.jpg","20101229221401","200"
"http://ic.i.tsatic-cdn.net/1217/50_50/e5a24_1217273.jpg","20140901103522","200"
"http://ic.i.tsatic-cdn.net/1217/50_50/f05e5_1217063.jpg","20110822052630","200"
"http://ic.i.tsatic-cdn.net/1217/635_290/28bed_1217208.jpg","20120410094524","200"
"http://ic.i.tsatic-cdn.net/1217/635_290/2933f_1217227.jpg","20120410092005","200"
"http://ic.i.tsatic-cdn.net/1217/635_290/534b0_1217205.jpg","20120410100332","200"
"http://ic.i.tsatic-cdn.net/1217/635_290/7cf33_1217211.jpg","20120410112741","200"
"http://ic.i.tsatic-cdn.net/1217/635_290/82c7d_1217214.jpg","20121103193229","200"
"http://ic.i.tsatic-cdn.net/1217/635_290/87fb4_1217229.jpg","20120410083912","200"
"http://ic.i.tsatic-cdn.net/1217/635_290/ad09b_1217231.jpg","20120410085353","200"
"http://ic.i.tsatic-cdn.net/1217/635_290/c63e6_1217266.jpg","20120410145009","200"
"http://ic.i.tsatic-cdn.net/1217/635_290/ca887_1217213.jpg","20120410111844","200"
"http://ic.i.tsatic-cdn.net/1217/635_290/cbd3e_1217215.jpg","20121025074510","200"
"http://ic.i.tsatic-cdn.net/1217/635_290/cdee8_1217232.jpg","20120410171242","200"
"http://ic.i.tsatic-cdn.net/1217/635_290/ee80c_1217236.jpg","20140529051349","200"
"http://ic.i.tsatic-cdn.net/1217/635_290/f682f_1217210.jpg","20120410145345","200"
"http://ic.i.tsatic-cdn.net/1217/635_290/fcc12_1217207.jpg","20121022194014","200"
"http://ic.i.tsatic-cdn.net/1217/65_50/e47b4_1217864.jpg","20110822024239","200"
"http://ic.i.tsatic-cdn.net/1217/65_65/7c0aa_1217273.jpg","20140901103305","200"
"http://ic.i.tsatic-cdn.net/1217/75_75/2accf_1217173.jpg","20120526212532","200"
"http://ic.i.tsatic-cdn.net/1217/75_75/75ec1_1217152.jpg","20121021140106","200"
"http://ic.i.tsatic-cdn.net/1217/75_75/806bc_1217368.jpg","20120410145336","200"
"http://ic.i.tsatic-cdn.net/1217/75_75/cc09d_1217063.jpg","20120119122010","200"
"http://ic.i.tsatic-cdn.net/1218/150_150/d9f01_1218851.jpg","20121102065952","200"
"http://ic.i.tsatic-cdn.net/1218/311_206/172b9_1218789.jpg","20121010221235","200"
"http://ic.i.tsatic-cdn.net/1218/311_206/2a601_1218017.jpg","20121019101317","200"
"http://ic.i.tsatic-cdn.net/1218/311_206/8968a_1218735.jpg","20121104071011","200"
"http://ic.i.tsatic-cdn.net/1218/35_35/1f3e7_1218748.jpg","20120410173716","200"
"http://ic.i.tsatic-cdn.net/1218/35_35/e2af7_1218761.jpg","20110719083414","200"
"http://ic.i.tsatic-cdn.net/1218/40_40/cfcea_1218851.jpg","20120119073605","200"
"http://ic.i.tsatic-cdn.net/1218/50_50/13403_1218851.jpg","20101229222733","200"
"http://ic.i.tsatic-cdn.net/1218/50_50/37b9a_1218761.jpg","20101229222657","200"
"http://ic.i.tsatic-cdn.net/1218/65_50/064ae_1218397.jpg","20110822064817","200"
"http://ic.i.tsatic-cdn.net/1218/65_50/46c19_1218210.jpg","20120331135511","200"
"http://ic.i.tsatic-cdn.net/1218/65_50/b88d3_1218017.jpg","20120410164345","200"
"http://ic.i.tsatic-cdn.net/1218/65_50/dc26d_1218789.jpg","20120410061127","200"
"http://ic.i.tsatic-cdn.net/1218/75_75/8acb3_1218851.jpg","20121014134753","200"
"http://ic.i.tsatic-cdn.net/1219/100_75/cf398_1219137.jpg","20120410063722","200"
"http://ic.i.tsatic-cdn.net/1219/204_155/45c97_1219863.jpg","20120410074238","200"
"http://ic.i.tsatic-cdn.net/1219/210_143/f795f_1219733.jpg","20120620074403","200"
"http://ic.i.tsatic-cdn.net/1219/311_206/ac532_1219881.jpg","20120729192707","200"
"http://ic.i.tsatic-cdn.net/1219/35_35/81419_1219887.jpg","20140309174552","200"
"http://ic.i.tsatic-cdn.net/1219/40_40/17912_1219099.jpg","20110822083409","200"
"http://ic.i.tsatic-cdn.net/1219/50_50/ae498_1219887.jpg","20140309174539","200"
"http://ic.i.tsatic-cdn.net/1219/50_50/c1daa_1219099.jpg","20110822083357","200"
"http://ic.i.tsatic-cdn.net/1219/60_60/0ed93_1219937.jpg","20120620074400","200"
"http://ic.i.tsatic-cdn.net/1219/635_290/0c1f7_1219856.jpg","20120410112256","200"
"http://ic.i.tsatic-cdn.net/1219/635_290/141a3_1219857.jpg","20121103093810","200"
"http://ic.i.tsatic-cdn.net/1219/635_290/4fa77_1219855.jpg","20120410144449","200"
"http://ic.i.tsatic-cdn.net/1219/635_290/5b7eb_1219823.jpg","20120410162039","200"
"http://ic.i.tsatic-cdn.net/1219/635_290/afbff_1219744.jpg","20120410120235","200"
"http://ic.i.tsatic-cdn.net/1219/635_290/b24bb_1219738.jpg","20260521210702","302"
"http://ic.i.tsatic-cdn.net/1219/635_290/c6034_1219848.jpg","20121025133905","200"
"http://ic.i.tsatic-cdn.net/1219/635_290/e5d24_1219850.jpg","20120410165843","200"
"http://ic.i.tsatic-cdn.net/1219/65_50/d73a2_1219881.jpg","20110822031304","200"
"http://ic.i.tsatic-cdn.net/122/210_160/142fd_122161.jpg","20150512115102","200"
"https://ic.i.tsatic-cdn.net/122/210_160/46c0a_122185.jpg","20260326194100","200"
"http://ic.i.tsatic-cdn.net/122/210_160/4f620_122325.jpg","20150512115102","200"
"http://ic.i.tsatic-cdn.net/122/311_206/f7076_122432.jpg","20121026111509","200"
"http://ic.i.tsatic-cdn.net/1220/100_75/afa3c_1220999.jpg","20120410083100","200"
"http://ic.i.tsatic-cdn.net/1220/100_75/e5d9c_1220661.jpg","20120410083252","200"
"http://ic.i.tsatic-cdn.net/1220/120_120/0b3b5_1220239.jpg","20121025151645","200"
"http://ic.i.tsatic-cdn.net/1220/120_120/0cf39_1220221.jpg","20121025161036","200"
"http://ic.i.tsatic-cdn.net/1220/120_120/20b6a_1220223.jpg","20121025161046","200"
"http://ic.i.tsatic-cdn.net/1220/120_120/2f434_1220227.jpg","20121025151603","200"
"http://ic.i.tsatic-cdn.net/1220/120_120/3531c_1220244.jpg","20121025151347","200"
"http://ic.i.tsatic-cdn.net/1220/120_120/4827d_1220240.jpg","20121025151541","200"
"http://ic.i.tsatic-cdn.net/1220/120_120/4b09f_1220246.jpg","20121025161159","200"
"http://ic.i.tsatic-cdn.net/1220/120_120/51fed_1220224.jpg","20121025161118","200"
"http://ic.i.tsatic-cdn.net/1220/120_120/5ac2f_1220219.jpg","20121025151459","200"
"http://ic.i.tsatic-cdn.net/1220/120_120/777e9_1220229.jpg","20121025151658","200"
"http://ic.i.tsatic-cdn.net/1220/120_120/87992_1220231.jpg","20121025151557","200"
"http://ic.i.tsatic-cdn.net/1220/120_120/a1d77_1220242.jpg","20121025160802","200"
"http://ic.i.tsatic-cdn.net/1220/120_120/b68e3_1220233.jpg","20121025151515","200"
"http://ic.i.tsatic-cdn.net/1220/120_120/bc8d1_1220237.jpg","20121025161150","200"
"http://ic.i.tsatic-cdn.net/1220/120_120/bd1d7_1220234.jpg","20121025151705","200"
"http://ic.i.tsatic-cdn.net/1220/120_120/de49d_1220654.jpg","20120410054525","200"
"http://ic.i.tsatic-cdn.net/1220/120_120/eeba4_1220226.jpg","20121025161111","200"
"http://ic.i.tsatic-cdn.net/1220/150_150/1090b_1220774.jpg","20121102210055","200"
"http://ic.i.tsatic-cdn.net/1220/150_150/30a2f_1220943.jpg","20120410084139","200"
"http://ic.i.tsatic-cdn.net/1220/150_150/73e2c_1220981.jpg","20121103124049","200"
"http://ic.i.tsatic-cdn.net/1220/204_155/d8faf_1220961.jpg","20120410145110","200"
"http://ic.i.tsatic-cdn.net/1220/204_155/e925b_1220694.jpg","20121025151431","200"
"http://ic.i.tsatic-cdn.net/1220/204_155/f897d_1220666.jpg","20120410152612","200"
"http://ic.i.tsatic-cdn.net/1220/204_155/f8997_1220343.jpg","20120410171928","200"
"http://ic.i.tsatic-cdn.net/1220/205_100/dd66d_1220937.jpg","20110423074019","200"
"http://ic.i.tsatic-cdn.net/1220/311_206/2dda7_1220688.jpg","20121007220845","200"
"http://ic.i.tsatic-cdn.net/1220/311_206/2ebf0_1220336.jpg","20121026065906","200"
"http://ic.i.tsatic-cdn.net/1220/311_206/c69aa_1220999.jpg","20121012195925","200"
"http://ic.i.tsatic-cdn.net/1220/311_206/d5c33_1220661.jpg","20121103064629","200"
"http://ic.i.tsatic-cdn.net/1220/35_35/25078_1220955.jpg","20120620074422","200"
"http://ic.i.tsatic-cdn.net/1220/36_36/6844e_1220774.jpg","20111218053130","200"
"http://ic.i.tsatic-cdn.net/1220/36_36/af998_1220978.jpg","20120331135430","200"
"http://ic.i.tsatic-cdn.net/1220/40_40/da0a9_1220943.jpg","20110822051747","200"
"http://ic.i.tsatic-cdn.net/1220/40_40/e0831_1220936.jpg","20110822042409","200"
"http://ic.i.tsatic-cdn.net/1220/40_40/e59ca_1220986.jpg","20121102190924","200"
"http://ic.i.tsatic-cdn.net/1220/40_40/f69f7_1220685.jpg","20110822025838","200"
"http://ic.i.tsatic-cdn.net/1220/40_40/f7531_1220981.jpg","20131108213729","200"
"http://ic.i.tsatic-cdn.net/1220/45_45/99789_1220943.jpg","20120410052624","200"
"http://ic.i.tsatic-cdn.net/1220/48_48/0c1d1_1220943.jpg","20120410084411","200"
"http://ic.i.tsatic-cdn.net/1220/48_48/503cf_1220986.jpg","20120410152654","200"
"http://ic.i.tsatic-cdn.net/1220/48_48/82f27_1220665.jpg","20120308214346","200"
"http://ic.i.tsatic-cdn.net/1220/48_48/847e4_1220774.jpg","20120410075744","200"
"http://ic.i.tsatic-cdn.net/1220/48_48/8fd6b_1220936.jpg","20101229222629","200"
"http://ic.i.tsatic-cdn.net/1220/50_50/1d91b_1220353.jpg","20121026055835","200"
"http://ic.i.tsatic-cdn.net/1220/50_50/3cffa_1220981.jpg","20121020210431","200"
"http://ic.i.tsatic-cdn.net/1220/50_50/8b2d5_1220943.jpg","20110822060437","200"
"http://ic.i.tsatic-cdn.net/1220/50_50/e1e41_1220774.jpg","20110724114602","200"
"http://ic.i.tsatic-cdn.net/1220/60_60/6950c_1220986.jpg","20121113133158","200"
"http://ic.i.tsatic-cdn.net/1220/60_60/96890_1220774.jpg","20110130024122","200"
"http://ic.i.tsatic-cdn.net/1220/635_290/0ef6d_1220760.jpg","20120410120033","200"
"http://ic.i.tsatic-cdn.net/1220/635_290/47f00_1220763.jpg","20120410072752","200"
"http://ic.i.tsatic-cdn.net/1220/635_290/4dd18_1220761.jpg","20120410163053","200"
"http://ic.i.tsatic-cdn.net/1220/635_290/645db_1220714.jpg","20120410160709","200"
"http://ic.i.tsatic-cdn.net/1220/635_290/798b2_1220711.jpg","20120410085919","200"
"http://ic.i.tsatic-cdn.net/1220/635_290/c665e_1220713.jpg","20121024163002","200"
"http://ic.i.tsatic-cdn.net/1220/635_290/c9d8c_1220715.jpg","20120410161610","200"
"http://ic.i.tsatic-cdn.net/1220/635_290/d569b_1220722.jpg","20151025212622","200"
"http://ic.i.tsatic-cdn.net/1220/635_290/e7738_1220666.jpg","20120410152639","200"
"http://ic.i.tsatic-cdn.net/1220/65_50/fcfac_1220688.jpg","20110822060742","200"
"http://ic.i.tsatic-cdn.net/1220/65_65/c4a9c_1220981.jpg","20130225071639","200"
"http://ic.i.tsatic-cdn.net/1220/65_65/cf044_1220774.jpg","20121120051037","200"
"http://ic.i.tsatic-cdn.net/1220/75_75/6c1c7_1220774.jpg","20120829045555","200"
"http://ic.i.tsatic-cdn.net/1220/75_75/7bb00_1220936.jpg","20120410085102","200"
"http://ic.i.tsatic-cdn.net/1220/75_75/93c45_1220943.jpg","20120323080848","200"
"http://ic.i.tsatic-cdn.net/1221/100_75/6b86c_1221013.jpg","20120410083247","200"
"http://ic.i.tsatic-cdn.net/1221/100_75/97f39_1221035.jpg","20120314130752","200"
"http://ic.i.tsatic-cdn.net/1221/100_75/decf2_1221189.jpg","20120410171054","200"
"http://ic.i.tsatic-cdn.net/1221/150_150/5f06a_1221970.jpg","20121103205030","200"
"http://ic.i.tsatic-cdn.net/1221/204_155/7ef79_1221027.jpg","20120410065728","200"
"http://ic.i.tsatic-cdn.net/1221/204_155/8e809_1221024.jpg","20121025161247","200"
"http://ic.i.tsatic-cdn.net/1221/311_206/16ff8_1221035.jpg","20121025052206","200"
"http://ic.i.tsatic-cdn.net/1221/311_206/33b5b_1221027.jpg","20121023205915","200"
"http://ic.i.tsatic-cdn.net/1221/311_206/856e3_1221835.jpg","20121007222200","200"
"http://ic.i.tsatic-cdn.net/1221/311_206/ab990_1221013.jpg","20121103064615","200"
"http://ic.i.tsatic-cdn.net/1221/35_35/595cc_1221017.jpg","20120620074406","200"
"http://ic.i.tsatic-cdn.net/1221/45_45/d9357_1221153.jpg","20120410065900","200"
"http://ic.i.tsatic-cdn.net/1221/48_48/62a3e_1221007.jpg","20121103113145","200"
"http://ic.i.tsatic-cdn.net/1221/48_48/be228_1221038.jpg","20120314130752","200"
"http://ic.i.tsatic-cdn.net/1221/50_50/54596_1221970.jpg","20101128225406","200"
"http://ic.i.tsatic-cdn.net/1221/50_50/63053_1221038.jpg","20101229220408","200"
"http://ic.i.tsatic-cdn.net/1221/65_50/19b48_1221981.jpg","20120504212855","200"
"http://ic.i.tsatic-cdn.net/1221/65_50/ddb45_1221835.jpg","20120410091156","200"
"http://ic.i.tsatic-cdn.net/1221/75_75/1dce2_1221970.jpg","20121019215818","200"
"http://ic.i.tsatic-cdn.net/1221/75_75/d6f84_1221153.jpg","20121103003327","200"
"http://ic.i.tsatic-cdn.net/1222/204_155/150d2_1222979.jpg","20121102062546","200"
"http://ic.i.tsatic-cdn.net/1222/204_155/76e77_1222676.jpg","20120410152646","200"
"http://ic.i.tsatic-cdn.net/1222/311_206/abce6_1222979.jpg","20121020134203","200"
"http://ic.i.tsatic-cdn.net/1222/311_206/c79ac_1222354.jpg","20121026025213","200"
"http://ic.i.tsatic-cdn.net/1222/35_35/291d1_1222443.jpg","20120620074417","200"
"http://ic.i.tsatic-cdn.net/1222/35_35/62f47_1222702.jpg","20120410051647","200"
"http://ic.i.tsatic-cdn.net/1222/35_35/8a4ca_1222452.jpg","20120410062302","200"
"http://ic.i.tsatic-cdn.net/1222/35_35/95848_1222152.jpg","20120620074405","200"
"http://ic.i.tsatic-cdn.net/1222/36_36/25da3_1222367.jpg","20110207190304","200"
"http://ic.i.tsatic-cdn.net/1222/40_40/b2ff8_1222367.jpg","20120410125055","200"
"http://ic.i.tsatic-cdn.net/1222/40_40/f2d2f_1222702.jpg","20120410074114","200"
"http://ic.i.tsatic-cdn.net/1222/45_45/249de_1222290.jpg","20120410071707","200"
"http://ic.i.tsatic-cdn.net/1222/45_45/2b395_1222297.jpg","20120410071718","200"
"http://ic.i.tsatic-cdn.net/1222/45_45/3f1e2_1222287.jpg","20120410071636","200"
"http://ic.i.tsatic-cdn.net/1222/45_45/47b36_1222301.jpg","20120410071613","200"
"http://ic.i.tsatic-cdn.net/1222/45_45/69684_1222299.jpg","20120410071715","200"
"http://ic.i.tsatic-cdn.net/1222/45_45/77f2e_1222302.jpg","20120410071629","200"
"http://ic.i.tsatic-cdn.net/1222/45_45/7a618_1222286.jpg","20120410071650","200"
"http://ic.i.tsatic-cdn.net/1222/45_45/8271c_1222296.jpg","20120410071659","200"
"http://ic.i.tsatic-cdn.net/1222/45_45/87574_1222289.jpg","20120410071648","200"
"http://ic.i.tsatic-cdn.net/1222/45_45/a03e9_1222293.jpg","20120410071618","200"
"http://ic.i.tsatic-cdn.net/1222/45_45/ca27a_1222300.jpg","20120410071645","200"
"http://ic.i.tsatic-cdn.net/1222/45_45/cf0c5_1222298.jpg","20120410071634","200"
"http://ic.i.tsatic-cdn.net/1222/45_45/d6d85_1222288.jpg","20120410071623","200"
"http://ic.i.tsatic-cdn.net/1222/45_45/e2afb_1222295.jpg","20120410071720","200"
"http://ic.i.tsatic-cdn.net/1222/45_45/e4fcf_1222294.jpg","20120410071607","200"
"http://ic.i.tsatic-cdn.net/1222/45_45/f54e9_1222285.jpg","20120410071712","200"
"http://ic.i.tsatic-cdn.net/1222/48_48/16ed6_1222367.jpg","20110822060006","200"
"http://ic.i.tsatic-cdn.net/1222/48_48/41b56_1222452.jpg","20121020060803","200"
"http://ic.i.tsatic-cdn.net/1222/50_50/83f48_1222367.jpg","20120410124627","200"
"http://ic.i.tsatic-cdn.net/1222/50_50/ecaaf_1222702.jpg","20101229222751","200"
"http://ic.i.tsatic-cdn.net/1222/60_60/89e73_1222452.jpg","20110410113656","200"
"http://ic.i.tsatic-cdn.net/1222/635_290/b50da_1222979.jpg","20121102062431","200"
"http://ic.i.tsatic-cdn.net/1222/635_340/10a68_1222979.jpg","20121102070159","200"
"http://ic.i.tsatic-cdn.net/1222/635_340/d0304_1222704.jpg","20121021042937","200"
"http://ic.i.tsatic-cdn.net/1222/65_50/c813d_1222998.jpg","20120819113025","200"
"http://ic.i.tsatic-cdn.net/1222/66_43/8e639_1222388.jpg","20120410073819","200"
"http://ic.i.tsatic-cdn.net/1222/75_75/585cb_1222452.jpg","20120911135516","200"
"http://ic.i.tsatic-cdn.net/1222/75_75/6c304_1222702.jpg","20120410170243","200"
"http://ic.i.tsatic-cdn.net/1223/100_75/b1947_1223338.jpg","20120410095516","200"
"http://ic.i.tsatic-cdn.net/1223/120_120/0245a_1223666.jpg","20121025161233","200"
"http://ic.i.tsatic-cdn.net/1223/120_120/0685b_1223676.jpg","20121025151533","200"
"http://ic.i.tsatic-cdn.net/1223/120_120/0886f_1223665.jpg","20121025151414","200"
"http://ic.i.tsatic-cdn.net/1223/120_120/0b4bd_1223311.jpg","20121104082851","200"
"http://ic.i.tsatic-cdn.net/1223/120_120/14dd4_1223323.jpg","20121104084209","200"
"http://ic.i.tsatic-cdn.net/1223/120_120/22b5c_1223325.jpg","20121104084414","200"
"http://ic.i.tsatic-cdn.net/1223/120_120/28baa_1223667.jpg","20121025160856","200"
"http://ic.i.tsatic-cdn.net/1223/120_120/2bde4_1223318.jpg","20121104084158","200"
"http://ic.i.tsatic-cdn.net/1223/120_120/31b63_1223674.jpg","20121025151401","200"
"http://ic.i.tsatic-cdn.net/1223/120_120/37230_1223327.jpg","20121104084256","200"
"http://ic.i.tsatic-cdn.net/1223/120_120/3af04_1223673.jpg","20121025151547","200"
"http://ic.i.tsatic-cdn.net/1223/120_120/3e5dd_1223326.jpg","20121104084418","200"
"http://ic.i.tsatic-cdn.net/1223/120_120/546c4_1223678.jpg","20121025151610","200"
"http://ic.i.tsatic-cdn.net/1223/120_120/5a48e_1223315.jpg","20121104084105","200"
"http://ic.i.tsatic-cdn.net/1223/120_120/67f5d_1223671.jpg","20121025151505","200"
"http://ic.i.tsatic-cdn.net/1223/120_120/6d7db_1223322.jpg","20121104084435","200"
"http://ic.i.tsatic-cdn.net/1223/120_120/741af_1223670.jpg","20121025151426","200"
"http://ic.i.tsatic-cdn.net/1223/120_120/7d3a0_1223664.jpg","20121025151526","200"
"http://ic.i.tsatic-cdn.net/1223/120_120/8848f_1223320.jpg","20121104082810","200"
"http://ic.i.tsatic-cdn.net/1223/120_120/94f8b_1223313.jpg","20121104084249","200"
"http://ic.i.tsatic-cdn.net/1223/120_120/9708a_1223679.jpg","20121025151419","200"
"http://ic.i.tsatic-cdn.net/1223/120_120/a1449_1223324.jpg","20121104082821","200"
"http://ic.i.tsatic-cdn.net/1223/120_120/a17b9_1223319.jpg","20121104084242","200"
"http://ic.i.tsatic-cdn.net/1223/120_120/a503d_1223314.jpg","20121104084032","200"
"http://ic.i.tsatic-cdn.net/1223/120_120/b3134_1223668.jpg","20121025161105","200"
"http://ic.i.tsatic-cdn.net/1223/120_120/bc392_1223675.jpg","20121025161138","200"
"http://ic.i.tsatic-cdn.net/1223/120_120/d83e0_1223321.jpg","20121104082901","200"
"http://ic.i.tsatic-cdn.net/1223/120_120/db437_1223677.jpg","20121025161144","200"
"http://ic.i.tsatic-cdn.net/1223/120_120/db6c8_1223316.jpg","20121104083936","200"
"http://ic.i.tsatic-cdn.net/1223/120_120/ec594_1223672.jpg","20121025161131","200"
"http://ic.i.tsatic-cdn.net/1223/120_120/f16ae_1223317.jpg","20121104084229","200"
"http://ic.i.tsatic-cdn.net/1223/120_120/fd289_1223669.jpg","20121025151450","200"
"http://ic.i.tsatic-cdn.net/1223/150_150/db243_1223308.jpg","20121104004937","200"
"http://ic.i.tsatic-cdn.net/1223/155_155/08a70_1223318.jpg","20110220112944","200"
"http://ic.i.tsatic-cdn.net/1223/311_206/068b3_1223930.jpg","20121013081913","200"
"http://ic.i.tsatic-cdn.net/1223/311_206/08cda_1223443.jpg","20121026113701","200"
"http://ic.i.tsatic-cdn.net/1223/311_206/0dce5_1223830.jpg","20121025190051","200"
"http://ic.i.tsatic-cdn.net/1223/311_206/86f86_1223663.jpg","20121104042304","200"
"http://ic.i.tsatic-cdn.net/1223/311_206/9ea81_1223325.jpg","20121014175541","200"
"http://ic.i.tsatic-cdn.net/1223/311_206/ac5f1_1223788.jpg","20121008102108","200"
"http://ic.i.tsatic-cdn.net/1223/311_206/b11c2_1223318.jpg","20121004150501","200"
"http://ic.i.tsatic-cdn.net/1223/36_36/51963_1223306.jpg","20130306120202","200"
"http://ic.i.tsatic-cdn.net/1223/40_40/8dc44_1223308.jpg","20121021015645","200"
"http://ic.i.tsatic-cdn.net/1223/45_45/3b298_1223185.jpg","20120410173054","200"
"http://ic.i.tsatic-cdn.net/1223/45_45/4ea2e_1223183.jpg","20120410173103","200"
"http://ic.i.tsatic-cdn.net/1223/45_45/51a7b_1223178.jpg","20120410173052","200"
"http://ic.i.tsatic-cdn.net/1223/45_45/55470_1223176.jpg","20120410173032","200"
"http://ic.i.tsatic-cdn.net/1223/45_45/58253_1223179.jpg","20120410173030","200"
"http://ic.i.tsatic-cdn.net/1223/45_45/58fbf_1223174.jpg","20120410173034","200"
"http://ic.i.tsatic-cdn.net/1223/45_45/5a996_1223173.jpg","20120410173019","200"
"http://ic.i.tsatic-cdn.net/1223/45_45/5c714_1223182.jpg","20120410173025","200"
"http://ic.i.tsatic-cdn.net/1223/45_45/734d3_1223184.jpg","20120410173113","200"
"http://ic.i.tsatic-cdn.net/1223/45_45/7587a_1223175.jpg","20120410173105","200"
"http://ic.i.tsatic-cdn.net/1223/45_45/bf5d0_1223177.jpg","20120410173057","200"
"http://ic.i.tsatic-cdn.net/1223/45_45/d5397_1223181.jpg","20120410173037","200"
"http://ic.i.tsatic-cdn.net/1223/45_45/fbfd7_1223180.jpg","20120410173012","200"
"http://ic.i.tsatic-cdn.net/1223/48_48/0e3ed_1223195.jpg","20130926003305","200"
"http://ic.i.tsatic-cdn.net/1223/65_50/60ae5_1223788.jpg","20120410140256","200"
"http://ic.i.tsatic-cdn.net/1223/65_50/63566_1223230.jpg","20120410172913","200"
"http://ic.i.tsatic-cdn.net/1223/65_50/843d2_1223249.jpg","20120410172940","200"
"http://ic.i.tsatic-cdn.net/1223/65_50/9e7b5_1223295.jpg","20120410172925","200"
"http://ic.i.tsatic-cdn.net/1223/65_50/c0c03_1223182.jpg","20120323080854","200"
"http://ic.i.tsatic-cdn.net/1223/65_50/d04f7_1223318.jpg","20110822043935","200"
"http://ic.i.tsatic-cdn.net/1223/66_43/ad200_1223443.jpg","20151020051529","200"
"http://ic.i.tsatic-cdn.net/1223/75_75/35d65_1223493.jpg","20121021140434","200"
"http://ic.i.tsatic-cdn.net/1224/100_75/2f56b_1224237.jpg","20120410153431","200"
"http://ic.i.tsatic-cdn.net/1224/100_75/8f001_1224114.jpg","20120410083227","200"
"http://ic.i.tsatic-cdn.net/1224/100_75/d4676_1224110.jpg","20120410083225","200"
"http://ic.i.tsatic-cdn.net/1224/120_120/3086e_1224120.jpg","20120410085255","200"
"http://ic.i.tsatic-cdn.net/1224/150_150/a89b6_1224124.jpg","20121104021004","200"
"http://ic.i.tsatic-cdn.net/1224/150_150/f7562_1224341.jpg","20150710155939","200"
"http://ic.i.tsatic-cdn.net/1224/200_105/d4da6_1224244.jpg","20141015204906","200"
"http://ic.i.tsatic-cdn.net/1224/204_155/0472e_1224120.jpg","20120410155942","200"
"http://ic.i.tsatic-cdn.net/1224/204_155/7c3d5_1224237.jpg","20121104152618","200"
"http://ic.i.tsatic-cdn.net/1224/204_155/bf115_1224123.jpg","20120410120600","200"
"http://ic.i.tsatic-cdn.net/1224/204_155/d0c61_1224215.jpg","20120410155951","200"
"http://ic.i.tsatic-cdn.net/1224/311_206/0e995_1224961.jpg","20121103181541","200"
"http://ic.i.tsatic-cdn.net/1224/311_206/dc4d2_1224110.jpg","20121103065143","200"
"http://ic.i.tsatic-cdn.net/1224/311_206/fe1a2_1224114.jpg","20121103064657","200"
"http://ic.i.tsatic-cdn.net/1224/35_35/14630_1224104.jpg","20120620074404","200"
"http://ic.i.tsatic-cdn.net/1224/35_35/16d28_1224951.jpg","20120620074422","200"
"http://ic.i.tsatic-cdn.net/1224/35_35/25438_1224118.jpg","20120620074410","200"
"http://ic.i.tsatic-cdn.net/1224/35_35/ed71a_1224339.jpg","20120410172649","200"
"http://ic.i.tsatic-cdn.net/1224/35_35/fbbf6_1224291.jpg","20120410170638","200"
"http://ic.i.tsatic-cdn.net/1224/36_36/15bde_1224510.jpg","20110220113845","200"
"http://ic.i.tsatic-cdn.net/1224/36_36/a8814_1224958.jpg","20101119074541","200"
"http://ic.i.tsatic-cdn.net/1224/40_40/7d3f1_1224477.jpg","20121022094008","200"
"http://ic.i.tsatic-cdn.net/1224/40_40/cff75_1224124.jpg","20110822042504","200"
"http://ic.i.tsatic-cdn.net/1224/45_45/fd77e_1224124.jpg","20121026015234","200"
"http://ic.i.tsatic-cdn.net/1224/48_48/12b67_1224475.jpg","20120410063729","200"
"http://ic.i.tsatic-cdn.net/1224/48_48/4dad7_1224343.jpg","20131013171633","200"
"http://ic.i.tsatic-cdn.net/1224/48_48/56168_1224115.jpg","20101229221447","200"
"http://ic.i.tsatic-cdn.net/1224/48_48/8f5ce_1224217.jpg","20101128225320","200"
"http://ic.i.tsatic-cdn.net/1224/48_48/95f97_1224732.jpg","20121103112334","200"
"http://ic.i.tsatic-cdn.net/1224/48_48/d1c97_1224339.jpg","20131013174200","200"
"http://ic.i.tsatic-cdn.net/1224/48_48/e5b0d_1224291.jpg","20110822060208","200"
"http://ic.i.tsatic-cdn.net/1224/48_48/f8f9b_1224124.jpg","20101229221325","200"
"http://ic.i.tsatic-cdn.net/1224/50_50/0dd4e_1224115.jpg","20101229221453","200"
"http://ic.i.tsatic-cdn.net/1224/50_50/1dbdc_1224477.jpg","20120410172513","200"
"http://ic.i.tsatic-cdn.net/1224/50_50/6bc81_1224124.jpg","20120410153236","200"
"http://ic.i.tsatic-cdn.net/1224/50_50/a57df_1224490.jpg","20101229221450","200"
"http://ic.i.tsatic-cdn.net/1224/50_50/ae7c6_1224144.jpg","20120410055641","200"
"http://ic.i.tsatic-cdn.net/1224/50_50/be20f_1224128.jpg","20101229223834","200"
"http://ic.i.tsatic-cdn.net/1224/50_50/d9c86_1224475.jpg","20131019125411","200"
"http://ic.i.tsatic-cdn.net/1224/50_50/fd5b9_1224732.jpg","20120410153150","200"
"http://ic.i.tsatic-cdn.net/1224/635_340/3b2e4_1224244.jpg","20140323105558","200"
"http://ic.i.tsatic-cdn.net/1224/75_75/58bee_1224343.jpg","20121204122754","200"
"http://ic.i.tsatic-cdn.net/1224/75_75/5c09e_1224477.jpg","20121026075122","200"
"http://ic.i.tsatic-cdn.net/1224/75_75/a948b_1224341.jpg","20121021125004","200"
"http://ic.i.tsatic-cdn.net/1225/100_75/21906_1225225.jpg","20120410122842","200"
"http://ic.i.tsatic-cdn.net/1225/100_75/50baf_1225284.jpg","20120410122821","200"
"http://ic.i.tsatic-cdn.net/1225/100_75/515e4_1225218.jpg","20120314130749","200"
"http://ic.i.tsatic-cdn.net/1225/100_75/5afc3_1225313.jpg","20120410122927","200"
"http://ic.i.tsatic-cdn.net/1225/100_75/63840_1225195.jpg","20110103034011","200"
"http://ic.i.tsatic-cdn.net/1225/100_75/75fb5_1225158.jpg","20120314130749","200"
"http://ic.i.tsatic-cdn.net/1225/100_75/87378_1225269.jpg","20120410122824","200"
"http://ic.i.tsatic-cdn.net/1225/100_75/8d3d3_1225181.jpg","20110103034207","200"
"http://ic.i.tsatic-cdn.net/1225/100_75/ac368_1225315.jpg","20120410122932","200"
"http://ic.i.tsatic-cdn.net/1225/100_75/ba39a_1225148.jpg","20120410122952","200"
"http://ic.i.tsatic-cdn.net/1225/100_75/df12e_1225249.jpg","20120314130748","200"
"http://ic.i.tsatic-cdn.net/1225/100_75/f810d_1225258.jpg","20120410122832","200"
"http://ic.i.tsatic-cdn.net/1225/150_150/7cf85_1225968.jpg","20120410164340","200"
"http://ic.i.tsatic-cdn.net/1225/204_155/48641_1225969.jpg","20120410121311","200"
"http://ic.i.tsatic-cdn.net/1225/206_130/05f52_1225241.jpg","20120410094726","200"
"http://ic.i.tsatic-cdn.net/1225/206_130/0d9e9_1225204.jpg","20120410094723","200"
"http://ic.i.tsatic-cdn.net/1225/206_130/151c6_1225214.jpg","20120410094734","200"
"http://ic.i.tsatic-cdn.net/1225/206_130/181f0_1225149.jpg","20120410094712","200"
"http://ic.i.tsatic-cdn.net/1225/206_130/21932_1225251.jpg","20120410094408","200"
"http://ic.i.tsatic-cdn.net/1225/206_130/2fc8f_1225260.jpg","20120410115258","200"
"http://ic.i.tsatic-cdn.net/1225/206_130/4111f_1225246.jpg","20120410094730","200"
"http://ic.i.tsatic-cdn.net/1225/206_130/429c2_1225172.jpg","20120410094737","200"
"http://ic.i.tsatic-cdn.net/1225/206_130/4b496_1225201.jpg","20120410094741","200"
"http://ic.i.tsatic-cdn.net/1225/206_130/a9448_1225158.jpg","20120410094416","200"
"http://ic.i.tsatic-cdn.net/1225/206_130/b2e45_1225157.jpg","20120410094319","200"
"http://ic.i.tsatic-cdn.net/1225/206_130/b5c56_1225240.jpg","20120410115246","200"
"http://ic.i.tsatic-cdn.net/1225/206_130/c520b_1225249.jpg","20120410094335","200"
"http://ic.i.tsatic-cdn.net/1225/206_130/caada_1225255.jpg","20120410115317","200"
"http://ic.i.tsatic-cdn.net/1225/206_130/d0212_1225184.jpg","20120410115306","200"
"http://ic.i.tsatic-cdn.net/1225/206_130/d0fae_1225211.jpg","20120410094754","200"
"http://ic.i.tsatic-cdn.net/1225/206_130/d59de_1225215.jpg","20120410094745","200"
"http://ic.i.tsatic-cdn.net/1225/206_130/daf7f_1225222.jpg","20120410094346","200"
"http://ic.i.tsatic-cdn.net/1225/206_130/e3520_1225218.jpg","20120410094748","200"
"http://ic.i.tsatic-cdn.net/1225/206_130/ebe7a_1225223.jpg","20120410094719","200"
"http://ic.i.tsatic-cdn.net/1225/311_206/01061_1225148.jpg","20121102220850","200"
"http://ic.i.tsatic-cdn.net/1225/311_206/235e8_1225222.jpg","20130329093440","200"
"http://ic.i.tsatic-cdn.net/1225/311_206/3cc4e_1225269.jpg","20121026072523","200"
"http://ic.i.tsatic-cdn.net/1225/311_206/3e945_1225969.jpg","20121104080639","200"
"http://ic.i.tsatic-cdn.net/1225/311_206/447d9_1225315.jpg","20121104073800","200"
"http://ic.i.tsatic-cdn.net/1225/311_206/5a6d3_1225158.jpg","20121103175528","200"
"http://ic.i.tsatic-cdn.net/1225/311_206/61d9a_1225149.jpg","20121024133857","200"
"http://ic.i.tsatic-cdn.net/1225/311_206/61ff1_1225195.jpg","20121025175206","200"
"http://ic.i.tsatic-cdn.net/1225/311_206/720eb_1225157.jpg","20121026063137","200"
"http://ic.i.tsatic-cdn.net/1225/311_206/740b4_1225181.jpg","20121025182114","200"
"http://ic.i.tsatic-cdn.net/1225/311_206/78077_1225249.jpg","20130329093440","200"
"http://ic.i.tsatic-cdn.net/1225/311_206/7e6c4_1225258.jpg","20121026072439","200"
"http://ic.i.tsatic-cdn.net/1225/311_206/944da_1225170.jpg","20121103183532","200"
"http://ic.i.tsatic-cdn.net/1225/311_206/a4338_1225218.jpg","20121020060649","200"
"http://ic.i.tsatic-cdn.net/1225/311_206/ac72b_1225110.jpg","20120918153103","200"
"http://ic.i.tsatic-cdn.net/1225/311_206/bc043_1225313.jpg","20121104073655","200"
"http://ic.i.tsatic-cdn.net/1225/311_206/d46b3_1225284.jpg","20121026072452","200"
"http://ic.i.tsatic-cdn.net/1225/311_206/de912_1225251.jpg","20130329093442","200"
"http://ic.i.tsatic-cdn.net/1225/311_206/f2d8d_1225091.jpg","20121026113652","200"
"http://ic.i.tsatic-cdn.net/1225/311_206/fff3f_1225186.jpg","20121026063223","200"
"http://ic.i.tsatic-cdn.net/1225/35_35/02889_1225676.jpg","20120620074422","200"
"http://ic.i.tsatic-cdn.net/1225/35_35/05689_1225530.jpg","20120620074407","200"
"http://ic.i.tsatic-cdn.net/1225/35_35/07575_1225567.jpg","20120620074408","200"
"http://ic.i.tsatic-cdn.net/1225/35_35/07c6c_1225673.jpg","20120620074421","200"
"http://ic.i.tsatic-cdn.net/1225/35_35/0a014_1225670.jpg","20120620074417","200"
"http://ic.i.tsatic-cdn.net/1225/35_35/21e4d_1225427.jpg","20120620074405","200"
"http://ic.i.tsatic-cdn.net/1225/35_35/22e23_1225566.jpg","20120620074407","200"
"http://ic.i.tsatic-cdn.net/1225/35_35/4d154_1225488.jpg","20120620074407","200"
"http://ic.i.tsatic-cdn.net/1225/35_35/5a9fb_1225664.jpg","20120620074410","200"
"http://ic.i.tsatic-cdn.net/1225/35_35/5c461_1225444.jpg","20120620074406","200"
"http://ic.i.tsatic-cdn.net/1225/35_35/6550d_1225678.jpg","20120620074409","200"
"http://ic.i.tsatic-cdn.net/1225/35_35/6fa75_1225668.jpg","20120620074417","200"
"http://ic.i.tsatic-cdn.net/1225/35_35/70e4c_1225565.jpg","20120620074407","200"
"http://ic.i.tsatic-cdn.net/1225/35_35/85bff_1225672.jpg","20120620074420","200"
"http://ic.i.tsatic-cdn.net/1225/35_35/91a6c_1225674.jpg","20120620074422","200"
"http://ic.i.tsatic-cdn.net/1225/35_35/a875d_1225569.jpg","20120620074409","200"
"http://ic.i.tsatic-cdn.net/1225/35_35/b2602_1225669.jpg","20120620074416","200"
"http://ic.i.tsatic-cdn.net/1225/35_35/d1995_1225671.jpg","20120620074419","200"
"http://ic.i.tsatic-cdn.net/1225/35_35/d5922_1225666.jpg","20120620074410","200"
"http://ic.i.tsatic-cdn.net/1225/35_35/e4662_1225667.jpg","20120620074416","200"
"http://ic.i.tsatic-cdn.net/1225/35_35/f1972_1225568.jpg","20120620074409","200"
"http://ic.i.tsatic-cdn.net/1225/36_36/ec966_1225423.jpg","20130306120200","200"
"http://ic.i.tsatic-cdn.net/1225/40_40/8d284_1225968.jpg","20120410053855","200"
"http://ic.i.tsatic-cdn.net/1225/65_50/09f73_1225343.jpg","20110822043810","200"
"http://ic.i.tsatic-cdn.net/1225/65_50/b58d6_1225969.jpg","20120226140531","200"
"http://ic.i.tsatic-cdn.net/1225/75_75/84ab6_1225968.jpg","20120410134014","200"
"http://ic.i.tsatic-cdn.net/1226/100_75/09b14_1226883.jpg","20120410115007","200"
"http://ic.i.tsatic-cdn.net/1226/100_75/40fc8_1226922.jpg","20120314130752","200"
"http://ic.i.tsatic-cdn.net/1226/107_81/9f28e_1226134.jpg","20120928063929","200"
"http://ic.i.tsatic-cdn.net/1226/120_120/33b48_1226924.jpg","20121025134152","200"
"http://ic.i.tsatic-cdn.net/1226/150_150/4ba94_1226369.jpg","20121104001347","200"
"http://ic.i.tsatic-cdn.net/1226/150_150/9bf74_1226143.jpg","20121103145304","200"
"http://ic.i.tsatic-cdn.net/1226/204_155/02161_1226123.jpg","20120410173524","200"
"http://ic.i.tsatic-cdn.net/1226/204_155/17d46_1226858.jpg","20120410173529","200"
"http://ic.i.tsatic-cdn.net/1226/204_155/26a33_1226922.jpg","20120410060902","200"
"http://ic.i.tsatic-cdn.net/1226/204_155/45083_1226303.jpg","20120410152617","200"
"http://ic.i.tsatic-cdn.net/1226/250_250/3fb04_1226924.jpg","20110822040433","200"
"http://ic.i.tsatic-cdn.net/1226/311_206/ea403_1226856.jpg","20121103074830","200"
"http://ic.i.tsatic-cdn.net/1226/311_206/f0c0c_1226134.jpg","20120901040859","200"
"http://ic.i.tsatic-cdn.net/1226/311_206/fb7fe_1226876.jpg","20121026063100","200"
"http://ic.i.tsatic-cdn.net/1226/35_35/75ee3_1226067.jpg","20120620074409","200"
"http://ic.i.tsatic-cdn.net/1226/35_35/9f754_1226065.jpg","20120620074406","200"
"http://ic.i.tsatic-cdn.net/1226/35_35/a6387_1226068.jpg","20120620074417","200"
"http://ic.i.tsatic-cdn.net/1226/35_35/aa296_1226941.jpg","20120620074420","200"
"http://ic.i.tsatic-cdn.net/1226/40_40/41e12_1226060.jpg","20120410090136","200"
"http://ic.i.tsatic-cdn.net/1226/48_48/11333_1226836.jpg","20121103060529","200"
"http://ic.i.tsatic-cdn.net/1226/50_50/012fc_1226143.jpg","20121020210838","200"
"http://ic.i.tsatic-cdn.net/1226/50_50/9669f_1226060.jpg","20120410093047","200"
"http://ic.i.tsatic-cdn.net/1226/50_50/e5fbc_1226875.jpg","20110822083034","200"
"http://ic.i.tsatic-cdn.net/1226/654_340/445a7_1226891.jpg","20110203100008","200"
"http://ic.i.tsatic-cdn.net/1226/65_50/77a1b_1226136.jpg","20110822013513","200"
"http://ic.i.tsatic-cdn.net/1226/65_50/dd929_1226134.jpg","20120211051202","200"
"http://ic.i.tsatic-cdn.net/1226/75_75/80144_1226369.jpg","20121021030657","200"
"http://ic.i.tsatic-cdn.net/1226/75_75/a34c7_1226060.jpg","20120212165231","200"
"http://ic.i.tsatic-cdn.net/1227/100_75/3b182_1227809.jpg","20120410083220","200"
"http://ic.i.tsatic-cdn.net/1227/100_75/93789_1227774.jpg","20120410081532","200"
"http://ic.i.tsatic-cdn.net/1227/150_150/62032_1227798.jpg","20120410154333","200"
"http://ic.i.tsatic-cdn.net/1227/150_150/d3227_1227764.jpg","20121025190546","200"
"http://ic.i.tsatic-cdn.net/1227/155_155/ce082_1227623.jpg","20110220112941","200"
"http://ic.i.tsatic-cdn.net/1227/200_105/60177_1227790.jpg","20110822062900","200"
"http://ic.i.tsatic-cdn.net/1227/200_244/033aa_1227873.jpg","20110304071400","200"
"http://ic.i.tsatic-cdn.net/1227/204_155/2146d_1227774.jpg","20120410081734","200"
"http://ic.i.tsatic-cdn.net/1227/204_155/3c711_1227835.jpg","20121104053415","200"
"http://ic.i.tsatic-cdn.net/1227/204_155/54ca9_1227885.jpg","20120410165451","200"
"http://ic.i.tsatic-cdn.net/1227/204_155/71696_1227763.jpg","20120410121258","200"
"http://ic.i.tsatic-cdn.net/1227/311_206/3490e_1227790.jpg","20121104080702","200"
"http://ic.i.tsatic-cdn.net/1227/311_206/4b619_1227623.jpg","20120721094156","200"
"http://ic.i.tsatic-cdn.net/1227/311_206/68886_1227809.jpg","20121103065152","200"
"http://ic.i.tsatic-cdn.net/1227/311_206/903df_1227614.jpg","20121026073119","200"
"http://ic.i.tsatic-cdn.net/1227/35_35/34bdc_1227882.jpg","20120620074421","200"
"http://ic.i.tsatic-cdn.net/1227/35_35/36efa_1227798.jpg","20120410062252","200"
"http://ic.i.tsatic-cdn.net/1227/35_35/606d1_1227781.jpg","20120620074410","200"
"http://ic.i.tsatic-cdn.net/1227/35_35/ef021_1227878.jpg","20120620074407","200"
"http://ic.i.tsatic-cdn.net/1227/40_40/787a2_1227764.jpg","20120410114359","200"
"http://ic.i.tsatic-cdn.net/1227/40_40/dac30_1227810.jpg","20120410173613","200"
"http://ic.i.tsatic-cdn.net/1227/48_48/2e8f7_1227798.jpg","20120410140906","200"
"http://ic.i.tsatic-cdn.net/1227/48_48/39e01_1227771.jpg","20151103001336","200"
"http://ic.i.tsatic-cdn.net/1227/50_50/22aba_1227865.jpg","20101128225539","200"
"http://ic.i.tsatic-cdn.net/1227/50_50/6c96f_1227764.jpg","20101229220402","200"
"http://ic.i.tsatic-cdn.net/1227/50_50/90f8f_1227798.jpg","20101229221459","200"
"http://ic.i.tsatic-cdn.net/1227/50_50/c8875_1227810.jpg","20120410173310","200"
"http://ic.i.tsatic-cdn.net/1227/635_340/30de4_1227790.jpg","20110822013925","200"
"http://ic.i.tsatic-cdn.net/1227/65_50/14360_1227623.jpg","20110822011846","200"
"http://ic.i.tsatic-cdn.net/1227/65_50/40275_1227582.jpg","20120813031446","200"
"http://ic.i.tsatic-cdn.net/1227/65_50/4b7a0_1227885.jpg","20110822055650","200"
"http://ic.i.tsatic-cdn.net/1227/65_65/55187_1227764.jpg","20140901103803","200"
"http://ic.i.tsatic-cdn.net/1227/75_75/d88f1_1227764.jpg","20120118153337","200"
"http://ic.i.tsatic-cdn.net/1227/75_75/e2e08_1227810.jpg","20120410055442","200"
"http://ic.i.tsatic-cdn.net/1227/75_75/e5c53_1227798.jpg","20120410053429","200"
"http://ic.i.tsatic-cdn.net/1227/97_128/bdeb5_1227873.jpg","20110220113211","200"
"http://ic.i.tsatic-cdn.net/1228/100_65/77fa4_1228109.jpg","20130306120209","200"
"http://ic.i.tsatic-cdn.net/1228/150_150/0b695_1228112.jpg","20121025051946","200"
"http://ic.i.tsatic-cdn.net/1228/204_111/40612_1228102.jpg","20120410062004","200"
"http://ic.i.tsatic-cdn.net/1228/204_155/b0a72_1228235.jpg","20120410094910","200"
"http://ic.i.tsatic-cdn.net/1228/311_206/9943f_1228128.jpg","20121011114013","200"
"http://ic.i.tsatic-cdn.net/1228/35_35/6e777_1228321.jpg","20120410170723","200"
"http://ic.i.tsatic-cdn.net/1228/36_36/3a1b0_1228141.jpg","20130322110548","404"
"http://ic.i.tsatic-cdn.net/1228/36_36/b4e6e_1228247.jpg","20101203145924","200"
"http://ic.i.tsatic-cdn.net/1228/36_36/f432e_1228143.jpg","20101119074556","200"
"http://ic.i.tsatic-cdn.net/1228/48_48/14318_1228112.jpg","20150410152846","200"
"http://ic.i.tsatic-cdn.net/1228/50_50/4a903_1228143.jpg","20101128225403","200"
"http://ic.i.tsatic-cdn.net/1228/50_50/e98ed_1228112.jpg","20110724114702","200"
"http://ic.i.tsatic-cdn.net/1228/65_50/02e52_1228128.jpg","20110822065822","200"
"http://ic.i.tsatic-cdn.net/1229/311_206/e568c_1229525.jpg","20121021041208","200"
"http://ic.i.tsatic-cdn.net/1229/40_40/1c346_1229941.jpg","20110822082843","200"
"http://ic.i.tsatic-cdn.net/1229/40_40/2bd83_1229288.jpg","20120331135710","200"
"http://ic.i.tsatic-cdn.net/1229/48_48/18fb5_1229925.jpg","20120410134511","200"
"http://ic.i.tsatic-cdn.net/1229/50_50/47159_1229941.jpg","20110822081928","200"
"http://ic.i.tsatic-cdn.net/1229/65_50/5380b_1229634.jpg","20110822022919","200"
"http://ic.i.tsatic-cdn.net/1229/75_75/7030b_1229926.jpg","20121019215349","200"
"http://ic.i.tsatic-cdn.net/1229/75_75/78ad5_1229087.jpg","20121103222249","200"
"http://ic.i.tsatic-cdn.net/1230/120_120/d596e_1230010.jpg","20120410152650","200"
"http://ic.i.tsatic-cdn.net/1230/130_65/ff12b_1230998.jpg","20110423074547","200"
"http://ic.i.tsatic-cdn.net/1230/204_155/33c4c_1230994.jpg","20121102160845","200"
"http://ic.i.tsatic-cdn.net/1230/204_155/a27cb_1230129.jpg","20121025030110","200"
"http://ic.i.tsatic-cdn.net/1230/204_155/a39b9_1230974.jpg","20120410113251","200"
"http://ic.i.tsatic-cdn.net/1230/204_155/ed508_1230010.jpg","20120410152621","200"
"http://ic.i.tsatic-cdn.net/1230/205_100/d230a_1230998.jpg","20110423074221","200"
"http://ic.i.tsatic-cdn.net/1230/311_206/c966c_1230111.jpg","20121103051543","200"
"http://ic.i.tsatic-cdn.net/1230/50_50/7b714_1230975.jpg","20110822082658","200"
"http://ic.i.tsatic-cdn.net/1230/635_340/00286_1230111.jpg","20121019215412","200"
"http://ic.i.tsatic-cdn.net/1231/100_75/a1674_1231932.jpg","20120314130751","200"
"http://ic.i.tsatic-cdn.net/1231/120_120/0b023_1231488.jpg","20121022235823","200"
"http://ic.i.tsatic-cdn.net/1231/120_120/16b08_1231800.jpg","20120410052627","200"
"http://ic.i.tsatic-cdn.net/1231/120_120/1ab96_1231483.jpg","20121023000952","200"
"http://ic.i.tsatic-cdn.net/1231/120_120/3e2c1_1231487.jpg","20121023005138","200"
"http://ic.i.tsatic-cdn.net/1231/120_120/51ef0_1231494.jpg","20121023000505","200"
"http://ic.i.tsatic-cdn.net/1231/120_120/60ae1_1231492.jpg","20121023000921","200"
"http://ic.i.tsatic-cdn.net/1231/120_120/6a07a_1231485.jpg","20121023005041","200"
"http://ic.i.tsatic-cdn.net/1231/120_120/8629a_1231484.jpg","20121022235650","200"
"http://ic.i.tsatic-cdn.net/1231/120_120/87579_1231490.jpg","20121023000449","200"
"http://ic.i.tsatic-cdn.net/1231/120_120/9205a_1231493.jpg","20121023000736","200"
"http://ic.i.tsatic-cdn.net/1231/120_120/95041_1231489.jpg","20121023000516","200"
"http://ic.i.tsatic-cdn.net/1231/120_120/a1658_1231491.jpg","20121022235639","200"
"http://ic.i.tsatic-cdn.net/1231/120_120/b693b_1231482.jpg","20121023005129","200"
"http://ic.i.tsatic-cdn.net/1231/120_120/c0ce7_1231481.jpg","20121023000636","200"
"http://ic.i.tsatic-cdn.net/1231/120_120/c4e59_1231498.jpg","20121023000913","200"
"http://ic.i.tsatic-cdn.net/1231/120_120/e07ec_1231496.jpg","20121023000941","200"
"http://ic.i.tsatic-cdn.net/1231/120_120/f19b3_1231495.jpg","20121022235707","200"
"http://ic.i.tsatic-cdn.net/1231/150_150/6d72f_1231910.jpg","20120410153503","200"
"http://ic.i.tsatic-cdn.net/1231/150_150/95c83_1231916.jpg","20121104042010","200"
"http://ic.i.tsatic-cdn.net/1231/204_155/90dd0_1231800.jpg","20120410052710","200"
"http://ic.i.tsatic-cdn.net/1231/204_155/a19c2_1231772.jpg","20120410165519","200"
"http://ic.i.tsatic-cdn.net/1231/204_155/b42a1_1231479.jpg","20120410165708","200"
"http://ic.i.tsatic-cdn.net/1231/204_155/c2423_1231932.jpg","20120410144342","200"
"http://ic.i.tsatic-cdn.net/1231/204_155/c71e8_1231480.jpg","20120410165706","200"
"http://ic.i.tsatic-cdn.net/1231/205_100/5f3ca_1231000.jpg","20110423074257","200"
"http://ic.i.tsatic-cdn.net/1231/210_143/34b47_1231806.jpg","20120620074402","200"
"http://ic.i.tsatic-cdn.net/1231/250_250/23942_1231800.jpg","20120410084714","200"
"http://ic.i.tsatic-cdn.net/1231/311_206/2f93d_1231506.jpg","20120721094308","200"
"http://ic.i.tsatic-cdn.net/1231/311_206/8947f_1231480.jpg","20121026111549","200"
"http://ic.i.tsatic-cdn.net/1231/311_206/94836_1231479.jpg","20121104000347","200"
"http://ic.i.tsatic-cdn.net/1231/311_206/de80d_1231800.jpg","20121102054009","200"
"http://ic.i.tsatic-cdn.net/1231/35_35/1517c_1231513.jpg","20120620074423","200"
"http://ic.i.tsatic-cdn.net/1231/35_35/213c7_1231550.jpg","20120620074426","200"
"http://ic.i.tsatic-cdn.net/1231/35_35/51355_1231939.jpg","20120620074411","200"
"http://ic.i.tsatic-cdn.net/1231/35_35/683b9_1231515.jpg","20120620074423","200"
"http://ic.i.tsatic-cdn.net/1231/35_35/7f842_1231519.jpg","20120620074424","200"
"http://ic.i.tsatic-cdn.net/1231/35_35/9c8af_1231773.jpg","20120620074406","200"
"http://ic.i.tsatic-cdn.net/1231/35_35/a2a19_1231517.jpg","20120620074424","200"
"http://ic.i.tsatic-cdn.net/1231/35_35/cd7d9_1231511.jpg","20120620074423","200"
"http://ic.i.tsatic-cdn.net/1231/36_36/3a099_1231370.jpg","20101229221206","200"
"http://ic.i.tsatic-cdn.net/1231/36_36/62913_1231910.jpg","20130707123159","200"
"http://ic.i.tsatic-cdn.net/1231/40_40/18947_1231897.jpg","20110822042540","200"
"http://ic.i.tsatic-cdn.net/1231/40_40/2ee70_1231916.jpg","20121104102510","200"
"http://ic.i.tsatic-cdn.net/1231/40_40/3d46a_1231621.jpg","20110822050704","200"
"http://ic.i.tsatic-cdn.net/1231/40_40/95a46_1231630.jpg","20120410150602","200"
"http://ic.i.tsatic-cdn.net/1231/45_45/32322_1231908.jpg","20120410065647","200"
"http://ic.i.tsatic-cdn.net/1231/48_48/26d9f_1231940.jpg","20121007215558","200"
"http://ic.i.tsatic-cdn.net/1231/48_48/54bd2_1231896.jpg","20121104002826","200"
"http://ic.i.tsatic-cdn.net/1231/48_48/58aa5_1231621.jpg","20101128225256","200"
"http://ic.i.tsatic-cdn.net/1231/48_48/89255_1231928.jpg","20150414172748","200"
"http://ic.i.tsatic-cdn.net/1231/48_48/b3962_1231936.jpg","20101128225227","200"
"http://ic.i.tsatic-cdn.net/1231/48_48/b73e4_1231919.jpg","20121026075455","200"
"http://ic.i.tsatic-cdn.net/1231/48_48/d2d48_1231883.jpg","20101128225233","200"
"http://ic.i.tsatic-cdn.net/1231/48_48/fe3d2_1231804.jpg","20121103113809","200"
"http://ic.i.tsatic-cdn.net/1231/50_50/255a3_1231916.jpg","20110822082554","200"
"http://ic.i.tsatic-cdn.net/1231/50_50/4c2b2_1231883.jpg","20101128225531","200"
"http://ic.i.tsatic-cdn.net/1231/50_50/94d35_1231928.jpg","20110822063132","200"
"http://ic.i.tsatic-cdn.net/1231/50_50/b7f6b_1231910.jpg","20101128225515","200"
"http://ic.i.tsatic-cdn.net/1231/50_50/f1795_1231804.jpg","20101128225511","200"
"http://ic.i.tsatic-cdn.net/1231/60_60/31c27_1231370.jpg","20130306120203","200"
"http://ic.i.tsatic-cdn.net/1231/635_290/08b5b_1231772.jpg","20120410165512","200"
"http://ic.i.tsatic-cdn.net/1231/635_340/b7be7_1231479.jpg","20101128225146","200"
"http://ic.i.tsatic-cdn.net/1231/65_50/4cce5_1231506.jpg","20110822022945","200"
"http://ic.i.tsatic-cdn.net/1231/65_50/8d113_1231430.jpg","20120410163627","200"
"http://ic.i.tsatic-cdn.net/1231/65_50/fe935_1231956.jpg","20120410160120","200"
"http://ic.i.tsatic-cdn.net/1231/65_65/9ad66_1231910.jpg","20121118052759","200"
"http://ic.i.tsatic-cdn.net/1231/75_75/6a1ee_1231916.jpg","20121021031538","200"
"http://ic.i.tsatic-cdn.net/1231/75_75/86496_1231630.jpg","20121103003226","200"
"http://ic.i.tsatic-cdn.net/1231/75_75/c3225_1231625.jpg","20121019215419","200"
"http://ic.i.tsatic-cdn.net/1231/75_75/e0120_1231908.jpg","20121013004307","200"
"http://ic.i.tsatic-cdn.net/1231/75_75/e82dc_1231910.jpg","20120410053443","200"
"http://ic.i.tsatic-cdn.net/1232/100_75/40fbc_1232026.jpg","20120410113410","200"
"http://ic.i.tsatic-cdn.net/1232/107_81/f2cdc_1232020.jpg","20120410141306","200"
"http://ic.i.tsatic-cdn.net/1232/120_120/2b072_1232746.jpg","20131107164846","200"
"http://ic.i.tsatic-cdn.net/1232/120_120/36620_1232752.jpg","20131108190327","200"
"http://ic.i.tsatic-cdn.net/1232/120_120/39cc1_1232754.jpg","20131108190321","200"
"http://ic.i.tsatic-cdn.net/1232/120_120/5287c_1232757.jpg","20131107163326","200"
"http://ic.i.tsatic-cdn.net/1232/120_120/618ee_1232009.jpg","20120410090655","200"
"http://ic.i.tsatic-cdn.net/1232/120_120/73cbd_1232744.jpg","20131108191900","200"
"http://ic.i.tsatic-cdn.net/1232/120_120/7bc96_1232745.jpg","20131108190340","200"
"http://ic.i.tsatic-cdn.net/1232/120_120/81f1c_1232755.jpg","20131107164844","200"
"http://ic.i.tsatic-cdn.net/1232/120_120/93a2b_1232743.jpg","20131108190345","200"
"http://ic.i.tsatic-cdn.net/1232/120_120/9c442_1232092.jpg","20121102080558","200"
"http://ic.i.tsatic-cdn.net/1232/120_120/ab248_1232753.jpg","20131107163333","200"
"http://ic.i.tsatic-cdn.net/1232/120_120/c069f_1232749.jpg","20131108191854","200"
"http://ic.i.tsatic-cdn.net/1232/120_120/cab3c_1232758.jpg","20131108190318","200"
"http://ic.i.tsatic-cdn.net/1232/120_120/d4ff7_1232756.jpg","20131108190334","200"
"http://ic.i.tsatic-cdn.net/1232/120_120/d4ffb_1232818.jpg","20120410052638","200"
"http://ic.i.tsatic-cdn.net/1232/120_120/d832c_1232750.jpg","20131108190324","200"
"http://ic.i.tsatic-cdn.net/1232/120_120/e58d1_1232748.jpg","20131107164849","200"
"http://ic.i.tsatic-cdn.net/1232/120_120/ee6da_1232747.jpg","20131108190332","200"
"http://ic.i.tsatic-cdn.net/1232/120_120/fc66f_1232751.jpg","20131108191852","200"
"http://ic.i.tsatic-cdn.net/1232/150_150/276d6_1232071.jpg","20121103061148","200"
