original,timestamp,statuscode
"http://www.inthemix.com.au:80/gallery/snap/","20100606040929","200"
"http://www.inthemix.com.au:80/gallery/snap/080926-creamfields","20081029071227","302"
"http://www.inthemix.com.au:80/gallery/snap/080926-creamfields/aaa","20081029071227","200"
"http://www.inthemix.com.au:80/gallery/snap/080926-sensation","20081009202021","302"
"http://www.inthemix.com.au:80/gallery/snap/080926-sensation/aaa","20081009202021","200"
"http://www.inthemix.com.au:80/gallery/snap/080929-parklife","20081009202026","302"
"http://www.inthemix.com.au:80/gallery/snap/080929-parklife/aaa","20081009202026","200"
"http://www.inthemix.com.au:80/gallery/snap/081002-goodvibrations","20081004204322","302"
"http://www.inthemix.com.au:80/gallery/snap/081002-goodvibrations/aaa","20081004204322","200"
"http://www.inthemix.com.au:80/gallery/snap/081002-wtfweekly","20081007132123","302"
"http://www.inthemix.com.au:80/gallery/snap/081002-wtfweekly/aaa","20081007132123","200"
"http://www.inthemix.com.au:80/gallery/snap/081003-exitfestival","20081007132127","302"
"http://www.inthemix.com.au:80/gallery/snap/081003-exitfestival/aaa","20081007132127","200"
"http://www.inthemix.com.au:80/gallery/snap/081007-deadmau5","20081008091136","302"
"http://www.inthemix.com.au:80/gallery/snap/081007-deadmau5/aaa","20081008091136","200"
"http://www.inthemix.com.au:80/gallery/snap/081007-deadmau5/aaa?full=1","20090207153053","302"
"http://www.inthemix.com.au:80/gallery/snap/081007-deadmau5/aab","20081010173701","200"
"http://www.inthemix.com.au:80/gallery/snap/081007-deadmau5/aab?full=1","20090208043337","302"
"http://www.inthemix.com.au:80/gallery/snap/081007-deadmau5/aac","20081010174642","200"
"http://www.inthemix.com.au:80/gallery/snap/081007-deadmau5/aac?full=1","20090208043342","302"
"http://www.inthemix.com.au:80/gallery/snap/081007-deadmau5/aad","20081010173838","200"
"http://www.inthemix.com.au:80/gallery/snap/081007-deadmau5/aad?full=1","20090208044146","302"
"http://www.inthemix.com.au:80/gallery/snap/081007-deadmau5/aae","20081010173843","200"
"http://www.inthemix.com.au:80/gallery/snap/081007-deadmau5/aae?full=1","20090227033727","302"
"http://www.inthemix.com.au:80/gallery/snap/081007-deadmau5/aaf","20081010174815","200"
"http://www.inthemix.com.au:80/gallery/snap/081007-deadmau5/aaf?full=1","20090227032716","302"
"http://www.inthemix.com.au:80/gallery/snap/081007-deadmau5/aag","20081010174647","200"
"http://www.inthemix.com.au:80/gallery/snap/081007-deadmau5/aag?full=1","20090227032721","302"
"http://www.inthemix.com.au:80/gallery/snap/081007-deadmau5/aah","20081010183630","200"
"http://www.inthemix.com.au:80/gallery/snap/081007-deadmau5/aah?full=1","20090227031028","302"
"http://www.inthemix.com.au:80/gallery/snap/081007-deadmau5/aai","20081010173848","200"
"http://www.inthemix.com.au:80/gallery/snap/081007-deadmau5/aai?full=1","20090227030353","302"
"http://www.inthemix.com.au:80/gallery/snap/081007-deadmau5/aaj","20081010174820","200"
"http://www.inthemix.com.au:80/gallery/snap/081007-deadmau5/aaj?full=1","20090227030722","302"
"http://www.inthemix.com.au:80/gallery/snap/081007-deadmau5/aak","20081010174653","200"
"http://www.inthemix.com.au:80/gallery/snap/081007-deadmau5/aak?full=1","20090227033734","302"
"http://www.inthemix.com.au:80/gallery/snap/081007-deadmau5/aal","20081010174659","200"
"http://www.inthemix.com.au:80/gallery/snap/081007-deadmau5/aal?full=1","20090227033320","302"
"http://www.inthemix.com.au:80/gallery/snap/081007-deadmau5/aam","20081010173854","200"
"http://www.inthemix.com.au:80/gallery/snap/081007-deadmau5/aam?full=1","20090227030727","302"
"http://www.inthemix.com.au:80/gallery/snap/081007-deadmau5/aan","20081010173859","200"
"http://www.inthemix.com.au:80/gallery/snap/081007-deadmau5/aan?full=1","20090227030359","302"
"http://www.inthemix.com.au:80/gallery/snap/081007-deadmau5/aao","20081021053544","200"
"http://www.inthemix.com.au:80/gallery/snap/081007-deadmau5/aao?full=1","20090227033739","302"
"http://www.inthemix.com.au:80/gallery/snap/081007-deadmau5/secure-au.imrworldwide.com/","20081012115402","404"
"http://www.inthemix.com.au:80/gallery/snap/081007-gqmenoftheyear","20081008091141","302"
"http://www.inthemix.com.au:80/gallery/snap/081007-gqmenoftheyear/aaa","20081008091141","200"
"http://www.inthemix.com.au:80/gallery/snap/081008-parklifeartists","20081012055633","302"
"http://www.inthemix.com.au:80/gallery/snap/081008-parklifeartists/aaa","20081012055633","200"
"http://www.inthemix.com.au:80/gallery/snap/081008-parklifeartists/aaa?full=1","20081013120004","302"
"http://www.inthemix.com.au:80/gallery/snap/081008-parklifeartists/aab","20081012105720","200"
"http://www.inthemix.com.au:80/gallery/snap/081008-parklifeartists/aab?full=1","20081013120010","302"
"http://www.inthemix.com.au:80/gallery/snap/081008-parklifeartists/aac","20081012105841","200"
"http://www.inthemix.com.au:80/gallery/snap/081008-parklifeartists/aac?full=1","20081013120014","302"
"http://www.inthemix.com.au:80/gallery/snap/081008-parklifeartists/aad","20081012105725","200"
"http://www.inthemix.com.au:80/gallery/snap/081008-parklifeartists/aad?full=1","20081013120020","302"
"http://www.inthemix.com.au:80/gallery/snap/081008-parklifeartists/aae","20081012105847","200"
"http://www.inthemix.com.au:80/gallery/snap/081008-parklifeartists/aae?full=1","20081013120024","302"
"http://www.inthemix.com.au:80/gallery/snap/081008-parklifeartists/aaf","20081012105730","200"
"http://www.inthemix.com.au:80/gallery/snap/081008-parklifeartists/aaf?full=1","20081013120030","302"
"http://www.inthemix.com.au:80/gallery/snap/081008-parklifeartists/aag","20081012105852","200"
"http://www.inthemix.com.au:80/gallery/snap/081008-parklifeartists/aag?full=1","20081013120035","302"
"http://www.inthemix.com.au:80/gallery/snap/081008-parklifeartists/aah","20081012110656","200"
"http://www.inthemix.com.au:80/gallery/snap/081008-parklifeartists/aah?full=1","20081013120040","302"
"http://www.inthemix.com.au:80/gallery/snap/081008-parklifeartists/aai","20081012105736","200"
"http://www.inthemix.com.au:80/gallery/snap/081008-parklifeartists/aai?full=1","20081013120045","302"
"http://www.inthemix.com.au:80/gallery/snap/081008-parklifeartists/aaj","20081012105740","200"
"http://www.inthemix.com.au:80/gallery/snap/081008-parklifeartists/aaj?full=1","20081013120050","302"
"http://www.inthemix.com.au:80/gallery/snap/081008-parklifeartists/aak","20081012105857","200"
"http://www.inthemix.com.au:80/gallery/snap/081008-parklifeartists/aak?full=1","20081013120055","302"
"http://www.inthemix.com.au:80/gallery/snap/081008-parklifeartists/aal","20081012105746","200"
"http://www.inthemix.com.au:80/gallery/snap/081008-parklifeartists/aal?full=1","20081013120100","302"
"http://www.inthemix.com.au:80/gallery/snap/081008-parklifeartists/aam","20081012110702","200"
"http://www.inthemix.com.au:80/gallery/snap/081008-parklifeartists/aam?full=1","20081013120105","302"
"http://www.inthemix.com.au:80/gallery/snap/081008-parklifeartists/aan","20081012110707","200"
"http://www.inthemix.com.au:80/gallery/snap/081008-parklifeartists/aan?full=1","20081013120110","302"
"http://www.inthemix.com.au:80/gallery/snap/081008-parklifeartists/aao","20081012105601","200"
"http://www.inthemix.com.au:80/gallery/snap/081008-parklifeartists/aao?full=1","20081013120115","302"
"http://www.inthemix.com.au:80/gallery/snap/081008-parklifeartists/aap","20081012105905","200"
"http://www.inthemix.com.au:80/gallery/snap/081008-parklifeartists/aap?full=1","20081013120120","302"
"http://www.inthemix.com.au:80/gallery/snap/081008-parklifeartists/aaq","20081012105606","200"
"http://www.inthemix.com.au:80/gallery/snap/081008-parklifeartists/aaq?full=1","20081013120125","302"
"http://www.inthemix.com.au:80/gallery/snap/081008-parklifeartists/aar","20081012105612","200"
"http://www.inthemix.com.au:80/gallery/snap/081008-parklifeartists/aar?full=1","20081013120130","302"
"http://www.inthemix.com.au:80/gallery/snap/081008-parklifeartists/aas","20081012105616","200"
"http://www.inthemix.com.au:80/gallery/snap/081008-parklifeartists/aas?full=1","20081013120135","302"
"http://www.inthemix.com.au:80/gallery/snap/081008-parklifeartists/aat","20081012105753","200"
"http://www.inthemix.com.au:80/gallery/snap/081008-parklifeartists/aat?full=1","20081013120140","302"
"http://www.inthemix.com.au:80/gallery/snap/081008-parklifeartists/aau","20081012110713","200"
"http://www.inthemix.com.au:80/gallery/snap/081008-parklifeartists/aau?full=1","20081013120145","302"
"http://www.inthemix.com.au:80/gallery/snap/081008-parklifeartists/aav","20081012110717","200"
"http://www.inthemix.com.au:80/gallery/snap/081008-parklifeartists/aav?full=1","20081013120150","302"
"http://www.inthemix.com.au:80/gallery/snap/081008-parklifeartists/aaw","20081012105758","200"
"http://www.inthemix.com.au:80/gallery/snap/081008-parklifeartists/aaw?full=1","20081013120155","302"
"http://www.inthemix.com.au:80/gallery/snap/081008-parklifeartists/aax","20081012110723","200"
"http://www.inthemix.com.au:80/gallery/snap/081008-parklifeartists/aax?full=1","20081013120200","302"
"http://www.inthemix.com.au:80/gallery/snap/081008-parklifeartists/aay","20081012110728","200"
"http://www.inthemix.com.au:80/gallery/snap/081008-parklifeartists/aay?full=1","20081013120205","302"
"http://www.inthemix.com.au:80/gallery/snap/081008-parklifeartists/aaz","20090513045417","200"
"http://www.inthemix.com.au:80/gallery/snap/081008-parklifeartists/secure-au.imrworldwide.com/","20081013060500","404"
"http://www.inthemix.com.au:80/gallery/snap/081008-parklifecrowd","20081227022000","302"
"http://www.inthemix.com.au:80/gallery/snap/081008-parklifecrowd/aaa","20081227022000","200"
"http://www.inthemix.com.au:80/gallery/snap/081008-parklifecrowd/aab","20090513065949","200"
"http://www.inthemix.com.au:80/gallery/snap/081008-parklifecrowd/aac","20090519081447","200"
"http://www.inthemix.com.au:80/gallery/snap/081008-parklifecrowd/aad","20090513055727","200"
"http://www.inthemix.com.au:80/gallery/snap/081008-parklifecrowd/aae","20090513083013","200"
"http://www.inthemix.com.au:80/gallery/snap/081008-parklifecrowd/aaf","20090513103153","200"
"http://www.inthemix.com.au:80/gallery/snap/081008-parklifecrowd/aag","20090513090705","200"
"http://www.inthemix.com.au:80/gallery/snap/081008-parklifecrowd/aah","20090513103158","200"
"http://www.inthemix.com.au:80/gallery/snap/081008-parklifecrowd/aai","20090513055729","200"
"http://www.inthemix.com.au:80/gallery/snap/081008-parklifecrowd/aaj","20090513065954","200"
"http://www.inthemix.com.au:80/gallery/snap/081008-parklifecrowd/aak","20090513090711","200"
"http://www.inthemix.com.au:80/gallery/snap/081008-parklifecrowd/aal","20090513045423","200"
"http://www.inthemix.com.au:80/gallery/snap/081008-parklifecrowd/aam","20090513055923","200"
"http://www.inthemix.com.au:80/gallery/snap/081008-parklifecrowd/aan","20090512231542","200"
"http://www.inthemix.com.au:80/gallery/snap/081008-parklifecrowd/aao","20090513045428","200"
"http://www.inthemix.com.au:80/gallery/snap/081008-parklifecrowd/aap","20090516014317","200"
"http://www.inthemix.com.au:80/gallery/snap/081008-parklifecrowd/aaq","20090513103203","200"
"http://www.inthemix.com.au:80/gallery/snap/081008-parklifecrowd/aar","20090513055928","200"
"http://www.inthemix.com.au:80/gallery/snap/081008-parklifecrowd/aas","20090512232027","200"
"http://www.inthemix.com.au:80/gallery/snap/081008-parklifecrowd/aat","20090513103208","200"
"http://www.inthemix.com.au:80/gallery/snap/081008-wtfweeklyparklife","20081010010308","302"
"http://www.inthemix.com.au:80/gallery/snap/081008-wtfweeklyparklife/aaa","20081010010308","200"
"http://www.inthemix.com.au:80/gallery/snap/081009-bigdayout","20081010010313","302"
"http://www.inthemix.com.au:80/gallery/snap/081009-bigdayout/aaa","20081010010313","200"
"http://www.inthemix.com.au:80/gallery/snap/081009-bigdayout/aaa?full=1","20081017021106","302"
"http://www.inthemix.com.au:80/gallery/snap/081009-bigdayout/aab","20081015232154","200"
"http://www.inthemix.com.au:80/gallery/snap/081009-bigdayout/aab?full=1","20081017021812","302"
"http://www.inthemix.com.au:80/gallery/snap/081009-bigdayout/aac","20081015232235","200"
"http://www.inthemix.com.au:80/gallery/snap/081009-bigdayout/aac?full=1","20081017021817","302"
"http://www.inthemix.com.au:80/gallery/snap/081009-bigdayout/aad","20081015232358","200"
"http://www.inthemix.com.au:80/gallery/snap/081009-bigdayout/aad?full=1","20081017030048","302"
"http://www.inthemix.com.au:80/gallery/snap/081009-bigdayout/aae","20081015232124","200"
"http://www.inthemix.com.au:80/gallery/snap/081009-bigdayout/aae?full=1","20081017030054","302"
"http://www.inthemix.com.au:80/gallery/snap/081009-bigdayout/aaf","20081015232403","200"
"http://www.inthemix.com.au:80/gallery/snap/081009-bigdayout/aaf?full=1","20081017030059","302"
"http://www.inthemix.com.au:80/gallery/snap/081009-bigdayout/aag","20081015232159","200"
"http://www.inthemix.com.au:80/gallery/snap/081009-bigdayout/aag?full=1","20081017030104","302"
"http://www.inthemix.com.au:80/gallery/snap/081009-bigdayout/aah","20081015232408","200"
"http://www.inthemix.com.au:80/gallery/snap/081009-bigdayout/aah?full=1","20081017030109","302"
"http://www.inthemix.com.au:80/gallery/snap/081009-bigdayout/aai","20081015232204","200"
"http://www.inthemix.com.au:80/gallery/snap/081009-bigdayout/aai?full=1","20081017030114","302"
"http://www.inthemix.com.au:80/gallery/snap/081009-bigdayout/aaj","20081015232209","200"
"http://www.inthemix.com.au:80/gallery/snap/081009-bigdayout/aaj?full=1","20081017030119","302"
"http://www.inthemix.com.au:80/gallery/snap/081009-bigdayout/aak","20081015232413","200"
"http://www.inthemix.com.au:80/gallery/snap/081009-bigdayout/aak?full=1","20081017030124","302"
"http://www.inthemix.com.au:80/gallery/snap/081009-bigdayout/aal","20081015232214","200"
"http://www.inthemix.com.au:80/gallery/snap/081009-bigdayout/aal?full=1","20081017030129","302"
"http://www.inthemix.com.au:80/gallery/snap/081009-bigdayout/aam","20081015233400","200"
"http://www.inthemix.com.au:80/gallery/snap/081009-bigdayout/aan","20081015232219","200"
"http://www.inthemix.com.au:80/gallery/snap/081009-bigdayout/aan?full=1","20081017030134","302"
"http://www.inthemix.com.au:80/gallery/snap/081009-bigdayout/aao","20081015232129","200"
"http://www.inthemix.com.au:80/gallery/snap/081009-bigdayout/aao?full=1","20081017030139","302"
"http://www.inthemix.com.au:80/gallery/snap/081009-bigdayout/aap","20081015232240","200"
"http://www.inthemix.com.au:80/gallery/snap/081009-bigdayout/aap?full=1","20081017030144","302"
"http://www.inthemix.com.au:80/gallery/snap/081009-bigdayout/aaq","20081015232225","200"
"http://www.inthemix.com.au:80/gallery/snap/081009-bigdayout/aaq?full=1","20081017030149","302"
"http://www.inthemix.com.au:80/gallery/snap/081009-bigdayout/aar","20081015233255","200"
"http://www.inthemix.com.au:80/gallery/snap/081009-bigdayout/aas","20081015233301","200"
"http://www.inthemix.com.au:80/gallery/snap/081009-bigdayout/secure-au.imrworldwide.com/","20081017013438","404"
"http://www.inthemix.com.au:80/gallery/snap/081009-tonymott","20081010010318","302"
"http://www.inthemix.com.au:80/gallery/snap/081009-tonymott/aaa","20081010010318","200"
"http://www.inthemix.com.au:80/gallery/snap/081009-tonymott/aab","20081019121428","200"
"http://www.inthemix.com.au:80/gallery/snap/081009-tonymott/aab?full=1","20081020131804","302"
"http://www.inthemix.com.au:80/gallery/snap/081009-tonymott/aac","20081019121200","200"
"http://www.inthemix.com.au:80/gallery/snap/081009-tonymott/aac?full=1","20081020131809","302"
"http://www.inthemix.com.au:80/gallery/snap/081009-tonymott/aad","20081019121433","200"
"http://www.inthemix.com.au:80/gallery/snap/081009-tonymott/aad?full=1","20081020131814","302"
"http://www.inthemix.com.au:80/gallery/snap/081009-tonymott/aae","20081019121438","200"
"http://www.inthemix.com.au:80/gallery/snap/081009-tonymott/aae?full=1","20081020131819","302"
"http://www.inthemix.com.au:80/gallery/snap/081009-tonymott/aaf","20081019121443","200"
"http://www.inthemix.com.au:80/gallery/snap/081009-tonymott/aaf?full=1","20081020131824","302"
"http://www.inthemix.com.au:80/gallery/snap/081009-tonymott/aag","20081019121448","200"
"http://www.inthemix.com.au:80/gallery/snap/081009-tonymott/aag?full=1","20081020131833","302"
"http://www.inthemix.com.au:80/gallery/snap/081009-tonymott/aah","20081019121453","200"
"http://www.inthemix.com.au:80/gallery/snap/081009-tonymott/aah?full=1","20081020131834","302"
"http://www.inthemix.com.au:80/gallery/snap/081009-tonymott/aai","20081019121458","200"
"http://www.inthemix.com.au:80/gallery/snap/081009-tonymott/aai?full=1","20081020131840","302"
"http://www.inthemix.com.au:80/gallery/snap/081009-tonymott/aaj","20081019121503","200"
"http://www.inthemix.com.au:80/gallery/snap/081009-tonymott/aaj?full=1","20081020131844","302"
"http://www.inthemix.com.au:80/gallery/snap/081009-tonymott/aak","20081019121205","200"
"http://www.inthemix.com.au:80/gallery/snap/081009-tonymott/aak?full=1","20081020131849","302"
"http://www.inthemix.com.au:80/gallery/snap/081009-tonymott/aal","20081019121210","200"
"http://www.inthemix.com.au:80/gallery/snap/081009-tonymott/aal?full=1","20081020131854","302"
"http://www.inthemix.com.au:80/gallery/snap/081009-tonymott/aam","20081019121215","200"
"http://www.inthemix.com.au:80/gallery/snap/081009-tonymott/aam?full=1","20081020131900","302"
"http://www.inthemix.com.au:80/gallery/snap/081009-tonymott/aan","20081019121220","200"
"http://www.inthemix.com.au:80/gallery/snap/081009-tonymott/aan?full=1","20081020131904","302"
"http://www.inthemix.com.au:80/gallery/snap/081009-tonymott/aao","20081019121508","200"
"http://www.inthemix.com.au:80/gallery/snap/081009-tonymott/aao?full=1","20081020131909","302"
"http://www.inthemix.com.au:80/gallery/snap/081009-tonymott/aap","20081019121513","200"
"http://www.inthemix.com.au:80/gallery/snap/081010-godskitchen","20081012115413","302"
"http://www.inthemix.com.au:80/gallery/snap/081010-godskitchen/aaa","20081012115413","200"
"http://www.inthemix.com.au:80/gallery/snap/081010-godskitchen/aab","20081015233306","200"
"http://www.inthemix.com.au:80/gallery/snap/081010-godskitchen/aac","20081015233311","200"
"http://www.inthemix.com.au:80/gallery/snap/081010-godskitchen/aad","20081015232134","200"
"http://www.inthemix.com.au:80/gallery/snap/081010-godskitchen/aad?full=1","20081017030155","302"
"http://www.inthemix.com.au:80/gallery/snap/081010-godskitchen/aae","20081015233316","200"
"http://www.inthemix.com.au:80/gallery/snap/081010-godskitchen/aaf","20081015232327","200"
"http://www.inthemix.com.au:80/gallery/snap/081010-godskitchen/aaf?full=1","20081017030159","302"
"http://www.inthemix.com.au:80/gallery/snap/081010-godskitchen/aag","20081015233321","200"
"http://www.inthemix.com.au:80/gallery/snap/081010-godskitchen/aah","20081015232139","200"
"http://www.inthemix.com.au:80/gallery/snap/081010-godskitchen/aah?full=1","20081017030204","302"
"http://www.inthemix.com.au:80/gallery/snap/081010-godskitchen/aai","20081015233327","200"
"http://www.inthemix.com.au:80/gallery/snap/081010-godskitchen/aaj","20081015233405","200"
"http://www.inthemix.com.au:80/gallery/snap/081010-godskitchen/aak","20081015232144","200"
"http://www.inthemix.com.au:80/gallery/snap/081010-godskitchen/aak?full=1","20081017030209","302"
"http://www.inthemix.com.au:80/gallery/snap/081010-godskitchen/aal","20081015232428","200"
"http://www.inthemix.com.au:80/gallery/snap/081010-godskitchen/aam","20081015232149","200"
"http://www.inthemix.com.au:80/gallery/snap/081010-godskitchen/aam?full=1","20081017030214","302"
"http://www.inthemix.com.au:80/gallery/snap/081010-godskitchen/aan","20081017021020","200"
"http://www.inthemix.com.au:80/gallery/snap/081010-godskitchen/aaz","20081017020945","200"
"http://www.inthemix.com.au:80/gallery/snap/081010-godskitchen/secure-au.imrworldwide.com/","20081017020950","404"
"http://www.inthemix.com.au:80/gallery/snap/081010-nevermind","20081012115409","302"
"http://www.inthemix.com.au:80/gallery/snap/081010-nevermind/aaa","20081012115409","200"
"http://www.inthemix.com.au:80/gallery/snap/081010-nevermind/aaa?full=1","20081015215508","302"
"http://www.inthemix.com.au:80/gallery/snap/081010-nevermind/aab","20081013093957","200"
"http://www.inthemix.com.au:80/gallery/snap/081010-nevermind/aab?full=1","20081015215514","302"
"http://www.inthemix.com.au:80/gallery/snap/081010-nevermind/aac","20081013095009","200"
"http://www.inthemix.com.au:80/gallery/snap/081010-nevermind/aac?full=1","20081015215519","302"
"http://www.inthemix.com.au:80/gallery/snap/081010-nevermind/aad","20081013095014","200"
"http://www.inthemix.com.au:80/gallery/snap/081010-nevermind/aad?full=1","20081015215524","302"
"http://www.inthemix.com.au:80/gallery/snap/081010-nevermind/aae","20081013095602","200"
"http://www.inthemix.com.au:80/gallery/snap/081010-nevermind/aae?full=1","20081015215530","302"
"http://www.inthemix.com.au:80/gallery/snap/081010-nevermind/aaf","20081013094506","200"
"http://www.inthemix.com.au:80/gallery/snap/081010-nevermind/aaf?full=1","20081015215534","302"
"http://www.inthemix.com.au:80/gallery/snap/081010-nevermind/aag","20081013095019","200"
"http://www.inthemix.com.au:80/gallery/snap/081010-nevermind/aag?full=1","20081015215539","302"
"http://www.inthemix.com.au:80/gallery/snap/081010-nevermind/aah","20081013095607","200"
"http://www.inthemix.com.au:80/gallery/snap/081010-nevermind/aah?full=1","20081015215544","302"
"http://www.inthemix.com.au:80/gallery/snap/081010-nevermind/aai","20081013094508","200"
"http://www.inthemix.com.au:80/gallery/snap/081010-nevermind/aai?full=1","20081015215549","302"
"http://www.inthemix.com.au:80/gallery/snap/081010-nevermind/aaj","20081013095024","200"
"http://www.inthemix.com.au:80/gallery/snap/081010-nevermind/aaj?full=1","20081015215554","302"
"http://www.inthemix.com.au:80/gallery/snap/081010-nevermind/aak","20081013095612","200"
"http://www.inthemix.com.au:80/gallery/snap/081010-nevermind/aak?full=1","20081015215559","302"
"http://www.inthemix.com.au:80/gallery/snap/081010-nevermind/aal","20081013095315","200"
"http://www.inthemix.com.au:80/gallery/snap/081010-nevermind/aal?full=1","20081015215604","302"
"http://www.inthemix.com.au:80/gallery/snap/081010-nevermind/aam","20081013095029","200"
"http://www.inthemix.com.au:80/gallery/snap/081010-nevermind/aam?full=1","20081015215609","302"
"http://www.inthemix.com.au:80/gallery/snap/081010-nevermind/aan","20081013095617","200"
"http://www.inthemix.com.au:80/gallery/snap/081010-nevermind/aan?full=1","20081015215614","302"
"http://www.inthemix.com.au:80/gallery/snap/081010-nevermind/aao","20081013095623","200"
"http://www.inthemix.com.au:80/gallery/snap/081010-nevermind/aao?full=1","20081015215619","302"
"http://www.inthemix.com.au:80/gallery/snap/081010-nevermind/aap","20081013100032","200"
"http://www.inthemix.com.au:80/gallery/snap/081010-nevermind/aap?full=1","20081015215625","302"
"http://www.inthemix.com.au:80/gallery/snap/081010-nevermind/aaq","20081013095034","200"
"http://www.inthemix.com.au:80/gallery/snap/081010-nevermind/aaq?full=1","20081015215629","302"
"http://www.inthemix.com.au:80/gallery/snap/081010-nevermind/aar","20081013095320","200"
"http://www.inthemix.com.au:80/gallery/snap/081010-nevermind/aar?full=1","20081015215634","302"
"http://www.inthemix.com.au:80/gallery/snap/081010-nevermind/aas","20081013095325","200"
"http://www.inthemix.com.au:80/gallery/snap/081010-nevermind/aas?full=1","20081015215639","302"
"http://www.inthemix.com.au:80/gallery/snap/081010-nevermind/aat","20081013094514","200"
"http://www.inthemix.com.au:80/gallery/snap/081010-nevermind/aat?full=1","20081015215644","302"
"http://www.inthemix.com.au:80/gallery/snap/081010-nevermind/aau","20081013095330","200"
"http://www.inthemix.com.au:80/gallery/snap/081010-nevermind/aau?full=1","20081015215649","302"
"http://www.inthemix.com.au:80/gallery/snap/081010-nevermind/aav","20081013095039","200"
"http://www.inthemix.com.au:80/gallery/snap/081010-nevermind/aav?full=1","20081015215654","302"
"http://www.inthemix.com.au:80/gallery/snap/081010-nevermind/aaw","20081013100038","200"
"http://www.inthemix.com.au:80/gallery/snap/081010-nevermind/aaw?full=1","20081015215659","302"
"http://www.inthemix.com.au:80/gallery/snap/081010-nevermind/aax","20081013100043","200"
"http://www.inthemix.com.au:80/gallery/snap/081010-nevermind/aax?full=1","20081015215704","302"
"http://www.inthemix.com.au:80/gallery/snap/081010-nevermind/aay","20081013094520","200"
"http://www.inthemix.com.au:80/gallery/snap/081010-nevermind/aay?full=1","20081015215709","302"
"http://www.inthemix.com.au:80/gallery/snap/081010-nevermind/aaz","20081013095044","200"
"http://www.inthemix.com.au:80/gallery/snap/081010-nevermind/aaz?full=1","20081015215715","302"
"http://www.inthemix.com.au:80/gallery/snap/081010-nevermind/aba","20081013094525","200"
"http://www.inthemix.com.au:80/gallery/snap/081010-nevermind/aba?full=1","20081015215720","302"
"http://www.inthemix.com.au:80/gallery/snap/081010-nevermind/abb","20081013095335","200"
"http://www.inthemix.com.au:80/gallery/snap/081010-nevermind/abb?full=1","20081015215725","302"
"http://www.inthemix.com.au:80/gallery/snap/081010-nevermind/abc","20081013100048","200"
"http://www.inthemix.com.au:80/gallery/snap/081010-nevermind/abc?full=1","20081015215730","302"
"http://www.inthemix.com.au:80/gallery/snap/081010-nevermind/abd","20081013095049","200"
"http://www.inthemix.com.au:80/gallery/snap/081010-nevermind/abd?full=1","20081015215736","302"
"http://www.inthemix.com.au:80/gallery/snap/081010-nevermind/abe","20081013095340","200"
"http://www.inthemix.com.au:80/gallery/snap/081010-nevermind/abe?full=1","20081015215740","302"
"http://www.inthemix.com.au:80/gallery/snap/081010-nevermind/abf","20081013094530","200"
"http://www.inthemix.com.au:80/gallery/snap/081010-nevermind/abf?full=1","20081015215745","302"
"http://www.inthemix.com.au:80/gallery/snap/081010-nevermind/abg","20081013100059","200"
"http://www.inthemix.com.au:80/gallery/snap/081010-nevermind/abg?full=1","20081015215750","302"
"http://www.inthemix.com.au:80/gallery/snap/081010-nevermind/abh","20081013100104","200"
"http://www.inthemix.com.au:80/gallery/snap/081010-nevermind/abh?full=1","20081015215755","302"
"http://www.inthemix.com.au:80/gallery/snap/081010-nevermind/secure-au.imrworldwide.com/","20081015214156","404"
"http://www.inthemix.com.au:80/gallery/snap/081013-laneway","20081015214203","302"
"http://www.inthemix.com.au:80/gallery/snap/081013-laneway/aaa","20081015214203","200"
"http://www.inthemix.com.au:80/gallery/snap/081014-ariaawards","20081018230402","302"
"http://www.inthemix.com.au:80/gallery/snap/081014-ariaawards/aaa","20081018230402","200"
"http://www.inthemix.com.au:80/gallery/snap/081014-ariaawards/aaa?full=1","20081022221913","302"
"http://www.inthemix.com.au:80/gallery/snap/081014-ariaawards/aab","20081022200717","200"
"http://www.inthemix.com.au:80/gallery/snap/081014-ariaawards/aam","20081022221919","200"
"http://www.inthemix.com.au:80/gallery/snap/081014-ariaawards/secure-au.imrworldwide.com/","20081022221923","404"
"http://www.inthemix.com.au:80/gallery/snap/081014-globalgathering","20081017115821","302"
"http://www.inthemix.com.au:80/gallery/snap/081014-globalgathering/aaa","20081017115821","200"
"http://www.inthemix.com.au:80/gallery/snap/081014-snowbombing","20081029071237","302"
"http://www.inthemix.com.au:80/gallery/snap/081014-snowbombing/aaa","20081019121518","200"
"http://www.inthemix.com.au:80/gallery/snap/081014-snowbombing/aab","20081019121226","200"
"http://www.inthemix.com.au:80/gallery/snap/081014-snowbombing/aab?full=1","20081020131915","302"
"http://www.inthemix.com.au:80/gallery/snap/081014-snowbombing/aac","20081019121523","200"
"http://www.inthemix.com.au:80/gallery/snap/081014-snowbombing/aac?full=1","20081020131920","302"
"http://www.inthemix.com.au:80/gallery/snap/081014-snowbombing/aad","20081019121231","200"
"http://www.inthemix.com.au:80/gallery/snap/081014-snowbombing/aad?full=1","20081020131925","302"
"http://www.inthemix.com.au:80/gallery/snap/081014-snowbombing/aae","20081019121528","200"
"http://www.inthemix.com.au:80/gallery/snap/081014-snowbombing/aae?full=1","20081020131930","302"
"http://www.inthemix.com.au:80/gallery/snap/081014-snowbombing/aaf","20081019121533","200"
"http://www.inthemix.com.au:80/gallery/snap/081014-snowbombing/aaf?full=1","20081020131936","302"
"http://www.inthemix.com.au:80/gallery/snap/081014-snowbombing/aag","20081019121538","200"
"http://www.inthemix.com.au:80/gallery/snap/081014-snowbombing/aag?full=1","20081020131940","302"
"http://www.inthemix.com.au:80/gallery/snap/081014-snowbombing/aah","20081019121236","200"
"http://www.inthemix.com.au:80/gallery/snap/081014-snowbombing/aah?full=1","20081020131945","302"
"http://www.inthemix.com.au:80/gallery/snap/081014-snowbombing/aai","20081019121543","200"
"http://www.inthemix.com.au:80/gallery/snap/081014-snowbombing/aai?full=1","20081020131951","302"
"http://www.inthemix.com.au:80/gallery/snap/081014-snowbombing/aaj","20081019121548","200"
"http://www.inthemix.com.au:80/gallery/snap/081014-snowbombing/aaj?full=1","20081020131955","302"
"http://www.inthemix.com.au:80/gallery/snap/081014-snowbombing/aak","20081019121553","200"
"http://www.inthemix.com.au:80/gallery/snap/081014-snowbombing/aak?full=1","20081020132000","302"
"http://www.inthemix.com.au:80/gallery/snap/081014-snowbombing/aal","20081019121241","200"
"http://www.inthemix.com.au:80/gallery/snap/081014-snowbombing/aal?full=1","20081020132006","302"
"http://www.inthemix.com.au:80/gallery/snap/081014-snowbombing/aam","20081019121559","200"
"http://www.inthemix.com.au:80/gallery/snap/081014-snowbombing/aam?full=1","20081020132010","302"
"http://www.inthemix.com.au:80/gallery/snap/081014-snowbombing/aan","20081019121249","200"
"http://www.inthemix.com.au:80/gallery/snap/081014-snowbombing/aan?full=1","20081020132015","302"
"http://www.inthemix.com.au:80/gallery/snap/081014-snowbombing/aao","20081019121604","200"
"http://www.inthemix.com.au:80/gallery/snap/081014-snowbombing/aao?full=1","20081020132021","302"
"http://www.inthemix.com.au:80/gallery/snap/081014-snowbombing/aap","20081019121609","200"
"http://www.inthemix.com.au:80/gallery/snap/081014-snowbombing/aap?full=1","20081020132026","302"
"http://www.inthemix.com.au:80/gallery/snap/081014-snowbombing/aaq","20081019121614","200"
"http://www.inthemix.com.au:80/gallery/snap/081014-snowbombing/aaq?full=1","20081020132030","302"
"http://www.inthemix.com.au:80/gallery/snap/081014-snowbombing/aar","20081019121256","200"
"http://www.inthemix.com.au:80/gallery/snap/081014-snowbombing/aar?full=1","20081020132036","302"
"http://www.inthemix.com.au:80/gallery/snap/081014-snowbombing/aas","20081019121619","200"
"http://www.inthemix.com.au:80/gallery/snap/081014-snowbombing/aas?full=1","20081020132040","302"
"http://www.inthemix.com.au:80/gallery/snap/081014-snowbombing/aat","20081019121301","200"
"http://www.inthemix.com.au:80/gallery/snap/081014-snowbombing/aat?full=1","20081020132046","302"
"http://www.inthemix.com.au:80/gallery/snap/081014-snowbombing/aau","20081019121306","200"
"http://www.inthemix.com.au:80/gallery/snap/081014-snowbombing/aau?full=1","20081020132051","302"
"http://www.inthemix.com.au:80/gallery/snap/081014-snowbombing/aav","20081019121624","200"
"http://www.inthemix.com.au:80/gallery/snap/081015-godskitchenoutfits","20081017020956","302"
"http://www.inthemix.com.au:80/gallery/snap/081015-godskitchenoutfits/aaa","20081017020956","200"
"http://www.inthemix.com.au:80/gallery/snap/081015-godskitchenparties","20081017021001","302"
"http://www.inthemix.com.au:80/gallery/snap/081015-godskitchenparties/aaa","20081017021001","200"
"http://www.inthemix.com.au:80/gallery/snap/081015-godskitchenparties/aaa?full=1","20081021024403","302"
"http://www.inthemix.com.au:80/gallery/snap/081015-godskitchenparties/aab","20081020052651","200"
"http://www.inthemix.com.au:80/gallery/snap/081015-godskitchenparties/aab?full=1","20081021024408","302"
"http://www.inthemix.com.au:80/gallery/snap/081015-godskitchenparties/aac","20081020052656","200"
"http://www.inthemix.com.au:80/gallery/snap/081015-godskitchenparties/aac?full=1","20081021024413","302"
"http://www.inthemix.com.au:80/gallery/snap/081015-godskitchenparties/aad","20081020052152","200"
"http://www.inthemix.com.au:80/gallery/snap/081015-godskitchenparties/aad?full=1","20081021024418","302"
"http://www.inthemix.com.au:80/gallery/snap/081015-godskitchenparties/aae","20081020052701","200"
"http://www.inthemix.com.au:80/gallery/snap/081015-godskitchenparties/aae?full=1","20081021024423","302"
"http://www.inthemix.com.au:80/gallery/snap/081015-godskitchenparties/aaf","20081020052157","200"
"http://www.inthemix.com.au:80/gallery/snap/081015-godskitchenparties/aaf?full=1","20081021024428","302"
"http://www.inthemix.com.au:80/gallery/snap/081015-godskitchenparties/aag","20081020052202","200"
"http://www.inthemix.com.au:80/gallery/snap/081015-godskitchenparties/aag?full=1","20081021024433","302"
"http://www.inthemix.com.au:80/gallery/snap/081015-godskitchenparties/aah","20081020215620","200"
"http://www.inthemix.com.au:80/gallery/snap/081015-godskitchenparties/aaq","20081020202913","200"
"http://www.inthemix.com.au:80/gallery/snap/081015-godskitchenparties/aar","20081020052706","200"
"http://www.inthemix.com.au:80/gallery/snap/081015-godskitchenparties/aar?full=1","20081021024438","302"
"http://www.inthemix.com.au:80/gallery/snap/081015-godskitchenparties/secure-au.imrworldwide.com/","20081020202918","404"
"http://www.inthemix.com.au:80/gallery/snap/081016-festivalawards","20081017021006","302"
"http://www.inthemix.com.au:80/gallery/snap/081016-festivalawards/aaa","20081017021006","200"
"http://www.inthemix.com.au:80/gallery/snap/081016-festivalawards/aab","20081019121636","200"
"http://www.inthemix.com.au:80/gallery/snap/081016-festivalawards/aab?full=1","20081020132056","302"
"http://www.inthemix.com.au:80/gallery/snap/081016-festivalawards/aac","20081019121311","200"
"http://www.inthemix.com.au:80/gallery/snap/081016-festivalawards/aac?full=1","20081020132100","302"
"http://www.inthemix.com.au:80/gallery/snap/081016-festivalawards/aad","20081019121642","200"
"http://www.inthemix.com.au:80/gallery/snap/081016-festivalawards/aad?full=1","20081020132106","302"
"http://www.inthemix.com.au:80/gallery/snap/081016-festivalawards/aae","20081019121316","200"
"http://www.inthemix.com.au:80/gallery/snap/081016-festivalawards/aae?full=1","20081020132110","302"
"http://www.inthemix.com.au:80/gallery/snap/081016-festivalawards/aaf","20081019121321","200"
"http://www.inthemix.com.au:80/gallery/snap/081016-festivalawards/aaf?full=1","20081020132115","302"
"http://www.inthemix.com.au:80/gallery/snap/081016-festivalawards/aag","20081019121647","200"
"http://www.inthemix.com.au:80/gallery/snap/081016-festivalawards/aag?full=1","20081020132121","302"
"http://www.inthemix.com.au:80/gallery/snap/081016-festivalawards/aah","20081019121326","200"
"http://www.inthemix.com.au:80/gallery/snap/081016-festivalawards/aah?full=1","20081020132127","302"
"http://www.inthemix.com.au:80/gallery/snap/081016-festivalawards/aai","20081019121331","200"
"http://www.inthemix.com.au:80/gallery/snap/081016-festivalawards/aai?full=1","20081020132132","302"
"http://www.inthemix.com.au:80/gallery/snap/081016-festivalawards/aaj","20081019121652","200"
"http://www.inthemix.com.au:80/gallery/snap/081016-festivalawards/aaj?full=1","20081020132136","302"
"http://www.inthemix.com.au:80/gallery/snap/081016-festivalawards/aak","20081019121657","200"
"http://www.inthemix.com.au:80/gallery/snap/081020-ariaawards","20081021053132","302"
"http://www.inthemix.com.au:80/gallery/snap/081020-ariaawards/aaa","20081021053132","200"
"http://www.inthemix.com.au:80/gallery/snap/081021-xqlusive","20081022212054","302"
"http://www.inthemix.com.au:80/gallery/snap/081021-xqlusive/aaa","20081022212054","200"
"http://www.inthemix.com.au:80/gallery/snap/081022-worstalbumcovers","20081022212059","302"
"http://www.inthemix.com.au:80/gallery/snap/081022-worstalbumcovers/aaa","20081022212059","200"
"http://www.inthemix.com.au:80/gallery/snap/081024-ade","20081029071245","302"
"http://www.inthemix.com.au:80/gallery/snap/081024-ade/aaa","20081029071245","200"
"http://www.inthemix.com.au:80/gallery/snap/081024-nevereverland","20081025182258","302"
"http://www.inthemix.com.au:80/gallery/snap/081024-nevereverland/aaa","20081025182258","200"
"http://www.inthemix.com.au:80/gallery/snap/081024-nevereverland/aaa?full=1","20081029195941","302"
"http://www.inthemix.com.au:80/gallery/snap/081024-nevereverland/aab","20081029032718","200"
"http://www.inthemix.com.au:80/gallery/snap/081024-nevereverland/aab?full=1","20081029195947","302"
"http://www.inthemix.com.au:80/gallery/snap/081024-nevereverland/aac","20081029025421","200"
"http://www.inthemix.com.au:80/gallery/snap/081024-nevereverland/aac?full=1","20081029194435","302"
"http://www.inthemix.com.au:80/gallery/snap/081024-nevereverland/aad","20081029025426","200"
"http://www.inthemix.com.au:80/gallery/snap/081024-nevereverland/aad?full=1","20081029194440","302"
"http://www.inthemix.com.au:80/gallery/snap/081024-nevereverland/aae","20081029032723","200"
"http://www.inthemix.com.au:80/gallery/snap/081024-nevereverland/aae?full=1","20081029195952","302"
"http://www.inthemix.com.au:80/gallery/snap/081024-nevereverland/aaf","20081029031227","200"
"http://www.inthemix.com.au:80/gallery/snap/081024-nevereverland/aaf?full=1","20081029195957","302"
"http://www.inthemix.com.au:80/gallery/snap/081024-nevereverland/aag","20081029032728","200"
"http://www.inthemix.com.au:80/gallery/snap/081024-nevereverland/aag?full=1","20081029200002","302"
"http://www.inthemix.com.au:80/gallery/snap/081024-nevereverland/aah","20081029032733","200"
"http://www.inthemix.com.au:80/gallery/snap/081024-nevereverland/aah?full=1","20081029200007","302"
"http://www.inthemix.com.au:80/gallery/snap/081024-nevereverland/aai","20081029032738","200"
"http://www.inthemix.com.au:80/gallery/snap/081024-nevereverland/aai?full=1","20081029200012","302"
"http://www.inthemix.com.au:80/gallery/snap/081024-nevereverland/aaj","20081029031232","200"
"http://www.inthemix.com.au:80/gallery/snap/081024-nevereverland/aaj?full=1","20081029200017","302"
"http://www.inthemix.com.au:80/gallery/snap/081024-nevereverland/aak","20081029031237","200"
"http://www.inthemix.com.au:80/gallery/snap/081024-nevereverland/aak?full=1","20081029200022","302"
"http://www.inthemix.com.au:80/gallery/snap/081024-nevereverland/aal","20081029031242","200"
"http://www.inthemix.com.au:80/gallery/snap/081024-nevereverland/aal?full=1","20081029200027","302"
"http://www.inthemix.com.au:80/gallery/snap/081024-nevereverland/aam","20081029031247","200"
"http://www.inthemix.com.au:80/gallery/snap/081024-nevereverland/aam?full=1","20081029200032","302"
"http://www.inthemix.com.au:80/gallery/snap/081024-nevereverland/aan","20081029031252","200"
"http://www.inthemix.com.au:80/gallery/snap/081024-nevereverland/aan?full=1","20081029200037","302"
"http://www.inthemix.com.au:80/gallery/snap/081024-nevereverland/aao","20081029032744","200"
"http://www.inthemix.com.au:80/gallery/snap/081024-nevereverland/aao?full=1","20081029200042","302"
"http://www.inthemix.com.au:80/gallery/snap/081024-nevereverland/aap","20081029031257","200"
"http://www.inthemix.com.au:80/gallery/snap/081024-nevereverland/aap?full=1","20081029200047","302"
"http://www.inthemix.com.au:80/gallery/snap/081024-nevereverland/aaq","20081029032750","200"
"http://www.inthemix.com.au:80/gallery/snap/081024-nevereverland/aaq?full=1","20081029200052","302"
"http://www.inthemix.com.au:80/gallery/snap/081024-nevereverland/secure-au.imrworldwide.com/","20081029192930","404"
"http://www.inthemix.com.au:80/gallery/snap/081024-redbullmusicacademy","20081025182304","302"
"http://www.inthemix.com.au:80/gallery/snap/081024-redbullmusicacademy/aaa","20081025182304","200"
"http://www.inthemix.com.au:80/gallery/snap/081024-sensation","20081025182309","302"
"http://www.inthemix.com.au:80/gallery/snap/081024-sensation/aaa","20081025182309","200"
"http://www.inthemix.com.au:80/gallery/snap/081024-sensation/aaa?full=1","20081029200057","302"
"http://www.inthemix.com.au:80/gallery/snap/081024-sensation/aab","20081029031302","200"
"http://www.inthemix.com.au:80/gallery/snap/081024-sensation/aab?full=1","20081029200102","302"
"http://www.inthemix.com.au:80/gallery/snap/081024-sensation/aac","20081029031307","200"
"http://www.inthemix.com.au:80/gallery/snap/081024-sensation/aac?full=1","20081029200108","302"
"http://www.inthemix.com.au:80/gallery/snap/081024-sensation/aad","20081029031312","200"
"http://www.inthemix.com.au:80/gallery/snap/081024-sensation/aad?full=1","20081029200113","302"
"http://www.inthemix.com.au:80/gallery/snap/081024-sensation/aae","20081029031318","200"
"http://www.inthemix.com.au:80/gallery/snap/081024-sensation/aae?full=1","20081029200118","302"
"http://www.inthemix.com.au:80/gallery/snap/081024-sensation/aaf","20081029031323","200"
"http://www.inthemix.com.au:80/gallery/snap/081024-sensation/aaf?full=1","20081029200123","302"
"http://www.inthemix.com.au:80/gallery/snap/081024-sensation/aag","20081029031328","200"
"http://www.inthemix.com.au:80/gallery/snap/081024-sensation/aag?full=1","20081029200128","302"
"http://www.inthemix.com.au:80/gallery/snap/081024-sensation/aah","20081029031333","200"
"http://www.inthemix.com.au:80/gallery/snap/081024-sensation/aah?full=1","20081029200133","302"
"http://www.inthemix.com.au:80/gallery/snap/081024-sensation/aai","20081029032800","200"
"http://www.inthemix.com.au:80/gallery/snap/081024-sensation/aai?full=1","20081029200138","302"
"http://www.inthemix.com.au:80/gallery/snap/081024-sensation/aaj","20081029031338","200"
"http://www.inthemix.com.au:80/gallery/snap/081024-sensation/aaj?full=1","20081029200143","302"
"http://www.inthemix.com.au:80/gallery/snap/081024-sensation/aak","20081029032805","200"
"http://www.inthemix.com.au:80/gallery/snap/081024-sensation/aak?full=1","20081029200148","302"
"http://www.inthemix.com.au:80/gallery/snap/081024-sensation/aal","20081029032810","200"
"http://www.inthemix.com.au:80/gallery/snap/081024-sensation/aal?full=1","20081029200153","302"
"http://www.inthemix.com.au:80/gallery/snap/081024-sensation/aam","20081029032815","200"
"http://www.inthemix.com.au:80/gallery/snap/081024-sensation/aam?full=1","20081029200158","302"
"http://www.inthemix.com.au:80/gallery/snap/081024-sensation/aan","20081029031343","200"
"http://www.inthemix.com.au:80/gallery/snap/081024-sensation/aan?full=1","20081029200203","302"
"http://www.inthemix.com.au:80/gallery/snap/081024-sensation/aao","20081029032820","200"
"http://www.inthemix.com.au:80/gallery/snap/081024-sensation/aao?full=1","20081029200208","302"
"http://www.inthemix.com.au:80/gallery/snap/081024-sensation/aap","20081029032825","200"
"http://www.inthemix.com.au:80/gallery/snap/081024-sensation/aap?full=1","20081029200213","302"
"http://www.inthemix.com.au:80/gallery/snap/081024-sensation/aaq","20081029032831","200"
"http://www.inthemix.com.au:80/gallery/snap/081024-sensation/aaq?full=1","20081029200218","302"
"http://www.inthemix.com.au:80/gallery/snap/081024-sensation/aar","20081029032836","200"
"http://www.inthemix.com.au:80/gallery/snap/081024-sensation/aar?full=1","20081029200223","302"
"http://www.inthemix.com.au:80/gallery/snap/081024-sensation/aas","20081029031349","200"
"http://www.inthemix.com.au:80/gallery/snap/081024-sensation/aas?full=1","20081029200228","302"
"http://www.inthemix.com.au:80/gallery/snap/081024-sensation/aat","20081029032841","200"
"http://www.inthemix.com.au:80/gallery/snap/081024-sensation/aat?full=1","20081029200234","302"
"http://www.inthemix.com.au:80/gallery/snap/081024-sensation/aau","20081029032502","200"
"http://www.inthemix.com.au:80/gallery/snap/081024-sensation/aau?full=1","20081029200238","302"
"http://www.inthemix.com.au:80/gallery/snap/081024-sensation/secure-au.imrworldwide.com/","20081029192936","404"
"http://www.inthemix.com.au:80/gallery/snap/081027-halloween","20081029192942","302"
"http://www.inthemix.com.au:80/gallery/snap/081027-halloween/aaa","20081029192942","200"
"http://www.inthemix.com.au:80/gallery/snap/081027-halloween/aab","20081030054338","200"
"http://www.inthemix.com.au:80/gallery/snap/081027-halloween/aac","20081030054343","200"
"http://www.inthemix.com.au:80/gallery/snap/081027-halloween/aad","20081030053723","200"
"http://www.inthemix.com.au:80/gallery/snap/081027-halloween/aae","20081030054348","200"
"http://www.inthemix.com.au:80/gallery/snap/081027-halloween/aaf","20081030054353","200"
"http://www.inthemix.com.au:80/gallery/snap/081027-halloween/aag","20081030053728","200"
"http://www.inthemix.com.au:80/gallery/snap/081027-halloween/aah","20081030054358","200"
"http://www.inthemix.com.au:80/gallery/snap/081027-halloween/aai","20081030054403","200"
"http://www.inthemix.com.au:80/gallery/snap/081027-halloween/aaj","20081030053733","200"
"http://www.inthemix.com.au:80/gallery/snap/081027-halloween/aak","20081030054408","200"
"http://www.inthemix.com.au:80/gallery/snap/081027-halloween/aal","20081030053738","200"
"http://www.inthemix.com.au:80/gallery/snap/081027-halloween/aam","20081030054413","200"
"http://www.inthemix.com.au:80/gallery/snap/081027-halloween/aan","20081030054418","200"
"http://www.inthemix.com.au:80/gallery/snap/081027-halloween/aao","20081030054449","200"
"http://www.inthemix.com.au:80/gallery/snap/081027-halloween/aap","20081030053743","200"
"http://www.inthemix.com.au:80/gallery/snap/081027-halloween/aaq","20081030054455","200"
"http://www.inthemix.com.au:80/gallery/snap/081027-smirnoffexperience","20081029192948","302"
"http://www.inthemix.com.au:80/gallery/snap/081027-smirnoffexperience/aaa","20081029192948","200"
"http://www.inthemix.com.au:80/gallery/snap/081028-djmagtop100","20081029192953","302"
"http://www.inthemix.com.au:80/gallery/snap/081028-djmagtop100/aaa","20081029192953","200"
"http://www.inthemix.com.au:80/gallery/snap/081028-djmagtop100/aab","20081031141943","200"
"http://www.inthemix.com.au:80/gallery/snap/081028-djmagtop100/aac","20081031141948","200"
"http://www.inthemix.com.au:80/gallery/snap/081028-djmagtop100/aad","20081031141752","200"
"http://www.inthemix.com.au:80/gallery/snap/081028-djmagtop100/aae","20081031141953","200"
"http://www.inthemix.com.au:80/gallery/snap/081028-djmagtop100/aaf","20081031141757","200"
"http://www.inthemix.com.au:80/gallery/snap/081028-djmagtop100/aag","20081031141958","200"
"http://www.inthemix.com.au:80/gallery/snap/081028-djmagtop100/aah","20081031141802","200"
"http://www.inthemix.com.au:80/gallery/snap/081028-djmagtop100/aai","20081031142003","200"
"http://www.inthemix.com.au:80/gallery/snap/081028-djmagtop100/aaj","20081031142008","200"
"http://www.inthemix.com.au:80/gallery/snap/081028-djmagtop100/aak","20081031142013","200"
"http://www.inthemix.com.au:80/gallery/snap/081028-djmagtop100/aal","20081031141807","200"
"http://www.inthemix.com.au:80/gallery/snap/081028-djmagtop100/aam","20081031142018","200"
"http://www.inthemix.com.au:80/gallery/snap/081028-djmagtop100/aan","20081031141812","200"
"http://www.inthemix.com.au:80/gallery/snap/081028-djmagtop100/aao","20081031142023","200"
"http://www.inthemix.com.au:80/gallery/snap/081028-djmagtop100/aap","20081031141817","200"
"http://www.inthemix.com.au:80/gallery/snap/081028-djmagtop100/aaq","20081031142031","200"
"http://www.inthemix.com.au:80/gallery/snap/081028-djmagtop100/aar","20081031141822","200"
"http://www.inthemix.com.au:80/gallery/snap/081028-djmagtop100/aas","20081031141827","200"
"http://www.inthemix.com.au:80/gallery/snap/081028-djmagtop100/aat","20081031141832","200"
"http://www.inthemix.com.au:80/gallery/snap/081029-festivalguide","20081029192959","302"
"http://www.inthemix.com.au:80/gallery/snap/081029-festivalguide/aaa","20081029192959","200"
"http://www.inthemix.com.au:80/gallery/snap/081029-festivalguide/aab","20081102090704","200"
"http://www.inthemix.com.au:80/gallery/snap/081029-festivalguide/aac","20081102101738","200"
"http://www.inthemix.com.au:80/gallery/snap/081029-festivalguide/aad","20081102101129","200"
"http://www.inthemix.com.au:80/gallery/snap/081029-festivalguide/aae","20081102101136","200"
"http://www.inthemix.com.au:80/gallery/snap/081029-festivalguide/aaf","20081102101141","200"
"http://www.inthemix.com.au:80/gallery/snap/081029-festivalguide/aag","20081102101146","200"
"http://www.inthemix.com.au:80/gallery/snap/081029-festivalguide/aah","20081102101743","200"
"http://www.inthemix.com.au:80/gallery/snap/081029-festivalguide/aai","20081102101748","200"
"http://www.inthemix.com.au:80/gallery/snap/081029-festivalguide/aaj","20081102101151","200"
"http://www.inthemix.com.au:80/gallery/snap/081029-festivalguide/aak","20081102101156","200"
"http://www.inthemix.com.au:80/gallery/snap/081029-festivalguide/aal","20081102101754","200"
"http://www.inthemix.com.au:80/gallery/snap/081029-festivalguide/aam","20081102101758","200"
"http://www.inthemix.com.au:80/gallery/snap/081029-festivalguide/aan","20081102101201","200"
"http://www.inthemix.com.au:80/gallery/snap/081029-festivalguide/aao","20081102101207","200"
"http://www.inthemix.com.au:80/gallery/snap/081029-festivalguide/aap","20081102101803","200"
"http://www.inthemix.com.au:80/gallery/snap/081029-festivalguide/aaq","20081102101808","200"
"http://www.inthemix.com.au:80/gallery/snap/081029-festivalguide/aar","20081102101813","200"
"http://www.inthemix.com.au:80/gallery/snap/081029-festivalguide/aas","20081102101212","200"
"http://www.inthemix.com.au:80/gallery/snap/081029-festivalguide/aat","20081102101818","200"
"http://www.inthemix.com.au:80/gallery/snap/081029-festivalguide/aau","20081102101825","200"
"http://www.inthemix.com.au:80/gallery/snap/081029-festivalguide/aav","20081102101217","200"
"http://www.inthemix.com.au:80/gallery/snap/081029-festivalguide/aaw","20081102101831","200"
"http://www.inthemix.com.au:80/gallery/snap/081029-festivalguide/aax","20081102101222","200"
"http://www.inthemix.com.au:80/gallery/snap/081103-mostread","20081202114017","302"
"http://www.inthemix.com.au:80/gallery/snap/081103-mostread/aaa","20081202114017","200"
"http://www.inthemix.com.au:80/gallery/snap/081105-wtfweekly/aaa","20081110090956","200"
"http://www.inthemix.com.au:80/gallery/snap/081105-wtfweekly/aab","20081108073017","200"
"http://www.inthemix.com.au:80/gallery/snap/081105-wtfweekly/aac","20081108073022","200"
"http://www.inthemix.com.au:80/gallery/snap/081105-wtfweekly/aad","20081108072915","200"
"http://www.inthemix.com.au:80/gallery/snap/081105-wtfweekly/aae","20081110090128","200"
"http://www.inthemix.com.au:80/gallery/snap/081105-wtfweekly/aaf","20081110090915","200"
"http://www.inthemix.com.au:80/gallery/snap/081105-wtfweekly/aag","20081110091001","200"
"http://www.inthemix.com.au:80/gallery/snap/081105-wtfweekly/aah","20081110091006","200"
"http://www.inthemix.com.au:80/gallery/snap/081105-wtfweekly/aai","20081110090133","200"
"http://www.inthemix.com.au:80/gallery/snap/081105-wtfweekly/aaj","20081110090920","200"
"http://www.inthemix.com.au:80/gallery/snap/081105-wtfweekly/aak","20081110090138","200"
"http://www.inthemix.com.au:80/gallery/snap/081105-wtfweekly/aal","20081110090143","200"
"http://www.inthemix.com.au:80/gallery/snap/081105-wtfweekly/aam","20081110091011","200"
"http://www.inthemix.com.au:80/gallery/snap/081105-wtfweekly/aan","20081110090925","200"
"http://www.inthemix.com.au:80/gallery/snap/081105-wtfweekly/aao","20081110090148","200"
"http://www.inthemix.com.au:80/gallery/snap/081105-wtfweekly/aap","20081110090930","200"
"http://www.inthemix.com.au:80/gallery/snap/081105-wtfweekly/aaq","20081110090153","200"
"http://www.inthemix.com.au:80/gallery/snap/081105-wtfweekly/aar","20081110090158","200"
"http://www.inthemix.com.au:80/gallery/snap/081105-wtfweekly/aas","20081110090936","200"
"http://www.inthemix.com.au:80/gallery/snap/081105-wtfweekly/aat","20081110090203","200"
"http://www.inthemix.com.au:80/gallery/snap/081105-wtfweekly/aau","20081110090941","200"
"http://www.inthemix.com.au/gallery/snap/081111-justice","20081117014721","302"
"http://www.inthemix.com.au/gallery/snap/081111-justice/aaa","20081117014735","200"
"http://www.inthemix.com.au/gallery/snap/081112-wtfweekly","20081117201046","302"
"http://www.inthemix.com.au/gallery/snap/081112-wtfweekly/aaa","20081117201103","200"
"http://www.inthemix.com.au/gallery/snap/081113-playground","20081116171322","302"
"http://www.inthemix.com.au/gallery/snap/081113-playground/aaa","20081116171345","200"
"http://www.inthemix.com.au:80/gallery/snap/081117-bestival","20081226205635","302"
"http://www.inthemix.com.au:80/gallery/snap/081117-bestival/aaa","20081226205635","200"
"http://www.inthemix.com.au:80/gallery/snap/081117-iriverawards","20081202103001","302"
"http://www.inthemix.com.au:80/gallery/snap/081117-iriverawards/aah","20081202103001","200"
"http://www.inthemix.com.au:80/gallery/snap/081117-littlebigplanet","20081226205640","302"
"http://www.inthemix.com.au:80/gallery/snap/081117-littlebigplanet/aab","20081226205640","200"
"http://www.inthemix.com.au:80/gallery/snap/081117-voodoo","20081227022403","302"
"http://www.inthemix.com.au:80/gallery/snap/081117-voodoo/aaa","20081227022403","200"
"http://www.inthemix.com.au:80/gallery/snap/081119-markronson","20081227022407","302"
"http://www.inthemix.com.au:80/gallery/snap/081119-markronson/aaa","20081205093009","200"
"http://www.inthemix.com.au:80/gallery/snap/081119-markronson/aaa?full=1","20081206023558","302"
"http://www.inthemix.com.au:80/gallery/snap/081119-markronson/aab","20081205093016","200"
"http://www.inthemix.com.au:80/gallery/snap/081119-markronson/aab?full=1","20081206035152","302"
"http://www.inthemix.com.au:80/gallery/snap/081119-markronson/aac","20081205093021","200"
"http://www.inthemix.com.au:80/gallery/snap/081119-markronson/aac?full=1","20081206035157","302"
"http://www.inthemix.com.au:80/gallery/snap/081119-markronson/aad","20081205093026","200"
"http://www.inthemix.com.au:80/gallery/snap/081119-markronson/aad?full=1","20081206035202","302"
"http://www.inthemix.com.au:80/gallery/snap/081119-markronson/aae","20081205093031","200"
"http://www.inthemix.com.au:80/gallery/snap/081119-markronson/aae?full=1","20081206035207","302"
"http://www.inthemix.com.au:80/gallery/snap/081119-markronson/aaf","20081205101251","200"
"http://www.inthemix.com.au:80/gallery/snap/081119-markronson/aaf?full=1","20081206045036","302"
"http://www.inthemix.com.au:80/gallery/snap/081119-markronson/aag","20081205101256","200"
"http://www.inthemix.com.au:80/gallery/snap/081119-markronson/aag?full=1","20081206045041","302"
"http://www.inthemix.com.au:80/gallery/snap/081119-markronson/aah","20081205101001","200"
"http://www.inthemix.com.au:80/gallery/snap/081119-markronson/aah?full=1","20081206045047","302"
"http://www.inthemix.com.au:80/gallery/snap/081119-markronson/aai","20081205101006","200"
"http://www.inthemix.com.au:80/gallery/snap/081119-markronson/aai?full=1","20081206045053","302"
"http://www.inthemix.com.au:80/gallery/snap/081119-markronson/aaj","20081205101306","200"
"http://www.inthemix.com.au:80/gallery/snap/081119-markronson/aaj?full=1","20081206045058","302"
"http://www.inthemix.com.au:80/gallery/snap/081119-markronson/secure-au.imrworldwide.com/","20081205233704","404"
"http://www.inthemix.com.au:80/gallery/snap/081125-aboveandbeyond","20081205074300","302"
"http://www.inthemix.com.au:80/gallery/snap/081125-aboveandbeyond/aaa","20081203123121","200"
"http://www.inthemix.com.au:80/gallery/snap/081125-aboveandbeyond/aab","20081203113847","200"
"http://www.inthemix.com.au:80/gallery/snap/081125-aboveandbeyond/aac","20081203123126","200"
"http://www.inthemix.com.au:80/gallery/snap/081125-aboveandbeyond/aad","20081203120920","200"
"http://www.inthemix.com.au:80/gallery/snap/081125-aboveandbeyond/aae","20081203120926","200"
"http://www.inthemix.com.au:80/gallery/snap/081125-aboveandbeyond/aaf","20081203120934","200"
"http://www.inthemix.com.au:80/gallery/snap/081125-aboveandbeyond/aag","20081203232232","200"
"http://www.inthemix.com.au:80/gallery/snap/081125-aboveandbeyond/aah","20081203232241","200"
"http://www.inthemix.com.au:80/gallery/snap/081125-aboveandbeyond/aai","20081203123131","200"
"http://www.inthemix.com.au:80/gallery/snap/081125-aboveandbeyond/aaj","20081203123137","200"
"http://www.inthemix.com.au:80/gallery/snap/081125-aboveandbeyond/aak","20081203232908","200"
"http://www.inthemix.com.au:80/gallery/snap/081125-aboveandbeyond/aal","20081203232912","200"
"http://www.inthemix.com.au:80/gallery/snap/081125-aboveandbeyond/aam","20081203113853","200"
"http://www.inthemix.com.au:80/gallery/snap/081125-aboveandbeyond/aan","20081203232918","200"
"http://www.inthemix.com.au:80/gallery/snap/081125-aboveandbeyond/aao","20081203123142","200"
"http://www.inthemix.com.au:80/gallery/snap/081125-aboveandbeyond/aap","20081203123147","200"
"http://www.inthemix.com.au:80/gallery/snap/081125-aboveandbeyond/aaq","20081203120944","200"
"http://www.inthemix.com.au:80/gallery/snap/081125-aboveandbeyond/aas","20081203113858","200"
"http://www.inthemix.com.au:80/gallery/snap/081125-aboveandbeyond/secure-au.imrworldwide.com/","20081205014629","404"
"http://www.inthemix.com.au:80/gallery/snap/081126-futuremusicfestival","20081225094221","302"
"http://www.inthemix.com.au:80/gallery/snap/081126-futuremusicfestival/aaa","20081201120239","200"
"http://www.inthemix.com.au:80/gallery/snap/081126-futuremusicfestival/aaa?full=1","20081202073148","302"
"http://www.inthemix.com.au:80/gallery/snap/081126-futuremusicfestival/aab","20081201120244","200"
"http://www.inthemix.com.au:80/gallery/snap/081126-futuremusicfestival/aab?full=1","20081202084207","302"
"http://www.inthemix.com.au:80/gallery/snap/081126-futuremusicfestival/aac","20081201120249","200"
"http://www.inthemix.com.au:80/gallery/snap/081126-futuremusicfestival/aac?full=1","20081202084214","302"
"http://www.inthemix.com.au:80/gallery/snap/081126-futuremusicfestival/aad","20081201120254","200"
"http://www.inthemix.com.au:80/gallery/snap/081126-futuremusicfestival/aad?full=1","20081202084220","302"
"http://www.inthemix.com.au:80/gallery/snap/081126-futuremusicfestival/aae","20081201120259","200"
"http://www.inthemix.com.au:80/gallery/snap/081126-futuremusicfestival/aae?full=1","20081202084225","302"
"http://www.inthemix.com.au:80/gallery/snap/081126-futuremusicfestival/aaf","20081201120304","200"
"http://www.inthemix.com.au:80/gallery/snap/081126-futuremusicfestival/aaf?full=1","20081202084230","302"
"http://www.inthemix.com.au:80/gallery/snap/081126-futuremusicfestival/aag","20081201120309","200"
"http://www.inthemix.com.au:80/gallery/snap/081126-futuremusicfestival/aag?full=1","20081202084235","302"
"http://www.inthemix.com.au:80/gallery/snap/081126-futuremusicfestival/aah","20081201120314","200"
"http://www.inthemix.com.au:80/gallery/snap/081126-futuremusicfestival/aah?full=1","20081202084240","302"
"http://www.inthemix.com.au:80/gallery/snap/081126-futuremusicfestival/aai","20081201120319","200"
"http://www.inthemix.com.au:80/gallery/snap/081126-futuremusicfestival/aai?full=1","20081202084245","302"
"http://www.inthemix.com.au:80/gallery/snap/081126-futuremusicfestival/aaj","20081201120324","200"
"http://www.inthemix.com.au:80/gallery/snap/081126-futuremusicfestival/aaj?full=1","20081202084250","302"
"http://www.inthemix.com.au:80/gallery/snap/081126-futuremusicfestival/aak","20081201120329","200"
"http://www.inthemix.com.au:80/gallery/snap/081126-futuremusicfestival/aak?full=1","20081202084255","302"
"http://www.inthemix.com.au:80/gallery/snap/081126-futuremusicfestival/aal","20081201120334","200"
"http://www.inthemix.com.au:80/gallery/snap/081126-futuremusicfestival/aal?full=1","20081202084300","302"
"http://www.inthemix.com.au:80/gallery/snap/081126-futuremusicfestival/aam","20081201120339","200"
"http://www.inthemix.com.au:80/gallery/snap/081126-futuremusicfestival/aam?full=1","20081202084305","302"
"http://www.inthemix.com.au:80/gallery/snap/081126-futuremusicfestival/aan","20081201120344","200"
"http://www.inthemix.com.au:80/gallery/snap/081126-futuremusicfestival/aan?full=1","20081202073153","302"
"http://www.inthemix.com.au:80/gallery/snap/081126-futuremusicfestival/secure-au.imrworldwide.com/","20081202033224","404"
"http://www.inthemix.com.au:80/gallery/snap/081128-aboveandbeyond","20081226205645","302"
"http://www.inthemix.com.au:80/gallery/snap/081128-aboveandbeyond/aaa","20081201120349","200"
"http://www.inthemix.com.au:80/gallery/snap/081128-aboveandbeyond/aaa?full=1","20081202073158","302"
"http://www.inthemix.com.au:80/gallery/snap/081128-aboveandbeyond/aab","20081201120354","200"
"http://www.inthemix.com.au:80/gallery/snap/081128-aboveandbeyond/aab?full=1","20081202084310","302"
"http://www.inthemix.com.au:80/gallery/snap/081128-aboveandbeyond/aac","20081201120359","200"
"http://www.inthemix.com.au:80/gallery/snap/081128-aboveandbeyond/aac?full=1","20081202084315","302"
"http://www.inthemix.com.au:80/gallery/snap/081128-aboveandbeyond/aad","20081201120405","200"
"http://www.inthemix.com.au:80/gallery/snap/081128-aboveandbeyond/aad?full=1","20081202084320","302"
"http://www.inthemix.com.au:80/gallery/snap/081128-aboveandbeyond/aae","20081201120410","200"
"http://www.inthemix.com.au:80/gallery/snap/081128-aboveandbeyond/aae?full=1","20081202084326","302"
"http://www.inthemix.com.au:80/gallery/snap/081128-aboveandbeyond/aaf","20081201120415","200"
"http://www.inthemix.com.au:80/gallery/snap/081128-aboveandbeyond/aaf?full=1","20081202084331","302"
"http://www.inthemix.com.au:80/gallery/snap/081128-aboveandbeyond/aag","20081201120420","200"
"http://www.inthemix.com.au:80/gallery/snap/081128-aboveandbeyond/aag?full=1","20081202084336","302"
"http://www.inthemix.com.au:80/gallery/snap/081128-aboveandbeyond/aah","20081201120425","200"
"http://www.inthemix.com.au:80/gallery/snap/081128-aboveandbeyond/aah?full=1","20081202084343","302"
"http://www.inthemix.com.au:80/gallery/snap/081128-aboveandbeyond/aai","20081201120430","200"
"http://www.inthemix.com.au:80/gallery/snap/081128-aboveandbeyond/aai?full=1","20081202084348","302"
"http://www.inthemix.com.au:80/gallery/snap/081128-aboveandbeyond/aaj","20081201120435","200"
"http://www.inthemix.com.au:80/gallery/snap/081128-aboveandbeyond/aaj?full=1","20081202084354","302"
"http://www.inthemix.com.au:80/gallery/snap/081128-aboveandbeyond/aak","20081201120440","200"
"http://www.inthemix.com.au:80/gallery/snap/081128-aboveandbeyond/aak?full=1","20081202084359","302"
"http://www.inthemix.com.au:80/gallery/snap/081128-aboveandbeyond/aal","20081201120445","200"
"http://www.inthemix.com.au:80/gallery/snap/081128-aboveandbeyond/aal?full=1","20081202073203","302"
"http://www.inthemix.com.au:80/gallery/snap/081128-aboveandbeyond/secure-au.imrworldwide.com/","20081202033229","404"
"http://www.inthemix.com.au:80/gallery/snap/081201-kanyewest","20081202033235","302"
"http://www.inthemix.com.au:80/gallery/snap/081201-kanyewest/aaa","20081202033235","200"
"http://www.inthemix.com.au:80/gallery/snap/081202-mostread","20081204232838","302"
"http://www.inthemix.com.au:80/gallery/snap/081202-mostread/aaa","20081204232838","200"
"http://www.inthemix.com.au:80/gallery/snap/081202-shamegallery","20081204232843","302"
"http://www.inthemix.com.au:80/gallery/snap/081202-shamegallery/aaa","20081204232843","200"
"http://www.inthemix.com.au:80/gallery/snap/081202-shamegallery/aaa?full=1","20081207031351","302"
"http://www.inthemix.com.au:80/gallery/snap/081202-shamegallery/aab?full=1","20081207031356","302"
"http://www.inthemix.com.au:80/gallery/snap/081202-shamegallery/aac?full=1","20081207031401","302"
"http://www.inthemix.com.au:80/gallery/snap/081202-shamegallery/aad?full=1","20081207031406","302"
"http://www.inthemix.com.au:80/gallery/snap/081202-shamegallery/aae?full=1","20081207031411","302"
"http://www.inthemix.com.au:80/gallery/snap/081202-shamegallery/aaf?full=1","20081207031416","302"
"http://www.inthemix.com.au:80/gallery/snap/081202-shamegallery/aag?full=1","20081207031421","302"
"http://www.inthemix.com.au:80/gallery/snap/081202-shamegallery/aah?full=1","20081207031426","302"
"http://www.inthemix.com.au:80/gallery/snap/081202-shamegallery/aai?full=1","20081207031431","302"
"http://www.inthemix.com.au:80/gallery/snap/081202-shamegallery/aaj?full=1","20081207031436","302"
"http://www.inthemix.com.au:80/gallery/snap/081202-shamegallery/aak?full=1","20081207031441","302"
"http://www.inthemix.com.au:80/gallery/snap/081202-shamegallery/aal?full=1","20081207031446","302"
"http://www.inthemix.com.au:80/gallery/snap/081202-shamegallery/aam?full=1","20081207031451","302"
"http://www.inthemix.com.au:80/gallery/snap/081202-shamegallery/aan?full=1","20081207031457","302"
"http://www.inthemix.com.au:80/gallery/snap/081202-shamegallery/aao?full=1","20081207031502","302"
"http://www.inthemix.com.au:80/gallery/snap/081202-shamegallery/aap?full=1","20081207031507","302"
"http://www.inthemix.com.au:80/gallery/snap/081202-shamegallery/aaq","20081206232618","200"
"http://www.inthemix.com.au:80/gallery/snap/081202-shamegallery/aaq?full=1","20081208060855","302"
"http://www.inthemix.com.au:80/gallery/snap/081202-shamegallery/aar?full=1","20081207031512","302"
"http://www.inthemix.com.au:80/gallery/snap/081202-shamegallery/aas?full=1","20081207031517","302"
"http://www.inthemix.com.au:80/gallery/snap/081202-shamegallery/aat","20081206232622","200"
"http://www.inthemix.com.au:80/gallery/snap/081202-shamegallery/aat?full=1","20081208060900","302"
"http://www.inthemix.com.au:80/gallery/snap/081202-shamegallery/secure-au.imrworldwide.com/","20081206232627","404"
"http://www.inthemix.com.au:80/gallery/snap/081204-shamegallery","20081210062539","302"
"http://www.inthemix.com.au:80/gallery/snap/081204-shamegallery/aaa","20081208104609","200"
"http://www.inthemix.com.au:80/gallery/snap/081204-shamegallery/aaa?full=1","20081209045235","302"
"http://www.inthemix.com.au:80/gallery/snap/081204-shamegallery/aab","20081208104614","200"
"http://www.inthemix.com.au:80/gallery/snap/081204-shamegallery/aab?full=1","20081209062518","302"
"http://www.inthemix.com.au:80/gallery/snap/081204-shamegallery/aac","20081208104805","200"
"http://www.inthemix.com.au:80/gallery/snap/081204-shamegallery/aac?full=1","20081209062524","302"
"http://www.inthemix.com.au:80/gallery/snap/081204-shamegallery/aad","20081208104811","200"
"http://www.inthemix.com.au:80/gallery/snap/081204-shamegallery/aad?full=1","20081209062529","302"
"http://www.inthemix.com.au:80/gallery/snap/081204-shamegallery/aae","20081208104619","200"
"http://www.inthemix.com.au:80/gallery/snap/081204-shamegallery/aae?full=1","20081209062534","302"
"http://www.inthemix.com.au:80/gallery/snap/081204-shamegallery/aaf","20081208104624","200"
"http://www.inthemix.com.au:80/gallery/snap/081204-shamegallery/aaf?full=1","20081209062539","302"
"http://www.inthemix.com.au:80/gallery/snap/081204-shamegallery/aag","20081208104631","200"
"http://www.inthemix.com.au:80/gallery/snap/081204-shamegallery/aag?full=1","20081209062544","302"
"http://www.inthemix.com.au:80/gallery/snap/081204-shamegallery/aah","20081208104635","200"
"http://www.inthemix.com.au:80/gallery/snap/081204-shamegallery/aah?full=1","20081209062549","302"
"http://www.inthemix.com.au:80/gallery/snap/081204-shamegallery/aai","20081208104640","200"
"http://www.inthemix.com.au:80/gallery/snap/081204-shamegallery/aai?full=1","20081209062554","302"
"http://www.inthemix.com.au:80/gallery/snap/081204-shamegallery/aaj","20081208104645","200"
"http://www.inthemix.com.au:80/gallery/snap/081204-shamegallery/aaj?full=1","20081209062559","302"
"http://www.inthemix.com.au:80/gallery/snap/081204-shamegallery/aak","20081208104650","200"
"http://www.inthemix.com.au:80/gallery/snap/081204-shamegallery/aak?full=1","20081209062604","302"
"http://www.inthemix.com.au:80/gallery/snap/081204-shamegallery/aal","20081208104655","200"
"http://www.inthemix.com.au:80/gallery/snap/081204-shamegallery/aal?full=1","20081209062609","302"
"http://www.inthemix.com.au:80/gallery/snap/081204-shamegallery/aam","20081208104816","200"
"http://www.inthemix.com.au:80/gallery/snap/081204-shamegallery/aam?full=1","20081209062614","302"
"http://www.inthemix.com.au:80/gallery/snap/081204-shamegallery/aan","20081208104700","200"
"http://www.inthemix.com.au:80/gallery/snap/081204-shamegallery/aan?full=1","20081209062619","302"
"http://www.inthemix.com.au:80/gallery/snap/081204-shamegallery/aao","20081208104821","200"
"http://www.inthemix.com.au:80/gallery/snap/081204-shamegallery/aao?full=1","20081209062624","302"
"http://www.inthemix.com.au:80/gallery/snap/081204-shamegallery/aap","20081208104705","200"
"http://www.inthemix.com.au:80/gallery/snap/081204-shamegallery/aap?full=1","20081209062629","302"
"http://www.inthemix.com.au:80/gallery/snap/081204-shamegallery/aaq","20081208104827","200"
"http://www.inthemix.com.au:80/gallery/snap/081204-shamegallery/aaq?full=1","20081209062634","302"
"http://www.inthemix.com.au:80/gallery/snap/081204-shamegallery/aar","20081208104710","200"
"http://www.inthemix.com.au:80/gallery/snap/081204-shamegallery/aar?full=1","20081209062639","302"
"http://www.inthemix.com.au:80/gallery/snap/081204-shamegallery/aas","20081208104715","200"
"http://www.inthemix.com.au:80/gallery/snap/081204-shamegallery/aas?full=1","20081209062644","302"
"http://www.inthemix.com.au:80/gallery/snap/081204-shamegallery/aat","20081208104720","200"
"http://www.inthemix.com.au:80/gallery/snap/081204-shamegallery/aat?full=1","20081209045240","302"
"http://www.inthemix.com.au:80/gallery/snap/081205-globalgatheringartists","20081205233711","302"
"http://www.inthemix.com.au:80/gallery/snap/081205-globalgatheringartists/aam","20081205233711","200"
"http://www.inthemix.com.au:80/gallery/snap/081205-globalgatheringevents","20081205233716","302"
"http://www.inthemix.com.au:80/gallery/snap/081205-globalgatheringevents/aad","20081205233716","200"
"http://www.inthemix.com.au:80/gallery/snap/081205-globalgatheringpeople","20081205233721","302"
"http://www.inthemix.com.au:80/gallery/snap/081205-globalgatheringpeople/aaa","20081210081732","200"
"http://www.inthemix.com.au:80/gallery/snap/081205-globalgatheringpeople/aaa?full=1","20081211012135","302"
"http://www.inthemix.com.au:80/gallery/snap/081205-globalgatheringpeople/aab","20081210090505","200"
"http://www.inthemix.com.au:80/gallery/snap/081205-globalgatheringpeople/aab?full=1","20081211040458","302"
"http://www.inthemix.com.au:80/gallery/snap/081205-globalgatheringpeople/aac","20081210090510","200"
"http://www.inthemix.com.au:80/gallery/snap/081205-globalgatheringpeople/aac?full=1","20081211022739","302"
"http://www.inthemix.com.au:80/gallery/snap/081205-globalgatheringpeople/aad","20081210090515","200"
"http://www.inthemix.com.au:80/gallery/snap/081205-globalgatheringpeople/aad?full=1","20081211040503","302"
"http://www.inthemix.com.au:80/gallery/snap/081205-globalgatheringpeople/aae","20081210090520","200"
"http://www.inthemix.com.au:80/gallery/snap/081205-globalgatheringpeople/aae?full=1","20081211040508","302"
"http://www.inthemix.com.au:80/gallery/snap/081205-globalgatheringpeople/aaf","20081210090525","200"
"http://www.inthemix.com.au:80/gallery/snap/081205-globalgatheringpeople/aaf?full=1","20081211040513","302"
"http://www.inthemix.com.au:80/gallery/snap/081205-globalgatheringpeople/aag","20081210090530","200"
"http://www.inthemix.com.au:80/gallery/snap/081205-globalgatheringpeople/aag?full=1","20081211040518","302"
"http://www.inthemix.com.au:80/gallery/snap/081205-globalgatheringpeople/aah","20081210090707","200"
"http://www.inthemix.com.au:80/gallery/snap/081205-globalgatheringpeople/aah?full=1","20081211040524","302"
"http://www.inthemix.com.au:80/gallery/snap/081205-globalgatheringpeople/aai","20081210081741","200"
"http://www.inthemix.com.au:80/gallery/snap/081205-globalgatheringpeople/aai?full=1","20081211012140","302"
"http://www.inthemix.com.au:80/gallery/snap/081205-globalgatheringpeople/aaj","20081210090535","200"
"http://www.inthemix.com.au:80/gallery/snap/081205-globalgatheringpeople/aaj?full=1","20081211040529","302"
"http://www.inthemix.com.au:80/gallery/snap/081205-globalgatheringpeople/aak","20081210090712","200"
"http://www.inthemix.com.au:80/gallery/snap/081205-globalgatheringpeople/aak?full=1","20081211040534","302"
"http://www.inthemix.com.au:80/gallery/snap/081205-globalgatheringpeople/aal","20081210090540","200"
"http://www.inthemix.com.au:80/gallery/snap/081205-globalgatheringpeople/aal?full=1","20081211040539","302"
"http://www.inthemix.com.au:80/gallery/snap/081205-globalgatheringpeople/aam","20081210090545","200"
"http://www.inthemix.com.au:80/gallery/snap/081205-globalgatheringpeople/aam?full=1","20081211040544","302"
"http://www.inthemix.com.au:80/gallery/snap/081205-globalgatheringpeople/aan","20081210090550","200"
"http://www.inthemix.com.au:80/gallery/snap/081205-globalgatheringpeople/aan?full=1","20081211040549","302"
"http://www.inthemix.com.au:80/gallery/snap/081205-globalgatheringpeople/aao","20081210090717","200"
"http://www.inthemix.com.au:80/gallery/snap/081205-globalgatheringpeople/aao?full=1","20081211040554","302"
"http://www.inthemix.com.au:80/gallery/snap/081205-globalgatheringpeople/aap","20081210090722","200"
"http://www.inthemix.com.au:80/gallery/snap/081205-globalgatheringpeople/aap?full=1","20081211040559","302"
"http://www.inthemix.com.au:80/gallery/snap/081205-globalgatheringpeople/aaq","20081210090727","200"
"http://www.inthemix.com.au:80/gallery/snap/081205-globalgatheringpeople/aaq?full=1","20081211040605","302"
"http://www.inthemix.com.au:80/gallery/snap/081205-globalgatheringpeople/aar","20081210090732","200"
"http://www.inthemix.com.au:80/gallery/snap/081205-globalgatheringpeople/aar?full=1","20081211040609","302"
"http://www.inthemix.com.au:80/gallery/snap/081205-globalgatheringpeople/aas","20081205233721","200"
"http://www.inthemix.com.au:80/gallery/snap/081205-globalgatheringpeople/aas?full=1","20081211012145","302"
"http://www.inthemix.com.au:80/gallery/snap/081205-globalgatheringpeople/aat","20081210090737","200"
"http://www.inthemix.com.au:80/gallery/snap/081205-globalgatheringpeople/aat?full=1","20081211040615","302"
"http://www.inthemix.com.au:80/gallery/snap/081205-globalgatheringpeople/secure-au.imrworldwide.com/","20081210234801","404"
"http://www.inthemix.com.au:80/gallery/snap/081205-stereosonicartists","20081211053944","302"
"http://www.inthemix.com.au:80/gallery/snap/081205-stereosonicartists/aaa","20090801032114","200"
"http://www.inthemix.com.au:80/gallery/snap/081205-stereosonicartists/aaa?full=1","20090801032114","302"
"http://www.inthemix.com.au:80/gallery/snap/081205-stereosonicartists/aab","20090801031804","200"
"http://www.inthemix.com.au:80/gallery/snap/081205-stereosonicartists/aab?full=1","20090801031804","302"
"http://www.inthemix.com.au:80/gallery/snap/081205-stereosonicartists/aac","20090801031809","200"
"http://www.inthemix.com.au:80/gallery/snap/081205-stereosonicartists/aac?full=1","20090801031809","302"
"http://www.inthemix.com.au:80/gallery/snap/081205-stereosonicartists/aad","20090801031814","200"
"http://www.inthemix.com.au:80/gallery/snap/081205-stereosonicartists/aad?full=1","20090801031814","302"
"http://www.inthemix.com.au:80/gallery/snap/081205-stereosonicartists/aae","20090801031819","200"
"http://www.inthemix.com.au:80/gallery/snap/081205-stereosonicartists/aae?full=1","20090801031819","302"
"http://www.inthemix.com.au:80/gallery/snap/081205-stereosonicartists/aaf","20090801032119","200"
"http://www.inthemix.com.au:80/gallery/snap/081205-stereosonicartists/aaf?full=1","20090801032119","302"
"http://www.inthemix.com.au:80/gallery/snap/081205-stereosonicartists/aag","20090801031825","200"
"http://www.inthemix.com.au:80/gallery/snap/081205-stereosonicartists/aag?full=1","20090801031825","302"
"http://www.inthemix.com.au:80/gallery/snap/081205-stereosonicartists/aah","20090801004118","200"
"http://www.inthemix.com.au:80/gallery/snap/081205-stereosonicartists/aah?full=1","20090801004118","302"
"http://www.inthemix.com.au:80/gallery/snap/081205-stereosonicartists/aai","20090801032124","200"
"http://www.inthemix.com.au:80/gallery/snap/081205-stereosonicartists/aai?full=1","20090801032124","302"
"http://www.inthemix.com.au:80/gallery/snap/081205-stereosonicartists/aaj","20090801032130","200"
"http://www.inthemix.com.au:80/gallery/snap/081205-stereosonicartists/aaj?full=1","20090801032130","302"
"http://www.inthemix.com.au:80/gallery/snap/081205-stereosonicartists/aak","20081211053944","200"
"http://www.inthemix.com.au:80/gallery/snap/081205-stereosonicartists/aak?full=1","20090801032134","302"
"http://www.inthemix.com.au:80/gallery/snap/081205-stereosonicartists/aal","20090802010143","200"
"http://www.inthemix.com.au:80/gallery/snap/081205-stereosonicartists/aao","20090802102926","200"
"http://www.inthemix.com.au:80/gallery/snap/081205-stereosonicartists/aaw","20090801031830","200"
"http://www.inthemix.com.au:80/gallery/snap/081205-stereosonicartists/aaw?full=1","20090801031830","302"
"http://www.inthemix.com.au:80/gallery/snap/081205-stereosonicartists/secure-au.imrworldwide.com/","20090802102931","404"
"http://www.inthemix.com.au:80/gallery/snap/081205-stereosonicevents","20081211053949","302"
"http://www.inthemix.com.au:80/gallery/snap/081205-stereosonicevents/aaa","20081211053949","200"
"http://www.inthemix.com.au:80/gallery/snap/081205-stereosonicpeople","20081210234806","302"
"http://www.inthemix.com.au:80/gallery/snap/081205-stereosonicpeople/aaa","20081210081755","200"
"http://www.inthemix.com.au:80/gallery/snap/081205-stereosonicpeople/aaa?full=1","20081211012150","302"
"http://www.inthemix.com.au:80/gallery/snap/081205-stereosonicpeople/aab","20081210090742","200"
"http://www.inthemix.com.au:80/gallery/snap/081205-stereosonicpeople/aab?full=1","20081211040620","302"
"http://www.inthemix.com.au:80/gallery/snap/081205-stereosonicpeople/aac","20081210090556","200"
"http://www.inthemix.com.au:80/gallery/snap/081205-stereosonicpeople/aac?full=1","20081211040625","302"
"http://www.inthemix.com.au:80/gallery/snap/081205-stereosonicpeople/aad","20081210090601","200"
"http://www.inthemix.com.au:80/gallery/snap/081205-stereosonicpeople/aad?full=1","20081211040630","302"
"http://www.inthemix.com.au:80/gallery/snap/081205-stereosonicpeople/aae","20081210090747","200"
"http://www.inthemix.com.au:80/gallery/snap/081205-stereosonicpeople/aae?full=1","20081211040635","302"
"http://www.inthemix.com.au:80/gallery/snap/081205-stereosonicpeople/aaf","20081210090606","200"
"http://www.inthemix.com.au:80/gallery/snap/081205-stereosonicpeople/aaf?full=1","20081211040640","302"
"http://www.inthemix.com.au:80/gallery/snap/081205-stereosonicpeople/aag","20081210090611","200"
"http://www.inthemix.com.au:80/gallery/snap/081205-stereosonicpeople/aag?full=1","20081211040645","302"
"http://www.inthemix.com.au:80/gallery/snap/081205-stereosonicpeople/aah","20081210090616","200"
"http://www.inthemix.com.au:80/gallery/snap/081205-stereosonicpeople/aah?full=1","20081211040650","302"
"http://www.inthemix.com.au:80/gallery/snap/081205-stereosonicpeople/aai","20081210090752","200"
"http://www.inthemix.com.au:80/gallery/snap/081205-stereosonicpeople/aai?full=1","20081211040656","302"
"http://www.inthemix.com.au:80/gallery/snap/081205-stereosonicpeople/aaj","20081210090621","200"
"http://www.inthemix.com.au:80/gallery/snap/081205-stereosonicpeople/aaj?full=1","20081211040701","302"
"http://www.inthemix.com.au:80/gallery/snap/081205-stereosonicpeople/aak","20081210090757","200"
"http://www.inthemix.com.au:80/gallery/snap/081205-stereosonicpeople/aak?full=1","20081211040706","302"
"http://www.inthemix.com.au:80/gallery/snap/081205-stereosonicpeople/aal","20081210090626","200"
"http://www.inthemix.com.au:80/gallery/snap/081205-stereosonicpeople/aal?full=1","20081211040711","302"
"http://www.inthemix.com.au:80/gallery/snap/081205-stereosonicpeople/aam","20081210090803","200"
"http://www.inthemix.com.au:80/gallery/snap/081205-stereosonicpeople/aam?full=1","20081211040716","302"
"http://www.inthemix.com.au:80/gallery/snap/081205-stereosonicpeople/aan","20081210090808","200"
"http://www.inthemix.com.au:80/gallery/snap/081205-stereosonicpeople/aan?full=1","20081211040721","302"
"http://www.inthemix.com.au:80/gallery/snap/081205-stereosonicpeople/aao","20081210090813","200"
"http://www.inthemix.com.au:80/gallery/snap/081205-stereosonicpeople/aao?full=1","20081211040726","302"
"http://www.inthemix.com.au:80/gallery/snap/081205-stereosonicpeople/aap","20081210090631","200"
"http://www.inthemix.com.au:80/gallery/snap/081205-stereosonicpeople/aap?full=1","20081211040731","302"
"http://www.inthemix.com.au:80/gallery/snap/081205-stereosonicpeople/aaq","20081210090818","200"
"http://www.inthemix.com.au:80/gallery/snap/081205-stereosonicpeople/aaq?full=1","20081211040736","302"
"http://www.inthemix.com.au:80/gallery/snap/081205-stereosonicpeople/aar","20081210090823","200"
"http://www.inthemix.com.au:80/gallery/snap/081205-stereosonicpeople/aar?full=1","20081211022745","302"
"http://www.inthemix.com.au:80/gallery/snap/081205-stereosonicpeople/aas","20081210090636","200"
"http://www.inthemix.com.au:80/gallery/snap/081205-stereosonicpeople/aas?full=1","20081211040741","302"
"http://www.inthemix.com.au:80/gallery/snap/081205-stereosonicpeople/aat","20081210090829","200"
"http://www.inthemix.com.au:80/gallery/snap/081205-stereosonicpeople/aat?full=1","20081211040746","302"
"http://www.inthemix.com.au:80/gallery/snap/081205-stereosonicpeople/secure-au.imrworldwide.com/","20081210234811","404"
"http://www.inthemix.com.au:80/gallery/snap/081209-shamegallery","20081210013035","302"
"http://www.inthemix.com.au:80/gallery/snap/081209-shamegallery/aaa","20081210013035","200"
"http://www.inthemix.com.au:80/gallery/snap/081210-aboveandbeyond","20081210234817","302"
"http://www.inthemix.com.au:80/gallery/snap/081210-aboveandbeyond/aaa","20081210234817","200"
"http://www.inthemix.com.au:80/gallery/snap/081211-shamegallery","20081213065256","302"
"http://www.inthemix.com.au:80/gallery/snap/081211-shamegallery/aaa","20081213065256","200"
"http://www.inthemix.com.au:80/gallery/snap/081211-shamegallery/aab","20081215034557","200"
"http://www.inthemix.com.au:80/gallery/snap/081211-shamegallery/aac","20081215034602","200"
"http://www.inthemix.com.au:80/gallery/snap/081211-shamegallery/aad","20081215034607","200"
"http://www.inthemix.com.au:80/gallery/snap/081211-shamegallery/aae","20081215034612","200"
"http://www.inthemix.com.au:80/gallery/snap/081211-shamegallery/aaf","20081215034617","200"
"http://www.inthemix.com.au:80/gallery/snap/081211-shamegallery/aag","20081215034622","200"
"http://www.inthemix.com.au:80/gallery/snap/081211-shamegallery/aah","20081215034627","200"
"http://www.inthemix.com.au:80/gallery/snap/081211-shamegallery/aai","20081215034632","200"
"http://www.inthemix.com.au:80/gallery/snap/081211-shamegallery/aaj","20081215034637","200"
"http://www.inthemix.com.au:80/gallery/snap/081211-shamegallery/aak","20081215034642","200"
"http://www.inthemix.com.au:80/gallery/snap/081211-shamegallery/aal","20081215034647","200"
"http://www.inthemix.com.au:80/gallery/snap/081211-shamegallery/aam","20081215034652","200"
"http://www.inthemix.com.au:80/gallery/snap/081211-shamegallery/aan","20081215034657","200"
"http://www.inthemix.com.au:80/gallery/snap/081211-shamegallery/aao","20081215034703","200"
"http://www.inthemix.com.au:80/gallery/snap/081211-shamegallery/secure-au.imrworldwide.com/","20081215134013","404"
"http://www.inthemix.com.au:80/gallery/snap/081217-2008biggestcontroversies","20081219201741","302"
"http://www.inthemix.com.au:80/gallery/snap/081217-2008biggestcontroversies/aaa","20081219201741","200"
"http://www.inthemix.com.au:80/gallery/snap/081217-2008biggestcontroversies/aaa?full=1","20081221120603","302"
"http://www.inthemix.com.au:80/gallery/snap/081217-2008biggestcontroversies/aab","20081220082130","200"
"http://www.inthemix.com.au:80/gallery/snap/081217-2008biggestcontroversies/aab?full=1","20081221143356","302"
"http://www.inthemix.com.au:80/gallery/snap/081217-2008biggestcontroversies/aac","20081220084536","200"
"http://www.inthemix.com.au:80/gallery/snap/081217-2008biggestcontroversies/aac?full=1","20081221181140","302"
"http://www.inthemix.com.au:80/gallery/snap/081217-2008biggestcontroversies/aad","20081220084541","200"
"http://www.inthemix.com.au:80/gallery/snap/081217-2008biggestcontroversies/aad?full=1","20081221181145","302"
"http://www.inthemix.com.au:80/gallery/snap/081217-2008biggestcontroversies/aae","20081220084546","200"
"http://www.inthemix.com.au:80/gallery/snap/081217-2008biggestcontroversies/aae?full=1","20081221172418","302"
"http://www.inthemix.com.au:80/gallery/snap/081217-2008biggestcontroversies/aaf","20081220084551","200"
"http://www.inthemix.com.au:80/gallery/snap/081217-2008biggestcontroversies/aaf?full=1","20081221172423","302"
"http://www.inthemix.com.au:80/gallery/snap/081217-2008biggestcontroversies/aag","20081220084556","200"
"http://www.inthemix.com.au:80/gallery/snap/081217-2008biggestcontroversies/aag?full=1","20081221212535","302"
"http://www.inthemix.com.au:80/gallery/snap/081217-2008biggestcontroversies/aah","20081220084601","200"
"http://www.inthemix.com.au:80/gallery/snap/081217-2008biggestcontroversies/aah?full=1","20081221181150","302"
"http://www.inthemix.com.au:80/gallery/snap/081217-2008biggestcontroversies/aai","20081220084607","200"
"http://www.inthemix.com.au:80/gallery/snap/081217-2008biggestcontroversies/aai?full=1","20081221172940","302"
"http://www.inthemix.com.au:80/gallery/snap/081217-2008biggestcontroversies/aaj","20081220084612","200"
"http://www.inthemix.com.au:80/gallery/snap/081217-2008biggestcontroversies/aaj?full=1","20081221212324","302"
"http://www.inthemix.com.au:80/gallery/snap/081217-2008biggestcontroversies/aak","20081220084617","200"
"http://www.inthemix.com.au:80/gallery/snap/081217-2008biggestcontroversies/aak?full=1","20081221181155","302"
"http://www.inthemix.com.au:80/gallery/snap/081217-2008biggestcontroversies/aal","20081220084623","200"
"http://www.inthemix.com.au:80/gallery/snap/081217-2008biggestcontroversies/aal?full=1","20081221172428","302"
"http://www.inthemix.com.au:80/gallery/snap/081217-2008biggestcontroversies/aam","20081220084627","200"
"http://www.inthemix.com.au:80/gallery/snap/081217-2008biggestcontroversies/aam?full=1","20081221212540","302"
"http://www.inthemix.com.au:80/gallery/snap/081217-2008biggestcontroversies/aan","20081220084632","200"
"http://www.inthemix.com.au:80/gallery/snap/081217-2008biggestcontroversies/aan?full=1","20081221181200","302"
"http://www.inthemix.com.au:80/gallery/snap/081217-2008biggestcontroversies/aao","20081220084637","200"
"http://www.inthemix.com.au:80/gallery/snap/081217-2008biggestcontroversies/aao?full=1","20081221172433","302"
"http://www.inthemix.com.au:80/gallery/snap/081217-2008biggestcontroversies/aap","20081220084642","200"
"http://www.inthemix.com.au:80/gallery/snap/081217-2008biggestcontroversies/aap?full=1","20081221181205","302"
"http://www.inthemix.com.au:80/gallery/snap/081217-2008biggestcontroversies/aaq","20081220084647","200"
"http://www.inthemix.com.au:80/gallery/snap/081217-2008biggestcontroversies/aaq?full=1","20081221172945","302"
"http://www.inthemix.com.au:80/gallery/snap/081217-2008biggestcontroversies/aar","20081220084653","200"
"http://www.inthemix.com.au:80/gallery/snap/081217-2008biggestcontroversies/aar?full=1","20081221172950","302"
"http://www.inthemix.com.au:80/gallery/snap/081217-2008biggestcontroversies/aas","20081220084658","200"
"http://www.inthemix.com.au:80/gallery/snap/081217-2008biggestcontroversies/aas?full=1","20081221181210","302"
"http://www.inthemix.com.au:80/gallery/snap/081217-2008biggestcontroversies/aat","20081220084703","200"
"http://www.inthemix.com.au:80/gallery/snap/081217-2008biggestcontroversies/aat?full=1","20081221172956","302"
"http://www.inthemix.com.au:80/gallery/snap/081217-2008biggestcontroversies/secure-au.imrworldwide.com/","20081220145718","404"
"http://www.inthemix.com.au:80/gallery/snap/081217-pnautourdiary","20081219201746","302"
"http://www.inthemix.com.au:80/gallery/snap/081217-pnautourdiary/aaa","20081219201746","200"
"http://www.inthemix.com.au:80/gallery/snap/081223-ITMtop20","20081225213429","302"
"http://www.inthemix.com.au:80/gallery/snap/081223-ITMtop20/aaa","20081225213429","200"
"http://www.inthemix.com.au:80/gallery/snap/081223-ITMtop20/aaa?full=1","20081226121919","302"
"http://www.inthemix.com.au:80/gallery/snap/081223-ITMtop20/aab","20081226021732","200"
"http://www.inthemix.com.au:80/gallery/snap/081223-ITMtop20/aab?full=1","20081226123758","302"
"http://www.inthemix.com.au:80/gallery/snap/081223-ITMtop20/aac","20081226021737","200"
"http://www.inthemix.com.au:80/gallery/snap/081223-ITMtop20/aac?full=1","20081226123803","302"
"http://www.inthemix.com.au:80/gallery/snap/081223-ITMtop20/aad","20081226021742","200"
"http://www.inthemix.com.au:80/gallery/snap/081223-ITMtop20/aad?full=1","20081226123808","302"
"http://www.inthemix.com.au:80/gallery/snap/081223-ITMtop20/aae","20081226021747","200"
"http://www.inthemix.com.au:80/gallery/snap/081223-ITMtop20/aae?full=1","20081226123814","302"
"http://www.inthemix.com.au:80/gallery/snap/081223-ITMtop20/aaf","20081226021752","200"
"http://www.inthemix.com.au:80/gallery/snap/081223-ITMtop20/aaf?full=1","20081226123819","302"
"http://www.inthemix.com.au:80/gallery/snap/081223-ITMtop20/aag","20081226021758","200"
"http://www.inthemix.com.au:80/gallery/snap/081223-ITMtop20/aag?full=1","20081226123824","302"
"http://www.inthemix.com.au:80/gallery/snap/081223-ITMtop20/aah","20081226021803","200"
"http://www.inthemix.com.au:80/gallery/snap/081223-ITMtop20/aah?full=1","20081226123829","302"
"http://www.inthemix.com.au:80/gallery/snap/081223-ITMtop20/aai","20081226021808","200"
"http://www.inthemix.com.au:80/gallery/snap/081223-ITMtop20/aai?full=1","20081226123834","302"
"http://www.inthemix.com.au:80/gallery/snap/081223-ITMtop20/aaj","20081226021813","200"
"http://www.inthemix.com.au:80/gallery/snap/081223-ITMtop20/aaj?full=1","20081226123839","302"
"http://www.inthemix.com.au:80/gallery/snap/081223-ITMtop20/aak","20081226021819","200"
"http://www.inthemix.com.au:80/gallery/snap/081223-ITMtop20/aak?full=1","20081226123844","302"
"http://www.inthemix.com.au:80/gallery/snap/081223-ITMtop20/aal","20081226021825","200"
"http://www.inthemix.com.au:80/gallery/snap/081223-ITMtop20/aal?full=1","20081226123849","302"
"http://www.inthemix.com.au:80/gallery/snap/081223-ITMtop20/aam","20081226021830","200"
"http://www.inthemix.com.au:80/gallery/snap/081223-ITMtop20/aam?full=1","20081226123854","302"
"http://www.inthemix.com.au:80/gallery/snap/081223-ITMtop20/aan","20081226021835","200"
"http://www.inthemix.com.au:80/gallery/snap/081223-ITMtop20/aan?full=1","20081226123859","302"
"http://www.inthemix.com.au:80/gallery/snap/081223-ITMtop20/aao","20081226021840","200"
"http://www.inthemix.com.au:80/gallery/snap/081223-ITMtop20/aao?full=1","20081226123904","302"
"http://www.inthemix.com.au:80/gallery/snap/081223-ITMtop20/aap","20081226021845","200"
"http://www.inthemix.com.au:80/gallery/snap/081223-ITMtop20/aap?full=1","20081226123910","302"
"http://www.inthemix.com.au:80/gallery/snap/081223-ITMtop20/aaq","20081226021850","200"
"http://www.inthemix.com.au:80/gallery/snap/081223-ITMtop20/aaq?full=1","20081226123915","302"
"http://www.inthemix.com.au:80/gallery/snap/081223-ITMtop20/aar","20081226021855","200"
"http://www.inthemix.com.au:80/gallery/snap/081223-ITMtop20/aar?full=1","20081226123920","302"
"http://www.inthemix.com.au:80/gallery/snap/081223-ITMtop20/aas","20081226021900","200"
"http://www.inthemix.com.au:80/gallery/snap/081223-ITMtop20/aas?full=1","20081226123925","302"
"http://www.inthemix.com.au:80/gallery/snap/081223-ITMtop20/aat","20081226021905","200"
"http://www.inthemix.com.au:80/gallery/snap/081223-ITMtop20/aat?full=1","20081226123930","302"
"http://www.inthemix.com.au:80/gallery/snap/081223-ITMtop20/secure-au.imrworldwide.com/","20081226114128","404"
"http://www.inthemix.com.au:80/gallery/snap/081223-Xqlusiveartists","20081225042629","302"
"http://www.inthemix.com.au:80/gallery/snap/081223-Xqlusiveartists/aaa","20081225042629","200"
"http://www.inthemix.com.au:80/gallery/snap/081223-Xqlusivecrowd","20081225042633","302"
"http://www.inthemix.com.au:80/gallery/snap/081223-Xqlusivecrowd/aaa","20081225042633","200"
"http://www.inthemix.com.au:80/gallery/snap/081230-NYpredictions","20081231001155","302"
"http://www.inthemix.com.au:80/gallery/snap/081230-NYpredictions/aaa","20081231001155","200"
"http://www.inthemix.com.au:80/gallery/snap/081231-sensation-people1","20090221155511","302"
"http://inthemix.com.au:80/gallery/snap/081231-sensation-people1/aaa","20090219001604","302"
"http://inthemix.com.au:80/gallery/snap/081231-sensation-people1/aab","20090218224537","302"
"http://inthemix.com.au:80/gallery/snap/081231-sensation-people1/aac","20090218230016","302"
"http://inthemix.com.au:80/gallery/snap/081231-sensation-people1/aad","20090218224559","302"
"http://inthemix.com.au:80/gallery/snap/081231-sensation-people1/aae","20090218230021","302"
"http://inthemix.com.au:80/gallery/snap/081231-sensation-people1/aaf","20090218225851","302"
"http://inthemix.com.au:80/gallery/snap/081231-sensation-people1/aah","20090218225013","302"
"http://inthemix.com.au:80/gallery/snap/081231-sensation-people1/aai","20090218225045","302"
"http://inthemix.com.au:80/gallery/snap/081231-sensation-people1/aaj","20090218225429","302"
"http://inthemix.com.au:80/gallery/snap/081231-sensation-people1/aak","20090218225919","302"
"http://inthemix.com.au:80/gallery/snap/081231-sensation-people1/aal","20090218232650","302"
"http://www.inthemix.com.au:80/gallery/snap/081231-sensation-people1/aao","20090221155708","200"
"http://inthemix.com.au:80/gallery/snap/081231-sensation-people1/abe","20090219001614","302"
"http://www.inthemix.com.au:80/gallery/snap/081231-sensation-people1/secure-au.imrworldwide.com/","20090221155058","404"
"http://www.inthemix.com.au:80/gallery/snap/090103-summafieldayze","20090320230423","302"
"http://www.inthemix.com.au:80/gallery/snap/090103-summafieldayze/aaa","20090320230423","200"
"http://www.inthemix.com.au:80/gallery/snap/090104-summadayze","20090118210139","302"
"http://www.inthemix.com.au:80/gallery/snap/090104-summadayze/aaa","20090118210139","200"
"http://www.inthemix.com.au:80/gallery/snap/090202-mostread","20090212213605","302"
"http://www.inthemix.com.au:80/gallery/snap/090202-mostread/aaj","20090212213605","200"
"http://www.inthemix.com.au:80/gallery/snap/090204-bdoartists","20090208095029","302"
"http://www.inthemix.com.au:80/gallery/snap/090204-bdoartists/aac","20090208095029","200"
"http://www.inthemix.com.au:80/gallery/snap/090204-bdoartists/aae","20091217084826","200"
"http://www.inthemix.com.au:80/gallery/snap/090204-bdoevents","20090213152336","302"
"http://www.inthemix.com.au:80/gallery/snap/090204-bdoevents/aaf","20090213152336","200"
"http://www.inthemix.com.au:80/gallery/snap/090204-bdopeople","20090213152401","302"
"http://www.inthemix.com.au:80/gallery/snap/090204-bdopeople/aab","20090213152401","200"
"http://inthemix.com.au:80/gallery/snap/090206-goodvibes04/aac","20090212124448","302"
"http://www.inthemix.com.au:80/gallery/snap/090206-goodvibes04/aac?full=1","20090213194308","302"
"http://inthemix.com.au:80/gallery/snap/090206-goodvibes04/aad","20090212133025","302"
"http://www.inthemix.com.au:80/gallery/snap/090206-goodvibes04/aad?full=1","20090213194316","302"
"http://www.inthemix.com.au:80/gallery/snap/090206-goodvibes04/aae","20090213162456","200"
"http://inthemix.com.au:80/gallery/snap/090206-goodvibes04/aag","20090212124913","302"
"http://www.inthemix.com.au:80/gallery/snap/090206-goodvibes04/aag?full=1","20090213194824","302"
"http://inthemix.com.au:80/gallery/snap/090206-goodvibes04/aah","20090212133030","302"
"http://www.inthemix.com.au:80/gallery/snap/090206-goodvibes04/aah?full=1","20090213194829","302"
"http://inthemix.com.au:80/gallery/snap/090206-goodvibes04/aai","20090212133035","302"
"http://www.inthemix.com.au:80/gallery/snap/090206-goodvibes04/aai?full=1","20090213194321","302"
"http://www.inthemix.com.au:80/gallery/snap/090206-goodvibes06","20090209073103","302"
"http://www.inthemix.com.au:80/gallery/snap/090206-goodvibes06/aaa","20090209073103","200"
"http://www.inthemix.com.au:80/gallery/snap/090206-goodvibes07","20090210011927","302"
"http://www.inthemix.com.au:80/gallery/snap/090206-goodvibes07/aac","20090210011927","200"
"http://www.inthemix.com.au:80/gallery/snap/090206-goodvibes08","20090209072653","302"
"http://www.inthemix.com.au:80/gallery/snap/090206-goodvibes08/aad","20090209072653","200"
"http://www.inthemix.com.au:80/gallery/snap/090210-bestlogos","20090214014714","302"
"http://www.inthemix.com.au:80/gallery/snap/090210-bestlogos/aaa","20090214014714","200"
"http://inthemix.com.au:80/gallery/snap/090210-bestlogos/aab","20090216201642","302"
"http://inthemix.com.au:80/gallery/snap/090210-bestlogos/aac","20090216193621","302"
"http://inthemix.com.au:80/gallery/snap/090210-bestlogos/aad","20090216195806","302"
"http://inthemix.com.au:80/gallery/snap/090210-bestlogos/aae","20090216195815","302"
"http://inthemix.com.au:80/gallery/snap/090210-bestlogos/aaf","20090216195634","302"
"http://inthemix.com.au:80/gallery/snap/090210-bestlogos/aag","20090216201647","302"
"http://inthemix.com.au:80/gallery/snap/090210-bestlogos/aah","20090216193625","302"
"http://inthemix.com.au:80/gallery/snap/090210-bestlogos/aai","20090216194807","302"
"http://inthemix.com.au:80/gallery/snap/090210-bestlogos/aaj","20090216193214","302"
"http://inthemix.com.au:80/gallery/snap/090210-bestlogos/aak","20090216193636","302"
"http://inthemix.com.au:80/gallery/snap/090210-bestlogos/aal","20090216194812","302"
"http://inthemix.com.au:80/gallery/snap/090210-bestlogos/aam","20090216194817","302"
"http://inthemix.com.au:80/gallery/snap/090210-bestlogos/aan","20090216193644","302"
"http://inthemix.com.au:80/gallery/snap/090210-bestlogos/aao","20090216195831","302"
"http://inthemix.com.au:80/gallery/snap/090210-bestlogos/aap","20090216201652","302"
"http://inthemix.com.au:80/gallery/snap/090210-bestlogos/aaq","20090216195639","302"
"http://inthemix.com.au:80/gallery/snap/090210-bestlogos/aar","20090216183747","302"
"http://inthemix.com.au:80/gallery/snap/090210-bestlogos/aas","20090216184731","302"
"http://inthemix.com.au:80/gallery/snap/090210-bestlogos/aat","20090216183806","302"
"http://inthemix.com.au:80/gallery/snap/090210-bestlogos/aau","20090216184736","302"
"http://inthemix.com.au:80/gallery/snap/090210-bestlogos/aav","20090216194734","302"
"http://inthemix.com.au:80/gallery/snap/090210-bestlogos/aaw","20090216194822","302"
"http://inthemix.com.au:80/gallery/snap/090210-bestlogos/aax","20090216194739","302"
"http://inthemix.com.au:80/gallery/snap/090210-bestlogos/aay","20090216193906","302"
"http://inthemix.com.au:80/gallery/snap/090210-bestlogos/aaz","20090219170213","302"
"http://inthemix.com.au:80/gallery/snap/090210-bestlogos/aba","20090217222629","302"
"http://www.inthemix.com.au:80/gallery/snap/090210-bestlogos/aba?full=1","20090220074902","302"
"http://inthemix.com.au:80/gallery/snap/090210-bestlogos/abb","20090219134100","302"
"http://www.inthemix.com.au:80/gallery/snap/090210-bestlogos/abb?full=1","20090221010414","302"
"http://www.inthemix.com.au:80/gallery/snap/090210-bestlogos/abc","20090218201530","200"
"http://www.inthemix.com.au:80/gallery/snap/090210-bestlogos/abc?full=1","20090221033532","302"
"http://inthemix.com.au:80/gallery/snap/090210-bestlogos/abd","20090219165940","302"
"http://www.inthemix.com.au:80/gallery/snap/090210-bestlogos/secure-au.imrworldwide.com/","20090218201535","404"
"http://www.inthemix.com.au:80/gallery/snap/090211-goodvibestrivia","20090214014719","302"
"http://www.inthemix.com.au:80/gallery/snap/090211-goodvibestrivia/aaf","20090214014719","200"
"http://www.inthemix.com.au:80/gallery/snap/090213-playground","20090216190757","302"
"http://www.inthemix.com.au:80/gallery/snap/090213-playground/aaa","20090216190757","200"
"http://www.inthemix.com.au:80/gallery/snap/090213-playground/aaa?full=1","20090420145239","302"
"http://www.inthemix.com.au:80/gallery/snap/090213-playground/aab","20090417054157","200"
"http://www.inthemix.com.au:80/gallery/snap/090213-playground/aab?full=1","20090420144121","302"
"http://www.inthemix.com.au:80/gallery/snap/090213-playground/aac","20090417054202","200"
"http://www.inthemix.com.au:80/gallery/snap/090213-playground/aac?full=1","20090420145245","302"
"http://www.inthemix.com.au:80/gallery/snap/090213-playground/aad","20090417052855","200"
"http://www.inthemix.com.au:80/gallery/snap/090213-playground/aad?full=1","20090420143006","302"
"http://www.inthemix.com.au:80/gallery/snap/090213-playground/aae","20090417054208","200"
"http://www.inthemix.com.au:80/gallery/snap/090213-playground/aae?full=1","20090420143010","302"
"http://www.inthemix.com.au:80/gallery/snap/090213-playground/aaf","20090417054213","200"
"http://www.inthemix.com.au:80/gallery/snap/090213-playground/aaf?full=1","20090420143016","302"
"http://www.inthemix.com.au:80/gallery/snap/090213-playground/aag","20090417054218","200"
"http://www.inthemix.com.au:80/gallery/snap/090213-playground/aag?full=1","20090420145250","302"
"http://www.inthemix.com.au:80/gallery/snap/090213-playground/aah","20090417052901","200"
"http://www.inthemix.com.au:80/gallery/snap/090213-playground/aah?full=1","20090420144649","302"
"http://www.inthemix.com.au:80/gallery/snap/090213-playground/aai","20090417052906","200"
"http://www.inthemix.com.au:80/gallery/snap/090213-playground/aai?full=1","20090420143021","302"
"http://www.inthemix.com.au:80/gallery/snap/090213-playground/aaj","20090417052911","200"
"http://www.inthemix.com.au:80/gallery/snap/090213-playground/aaj?full=1","20090420144126","302"
"http://www.inthemix.com.au:80/gallery/snap/090213-playground/aak","20090417052916","200"
"http://www.inthemix.com.au:80/gallery/snap/090213-playground/aak?full=1","20090420145255","302"
"http://www.inthemix.com.au:80/gallery/snap/090213-playground/aal","20090417052921","200"
"http://www.inthemix.com.au:80/gallery/snap/090213-playground/aal?full=1","20090420144131","302"
"http://www.inthemix.com.au:80/gallery/snap/090213-playground/aam","20090417052927","200"
"http://www.inthemix.com.au:80/gallery/snap/090213-playground/aam?full=1","20090420143026","302"
"http://www.inthemix.com.au:80/gallery/snap/090213-playground/aan","20090417052932","200"
"http://www.inthemix.com.au:80/gallery/snap/090213-playground/aan?full=1","20090420144654","302"
"http://www.inthemix.com.au:80/gallery/snap/090213-playground/secure-au.imrworldwide.com/","20090418220049","404"
"http://www.inthemix.com.au:80/gallery/snap/090219-goodvibes","20090220184340","302"
"http://www.inthemix.com.au:80/gallery/snap/090219-goodvibes/aaa","20090220184340","200"
"http://www.inthemix.com.au:80/gallery/snap/090219-goodvibes/aab","20090327210546","200"
"http://www.inthemix.com.au:80/gallery/snap/090219-goodvibes/aac","20090427202947","200"
"http://www.inthemix.com.au:80/gallery/snap/090219-goodvibes/aad","20090328192902","200"
"http://www.inthemix.com.au:80/gallery/snap/090219-goodvibes/aae","20090327205735","200"
"http://www.inthemix.com.au:80/gallery/snap/090219-goodvibes/aaf","20090427210453","200"
"http://www.inthemix.com.au:80/gallery/snap/090219-goodvibes/aag","20090427210458","200"
"http://www.inthemix.com.au:80/gallery/snap/090219-goodvibes/aah","20090328191626","200"
"http://www.inthemix.com.au:80/gallery/snap/090219-goodvibes/aai","20090327205740","200"
"http://www.inthemix.com.au:80/gallery/snap/090219-goodvibes/aaj","20090328192243","200"
"http://www.inthemix.com.au:80/gallery/snap/090219-goodvibes/aak","20090328193957","200"
"http://www.inthemix.com.au:80/gallery/snap/090219-goodvibes/aal","20090327210551","200"
"http://www.inthemix.com.au:80/gallery/snap/090219-goodvibes/aam","20090427195817","200"
"http://www.inthemix.com.au:80/gallery/snap/090219-mostwanted","20090220184620","302"
"http://www.inthemix.com.au:80/gallery/snap/090219-mostwanted/aaa","20090223180348","200"
"http://www.inthemix.com.au:80/gallery/snap/090219-mostwanted/aaa?full=1","20090227030735","302"
"http://www.inthemix.com.au:80/gallery/snap/090219-mostwanted/aab","20090223180354","200"
"http://www.inthemix.com.au:80/gallery/snap/090219-mostwanted/aab?full=1","20090227033325","302"
"http://www.inthemix.com.au:80/gallery/snap/090219-mostwanted/aac","20090223174925","200"
"http://www.inthemix.com.au:80/gallery/snap/090219-mostwanted/aac?full=1","20090227032726","302"
"http://www.inthemix.com.au:80/gallery/snap/090219-mostwanted/aad","20090223175724","200"
"http://www.inthemix.com.au:80/gallery/snap/090219-mostwanted/aad?full=1","20090227033520","302"
"http://www.inthemix.com.au:80/gallery/snap/090219-mostwanted/aae","20090223174428","200"
"http://www.inthemix.com.au:80/gallery/snap/090219-mostwanted/aae?full=1","20090227030738","302"
"http://www.inthemix.com.au:80/gallery/snap/090219-mostwanted/aaf","20090223175403","200"
"http://www.inthemix.com.au:80/gallery/snap/090219-mostwanted/aaf?full=1","20090227032731","302"
"http://www.inthemix.com.au:80/gallery/snap/090219-mostwanted/aag","20090223174433","200"
"http://www.inthemix.com.au:80/gallery/snap/090219-mostwanted/aag?full=1","20090227033742","302"
"http://www.inthemix.com.au:80/gallery/snap/090219-mostwanted/aah","20090223174932","200"
"http://www.inthemix.com.au:80/gallery/snap/090219-mostwanted/aah?full=1","20090227033525","302"
"http://www.inthemix.com.au:80/gallery/snap/090219-mostwanted/aai","20090223180119","200"
"http://www.inthemix.com.au:80/gallery/snap/090219-mostwanted/aai?full=1","20090227033330","302"
"http://www.inthemix.com.au:80/gallery/snap/090219-mostwanted/aaj","20090223174712","200"
"http://www.inthemix.com.au:80/gallery/snap/090219-mostwanted/aaj?full=1","20090227030744","302"
"http://www.inthemix.com.au:80/gallery/snap/090219-mostwanted/aal","20090223184348","200"
"http://www.inthemix.com.au:80/gallery/snap/090219-mostwanted/aal?full=1","20090227031033","302"
"http://www.inthemix.com.au:80/gallery/snap/090219-mostwanted/aam","20090223175749","200"
"http://www.inthemix.com.au:80/gallery/snap/090219-mostwanted/aam?full=1","20090227032736","302"
"http://www.inthemix.com.au:80/gallery/snap/090219-mostwanted/aan","20090223174438","200"
"http://www.inthemix.com.au:80/gallery/snap/090219-mostwanted/aan?full=1","20090227031833","302"
"http://www.inthemix.com.au:80/gallery/snap/090219-mostwanted/aao","20090223180126","200"
"http://www.inthemix.com.au:80/gallery/snap/090219-mostwanted/aao?full=1","20090227033747","302"
"http://www.inthemix.com.au:80/gallery/snap/090219-mostwanted/aap","20090223184359","200"
"http://www.inthemix.com.au:80/gallery/snap/090219-mostwanted/aap?full=1","20090227032741","302"
"http://www.inthemix.com.au:80/gallery/snap/090219-mostwanted/aaq","20090223180359","200"
"http://www.inthemix.com.au:80/gallery/snap/090219-mostwanted/aaq?full=1","20090227031947","302"
"http://www.inthemix.com.au:80/gallery/snap/090219-mostwanted/aar","20090223180130","200"
"http://www.inthemix.com.au:80/gallery/snap/090219-mostwanted/aar?full=1","20090227031038","302"
"http://www.inthemix.com.au:80/gallery/snap/090219-mostwanted/aas","20090223180404","200"
"http://www.inthemix.com.au:80/gallery/snap/090219-mostwanted/aas?full=1","20090227030749","302"
"http://www.inthemix.com.au:80/gallery/snap/090219-mostwanted/aat","20090223174936","200"
"http://www.inthemix.com.au:80/gallery/snap/090219-mostwanted/aat?full=1","20090227030755","302"
"http://www.inthemix.com.au:80/gallery/snap/090219-mostwanted/aau","20090223175754","200"
"http://www.inthemix.com.au:80/gallery/snap/090219-mostwanted/aau?full=1","20090227033754","302"
"http://www.inthemix.com.au:80/gallery/snap/090219-mostwanted/aav","20090223184405","200"
"http://www.inthemix.com.au:80/gallery/snap/090219-mostwanted/aav?full=1","20090227032747","302"
"http://www.inthemix.com.au:80/gallery/snap/090219-mostwanted/aaw","20090223174942","200"
"http://www.inthemix.com.au:80/gallery/snap/090219-mostwanted/aaw?full=1","20090227030405","302"
"http://www.inthemix.com.au:80/gallery/snap/090219-mostwanted/aax","20090223180416","200"
"http://www.inthemix.com.au:80/gallery/snap/090219-mostwanted/aax?full=1","20090227030409","302"
"http://www.inthemix.com.au:80/gallery/snap/090219-mostwanted/aay","20090223174717","200"
"http://www.inthemix.com.au:80/gallery/snap/090219-mostwanted/aay?full=1","20090227033530","302"
"http://www.inthemix.com.au:80/gallery/snap/090219-mostwanted/aaz","20090223175010","200"
"http://www.inthemix.com.au:80/gallery/snap/090219-mostwanted/aaz?full=1","20090227030759","302"
"http://www.inthemix.com.au:80/gallery/snap/090219-mostwanted/aba","20090223180451","200"
"http://www.inthemix.com.au:80/gallery/snap/090219-mostwanted/aba?full=1","20090227033535","302"
"http://www.inthemix.com.au:80/gallery/snap/090219-mostwanted/abb","20090223174723","200"
"http://www.inthemix.com.au:80/gallery/snap/090219-mostwanted/abb?full=1","20090227033800","302"
"http://www.inthemix.com.au:80/gallery/snap/090219-mostwanted/abc","20090223174536","200"
"http://www.inthemix.com.au:80/gallery/snap/090219-mostwanted/abc?full=1","20090227033540","302"
"http://www.inthemix.com.au:80/gallery/snap/090219-mostwanted/abd","20090223174808","200"
"http://www.inthemix.com.au:80/gallery/snap/090219-mostwanted/abd?full=1","20090227033545","302"
"http://www.inthemix.com.au:80/gallery/snap/090219-mostwanted/abf","20090220184620","200"
"http://www.inthemix.com.au:80/gallery/snap/090219-mostwanted/abf?full=1","20090227033553","302"
"http://www.inthemix.com.au:80/gallery/snap/090219-mostwanted/abg","20090223175423","200"
"http://www.inthemix.com.au:80/gallery/snap/090219-mostwanted/abg?full=1","20090227031952","302"
"http://www.inthemix.com.au:80/gallery/snap/090219-mostwanted/secure-au.imrworldwide.com/","20090224162523","404"
"http://www.inthemix.com.au:80/gallery/snap/090225-fmftrivia","20090228210427","302"
"http://www.inthemix.com.au:80/gallery/snap/090225-fmftrivia/aaw","20090228115635","200"
"http://www.inthemix.com.au:80/gallery/snap/090226-deadmau5inoz","20090303025533","302"
"http://www.inthemix.com.au:80/gallery/snap/090226-deadmau5inoz/aaa","20090301145041","200"
"http://www.inthemix.com.au:80/gallery/snap/090226-deadmau5inoz/aaa?full=1","20090302174216","302"
"http://www.inthemix.com.au:80/gallery/snap/090226-deadmau5inoz/aab","20090301140720","200"
"http://www.inthemix.com.au:80/gallery/snap/090226-deadmau5inoz/aab?full=1","20090302174224","302"
"http://www.inthemix.com.au:80/gallery/snap/090226-deadmau5inoz/aac","20090301140726","200"
"http://www.inthemix.com.au:80/gallery/snap/090226-deadmau5inoz/aac?full=1","20090302174226","302"
"http://www.inthemix.com.au:80/gallery/snap/090226-deadmau5inoz/aad","20090301140733","200"
"http://www.inthemix.com.au:80/gallery/snap/090226-deadmau5inoz/aad?full=1","20090302174235","302"
"http://www.inthemix.com.au:80/gallery/snap/090226-deadmau5inoz/aae","20090301145047","200"
"http://www.inthemix.com.au:80/gallery/snap/090226-deadmau5inoz/aae?full=1","20090302174240","302"
"http://www.inthemix.com.au:80/gallery/snap/090226-deadmau5inoz/aaf","20090301130920","200"
"http://www.inthemix.com.au:80/gallery/snap/090226-deadmau5inoz/aaf?full=1","20090302174245","302"
"http://www.inthemix.com.au:80/gallery/snap/090226-deadmau5inoz/aag","20090301131007","200"
"http://www.inthemix.com.au:80/gallery/snap/090226-deadmau5inoz/aag?full=1","20090302174250","302"
"http://www.inthemix.com.au:80/gallery/snap/090226-deadmau5inoz/aah","20090301140739","200"
"http://www.inthemix.com.au:80/gallery/snap/090226-deadmau5inoz/aah?full=1","20090302174255","302"
"http://www.inthemix.com.au:80/gallery/snap/090226-deadmau5inoz/aai","20090301145052","200"
"http://www.inthemix.com.au:80/gallery/snap/090226-deadmau5inoz/aai?full=1","20090302174300","302"
"http://www.inthemix.com.au:80/gallery/snap/090226-deadmau5inoz/aaj","20090301145103","200"
"http://www.inthemix.com.au:80/gallery/snap/090226-deadmau5inoz/aaj?full=1","20090302174305","302"
"http://www.inthemix.com.au:80/gallery/snap/090226-deadmau5inoz/aak","20090301140744","200"
"http://www.inthemix.com.au:80/gallery/snap/090226-deadmau5inoz/aak?full=1","20090302174310","302"
"http://www.inthemix.com.au:80/gallery/snap/090226-deadmau5inoz/aal","20090301145126","200"
"http://www.inthemix.com.au:80/gallery/snap/090226-deadmau5inoz/aal?full=1","20090302174318","302"
"http://www.inthemix.com.au:80/gallery/snap/090226-deadmau5inoz/aam","20090301131147","200"
"http://www.inthemix.com.au:80/gallery/snap/090226-deadmau5inoz/aam?full=1","20090302174320","302"
"http://www.inthemix.com.au:80/gallery/snap/090226-deadmau5inoz/aan","20090301145131","200"
"http://www.inthemix.com.au:80/gallery/snap/090226-deadmau5inoz/aan?full=1","20090302174326","302"
"http://www.inthemix.com.au:80/gallery/snap/090226-deadmau5inoz/aao","20090301145155","200"
"http://www.inthemix.com.au:80/gallery/snap/090226-deadmau5inoz/aao?full=1","20090302174331","302"
"http://www.inthemix.com.au:80/gallery/snap/090226-deadmau5inoz/aap","20090301140749","200"
"http://www.inthemix.com.au:80/gallery/snap/090226-deadmau5inoz/aap?full=1","20090302174336","302"
"http://www.inthemix.com.au:80/gallery/snap/090226-deadmau5inoz/aaq","20090301140754","200"
"http://www.inthemix.com.au:80/gallery/snap/090226-deadmau5inoz/aaq?full=1","20090302174341","302"
"http://www.inthemix.com.au:80/gallery/snap/090226-deadmau5inoz/aar","20090301145228","200"
"http://www.inthemix.com.au:80/gallery/snap/090226-deadmau5inoz/aar?full=1","20090302174347","302"
"http://www.inthemix.com.au:80/gallery/snap/090226-deadmau5inoz/aas","20090301145256","200"
"http://www.inthemix.com.au:80/gallery/snap/090226-deadmau5inoz/aas?full=1","20090302174352","302"
"http://www.inthemix.com.au:80/gallery/snap/090226-deadmau5inoz/aat","20090301145352","200"
"http://www.inthemix.com.au:80/gallery/snap/090226-deadmau5inoz/aat?full=1","20090302174357","302"
"http://www.inthemix.com.au:80/gallery/snap/090226-deadmau5inoz/aau","20090301140759","200"
"http://www.inthemix.com.au:80/gallery/snap/090226-deadmau5inoz/aau?full=1","20090302174402","302"
"http://www.inthemix.com.au:80/gallery/snap/090226-deadmau5inoz/aav","20090301145357","200"
"http://www.inthemix.com.au:80/gallery/snap/090226-deadmau5inoz/aav?full=1","20090302174407","302"
"http://www.inthemix.com.au:80/gallery/snap/090226-deadmau5inoz/aaw","20090301140804","200"
"http://www.inthemix.com.au:80/gallery/snap/090226-deadmau5inoz/aaw?full=1","20090302174412","302"
"http://www.inthemix.com.au:80/gallery/snap/090226-deadmau5inoz/secure-au.imrworldwide.com/","20090303025538","404"
"http://www.inthemix.com.au:80/gallery/snap/090305-chemicalravers","20090322150105","302"
"http://www.inthemix.com.au:80/gallery/snap/090305-chemicalravers/aaa","20090321110433","200"
"http://www.inthemix.com.au:80/gallery/snap/090305-chemicalravers/aaa?full=1","20090323174433","302"
"http://www.inthemix.com.au:80/gallery/snap/090305-chemicalravers/aab","20090321111538","200"
"http://www.inthemix.com.au:80/gallery/snap/090305-chemicalravers/aab?full=1","20090323144425","302"
"http://www.inthemix.com.au:80/gallery/snap/090305-chemicalravers/aac","20090321110459","200"
"http://www.inthemix.com.au:80/gallery/snap/090305-chemicalravers/aac?full=1","20090323174439","302"
"http://www.inthemix.com.au:80/gallery/snap/090305-chemicalravers/aad","20090321111543","200"
"http://www.inthemix.com.au:80/gallery/snap/090305-chemicalravers/aad?full=1","20090323144431","302"
"http://www.inthemix.com.au:80/gallery/snap/090305-chemicalravers/aae","20090321111548","200"
"http://www.inthemix.com.au:80/gallery/snap/090305-chemicalravers/aae?full=1","20090323143436","302"
"http://www.inthemix.com.au:80/gallery/snap/090305-chemicalravers/aaf","20090322181708","200"
"http://www.inthemix.com.au:80/gallery/snap/090305-chemicalravers/aak","20090322150134","200"
"http://www.inthemix.com.au:80/gallery/snap/090305-chemicalravers/secure-au.imrworldwide.com/","20090322150142","404"
"http://www.inthemix.com.au:80/gallery/snap/090311-fmfpeople","20090404030314","302"
"http://www.inthemix.com.au:80/gallery/snap/090311-fmfpeople/aaa","20090402210744","200"
"http://www.inthemix.com.au:80/gallery/snap/090311-fmfpeople/aaa?full=1","20090404104145","302"
"http://www.inthemix.com.au:80/gallery/snap/090311-fmfpeople/aab","20090402210749","200"
"http://www.inthemix.com.au:80/gallery/snap/090311-fmfpeople/aab?full=1","20090404104149","302"
"http://www.inthemix.com.au:80/gallery/snap/090311-fmfpeople/aac","20090402210754","200"
"http://www.inthemix.com.au:80/gallery/snap/090311-fmfpeople/aac?full=1","20090404104154","302"
"http://www.inthemix.com.au:80/gallery/snap/090311-fmfpeople/aad","20090402203514","200"
"http://www.inthemix.com.au:80/gallery/snap/090311-fmfpeople/aad?full=1","20090404104202","302"
"http://www.inthemix.com.au:80/gallery/snap/090311-fmfpeople/aae","20090402203520","200"
"http://www.inthemix.com.au:80/gallery/snap/090311-fmfpeople/aae?full=1","20090404103731","302"
"http://www.inthemix.com.au:80/gallery/snap/090311-fmfpeople/aaf","20090402203525","200"
"http://www.inthemix.com.au:80/gallery/snap/090311-fmfpeople/aaf?full=1","20090404104207","302"
"http://www.inthemix.com.au:80/gallery/snap/090311-fmfpeople/aag","20090402214255","200"
"http://www.inthemix.com.au:80/gallery/snap/090311-fmfpeople/aag?full=1","20090404104212","302"
"http://www.inthemix.com.au:80/gallery/snap/090311-fmfpeople/aah","20090402210759","200"
"http://www.inthemix.com.au:80/gallery/snap/090311-fmfpeople/aah?full=1","20090404104218","302"
"http://www.inthemix.com.au:80/gallery/snap/090311-fmfpeople/aai","20090402202824","200"
"http://www.inthemix.com.au:80/gallery/snap/090311-fmfpeople/aai?full=1","20090404011912","302"
"http://www.inthemix.com.au:80/gallery/snap/090311-fmfpeople/aaj","20090402210804","200"
"http://www.inthemix.com.au:80/gallery/snap/090311-fmfpeople/aaj?full=1","20090404104223","302"
"http://www.inthemix.com.au:80/gallery/snap/090311-fmfpeople/aak","20090402203530","200"
"http://www.inthemix.com.au:80/gallery/snap/090311-fmfpeople/aak?full=1","20090404103737","302"
"http://www.inthemix.com.au:80/gallery/snap/090311-fmfpeople/aal","20090402203535","200"
"http://www.inthemix.com.au:80/gallery/snap/090311-fmfpeople/aal?full=1","20090404103743","302"
"http://www.inthemix.com.au:80/gallery/snap/090311-fmfpeople/aam","20090402214258","200"
"http://www.inthemix.com.au:80/gallery/snap/090311-fmfpeople/aam?full=1","20090404104230","302"
"http://www.inthemix.com.au:80/gallery/snap/090311-fmfpeople/aan","20090402202831","200"
"http://www.inthemix.com.au:80/gallery/snap/090311-fmfpeople/aan?full=1","20090404011917","302"
"http://www.inthemix.com.au:80/gallery/snap/090311-fmfpeople/aao","20090402202834","200"
"http://www.inthemix.com.au:80/gallery/snap/090311-fmfpeople/aao?full=1","20090404011922","302"
"http://www.inthemix.com.au:80/gallery/snap/090311-fmfpeople/aap","20090402203540","200"
"http://www.inthemix.com.au:80/gallery/snap/090311-fmfpeople/aap?full=1","20090404104233","302"
"http://www.inthemix.com.au:80/gallery/snap/090311-fmfpeople/aaq","20090402214303","200"
"http://www.inthemix.com.au:80/gallery/snap/090311-fmfpeople/aaq?full=1","20090404104239","302"
"http://www.inthemix.com.au:80/gallery/snap/090311-fmfpeople/aar","20090402202840","200"
"http://www.inthemix.com.au:80/gallery/snap/090311-fmfpeople/aar?full=1","20090404011928","302"
"http://www.inthemix.com.au:80/gallery/snap/090311-fmfpeople/aas","20090402202845","200"
"http://www.inthemix.com.au:80/gallery/snap/090311-fmfpeople/aas?full=1","20090404011156","302"
"http://www.inthemix.com.au:80/gallery/snap/090311-fmfpeople/aat","20090402202850","200"
"http://www.inthemix.com.au:80/gallery/snap/090311-fmfpeople/aat?full=1","20090404011201","302"
"http://www.inthemix.com.au:80/gallery/snap/090311-fmfpeople/aau","20090402203545","200"
"http://www.inthemix.com.au:80/gallery/snap/090311-fmfpeople/aau?full=1","20090404103747","302"
"http://www.inthemix.com.au:80/gallery/snap/090311-fmfpeople/aav","20090402214308","200"
"http://www.inthemix.com.au:80/gallery/snap/090311-fmfpeople/aav?full=1","20090404103752","302"
"http://www.inthemix.com.au:80/gallery/snap/090311-fmfpeople/aaw","20090402202855","200"
"http://www.inthemix.com.au:80/gallery/snap/090311-fmfpeople/aaw?full=1","20090404012243","302"
"http://www.inthemix.com.au:80/gallery/snap/090311-fmfpeople/aax","20090402202900","200"
"http://www.inthemix.com.au:80/gallery/snap/090311-fmfpeople/aax?full=1","20090404011206","302"
"http://www.inthemix.com.au:80/gallery/snap/090311-fmfpeople/aay","20090402203551","200"
"http://www.inthemix.com.au:80/gallery/snap/090311-fmfpeople/aay?full=1","20090404104243","302"
"http://www.inthemix.com.au:80/gallery/snap/090311-fmfpeople/aaz","20090402203555","200"
"http://www.inthemix.com.au:80/gallery/snap/090311-fmfpeople/aaz?full=1","20090404104249","302"
"http://www.inthemix.com.au:80/gallery/snap/090311-fmfpeople/aba","20090402202905","200"
"http://www.inthemix.com.au:80/gallery/snap/090311-fmfpeople/aba?full=1","20090404012248","302"
"http://www.inthemix.com.au:80/gallery/snap/090311-fmfpeople/abb","20090402203600","200"
"http://www.inthemix.com.au:80/gallery/snap/090311-fmfpeople/abb?full=1","20090404104254","302"
"http://www.inthemix.com.au:80/gallery/snap/090311-fmfpeople/abc","20090402202910","200"
"http://www.inthemix.com.au:80/gallery/snap/090311-fmfpeople/abc?full=1","20090404011932","302"
"http://www.inthemix.com.au:80/gallery/snap/090311-fmfpeople/abd","20090402214313","200"
"http://www.inthemix.com.au:80/gallery/snap/090311-fmfpeople/abd?full=1","20090404103757","302"
"http://www.inthemix.com.au:80/gallery/snap/090311-fmfpeople/abe","20090402203605","200"
"http://www.inthemix.com.au:80/gallery/snap/090311-fmfpeople/abe?full=1","20090404103802","302"
"http://www.inthemix.com.au:80/gallery/snap/090311-fmfpeople/abf","20090402214329","200"
"http://www.inthemix.com.au:80/gallery/snap/090311-fmfpeople/abf?full=1","20090404103808","302"
"http://www.inthemix.com.au:80/gallery/snap/090311-fmfpeople/secure-au.imrworldwide.com/","20090404030319","404"
"http://www.inthemix.com.au:80/gallery/snap/090316-futuremusicheynow","20090323144446","302"
"http://www.inthemix.com.au:80/gallery/snap/090316-futuremusicheynow/aaa","20090323064626","200"
"http://www.inthemix.com.au:80/gallery/snap/090316-futuremusicheynow/aaa?full=1","20090324094559","302"
"http://www.inthemix.com.au:80/gallery/snap/090316-futuremusicheynow/aab","20090323064631","200"
"http://www.inthemix.com.au:80/gallery/snap/090316-futuremusicheynow/aab?full=1","20090324094606","302"
"http://www.inthemix.com.au:80/gallery/snap/090316-futuremusicheynow/aac","20090323065256","200"
"http://www.inthemix.com.au:80/gallery/snap/090316-futuremusicheynow/aac?full=1","20090324094610","302"
"http://www.inthemix.com.au:80/gallery/snap/090316-futuremusicheynow/aad","20090323064636","200"
"http://www.inthemix.com.au:80/gallery/snap/090316-futuremusicheynow/aad?full=1","20090324095224","302"
"http://www.inthemix.com.au:80/gallery/snap/090316-futuremusicheynow/aaf","20090323065302","200"
"http://www.inthemix.com.au:80/gallery/snap/090316-futuremusicheynow/aaf?full=1","20090324100519","302"
"http://www.inthemix.com.au:80/gallery/snap/090316-futuremusicheynow/aag","20090323065307","200"
"http://www.inthemix.com.au:80/gallery/snap/090316-futuremusicheynow/aag?full=1","20090324095603","302"
"http://www.inthemix.com.au:80/gallery/snap/090316-futuremusicheynow/aah","20090323065313","200"
"http://www.inthemix.com.au:80/gallery/snap/090316-futuremusicheynow/aah?full=1","20090324094616","302"
"http://www.inthemix.com.au:80/gallery/snap/090316-futuremusicheynow/aai","20090323065319","200"
"http://www.inthemix.com.au:80/gallery/snap/090316-futuremusicheynow/aai?full=1","20090324095229","302"
"http://www.inthemix.com.au:80/gallery/snap/090316-futuremusicheynow/aal","20090323064641","200"
"http://www.inthemix.com.au:80/gallery/snap/090316-futuremusicheynow/aal?full=1","20090324094620","302"
"http://www.inthemix.com.au:80/gallery/snap/090316-futuremusicheynow/aan","20090323065324","200"
"http://www.inthemix.com.au:80/gallery/snap/090316-futuremusicheynow/aan?full=1","20090324095234","302"
"http://www.inthemix.com.au:80/gallery/snap/090316-futuremusicheynow/aao","20090323064646","200"
"http://www.inthemix.com.au:80/gallery/snap/090316-futuremusicheynow/aao?full=1","20090324094626","302"
"http://www.inthemix.com.au:80/gallery/snap/090316-futuremusicheynow/aap","20090323065329","200"
"http://www.inthemix.com.au:80/gallery/snap/090316-futuremusicheynow/aap?full=1","20090324100523","302"
"http://www.inthemix.com.au:80/gallery/snap/090316-futuremusicheynow/aar","20090323065334","200"
"http://www.inthemix.com.au:80/gallery/snap/090316-futuremusicheynow/aar?full=1","20090324094631","302"
"http://www.inthemix.com.au:80/gallery/snap/090316-futuremusicheynow/aas","20090323064651","200"
"http://www.inthemix.com.au:80/gallery/snap/090316-futuremusicheynow/aas?full=1","20090324095610","302"
"http://www.inthemix.com.au:80/gallery/snap/090316-futuremusicheynow/aau","20090323064656","200"
"http://www.inthemix.com.au:80/gallery/snap/090316-futuremusicheynow/aau?full=1","20090324094636","302"
"http://www.inthemix.com.au:80/gallery/snap/090316-futuremusicheynow/aaw","20090323064701","200"
"http://www.inthemix.com.au:80/gallery/snap/090316-futuremusicheynow/aaw?full=1","20090324095240","302"
"http://www.inthemix.com.au:80/gallery/snap/090316-futuremusicheynow/aax","20090323064706","200"
"http://www.inthemix.com.au:80/gallery/snap/090316-futuremusicheynow/aax?full=1","20090324095615","302"
"http://www.inthemix.com.au:80/gallery/snap/090316-futuremusicheynow/aay","20090323065339","200"
"http://www.inthemix.com.au:80/gallery/snap/090316-futuremusicheynow/aay?full=1","20090324094641","302"
"http://www.inthemix.com.au:80/gallery/snap/090316-futuremusicheynow/aba","20090323064711","200"
"http://www.inthemix.com.au:80/gallery/snap/090316-futuremusicheynow/aba?full=1","20090324095620","302"
"http://www.inthemix.com.au:80/gallery/snap/090316-futuremusicheynow/abb","20090323064716","200"
"http://www.inthemix.com.au:80/gallery/snap/090316-futuremusicheynow/abb?full=1","20090324095245","302"
"http://www.inthemix.com.au:80/gallery/snap/090316-futuremusicheynow/secure-au.imrworldwide.com/","20090325174657","404"
"http://www.inthemix.com.au:80/gallery/snap/090317-raveflyerspt1","20090323144451","302"
"http://www.inthemix.com.au:80/gallery/snap/090317-raveflyerspt1/aaa","20090321091644","200"
"http://www.inthemix.com.au:80/gallery/snap/090317-raveflyerspt1/aaa?full=1","20090322181715","302"
"http://www.inthemix.com.au:80/gallery/snap/090317-raveflyerspt1/aab","20090321110919","200"
"http://www.inthemix.com.au:80/gallery/snap/090317-raveflyerspt1/aab?full=1","20090323143441","302"
"http://www.inthemix.com.au:80/gallery/snap/090317-raveflyerspt1/aac","20090321111421","200"
"http://www.inthemix.com.au:80/gallery/snap/090317-raveflyerspt1/aac?full=1","20090323143446","302"
"http://www.inthemix.com.au:80/gallery/snap/090317-raveflyerspt1/aad","20090321111432","200"
"http://www.inthemix.com.au:80/gallery/snap/090317-raveflyerspt1/aad?full=1","20090323144436","302"
"http://www.inthemix.com.au:80/gallery/snap/090317-raveflyerspt1/aae","20090321111438","200"
"http://www.inthemix.com.au:80/gallery/snap/090317-raveflyerspt1/aae?full=1","20090323143451","302"
"http://www.inthemix.com.au:80/gallery/snap/090317-raveflyerspt1/aaf","20090321110937","200"
"http://www.inthemix.com.au:80/gallery/snap/090317-raveflyerspt1/aaf?full=1","20090323144441","302"
"http://www.inthemix.com.au:80/gallery/snap/090317-raveflyerspt1/aag","20090321111557","200"
"http://www.inthemix.com.au:80/gallery/snap/090317-raveflyerspt1/aag?full=1","20090323174444","302"
"http://www.inthemix.com.au:80/gallery/snap/090317-raveflyerspt1/aah","20090322181720","200"
"http://www.inthemix.com.au:80/gallery/snap/090317-raveflyerspt1/aat","20090324194411","200"
"http://www.inthemix.com.au:80/gallery/snap/090317-raveflyerspt1/secure-au.imrworldwide.com/","20090324194417","404"
"http://www.inthemix.com.au:80/gallery/snap/090317-raveflyerspt2","20090322150204","302"
"http://www.inthemix.com.au:80/gallery/snap/090317-raveflyerspt2/aaa","20090321091708","200"
"http://www.inthemix.com.au:80/gallery/snap/090317-raveflyerspt2/aaa?full=1","20090322181725","302"
"http://www.inthemix.com.au:80/gallery/snap/090317-raveflyerspt2/aab","20090321111443","200"
"http://www.inthemix.com.au:80/gallery/snap/090317-raveflyerspt2/aab?full=1","20090323143456","302"
"http://www.inthemix.com.au:80/gallery/snap/090317-raveflyerspt2/aac","20090321110943","200"
"http://www.inthemix.com.au:80/gallery/snap/090317-raveflyerspt2/aac?full=1","20090323144113","302"
"http://www.inthemix.com.au:80/gallery/snap/090317-raveflyerspt2/aad","20090322181730","200"
"http://www.inthemix.com.au:80/gallery/snap/090317-raveflyerspt2/aat","20090322150208","200"
"http://www.inthemix.com.au:80/gallery/snap/090317-raveflyerspt2/secure-au.imrworldwide.com/","20090322150238","404"
"http://www.inthemix.com.au:80/gallery/snap/090318-amsterdamwalkabout","20090324194434","302"
"http://www.inthemix.com.au:80/gallery/snap/090318-amsterdamwalkabout/aaa","20090322112832","200"
"http://www.inthemix.com.au:80/gallery/snap/090318-amsterdamwalkabout/aab","20090322112837","200"
"http://www.inthemix.com.au:80/gallery/snap/090318-amsterdamwalkabout/aac","20090322112844","200"
"http://www.inthemix.com.au:80/gallery/snap/090318-amsterdamwalkabout/aad","20090322112847","200"
"http://www.inthemix.com.au:80/gallery/snap/090318-amsterdamwalkabout/aae","20090322112853","200"
"http://www.inthemix.com.au:80/gallery/snap/090318-amsterdamwalkabout/aaf","20090322112858","200"
"http://www.inthemix.com.au:80/gallery/snap/090318-amsterdamwalkabout/aag","20090322112903","200"
"http://www.inthemix.com.au:80/gallery/snap/090318-amsterdamwalkabout/aah","20090322112908","200"
"http://www.inthemix.com.au:80/gallery/snap/090318-amsterdamwalkabout/aai","20090322112913","200"
"http://www.inthemix.com.au:80/gallery/snap/090318-amsterdamwalkabout/aaj","20090322112922","200"
"http://www.inthemix.com.au:80/gallery/snap/090318-tranceenergy","20090328195806","302"
"http://www.inthemix.com.au:80/gallery/snap/090318-tranceenergy/aaa","20090328134601","200"
"http://www.inthemix.com.au:80/gallery/snap/090318-tranceenergy/aab","20090328134606","200"
"http://www.inthemix.com.au:80/gallery/snap/090318-tranceenergy/aac","20090328133240","200"
"http://www.inthemix.com.au:80/gallery/snap/090318-tranceenergy/aad","20090328133404","200"
"http://www.inthemix.com.au:80/gallery/snap/090318-tranceenergy/aae","20090328133410","200"
"http://www.inthemix.com.au:80/gallery/snap/090318-tranceenergy/aaf","20090328133415","200"
"http://www.inthemix.com.au:80/gallery/snap/090318-tranceenergy/aag","20090328133432","200"
"http://www.inthemix.com.au:80/gallery/snap/090318-tranceenergy/aah","20090328134622","200"
"http://www.inthemix.com.au:80/gallery/snap/090318-tranceenergy/aai","20090328133315","200"
"http://www.inthemix.com.au:80/gallery/snap/090318-tranceenergy/aaj","20090328133321","200"
"http://www.inthemix.com.au:80/gallery/snap/090318-tranceenergy/aak","20090328133245","200"
"http://www.inthemix.com.au:80/gallery/snap/090318-tranceenergy/aal","20090328134631","200"
"http://www.inthemix.com.au:80/gallery/snap/090318-tranceenergy/aam","20090328133327","200"
"http://www.inthemix.com.au:80/gallery/snap/090318-tranceenergy/aan","20090328133332","200"
"http://www.inthemix.com.au:80/gallery/snap/090318-tranceenergy/aao","20090328133504","200"
"http://www.inthemix.com.au:80/gallery/snap/090318-tranceenergy/aap","20090328134655","200"
"http://www.inthemix.com.au:80/gallery/snap/090318-tranceenergy/aaq","20090328134700","200"
"http://www.inthemix.com.au:80/gallery/snap/090318-tranceenergy/aar","20090328133551","200"
"http://www.inthemix.com.au:80/gallery/snap/090318-tranceenergy/aas","20090328133250","200"
"http://www.inthemix.com.au:80/gallery/snap/090318-tranceenergy/aat","20090328133337","200"
"http://www.inthemix.com.au:80/gallery/snap/090320-festiest","20090324194422","302"
"http://www.inthemix.com.au:80/gallery/snap/090320-festiest/aaa","20090323065344","200"
"http://www.inthemix.com.au:80/gallery/snap/090320-festiest/aaa?full=1","20090324094953","302"
"http://www.inthemix.com.au:80/gallery/snap/090320-festiest/aab","20090323065349","200"
"http://www.inthemix.com.au:80/gallery/snap/090320-festiest/aab?full=1","20090324094959","302"
"http://www.inthemix.com.au:80/gallery/snap/090320-festiest/aac","20090323065354","200"
"http://www.inthemix.com.au:80/gallery/snap/090320-festiest/aac?full=1","20090324095250","302"
"http://www.inthemix.com.au:80/gallery/snap/090320-festiest/aad","20090323065359","200"
"http://www.inthemix.com.au:80/gallery/snap/090320-festiest/aad?full=1","20090324095256","302"
"http://www.inthemix.com.au:80/gallery/snap/090320-festiest/aae","20090323065404","200"
"http://www.inthemix.com.au:80/gallery/snap/090320-festiest/aae?full=1","20090324095004","302"
"http://www.inthemix.com.au:80/gallery/snap/090320-festiest/aaf","20090323064722","200"
"http://www.inthemix.com.au:80/gallery/snap/090320-festiest/aaf?full=1","20090324100529","302"
"http://www.inthemix.com.au:80/gallery/snap/090320-festiest/aag","20090323064727","200"
"http://www.inthemix.com.au:80/gallery/snap/090320-festiest/aag?full=1","20090324100534","302"
"http://www.inthemix.com.au:80/gallery/snap/090320-festiest/aah","20090323065410","200"
"http://www.inthemix.com.au:80/gallery/snap/090320-festiest/aah?full=1","20090324095009","302"
"http://www.inthemix.com.au:80/gallery/snap/090320-festiest/aai","20090323065416","200"
"http://www.inthemix.com.au:80/gallery/snap/090320-festiest/aai?full=1","20090324095625","302"
"http://www.inthemix.com.au:80/gallery/snap/090320-festiest/aaj","20090323064732","200"
"http://www.inthemix.com.au:80/gallery/snap/090320-festiest/aaj?full=1","20090324095630","302"
"http://www.inthemix.com.au:80/gallery/snap/090320-festiest/aak","20090323064737","200"
"http://www.inthemix.com.au:80/gallery/snap/090320-festiest/aak?full=1","20090324095014","302"
"http://www.inthemix.com.au:80/gallery/snap/090320-festiest/aal","20090323064742","200"
"http://www.inthemix.com.au:80/gallery/snap/090320-festiest/aal?full=1","20090324095636","302"
"http://www.inthemix.com.au:80/gallery/snap/090320-festiest/aam","20090323065422","200"
"http://www.inthemix.com.au:80/gallery/snap/090320-festiest/aam?full=1","20090324100539","302"
"http://www.inthemix.com.au:80/gallery/snap/090320-festiest/aan","20090323064747","200"
"http://www.inthemix.com.au:80/gallery/snap/090320-festiest/aan?full=1","20090324095640","302"
"http://www.inthemix.com.au:80/gallery/snap/090320-festiest/aao","20090323064752","200"
"http://www.inthemix.com.au:80/gallery/snap/090320-festiest/aao?full=1","20090324100544","302"
"http://www.inthemix.com.au:80/gallery/snap/090320-festiest/aap","20090323064758","200"
"http://www.inthemix.com.au:80/gallery/snap/090320-festiest/aap?full=1","20090324100550","302"
"http://www.inthemix.com.au:80/gallery/snap/090320-festiest/aaq","20090323064804","200"
"http://www.inthemix.com.au:80/gallery/snap/090320-festiest/aaq?full=1","20090324100555","302"
"http://www.inthemix.com.au:80/gallery/snap/090320-festiest/aar","20090323064809","200"
"http://www.inthemix.com.au:80/gallery/snap/090320-festiest/aar?full=1","20090324095302","302"
"http://www.inthemix.com.au:80/gallery/snap/090320-festiest/aas","20090323064814","200"
"http://www.inthemix.com.au:80/gallery/snap/090320-festiest/aas?full=1","20090324095308","302"
"http://www.inthemix.com.au:80/gallery/snap/090320-festiest/aat","20090323065428","200"
"http://www.inthemix.com.au:80/gallery/snap/090320-festiest/aat?full=1","20090324095314","302"
"http://www.inthemix.com.au:80/gallery/snap/090320-festiest/aau","20090323065433","200"
"http://www.inthemix.com.au:80/gallery/snap/090320-festiest/aau?full=1","20090324095319","302"
"http://www.inthemix.com.au:80/gallery/snap/090320-festiest/secure-au.imrworldwide.com/","20090325050923","404"
"http://www.inthemix.com.au:80/gallery/snap/090323-twitter/aaa","20090326063841","200"
"http://www.inthemix.com.au:80/gallery/snap/090323-twitter/aaa?full=1","20090327155901","302"
"http://www.inthemix.com.au:80/gallery/snap/090323-twitter/aab","20090326063846","200"
"http://www.inthemix.com.au:80/gallery/snap/090323-twitter/aab?full=1","20090327155158","302"
"http://www.inthemix.com.au:80/gallery/snap/090323-twitter/aac","20090326063851","200"
"http://www.inthemix.com.au:80/gallery/snap/090323-twitter/aac?full=1","20090327155905","302"
"http://www.inthemix.com.au:80/gallery/snap/090323-twitter/aad","20090326063856","200"
"http://www.inthemix.com.au:80/gallery/snap/090323-twitter/aad?full=1","20090327155910","302"
"http://www.inthemix.com.au:80/gallery/snap/090323-twitter/aae","20090326065429","200"
"http://www.inthemix.com.au:80/gallery/snap/090323-twitter/aae?full=1","20090327155915","302"
"http://www.inthemix.com.au:80/gallery/snap/090323-twitter/aaf","20090326065434","200"
"http://www.inthemix.com.au:80/gallery/snap/090323-twitter/aaf?full=1","20090327155203","302"
"http://www.inthemix.com.au:80/gallery/snap/090323-twitter/aag","20090326065439","200"
"http://www.inthemix.com.au:80/gallery/snap/090323-twitter/aag?full=1","20090327155210","302"
"http://www.inthemix.com.au:80/gallery/snap/090323-twitter/aah","20090326065444","200"
"http://www.inthemix.com.au:80/gallery/snap/090323-twitter/aah?full=1","20090327155920","302"
"http://www.inthemix.com.au:80/gallery/snap/090323-twitter/aai","20090326063901","200"
"http://www.inthemix.com.au:80/gallery/snap/090323-twitter/aai?full=1","20090327155215","302"
"http://www.inthemix.com.au:80/gallery/snap/090323-twitter/aaj","20090326065449","200"
"http://www.inthemix.com.au:80/gallery/snap/090323-twitter/aaj?full=1","20090327155927","302"
"http://www.inthemix.com.au:80/gallery/snap/090323-twitter/aak","20090326063906","200"
"http://www.inthemix.com.au:80/gallery/snap/090323-twitter/aak?full=1","20090327155932","302"
"http://www.inthemix.com.au:80/gallery/snap/090323-twitter/aal","20090326065454","200"
"http://www.inthemix.com.au:80/gallery/snap/090323-twitter/aal?full=1","20090327155937","302"
"http://www.inthemix.com.au:80/gallery/snap/090323-twitter/aam","20090326063912","200"
"http://www.inthemix.com.au:80/gallery/snap/090323-twitter/aam?full=1","20090327155943","302"
"http://www.inthemix.com.au:80/gallery/snap/090323-twitter/aan","20090326065459","200"
"http://www.inthemix.com.au:80/gallery/snap/090323-twitter/aan?full=1","20090327155220","302"
"http://www.inthemix.com.au:80/gallery/snap/090323-twitter/aao","20090326065504","200"
"http://www.inthemix.com.au:80/gallery/snap/090323-twitter/aao?full=1","20090327155948","302"
"http://www.inthemix.com.au:80/gallery/snap/090323-twitter/aap","20090326065509","200"
"http://www.inthemix.com.au:80/gallery/snap/090323-twitter/aap?full=1","20090327155226","302"
"http://www.inthemix.com.au:80/gallery/snap/090323-twitter/aaq","20090326063917","200"
"http://www.inthemix.com.au:80/gallery/snap/090323-twitter/aaq?full=1","20090327155230","302"
"http://www.inthemix.com.au:80/gallery/snap/090323-twitter/aar","20090326065514","200"
"http://www.inthemix.com.au:80/gallery/snap/090323-twitter/aar?full=1","20090327155236","302"
"http://www.inthemix.com.au:80/gallery/snap/090323-twitter/aas","20090326065519","200"
"http://www.inthemix.com.au:80/gallery/snap/090323-twitter/aas?full=1","20090327155953","302"
"http://www.inthemix.com.au:80/gallery/snap/090323-twitter/aat","20090326063922","200"
"http://www.inthemix.com.au:80/gallery/snap/090323-twitter/aat?full=1","20090327155241","302"
"http://www.inthemix.com.au:80/gallery/snap/090323-twitter/aau","20090326065527","200"
"http://www.inthemix.com.au:80/gallery/snap/090323-twitter/aau?full=1","20090327155958","302"
"http://www.inthemix.com.au:80/gallery/snap/090323-twitter/aav","20090326063928","200"
"http://www.inthemix.com.au:80/gallery/snap/090323-twitter/aav?full=1","20090327155246","302"
"http://www.inthemix.com.au:80/gallery/snap/090323-twitter/aaw","20090326063933","200"
"http://www.inthemix.com.au:80/gallery/snap/090323-twitter/aaw?full=1","20090327160016","302"
"http://www.inthemix.com.au:80/gallery/snap/090323-twitter/aax","20090326065532","200"
"http://www.inthemix.com.au:80/gallery/snap/090323-twitter/aax?full=1","20090327160019","302"
"http://www.inthemix.com.au:80/gallery/snap/090323-twitter/aay","20090326063938","200"
"http://www.inthemix.com.au:80/gallery/snap/090323-twitter/aay?full=1","20090327155254","302"
"http://www.inthemix.com.au:80/gallery/snap/090323-twitter/aaz","20090326065537","200"
"http://www.inthemix.com.au:80/gallery/snap/090323-twitter/aaz?full=1","20090327160024","302"
"http://www.inthemix.com.au:80/gallery/snap/090323-twitter/aba","20090326063943","200"
"http://www.inthemix.com.au:80/gallery/snap/090323-twitter/aba?full=1","20090327160029","302"
"http://www.inthemix.com.au:80/gallery/snap/090323-twitter/abb","20090326065542","200"
"http://www.inthemix.com.au:80/gallery/snap/090323-twitter/abb?full=1","20090327155258","302"
"http://www.inthemix.com.au:80/gallery/snap/090323-twitter/abc","20090326065547","200"
"http://www.inthemix.com.au:80/gallery/snap/090323-twitter/abc?full=1","20090327160035","302"
"http://www.inthemix.com.au:80/gallery/snap/090323-twitter/abd","20090326065552","200"
"http://www.inthemix.com.au:80/gallery/snap/090323-twitter/abd?full=1","20090327160039","302"
"http://www.inthemix.com.au:80/gallery/snap/090323-twitter/abe","20090326063948","200"
"http://www.inthemix.com.au:80/gallery/snap/090323-twitter/abe?full=1","20090327160044","302"
"http://www.inthemix.com.au:80/gallery/snap/090323-twitter/secure-au.imrworldwide.com/","20090328195745","404"
"http://www.inthemix.com.au:80/gallery/snap/090326-qdanceevent","20090328195818","302"
"http://www.inthemix.com.au:80/gallery/snap/090326-qdanceevent/aaa","20090328195818","200"
"http://www.inthemix.com.au:80/gallery/snap/090326-qdanceevent/aab","20090330200652","200"
"http://www.inthemix.com.au:80/gallery/snap/090326-qdanceevent/aac","20090330200507","200"
"http://www.inthemix.com.au:80/gallery/snap/090326-qdanceevent/aad","20090330200657","200"
"http://www.inthemix.com.au:80/gallery/snap/090326-qdanceevent/aae","20090330200703","200"
"http://www.inthemix.com.au:80/gallery/snap/090326-qdanceevent/aaf","20090330200708","200"
"http://www.inthemix.com.au:80/gallery/snap/090326-qdanceevent/aag","20090330200512","200"
"http://www.inthemix.com.au:80/gallery/snap/090326-qdanceevent/aah","20090330200713","200"
"http://www.inthemix.com.au:80/gallery/snap/090326-qdanceevent/aai","20090330200718","200"
"http://www.inthemix.com.au:80/gallery/snap/090326-qdanceevent/aaj","20090330200723","200"
"http://www.inthemix.com.au:80/gallery/snap/090326-qdanceevent/aak","20090330200517","200"
"http://www.inthemix.com.au:80/gallery/snap/090326-qdanceevent/aal","20090330200728","200"
"http://www.inthemix.com.au:80/gallery/snap/090326-qdanceevent/aam","20090330200522","200"
"http://www.inthemix.com.au:80/gallery/snap/090326-qdanceevent/aan","20090330200527","200"
"http://www.inthemix.com.au:80/gallery/snap/090326-qdanceevent/aao","20090330200533","200"
"http://www.inthemix.com.au:80/gallery/snap/090326-qdanceevent/aap","20090330200537","200"
"http://www.inthemix.com.au:80/gallery/snap/090326-qdanceevent/aaq","20090330200733","200"
"http://www.inthemix.com.au:80/gallery/snap/090326-qdanceevent/aar","20090330200738","200"
"http://www.inthemix.com.au:80/gallery/snap/090326-qdanceevent/aas","20090330200542","200"
"http://www.inthemix.com.au:80/gallery/snap/090326-qdanceevent/aat","20090401012832","200"
"http://www.inthemix.com.au:80/gallery/snap/090326-qdanceevent/aav","20090401160442","200"
"http://www.inthemix.com.au:80/gallery/snap/090326-qdanceevent/secure-au.imrworldwide.com/","20090401160446","404"
"http://www.inthemix.com.au:80/gallery/snap/090326-qdancepeople","20090328195822","302"
"http://www.inthemix.com.au:80/gallery/snap/090326-qdancepeople/aaa","20090402203611","200"
"http://www.inthemix.com.au:80/gallery/snap/090326-qdancepeople/aaa?full=1","20090404104259","302"
"http://www.inthemix.com.au:80/gallery/snap/090326-qdancepeople/aab","20090328195822","200"
"http://www.inthemix.com.au:80/gallery/snap/090326-qdancepeople/aab?full=1","20090404103813","302"
"http://www.inthemix.com.au:80/gallery/snap/090326-qdancepeople/aac","20090402203616","200"
"http://www.inthemix.com.au:80/gallery/snap/090326-qdancepeople/aac?full=1","20090404103818","302"
"http://www.inthemix.com.au:80/gallery/snap/090326-qdancepeople/aad","20090402210809","200"
"http://www.inthemix.com.au:80/gallery/snap/090326-qdancepeople/aad?full=1","20090404103823","302"
"http://www.inthemix.com.au:80/gallery/snap/090326-qdancepeople/aae","20090402210814","200"
"http://www.inthemix.com.au:80/gallery/snap/090326-qdancepeople/aae?full=1","20090404103828","302"
"http://www.inthemix.com.au:80/gallery/snap/090326-qdancepeople/aaf","20090402202917","200"
"http://www.inthemix.com.au:80/gallery/snap/090326-qdancepeople/aaf?full=1","20090404103833","302"
"http://www.inthemix.com.au:80/gallery/snap/090326-qdancepeople/aag","20090402214338","200"
"http://www.inthemix.com.au:80/gallery/snap/090326-qdancepeople/aag?full=1","20090404104304","302"
"http://www.inthemix.com.au:80/gallery/snap/090326-qdancepeople/aah","20090402214342","200"
"http://www.inthemix.com.au:80/gallery/snap/090326-qdancepeople/aah?full=1","20090404103839","302"
"http://www.inthemix.com.au:80/gallery/snap/090326-qdancepeople/aai","20090402203621","200"
"http://www.inthemix.com.au:80/gallery/snap/090326-qdancepeople/aai?full=1","20090404103845","302"
"http://www.inthemix.com.au:80/gallery/snap/090326-qdancepeople/aaj","20090402203626","200"
"http://www.inthemix.com.au:80/gallery/snap/090326-qdancepeople/aaj?full=1","20090404104309","302"
"http://www.inthemix.com.au:80/gallery/snap/090326-qdancepeople/aak","20090402210819","200"
"http://www.inthemix.com.au:80/gallery/snap/090326-qdancepeople/aak?full=1","20090404103848","302"
"http://www.inthemix.com.au:80/gallery/snap/090326-qdancepeople/aal","20090402214347","200"
"http://www.inthemix.com.au:80/gallery/snap/090326-qdancepeople/aal?full=1","20090404104314","302"
"http://www.inthemix.com.au:80/gallery/snap/090326-qdancepeople/aam","20090402214353","200"
"http://www.inthemix.com.au:80/gallery/snap/090326-qdancepeople/aam?full=1","20090404103853","302"
"http://www.inthemix.com.au:80/gallery/snap/090326-qdancepeople/aan","20090402210825","200"
"http://www.inthemix.com.au:80/gallery/snap/090326-qdancepeople/aan?full=1","20090404103858","302"
"http://www.inthemix.com.au:80/gallery/snap/090326-qdancepeople/aao","20090402210830","200"
"http://www.inthemix.com.au:80/gallery/snap/090326-qdancepeople/aao?full=1","20090404104319","302"
"http://www.inthemix.com.au:80/gallery/snap/090326-qdancepeople/aap","20090402210835","200"
"http://www.inthemix.com.au:80/gallery/snap/090326-qdancepeople/aap?full=1","20090404104327","302"
"http://www.inthemix.com.au:80/gallery/snap/090326-qdancepeople/aaq","20090402210840","200"
"http://www.inthemix.com.au:80/gallery/snap/090326-qdancepeople/aaq?full=1","20090404104330","302"
"http://www.inthemix.com.au:80/gallery/snap/090326-qdancepeople/aar","20090402210845","200"
"http://www.inthemix.com.au:80/gallery/snap/090326-qdancepeople/aar?full=1","20090404104336","302"
"http://www.inthemix.com.au:80/gallery/snap/090326-qdancepeople/aas","20090402214358","200"
"http://www.inthemix.com.au:80/gallery/snap/090326-qdancepeople/aas?full=1","20090404104341","302"
"http://www.inthemix.com.au:80/gallery/snap/090326-qdancepeople/aat","20090402202922","200"
"http://www.inthemix.com.au:80/gallery/snap/090326-qdancepeople/aat?full=1","20090404104346","302"
"http://www.inthemix.com.au:80/gallery/snap/090326-qdancepeople/aau","20090402210850","200"
"http://www.inthemix.com.au:80/gallery/snap/090326-qdancepeople/aau?full=1","20090404104353","302"
"http://www.inthemix.com.au:80/gallery/snap/090326-qdancepeople/secure-au.imrworldwide.com/","20090404030324","404"
"http://www.inthemix.com.au:80/gallery/snap/090327-babygeelogo","20090328195751","302"
"http://www.inthemix.com.au:80/gallery/snap/090327-babygeelogo/aaa","20090328195751","200"
"http://www.inthemix.com.au:80/gallery/snap/090327-boombox","20090328195756","302"
"http://www.inthemix.com.au:80/gallery/snap/090327-boombox/aaa","20090402203632","200"
"http://www.inthemix.com.au:80/gallery/snap/090327-boombox/aaa?full=1","20090404103903","302"
"http://www.inthemix.com.au:80/gallery/snap/090327-boombox/aab","20090402214403","200"
"http://www.inthemix.com.au:80/gallery/snap/090327-boombox/aab?full=1","20090404103908","302"
"http://www.inthemix.com.au:80/gallery/snap/090327-boombox/aac","20090402202928","200"
"http://www.inthemix.com.au:80/gallery/snap/090327-boombox/aac?full=1","20090404103913","302"
"http://www.inthemix.com.au:80/gallery/snap/090327-boombox/aad","20090402214408","200"
"http://www.inthemix.com.au:80/gallery/snap/090327-boombox/aad?full=1","20090404104358","302"
"http://www.inthemix.com.au:80/gallery/snap/090327-boombox/aae","20090402210855","200"
"http://www.inthemix.com.au:80/gallery/snap/090327-boombox/aae?full=1","20090404103918","302"
"http://www.inthemix.com.au:80/gallery/snap/090327-boombox/aaf","20090402210900","200"
"http://www.inthemix.com.au:80/gallery/snap/090327-boombox/aaf?full=1","20090404104403","302"
"http://www.inthemix.com.au:80/gallery/snap/090327-boombox/aag","20090328195756","200"
"http://www.inthemix.com.au:80/gallery/snap/090327-boombox/aag?full=1","20090404103923","302"
"http://www.inthemix.com.au:80/gallery/snap/090327-boombox/aah","20090402202935","200"
"http://www.inthemix.com.au:80/gallery/snap/090327-boombox/aah?full=1","20090404104409","302"
"http://www.inthemix.com.au:80/gallery/snap/090327-boombox/aai","20090402203636","200"
"http://www.inthemix.com.au:80/gallery/snap/090327-boombox/aai?full=1","20090404104419","302"
"http://www.inthemix.com.au:80/gallery/snap/090327-boombox/aaj","20090402210905","200"
"http://www.inthemix.com.au:80/gallery/snap/090327-boombox/aaj?full=1","20090404104425","302"
"http://www.inthemix.com.au:80/gallery/snap/090327-boombox/aak","20090402210910","200"
"http://www.inthemix.com.au:80/gallery/snap/090327-boombox/aak?full=1","20090404103930","302"
"http://www.inthemix.com.au:80/gallery/snap/090327-boombox/aal","20090402203641","200"
"http://www.inthemix.com.au:80/gallery/snap/090327-boombox/aal?full=1","20090404103934","302"
"http://www.inthemix.com.au:80/gallery/snap/090327-boombox/aam","20090402214418","200"
"http://www.inthemix.com.au:80/gallery/snap/090327-boombox/aam?full=1","20090404104431","302"
"http://www.inthemix.com.au:80/gallery/snap/090327-boombox/aan","20090402203646","200"
"http://www.inthemix.com.au:80/gallery/snap/090327-boombox/aan?full=1","20090404103939","302"
"http://www.inthemix.com.au:80/gallery/snap/090327-boombox/aao","20090402203651","200"
"http://www.inthemix.com.au:80/gallery/snap/090327-boombox/aao?full=1","20090404104436","302"
"http://www.inthemix.com.au:80/gallery/snap/090327-boombox/aap","20090402214423","200"
"http://www.inthemix.com.au:80/gallery/snap/090327-boombox/aap?full=1","20090404104443","302"
"http://www.inthemix.com.au:80/gallery/snap/090327-boombox/aaq","20090607092350","200"
"http://www.inthemix.com.au:80/gallery/snap/090327-boombox/aaq?full=1","20090609090603","302"
"http://www.inthemix.com.au:80/gallery/snap/090327-boombox/aar","20090607091900","200"
"http://www.inthemix.com.au:80/gallery/snap/090327-boombox/aar?full=1","20090609090608","302"
"http://www.inthemix.com.au:80/gallery/snap/090327-boombox/aas","20090607091905","200"
"http://www.inthemix.com.au:80/gallery/snap/090327-boombox/aas?full=1","20090609091703","302"
"http://www.inthemix.com.au:80/gallery/snap/090327-boombox/aat","20090604122213","200"
"http://www.inthemix.com.au:80/gallery/snap/090327-boombox/aat?full=1","20090609091119","302"
"http://www.inthemix.com.au:80/gallery/snap/090327-boombox/aau","20090608173222","200"
"http://www.inthemix.com.au:80/gallery/snap/090327-boombox/secure-au.imrworldwide.com/","20090404030329","404"
"http://www.inthemix.com.au:80/gallery/snap/090402-mostread","20090404030336","302"
"http://www.inthemix.com.au:80/gallery/snap/090402-mostread/aab","20090404030336","200"
"http://www.inthemix.com.au:80/gallery/snap/090403-festivalmoments","20090404104448","302"
"http://www.inthemix.com.au:80/gallery/snap/090403-festivalmoments/aaa","20090404104448","200"
"http://www.inthemix.com.au:80/gallery/snap/090403-festivalmoments/aaa?full=1","20090409140647","302"
"http://www.inthemix.com.au:80/gallery/snap/090403-festivalmoments/aab","20090408063817","200"
"http://www.inthemix.com.au:80/gallery/snap/090403-festivalmoments/aab?full=1","20090409213124","302"
"http://www.inthemix.com.au:80/gallery/snap/090403-festivalmoments/aac","20090408063823","200"
"http://www.inthemix.com.au:80/gallery/snap/090403-festivalmoments/aac?full=1","20090409213129","302"
"http://www.inthemix.com.au:80/gallery/snap/090403-festivalmoments/aad","20090408063830","200"
"http://www.inthemix.com.au:80/gallery/snap/090403-festivalmoments/aad?full=1","20090409213135","302"
"http://www.inthemix.com.au:80/gallery/snap/090403-festivalmoments/aae","20090408063835","200"
"http://www.inthemix.com.au:80/gallery/snap/090403-festivalmoments/aae?full=1","20090409213140","302"
"http://www.inthemix.com.au:80/gallery/snap/090403-festivalmoments/aaf","20090510063740","200"
"http://www.inthemix.com.au:80/gallery/snap/090403-festivalmoments/aag","20090408063840","200"
"http://www.inthemix.com.au:80/gallery/snap/090403-festivalmoments/aag?full=1","20090409213145","302"
"http://www.inthemix.com.au:80/gallery/snap/090403-festivalmoments/aah","20090408063845","200"
"http://www.inthemix.com.au:80/gallery/snap/090403-festivalmoments/aah?full=1","20090409213150","302"
"http://www.inthemix.com.au:80/gallery/snap/090403-festivalmoments/aai","20090408063850","200"
"http://www.inthemix.com.au:80/gallery/snap/090403-festivalmoments/aai?full=1","20090409140653","302"
"http://www.inthemix.com.au:80/gallery/snap/090403-festivalmoments/aaj","20090408063857","200"
"http://www.inthemix.com.au:80/gallery/snap/090403-festivalmoments/aaj?full=1","20090409213155","302"
"http://www.inthemix.com.au:80/gallery/snap/090403-festivalmoments/aak","20090510103605","200"
"http://www.inthemix.com.au:80/gallery/snap/090403-festivalmoments/aal","20090510105917","200"
"http://www.inthemix.com.au:80/gallery/snap/090403-festivalmoments/aam","20090408063900","200"
"http://www.inthemix.com.au:80/gallery/snap/090403-festivalmoments/aam?full=1","20090409140658","302"
"http://www.inthemix.com.au:80/gallery/snap/090403-festivalmoments/aan","20090510091851","200"
"http://www.inthemix.com.au:80/gallery/snap/090403-festivalmoments/aao","20090408063906","200"
"http://www.inthemix.com.au:80/gallery/snap/090403-festivalmoments/aao?full=1","20090409140703","302"
"http://www.inthemix.com.au:80/gallery/snap/090403-festivalmoments/aap","20090510062146","200"
"http://www.inthemix.com.au:80/gallery/snap/090403-festivalmoments/aaq","20090408063913","200"
"http://www.inthemix.com.au:80/gallery/snap/090403-festivalmoments/aaq?full=1","20090409213200","302"
"http://www.inthemix.com.au:80/gallery/snap/090403-festivalmoments/aar","20090510094709","200"
"http://www.inthemix.com.au:80/gallery/snap/090403-festivalmoments/aas","20090510092716","200"
"http://www.inthemix.com.au:80/gallery/snap/090403-festivalmoments/aat","20090408063918","200"
"http://www.inthemix.com.au:80/gallery/snap/090403-festivalmoments/aat?full=1","20090409140708","302"
"http://www.inthemix.com.au:80/gallery/snap/090403-festivalmoments/aau","20090408063923","200"
"http://www.inthemix.com.au:80/gallery/snap/090403-festivalmoments/aau?full=1","20090409213205","302"
"http://www.inthemix.com.au:80/gallery/snap/090403-festivalmoments/aav","20090408063929","200"
"http://www.inthemix.com.au:80/gallery/snap/090403-festivalmoments/aav?full=1","20090409213210","302"
"http://www.inthemix.com.au:80/gallery/snap/090403-festivalmoments/aaw","20090510103127","200"
"http://www.inthemix.com.au:80/gallery/snap/090403-shfl","20090404103945","302"
"http://www.inthemix.com.au:80/gallery/snap/090403-shfl/aaa","20090404103945","200"
"http://www.inthemix.com.au:80/gallery/snap/090403-shfl/aab","20090510073034","200"
"http://www.inthemix.com.au:80/gallery/snap/090403-shfl/aac","20090510083915","200"
"http://www.inthemix.com.au:80/gallery/snap/090403-shfl/aad","20090510090922","200"
"http://www.inthemix.com.au:80/gallery/snap/090403-shfl/aae","20090510083920","200"
"http://www.inthemix.com.au:80/gallery/snap/090403-shfl/aaf","20090510070201","200"
"http://www.inthemix.com.au:80/gallery/snap/090403-shfl/aag","20090510104322","200"
"http://www.inthemix.com.au:80/gallery/snap/090403-shfl/aah","20090510093911","200"
"http://www.inthemix.com.au:80/gallery/snap/090403-shfl/aai","20090510090437","200"
"http://www.inthemix.com.au:80/gallery/snap/090403-shfl/aaj","20090510091017","200"
"http://www.inthemix.com.au:80/gallery/snap/090403-shfl/aak","20090512231023","200"
"http://www.inthemix.com.au:80/gallery/snap/090403-shfl/aal","20090510092248","200"
"http://www.inthemix.com.au:80/gallery/snap/090403-shfl/aam","20090510070206","200"
"http://www.inthemix.com.au:80/gallery/snap/090403-shfl/aan","20090510071114","200"
"http://www.inthemix.com.au:80/gallery/snap/090403-shfl/aao","20090409103023","200"
"http://www.inthemix.com.au:80/gallery/snap/090403-shfl/aap","20090409103158","200"
"http://www.inthemix.com.au:80/gallery/snap/090403-shfl/aaq","20090409103203","200"
"http://www.inthemix.com.au:80/gallery/snap/090403-shfl/aar","20090409103208","200"
"http://www.inthemix.com.au:80/gallery/snap/090403-shfl/secure-au.imrworldwide.com/","20090410203536","404"
"http://www.inthemix.com.au:80/gallery/snap/090403-villa","20090404103949","302"
"http://www.inthemix.com.au:80/gallery/snap/090403-villa/aaa","20090406070703","200"
"http://www.inthemix.com.au:80/gallery/snap/090403-villa/aaa?full=1","20090409222755","302"
"http://www.inthemix.com.au:80/gallery/snap/090403-villa/aab","20090406070709","200"
"http://www.inthemix.com.au:80/gallery/snap/090403-villa/aab?full=1","20090409223204","302"
"http://www.inthemix.com.au:80/gallery/snap/090403-villa/aac","20090406070832","200"
"http://www.inthemix.com.au:80/gallery/snap/090403-villa/aac?full=1","20090409182520","302"
"http://www.inthemix.com.au:80/gallery/snap/090403-villa/aad","20090406070714","200"
"http://www.inthemix.com.au:80/gallery/snap/090403-villa/aad?full=1","20090409182526","302"
"http://www.inthemix.com.au:80/gallery/snap/090403-villa/aae","20090406074031","200"
"http://www.inthemix.com.au:80/gallery/snap/090403-villa/aae?full=1","20090409182531","302"
"http://www.inthemix.com.au:80/gallery/snap/090403-villa/aaf","20090406070131","200"
"http://www.inthemix.com.au:80/gallery/snap/090403-villa/aaf?full=1","20090409222441","302"
"http://www.inthemix.com.au:80/gallery/snap/090403-villa/aag","20090406070719","200"
"http://www.inthemix.com.au:80/gallery/snap/090403-villa/aag?full=1","20090409223209","302"
"http://www.inthemix.com.au:80/gallery/snap/090403-villa/aah","20090406070725","200"
"http://www.inthemix.com.au:80/gallery/snap/090403-villa/aah?full=1","20090409183006","302"
"http://www.inthemix.com.au:80/gallery/snap/090403-villa/aai","20090406074037","200"
"http://www.inthemix.com.au:80/gallery/snap/090403-villa/aai?full=1","20090409223453","302"
"http://www.inthemix.com.au:80/gallery/snap/090403-villa/aaj","20090406070836","200"
"http://www.inthemix.com.au:80/gallery/snap/090403-villa/aaj?full=1","20090409183011","302"
"http://www.inthemix.com.au:80/gallery/snap/090403-villa/aak","20090406070730","200"
"http://www.inthemix.com.au:80/gallery/snap/090403-villa/aak?full=1","20090409223214","302"
"http://www.inthemix.com.au:80/gallery/snap/090403-villa/aal","20090406070841","200"
"http://www.inthemix.com.au:80/gallery/snap/090403-villa/aal?full=1","20090409182536","302"
"http://www.inthemix.com.au:80/gallery/snap/090403-villa/aam","20090406074042","200"
"http://www.inthemix.com.au:80/gallery/snap/090403-villa/aam?full=1","20090409183017","302"
"http://www.inthemix.com.au:80/gallery/snap/090403-villa/aan","20090404103949","200"
"http://www.inthemix.com.au:80/gallery/snap/090403-villa/aan?full=1","20090409183022","302"
"http://www.inthemix.com.au:80/gallery/snap/090403-villa/secure-au.imrworldwide.com/","20090411102509","404"
"http://www.inthemix.com.au:80/gallery/snap/090408-tetrivia","20090410232032","302"
"http://www.inthemix.com.au:80/gallery/snap/090408-tetrivia/aaa","20090410232032","200"
"http://www.inthemix.com.au:80/gallery/snap/090408-tetrivia/aab","20090513090717","200"
"http://www.inthemix.com.au:80/gallery/snap/090408-tetrivia/aac","20090512224937","200"
"http://www.inthemix.com.au:80/gallery/snap/090408-tetrivia/aad","20090518084418","200"
"http://www.inthemix.com.au:80/gallery/snap/090408-tetrivia/aae","20090513084112","200"
"http://www.inthemix.com.au:80/gallery/snap/090408-tetrivia/aaf","20090512231028","200"
"http://www.inthemix.com.au:80/gallery/snap/090408-tetrivia/aag","20090512231034","200"
"http://www.inthemix.com.au:80/gallery/snap/090408-tetrivia/aah","20090513070000","200"
"http://www.inthemix.com.au:80/gallery/snap/090408-tetrivia/aai","20090513055933","200"
"http://www.inthemix.com.au:80/gallery/snap/090408-tetrivia/aaj","20090513084117","200"
"http://www.inthemix.com.au:80/gallery/snap/090408-tetrivia/aak","20090513045433","200"
"http://www.inthemix.com.au:80/gallery/snap/090408-tetrivia/aal","20090512224942","200"
"http://www.inthemix.com.au:80/gallery/snap/090408-tetrivia/aam","20090513103223","200"
"http://www.inthemix.com.au:80/gallery/snap/090408-tetrivia/aan","20090512232032","200"
"http://www.inthemix.com.au:80/gallery/snap/090408-tetrivia/aao","20090519081456","200"
"http://www.inthemix.com.au:80/gallery/snap/090408-tetrivia/aap","20090513100825","200"
"http://www.inthemix.com.au:80/gallery/snap/090408-tetrivia/aaq","20090513055938","200"
"http://www.inthemix.com.au:80/gallery/snap/090408-tetrivia/aar","20090412142831","200"
"http://www.inthemix.com.au:80/gallery/snap/090408-tetrivia/aas","20090513065721","200"
"http://www.inthemix.com.au:80/gallery/snap/090409-villa","20090410232038","302"
"http://www.inthemix.com.au:80/gallery/snap/090409-villa/aaa","20090410232038","200"
"http://www.inthemix.com.au:80/gallery/snap/090409-villa/aab","20090412142841","200"
"http://www.inthemix.com.au:80/gallery/snap/090409-villa/aac","20090412150807","200"
"http://www.inthemix.com.au:80/gallery/snap/090409-villa/aad","20090412142846","200"
"http://www.inthemix.com.au:80/gallery/snap/090409-villa/aae","20090412142851","200"
"http://www.inthemix.com.au:80/gallery/snap/090409-villa/aaf","20090412150636","200"
"http://www.inthemix.com.au:80/gallery/snap/090409-villa/aag","20090412150812","200"
"http://www.inthemix.com.au:80/gallery/snap/090409-villa/aah","20090412150638","200"
"http://www.inthemix.com.au:80/gallery/snap/090409-villa/aai","20090412150645","200"
"http://www.inthemix.com.au:80/gallery/snap/090409-villa/aaj","20090412150818","200"
"http://www.inthemix.com.au:80/gallery/snap/090409-villa/aak","20090412150823","200"
"http://www.inthemix.com.au:80/gallery/snap/090409-villa/aal","20090412150650","200"
"http://www.inthemix.com.au:80/gallery/snap/090409-villa/aam","20090412150655","200"
"http://www.inthemix.com.au:80/gallery/snap/090409-villa/aan","20090412150828","200"
"http://www.inthemix.com.au:80/gallery/snap/090409-villa/aao","20090412150701","200"
"http://www.inthemix.com.au:80/gallery/snap/090409-villa/aaq","20090412150707","200"
"http://www.inthemix.com.au:80/gallery/snap/090409-villa/aar","20090412150833","200"
"http://www.inthemix.com.au:80/gallery/snap/090409-villa/aas","20090412150838","200"
"http://www.inthemix.com.au:80/gallery/snap/090409-villa/aat","20090412150713","200"
"http://www.inthemix.com.au:80/gallery/snap/090409-villa/aau","20090412150844","200"
"http://www.inthemix.com.au:80/gallery/snap/090409-villa/aax","20090412150849","200"
"http://www.inthemix.com.au:80/gallery/snap/090409-villa/aay","20090412150718","200"
"http://www.inthemix.com.au:80/gallery/snap/090409-villa/aaz","20090412150723","200"
"http://www.inthemix.com.au:80/gallery/snap/090409-villa/aba","20090412150728","200"
"http://www.inthemix.com.au:80/gallery/snap/090409-villa/abb","20090412150736","200"
"http://www.inthemix.com.au:80/gallery/snap/090409-villa/abc","20090412150854","200"
"http://www.inthemix.com.au:80/gallery/snap/090409-villa/secure-au.imrworldwide.com/","20090617012814","404"
"http://www.inthemix.com.au:80/gallery/snap/090415-tranceenergyartists","20090418163351","302"
"http://www.inthemix.com.au:80/gallery/snap/090415-tranceenergyartists/aaa","20090418163351","200"
"http://www.inthemix.com.au:80/gallery/snap/090415-tranceenergyartists/aaa?full=1","20090421104212","302"
"http://www.inthemix.com.au:80/gallery/snap/090415-tranceenergyartists/aab","20090419143651","200"
"http://www.inthemix.com.au:80/gallery/snap/090415-tranceenergyartists/aab?full=1","20090421103623","302"
"http://www.inthemix.com.au:80/gallery/snap/090415-tranceenergyartists/aac","20090419143657","200"
"http://www.inthemix.com.au:80/gallery/snap/090415-tranceenergyartists/aac?full=1","20090421104217","302"
"http://www.inthemix.com.au:80/gallery/snap/090415-tranceenergyartists/aad","20090419143704","200"
"http://www.inthemix.com.au:80/gallery/snap/090415-tranceenergyartists/aad?full=1","20090421103629","302"
"http://www.inthemix.com.au:80/gallery/snap/090415-tranceenergyartists/aae","20090419143706","200"
"http://www.inthemix.com.au:80/gallery/snap/090415-tranceenergyartists/aae?full=1","20090421103634","302"
"http://www.inthemix.com.au:80/gallery/snap/090415-tranceenergyartists/aaf","20090419142807","200"
"http://www.inthemix.com.au:80/gallery/snap/090415-tranceenergyartists/aaf?full=1","20090421104222","302"
"http://www.inthemix.com.au:80/gallery/snap/090415-tranceenergyartists/aag","20090419143712","200"
"http://www.inthemix.com.au:80/gallery/snap/090415-tranceenergyartists/aag?full=1","20090421104227","302"
"http://www.inthemix.com.au:80/gallery/snap/090415-tranceenergyartists/aah","20090419142813","200"
"http://www.inthemix.com.au:80/gallery/snap/090415-tranceenergyartists/aah?full=1","20090421104232","302"
"http://www.inthemix.com.au:80/gallery/snap/090415-tranceenergyartists/aai","20090419143717","200"
"http://www.inthemix.com.au:80/gallery/snap/090415-tranceenergyartists/aai?full=1","20090421103639","302"
"http://www.inthemix.com.au:80/gallery/snap/090415-tranceenergyartists/aaj","20090419143722","200"
"http://www.inthemix.com.au:80/gallery/snap/090415-tranceenergyartists/aaj?full=1","20090421104058","302"
"http://www.inthemix.com.au:80/gallery/snap/090415-tranceenergyartists/aak","20090419142817","200"
"http://www.inthemix.com.au:80/gallery/snap/090415-tranceenergyartists/aak?full=1","20090421104237","302"
"http://www.inthemix.com.au:80/gallery/snap/090415-tranceenergyartists/aal","20090419143728","200"
"http://www.inthemix.com.au:80/gallery/snap/090415-tranceenergyartists/aal?full=1","20090421104242","302"
"http://www.inthemix.com.au:80/gallery/snap/090415-tranceenergyartists/aam","20090419142822","200"
"http://www.inthemix.com.au:80/gallery/snap/090415-tranceenergyartists/aam?full=1","20090421104249","302"
"http://www.inthemix.com.au:80/gallery/snap/090415-tranceenergyartists/aan","20090419142828","200"
"http://www.inthemix.com.au:80/gallery/snap/090415-tranceenergyartists/aan?full=1","20090421104300","302"
"http://www.inthemix.com.au:80/gallery/snap/090415-tranceenergyartists/aao","20090419142833","200"
"http://www.inthemix.com.au:80/gallery/snap/090415-tranceenergyartists/aao?full=1","20090421104103","302"
"http://www.inthemix.com.au:80/gallery/snap/090415-tranceenergyartists/aap","20090419142838","200"
"http://www.inthemix.com.au:80/gallery/snap/090415-tranceenergyartists/aap?full=1","20090421104302","302"
"http://www.inthemix.com.au:80/gallery/snap/090415-tranceenergyartists/aaq","20090419143733","200"
"http://www.inthemix.com.au:80/gallery/snap/090415-tranceenergyartists/aaq?full=1","20090421104307","302"
"http://www.inthemix.com.au:80/gallery/snap/090415-tranceenergyartists/aar","20090419142843","200"
"http://www.inthemix.com.au:80/gallery/snap/090415-tranceenergyartists/aar?full=1","20090421104108","302"
"http://www.inthemix.com.au:80/gallery/snap/090415-tranceenergyartists/aas","20090419143738","200"
"http://www.inthemix.com.au:80/gallery/snap/090415-tranceenergyartists/aas?full=1","20090421104113","302"
"http://www.inthemix.com.au:80/gallery/snap/090415-tranceenergyartists/aat","20090419142848","200"
"http://www.inthemix.com.au:80/gallery/snap/090415-tranceenergyartists/aat?full=1","20090421104312","302"
"http://www.inthemix.com.au:80/gallery/snap/090415-tranceenergyartists/aau","20090419143743","200"
"http://www.inthemix.com.au:80/gallery/snap/090415-tranceenergyartists/aau?full=1","20090421104317","302"
"http://www.inthemix.com.au:80/gallery/snap/090415-tranceenergyartists/secure-au.imrworldwide.com/","20090420160117","404"
"http://www.inthemix.com.au:80/gallery/snap/090415-tranceenergyparty","20090418014924","302"
"http://www.inthemix.com.au:80/gallery/snap/090415-tranceenergyparty/aaa","20090418014924","200"
"http://www.inthemix.com.au:80/gallery/snap/090415-tranceenergyparty/aaa?full=1","20090421005707","302"
"http://www.inthemix.com.au:80/gallery/snap/090415-tranceenergyparty/aab","20090421005712","200"
"http://www.inthemix.com.au:80/gallery/snap/090415-tranceenergyparty/aab?full=1","20090421005712","302"
"http://www.inthemix.com.au:80/gallery/snap/090415-tranceenergyparty/aac","20090421005416","200"
"http://www.inthemix.com.au:80/gallery/snap/090415-tranceenergyparty/aac?full=1","20090421005416","302"
"http://www.inthemix.com.au:80/gallery/snap/090415-tranceenergyparty/aad","20090421005718","200"
"http://www.inthemix.com.au:80/gallery/snap/090415-tranceenergyparty/aad?full=1","20090421005718","302"
"http://www.inthemix.com.au:80/gallery/snap/090415-tranceenergyparty/aae","20090421005723","200"
"http://www.inthemix.com.au:80/gallery/snap/090415-tranceenergyparty/aae?full=1","20090421005723","302"
"http://www.inthemix.com.au:80/gallery/snap/090415-tranceenergyparty/aaf","20090421005423","200"
"http://www.inthemix.com.au:80/gallery/snap/090415-tranceenergyparty/aaf?full=1","20090421005423","302"
"http://www.inthemix.com.au:80/gallery/snap/090415-tranceenergyparty/aag","20090421005728","200"
"http://www.inthemix.com.au:80/gallery/snap/090415-tranceenergyparty/aag?full=1","20090421005728","302"
"http://www.inthemix.com.au:80/gallery/snap/090415-tranceenergyparty/aah","20090421005427","200"
"http://www.inthemix.com.au:80/gallery/snap/090415-tranceenergyparty/aah?full=1","20090421005427","302"
"http://www.inthemix.com.au:80/gallery/snap/090415-tranceenergyparty/aai","20090421005733","200"
"http://www.inthemix.com.au:80/gallery/snap/090415-tranceenergyparty/aai?full=1","20090421005733","302"
"http://www.inthemix.com.au:80/gallery/snap/090415-tranceenergyparty/aaj","20090421005433","200"
"http://www.inthemix.com.au:80/gallery/snap/090415-tranceenergyparty/aaj?full=1","20090421005433","302"
"http://www.inthemix.com.au:80/gallery/snap/090415-tranceenergyparty/aak","20090421005439","200"
"http://www.inthemix.com.au:80/gallery/snap/090415-tranceenergyparty/aak?full=1","20090421005439","302"
"http://www.inthemix.com.au:80/gallery/snap/090415-tranceenergyparty/aal","20090421005444","200"
"http://www.inthemix.com.au:80/gallery/snap/090415-tranceenergyparty/aal?full=1","20090421005444","302"
"http://www.inthemix.com.au:80/gallery/snap/090415-tranceenergyparty/aam","20090421005449","200"
"http://www.inthemix.com.au:80/gallery/snap/090415-tranceenergyparty/aam?full=1","20090421005449","302"
"http://www.inthemix.com.au:80/gallery/snap/090415-tranceenergyparty/aan","20090421005454","200"
"http://www.inthemix.com.au:80/gallery/snap/090415-tranceenergyparty/aan?full=1","20090421005454","302"
"http://www.inthemix.com.au:80/gallery/snap/090415-tranceenergyparty/aao","20090421005738","200"
"http://www.inthemix.com.au:80/gallery/snap/090415-tranceenergyparty/aao?full=1","20090421005738","302"
"http://www.inthemix.com.au:80/gallery/snap/090415-tranceenergyparty/aap","20090421005459","200"
"http://www.inthemix.com.au:80/gallery/snap/090415-tranceenergyparty/aap?full=1","20090421005459","302"
"http://www.inthemix.com.au:80/gallery/snap/090415-tranceenergyparty/aaq","20090421005744","200"
"http://www.inthemix.com.au:80/gallery/snap/090415-tranceenergyparty/aaq?full=1","20090421005744","302"
"http://www.inthemix.com.au:80/gallery/snap/090415-tranceenergyparty/aar","20090421005750","200"
"http://www.inthemix.com.au:80/gallery/snap/090415-tranceenergyparty/aar?full=1","20090421005750","302"
"http://www.inthemix.com.au:80/gallery/snap/090415-tranceenergyparty/aas","20090421005504","200"
"http://www.inthemix.com.au:80/gallery/snap/090415-tranceenergyparty/aas?full=1","20090421005504","302"
"http://www.inthemix.com.au:80/gallery/snap/090415-tranceenergyparty/aat","20090421005754","200"
"http://www.inthemix.com.au:80/gallery/snap/090415-tranceenergyparty/aat?full=1","20090421005754","302"
"http://www.inthemix.com.au:80/gallery/snap/090415-tranceenergyparty/aau","20090421005509","200"
"http://www.inthemix.com.au:80/gallery/snap/090415-tranceenergyparty/aau?full=1","20090421005509","302"
"http://www.inthemix.com.au:80/gallery/snap/090415-tranceenergyparty/aav","20090421005514","200"
"http://www.inthemix.com.au:80/gallery/snap/090415-tranceenergyparty/aav?full=1","20090421005514","302"
"http://www.inthemix.com.au:80/gallery/snap/090415-tranceenergyparty/aaw","20090421005519","200"
"http://www.inthemix.com.au:80/gallery/snap/090415-tranceenergyparty/aaw?full=1","20090421005519","302"
"http://www.inthemix.com.au:80/gallery/snap/090415-tranceenergyparty/aax","20090421005758","200"
"http://www.inthemix.com.au:80/gallery/snap/090415-tranceenergyparty/aax?full=1","20090421005758","302"
"http://www.inthemix.com.au:80/gallery/snap/090415-tranceenergyparty/aay","20090421005803","200"
"http://www.inthemix.com.au:80/gallery/snap/090415-tranceenergyparty/aay?full=1","20090421005803","302"
"http://www.inthemix.com.au:80/gallery/snap/090415-tranceenergyparty/aba","20090421005808","200"
"http://www.inthemix.com.au:80/gallery/snap/090415-tranceenergyparty/aba?full=1","20090421005808","302"
"http://www.inthemix.com.au:80/gallery/snap/090415-tranceenergyparty/abb","20090421005814","200"
"http://www.inthemix.com.au:80/gallery/snap/090415-tranceenergyparty/abb?full=1","20090421005814","302"
"http://www.inthemix.com.au:80/gallery/snap/090415-tranceenergyparty/abc","20090421005820","200"
"http://www.inthemix.com.au:80/gallery/snap/090415-tranceenergyparty/abc?full=1","20090421005820","302"
"http://www.inthemix.com.au:80/gallery/snap/090415-tranceenergyparty/abd","20090421005524","200"
"http://www.inthemix.com.au:80/gallery/snap/090415-tranceenergyparty/abd?full=1","20090421005524","302"
"http://www.inthemix.com.au:80/gallery/snap/090415-tranceenergyparty/abe","20090421005529","200"
"http://www.inthemix.com.au:80/gallery/snap/090415-tranceenergyparty/abe?full=1","20090421005529","302"
"http://www.inthemix.com.au:80/gallery/snap/090415-tranceenergyparty/abf","20090421005824","200"
"http://www.inthemix.com.au:80/gallery/snap/090415-tranceenergyparty/abf?full=1","20090421005824","302"
"http://www.inthemix.com.au:80/gallery/snap/090415-tranceenergyparty/secure-au.imrworldwide.com/","20090420160235","404"
"http://www.inthemix.com.au:80/gallery/snap/090415-tranceenergypeople","20090418163356","302"
"http://www.inthemix.com.au:80/gallery/snap/090415-tranceenergypeople/aaa","20090418163356","200"
"http://www.inthemix.com.au:80/gallery/snap/090415-tranceenergypeople/aaa?full=1","20090421005534","302"
"http://www.inthemix.com.au:80/gallery/snap/090415-tranceenergypeople/aab","20090421005829","200"
"http://www.inthemix.com.au:80/gallery/snap/090415-tranceenergypeople/aab?full=1","20090421005829","302"
"http://www.inthemix.com.au:80/gallery/snap/090415-tranceenergypeople/aac","20090421005539","200"
"http://www.inthemix.com.au:80/gallery/snap/090415-tranceenergypeople/aac?full=1","20090421005539","302"
"http://www.inthemix.com.au:80/gallery/snap/090415-tranceenergypeople/aad","20090419143750","302"
"http://www.inthemix.com.au:80/gallery/snap/090415-tranceenergypeople/aae","20090421005834","200"
"http://www.inthemix.com.au:80/gallery/snap/090415-tranceenergypeople/aae?full=1","20090421005834","302"
"http://www.inthemix.com.au:80/gallery/snap/090415-tranceenergypeople/aaf","20090421005544","200"
"http://www.inthemix.com.au:80/gallery/snap/090415-tranceenergypeople/aaf?full=1","20090421005544","302"
"http://www.inthemix.com.au:80/gallery/snap/090415-tranceenergypeople/aag","20090421005549","200"
"http://www.inthemix.com.au:80/gallery/snap/090415-tranceenergypeople/aag?full=1","20090421005549","302"
"http://www.inthemix.com.au:80/gallery/snap/090415-tranceenergypeople/aah","20090421005556","200"
"http://www.inthemix.com.au:80/gallery/snap/090415-tranceenergypeople/aah?full=1","20090421005556","302"
"http://www.inthemix.com.au:80/gallery/snap/090415-tranceenergypeople/aai","20090421005839","200"
"http://www.inthemix.com.au:80/gallery/snap/090415-tranceenergypeople/aai?full=1","20090421005839","302"
"http://www.inthemix.com.au:80/gallery/snap/090415-tranceenergypeople/aaj","20090421005602","200"
"http://www.inthemix.com.au:80/gallery/snap/090415-tranceenergypeople/aaj?full=1","20090421005602","302"
"http://www.inthemix.com.au:80/gallery/snap/090415-tranceenergypeople/aak","20090421005844","200"
"http://www.inthemix.com.au:80/gallery/snap/090415-tranceenergypeople/aak?full=1","20090421005844","302"
"http://www.inthemix.com.au:80/gallery/snap/090415-tranceenergypeople/aal","20090421005608","200"
"http://www.inthemix.com.au:80/gallery/snap/090415-tranceenergypeople/aal?full=1","20090421005608","302"
"http://www.inthemix.com.au:80/gallery/snap/090415-tranceenergypeople/aam","20090421005849","200"
"http://www.inthemix.com.au:80/gallery/snap/090415-tranceenergypeople/aam?full=1","20090421005849","302"
"http://www.inthemix.com.au:80/gallery/snap/090415-tranceenergypeople/aan","20090421005856","200"
"http://www.inthemix.com.au:80/gallery/snap/090415-tranceenergypeople/aan?full=1","20090421005856","302"
"http://www.inthemix.com.au:80/gallery/snap/090415-tranceenergypeople/aao","20090421005859","200"
"http://www.inthemix.com.au:80/gallery/snap/090415-tranceenergypeople/aao?full=1","20090421005859","302"
"http://www.inthemix.com.au:80/gallery/snap/090415-tranceenergypeople/aap","20090421005614","200"
"http://www.inthemix.com.au:80/gallery/snap/090415-tranceenergypeople/aap?full=1","20090421005614","302"
"http://www.inthemix.com.au:80/gallery/snap/090415-tranceenergypeople/aaq","20090421005904","200"
"http://www.inthemix.com.au:80/gallery/snap/090415-tranceenergypeople/aaq?full=1","20090421005904","302"
"http://www.inthemix.com.au:80/gallery/snap/090415-tranceenergypeople/aar","20090421005619","200"
"http://www.inthemix.com.au:80/gallery/snap/090415-tranceenergypeople/aar?full=1","20090421005619","302"
"http://www.inthemix.com.au:80/gallery/snap/090415-tranceenergypeople/aas","20090421005624","200"
"http://www.inthemix.com.au:80/gallery/snap/090415-tranceenergypeople/aas?full=1","20090421005624","302"
"http://www.inthemix.com.au:80/gallery/snap/090415-tranceenergypeople/aat","20090421005911","200"
"http://www.inthemix.com.au:80/gallery/snap/090415-tranceenergypeople/aat?full=1","20090421005911","302"
"http://www.inthemix.com.au:80/gallery/snap/090415-tranceenergypeople/aau","20090421005629","200"
"http://www.inthemix.com.au:80/gallery/snap/090415-tranceenergypeople/aau?full=1","20090421005629","302"
"http://www.inthemix.com.au:80/gallery/snap/090415-tranceenergypeople/aav","20090421005636","200"
"http://www.inthemix.com.au:80/gallery/snap/090415-tranceenergypeople/aav?full=1","20090421005636","302"
"http://www.inthemix.com.au:80/gallery/snap/090415-tranceenergypeople/aaw","20090421005644","200"
"http://www.inthemix.com.au:80/gallery/snap/090415-tranceenergypeople/aaw?full=1","20090421005644","302"
"http://www.inthemix.com.au:80/gallery/snap/090415-tranceenergypeople/aax","20090419143753","200"
"http://www.inthemix.com.au:80/gallery/snap/090415-tranceenergypeople/aax?full=1","20090421104118","302"
"http://www.inthemix.com.au:80/gallery/snap/090415-tranceenergypeople/aay","20090419142853","200"
"http://www.inthemix.com.au:80/gallery/snap/090415-tranceenergypeople/aay?full=1","20090421104124","302"
"http://www.inthemix.com.au:80/gallery/snap/090415-tranceenergypeople/abb","20090419142858","200"
"http://www.inthemix.com.au:80/gallery/snap/090415-tranceenergypeople/abb?full=1","20090421104129","302"
"http://www.inthemix.com.au:80/gallery/snap/090415-tranceenergypeople/abc","20090419142904","200"
"http://www.inthemix.com.au:80/gallery/snap/090415-tranceenergypeople/abc?full=1","20090421104134","302"
"http://www.inthemix.com.au:80/gallery/snap/090415-tranceenergypeople/abd","20090419143758","200"
"http://www.inthemix.com.au:80/gallery/snap/090415-tranceenergypeople/abd?full=1","20090421104139","302"
"http://www.inthemix.com.au:80/gallery/snap/090415-tranceenergypeople/abe","20090419143803","200"
"http://www.inthemix.com.au:80/gallery/snap/090415-tranceenergypeople/abe?full=1","20090421104145","302"
"http://www.inthemix.com.au:80/gallery/snap/090415-tranceenergypeople/abf","20090419142909","200"
"http://www.inthemix.com.au:80/gallery/snap/090415-tranceenergypeople/abf?full=1","20090421104322","302"
"http://www.inthemix.com.au:80/gallery/snap/090415-tranceenergypeople/abg","20090419143808","200"
"http://www.inthemix.com.au:80/gallery/snap/090415-tranceenergypeople/abg?full=1","20090421104152","302"
"http://www.inthemix.com.au:80/gallery/snap/090415-tranceenergypeople/abh","20090419142915","200"
"http://www.inthemix.com.au:80/gallery/snap/090415-tranceenergypeople/abh?full=1","20090421104157","302"
"http://www.inthemix.com.au:80/gallery/snap/090415-tranceenergypeople/abi","20090419142930","200"
"http://www.inthemix.com.au:80/gallery/snap/090415-tranceenergypeople/abi?full=1","20090421104202","302"
"http://www.inthemix.com.au:80/gallery/snap/090415-tranceenergypeople/secure-au.imrworldwide.com/","20090420160121","404"
"http://www.inthemix.com.au:80/gallery/snap/090416-darkbeatmelbourne","20090520025238","302"
"http://www.inthemix.com.au:80/gallery/snap/090416-darkbeatmelbourne/aaa","20090518155041","200"
"http://www.inthemix.com.au:80/gallery/snap/090416-darkbeatmelbourne/aaa?full=1","20090520170044","302"
"http://www.inthemix.com.au:80/gallery/snap/090416-darkbeatmelbourne/aab","20090519233841","200"
"http://www.inthemix.com.au:80/gallery/snap/090416-darkbeatmelbourne/aay","20090520023717","200"
"http://www.inthemix.com.au:80/gallery/snap/090416-darkbeatmelbourne/secure-au.imrworldwide.com/","20090520024122","404"
"http://www.inthemix.com.au:80/gallery/snap/090416-puma","20090424080724","302"
"http://www.inthemix.com.au:80/gallery/snap/090416-puma/aaa","20090424080724","200"
"http://www.inthemix.com.au:80/gallery/snap/090417-arcadeadelaide","20090418163335","302"
"http://www.inthemix.com.au:80/gallery/snap/090417-arcadeadelaide/aaa","20090418163335","200"
"http://www.inthemix.com.au:80/gallery/snap/090417-liveatzoo","20090418163340","302"
"http://www.inthemix.com.au:80/gallery/snap/090417-liveatzoo/aaa","20090418163340","200"
"http://www.inthemix.com.au:80/gallery/snap/090417-renaissance","20090418163345","302"
"http://www.inthemix.com.au:80/gallery/snap/090417-renaissance/aaa","20090418163345","200"
"http://www.inthemix.com.au:80/gallery/snap/090417-villafakebloodsinden","20100428010534","302"
"http://www.inthemix.com.au:80/gallery/snap/090417-villafakebloodsinden/aaa","20100428010534","200"
"http://www.inthemix.com.au:80/gallery/snap/090418-trentemollerbrisbane","20090420160302","302"
"http://www.inthemix.com.au:80/gallery/snap/090418-trentemollerbrisbane/aaa","20090420160302","200"
"http://www.inthemix.com.au:80/gallery/snap/090418-warrenbrisbane","20090420160246","302"
"http://www.inthemix.com.au:80/gallery/snap/090418-warrenbrisbane/aaa","20090420160246","200"
"http://www.inthemix.com.au:80/gallery/snap/090422-infusion","20090424080729","302"
"http://www.inthemix.com.au:80/gallery/snap/090422-infusion/aaa","20090424080729","200"
"http://www.inthemix.com.au/gallery/snap/090423-beatport","20140118034713","301"
"http://www.inthemix.com.au:80/gallery/snap/090423-daftpunk","20090428114515","302"
"http://www.inthemix.com.au:80/gallery/snap/090423-daftpunk/aaa","20090531075415","200"
"http://www.inthemix.com.au:80/gallery/snap/090423-daftpunk/aab","20090531080934","200"
"http://www.inthemix.com.au:80/gallery/snap/090423-daftpunk/aac","20090531083656","200"
"http://www.inthemix.com.au:80/gallery/snap/090423-daftpunk/aad","20090531080525","200"
"http://www.inthemix.com.au:80/gallery/snap/090423-daftpunk/aae","20090531092602","200"
"http://www.inthemix.com.au:80/gallery/snap/090423-daftpunk/aaf","20090528184242","200"
"http://www.inthemix.com.au:80/gallery/snap/090424-coachella/aaa","20090528155419","200"
"http://www.inthemix.com.au:80/gallery/snap/090429-deadmau5","20090504014302","302"
"http://www.inthemix.com.au:80/gallery/snap/090429-deadmau5/aaa","20090502144337","200"
"http://www.inthemix.com.au:80/gallery/snap/090429-deadmau5/aaa?full=1","20090504115346","302"
"http://www.inthemix.com.au:80/gallery/snap/090429-deadmau5/aab","20090502144142","200"
"http://www.inthemix.com.au:80/gallery/snap/090429-deadmau5/aab?full=1","20090504165707","302"
"http://www.inthemix.com.au:80/gallery/snap/090429-deadmau5/aac","20090502144519","200"
"http://www.inthemix.com.au:80/gallery/snap/090429-deadmau5/aac?full=1","20090504172358","302"
"http://www.inthemix.com.au:80/gallery/snap/090429-deadmau5/aad","20090502142751","200"
"http://www.inthemix.com.au:80/gallery/snap/090429-deadmau5/aad?full=1","20090504172403","302"
"http://www.inthemix.com.au:80/gallery/snap/090429-deadmau5/aae","20090502144147","200"
"http://www.inthemix.com.au:80/gallery/snap/090429-deadmau5/aae?full=1","20090504162658","302"
"http://www.inthemix.com.au:80/gallery/snap/090429-deadmau5/aaf","20090502142756","200"
"http://www.inthemix.com.au:80/gallery/snap/090429-deadmau5/aaf?full=1","20090504165011","302"
"http://www.inthemix.com.au:80/gallery/snap/090429-deadmau5/aag","20090502144524","200"
"http://www.inthemix.com.au:80/gallery/snap/090429-deadmau5/aag?full=1","20090504172408","302"
"http://www.inthemix.com.au:80/gallery/snap/090429-deadmau5/aah","20090502144153","200"
"http://www.inthemix.com.au:80/gallery/snap/090429-deadmau5/aah?full=1","20090504172414","302"
"http://www.inthemix.com.au:80/gallery/snap/090429-deadmau5/aai","20090502144529","200"
"http://www.inthemix.com.au:80/gallery/snap/090429-deadmau5/aai?full=1","20090504172420","302"
"http://www.inthemix.com.au:80/gallery/snap/090429-deadmau5/aaj","20090502144534","200"
"http://www.inthemix.com.au:80/gallery/snap/090429-deadmau5/aaj?full=1","20090504172424","302"
"http://www.inthemix.com.au:80/gallery/snap/090429-deadmau5/aak","20090502144539","200"
"http://www.inthemix.com.au:80/gallery/snap/090429-deadmau5/aak?full=1","20090504115352","302"
"http://www.inthemix.com.au:80/gallery/snap/090429-deadmau5/secure-au.imrworldwide.com/","20090504015226","404"
"http://www.inthemix.com.au:80/gallery/snap/090430-tvrock","20090504014306","302"
"http://www.inthemix.com.au:80/gallery/snap/090430-tvrock/aaa","20090504014306","200"
"http://www.inthemix.com.au:80/gallery/snap/090501-defqon1","20090504015237","302"
"http://www.inthemix.com.au:80/gallery/snap/090501-defqon1/aaa","20090504015237","200"
"http://www.inthemix.com.au:80/gallery/snap/090506-oldestdjs","20090517061204","302"
"http://www.inthemix.com.au:80/gallery/snap/090506-oldestdjs/aaa","20090509075142","200"
"http://www.inthemix.com.au:80/gallery/snap/090506-oldestdjs/aaa?full=1","20090511022004","302"
"http://www.inthemix.com.au:80/gallery/snap/090506-oldestdjs/aab","20090509075146","200"
"http://www.inthemix.com.au:80/gallery/snap/090506-oldestdjs/aab?full=1","20090511022009","302"
"http://www.inthemix.com.au:80/gallery/snap/090506-oldestdjs/aac","20090509075151","200"
"http://www.inthemix.com.au:80/gallery/snap/090506-oldestdjs/aac?full=1","20090511022014","302"
"http://www.inthemix.com.au:80/gallery/snap/090506-oldestdjs/aad","20090509075156","200"
"http://www.inthemix.com.au:80/gallery/snap/090506-oldestdjs/aad?full=1","20090511022018","302"
"http://www.inthemix.com.au:80/gallery/snap/090506-oldestdjs/aae","20090509075202","200"
"http://www.inthemix.com.au:80/gallery/snap/090506-oldestdjs/aae?full=1","20090511022024","302"
"http://www.inthemix.com.au:80/gallery/snap/090506-oldestdjs/aaf","20090509075207","200"
"http://www.inthemix.com.au:80/gallery/snap/090506-oldestdjs/aaf?full=1","20090511022029","302"
"http://www.inthemix.com.au:80/gallery/snap/090506-oldestdjs/aag","20090509075212","200"
"http://www.inthemix.com.au:80/gallery/snap/090506-oldestdjs/aag?full=1","20090511022034","302"
