original,timestamp,statuscode
"http://www.inthemix.com.au:80/?","20080123201803","200"
"http://www.inthemix.com.au:80/50/","20080218010550","200"
"http://www.inthemix.com.au:80/50/2003/","20080213005119","200"
"http://www.inthemix.com.au:80/50/2004/","20080627115209","200"
"http://www.inthemix.com.au:80/50/2005/","20080218102858","200"
"http://www.inthemix.com.au:80/50/2006/","20080701212125","200"
"http://www.inthemix.com.au:80/50/2007/","20080221155922","200"
"http://www.inthemix.com.au:80/50/2007/djlist/","20080411051851","200"
"http://www.inthemix.com.au:80/50/2007/djlist/secure-au.imrworldwide.com/","20080615124325","200"
"http://www.inthemix.com.au:80/50/2007/myvote/1011/","20080218120848","200"
"http://www.inthemix.com.au:80/50/2007/myvote/159/","20080125214057","200"
"http://www.inthemix.com.au:80/50/2007/myvote/221/","20080127110325","200"
"http://www.inthemix.com.au:80/50/2007/myvote/3545/","20080213152554","200"
"http://www.inthemix.com.au:80/50/2007/myvote/598/","20080327070550","200"
"http://www.inthemix.com.au:80/50/2007/results/51-100/","20080202205926","200"
"http://www.inthemix.com.au:80/50/2007/results/51-100/secure-au.imrworldwide.com/","20080327070555","200"
"http://www.inthemix.com.au:80/50/2007/results/51-100/secure-au.imrworldwide.com/secure-au.imrworldwide.com/","20080331092204","200"
"http://www.inthemix.com.au:80/50/2007/secure-au.imrworldwide.com/","20080701211840","200"
"http://www.inthemix.com.au:80/50/2008/","20080627103427","200"
"http://www.inthemix.com.au/50/2008/_images/buttons/us_180x150.gif","20080719213017","200"
"http://www.inthemix.com.au:80/50/2008/c/atridge@hotmail.com/4ac48d","20080710083016","200"
"http://www.inthemix.com.au:80/50/2008/c/davedisley@hotmail.com/d311b4","20080703130930","200"
"http://www.inthemix.com.au:80/50/2008/c/davedisley@hotmail.com/secure-au.imrworldwide.com/","20080705065453","200"
"http://www.inthemix.com.au:80/50/2008/c/david.forrest@internode.on.net/4d2fac","20080703124249","200"
"http://www.inthemix.com.au:80/50/2008/c/david.forrest@internode.on.net/secure-au.imrworldwide.com/","20080705065459","200"
"http://www.inthemix.com.au:80/50/2008/c/jimps85@hotmail.com/7cfef2","20080715144103","200"
"http://www.inthemix.com.au:80/50/2008/c/kylieanneharper@live.com.au/aae0c5","20080703131000","200"
"http://www.inthemix.com.au:80/50/2008/c/loza_allison@hotmail.com/db356b","20080705083149","200"
"http://www.inthemix.com.au:80/50/2008/c/manalpownall@hotmail.com/30da16","20080705090642","200"
"http://www.inthemix.com.au:80/50/2008/c/michdix@yahoo.co.uk/4d614b","20080703131005","200"
"http://www.inthemix.com.au:80/50/2008/c/rich_z07@hotmail.com/d6eb98","20080703131012","200"
"http://www.inthemix.com.au:80/50/2008/c/rich_z07@hotmail.com/secure-au.imrworldwide.com/","20080705065504","200"
"http://www.inthemix.com.au:80/50/2008/c/taylor_r_w@hotmail.com/71331b","20080731170122","200"
"http://www.inthemix.com.au:80/50/2008/djcode/2800/","20080715135656","200"
"http://www.inthemix.com.au:80/50/2008/djlist/","20080630061013","200"
"http://www.inthemix.com.au:80/50/2008/djlist/secure-au.imrworldwide.com/","20080630223537","200"
"http://www.inthemix.com.au:80/50/2008/find/","20080630223542","200"
"http://www.inthemix.com.au:80/50/2008/find/secure-au.imrworldwide.com/","20080706021319","200"
"http://www.inthemix.com.au:80/50/2008/index.php?","20080627145751","200"
"http://www.inthemix.com.au:80/50/2008/myvote/4925/","20080627115218","200"
"http://www.inthemix.com.au:80/50/2008/pages/previous/","20080626180752","200"
"http://www.inthemix.com.au:80/50/2008/pages/previous/secure-au.imrworldwide.com/","20080701211938","200"
"http://www.inthemix.com.au:80/50/2008/rules/","20080630223547","200"
"http://www.inthemix.com.au:80/50/2008/secure-au.imrworldwide.com/","20080701123525","200"
"http://www.inthemix.com.au:80/50/2008/templates/addNew.html?","20080702201338","200"
"http://www.inthemix.com.au:80/50/2008/templates/addNew.html?item=event","20080707012957","200"
"http://www.inthemix.com.au:80/50/2008/templates/addNew.html?item=international","20080704135938","200"
"http://www.inthemix.com.au:80/50/2008/templates/addNew.html?item=local","20080703093631","200"
"http://www.inthemix.com.au:80/50/2008/templates/addNew.html?item=producer","20080703095747","200"
"http://www.inthemix.com.au:80/?city=1","20080510162521","200"
"http://www.inthemix.com.au:80/?city=2","20080510163228","200"
"http://www.inthemix.com.au:80/?city=3","20080510163242","200"
"http://www.inthemix.com.au:80/?city=4","20080510163248","200"
"http://www.inthemix.com.au:80/?city=5","20080510163303","200"
"http://www.inthemix.com.au:80/?city=6","20080510163308","200"
"http://www.inthemix.com.au:80/?city=Aust","20080510163332","200"
"http://www.inthemix.com.au:80/?interstitialPass=true&utm_source=itm-interstitial&utm_medium=website&utm_term=inthemix.tv&utm_content=inthemix.tv+splash+1&utm_campaign=inthemix.tv-interstitial","20080531053140","200"
"http://www.inthemix.com.au:80/?utm_source=itm-interstitial&utm_medium=website&utm_term=inthemix.tv&utm_content=inthemix.tv+splash+1&utm_campaign=inthemix.tv-interstitial","20080531053142","200"
"http://www.inthemix.com.au/_css/compiled.css","20080719140941","200"
"http://www.inthemix.com.au/_css/core.css","20080721111101","200"
"http://www.inthemix.com.au/_css/coreExtender.css","20080727123912","200"
"http://www.inthemix.com.au/_css/elements/ajaxArea.css","20080721104437","200"
"http://www.inthemix.com.au/_css/elements/articles.css","20080718222348","200"
"http://www.inthemix.com.au/_css/elements/articleTools.css","20080721091419","200"
"http://www.inthemix.com.au/_css/elements/authorBlock.css","20080721131420","200"
"http://www.inthemix.com.au/_css/elements/blueArea.css","20080721084509","200"
"http://www.inthemix.com.au/_css/elements/calendar_visual.css","20080721184320","200"
"http://www.inthemix.com.au/_css/elements/comments.css","20080721104225","200"
"http://www.inthemix.com.au/_css/elements/communityArticles.css","20080718215639","200"
"http://www.inthemix.com.au/_css/elements/contentBar.css","20080721111136","200"
"http://www.inthemix.com.au/_css/elements/events.css","20080719212941","200"
"http://www.inthemix.com.au/_css/elements/expander.css","20080721084536","200"
"http://www.inthemix.com.au/_css/elements/fanCall.css","20080721184455","200"
"http://www.inthemix.com.au/_css/elements/galleries.css","20080718222801","200"
"http://www.inthemix.com.au/_css/elements/paging.css","20080721093740","200"
"http://www.inthemix.com.au/_css/elements/profileTools.css","20080721145836","200"
"http://www.inthemix.com.au/_css/elements/promoBlock.css","20080718214740","200"
"http://www.inthemix.com.au/_css/elements/rating.css","20080721105209","200"
"http://www.inthemix.com.au/_css/elements/resultBar.css","20080721085642","200"
"http://www.inthemix.com.au/_css/elements/search.css","20080727071116","200"
"http://www.inthemix.com.au/_css/elements/sideBar.css","20080721111024","200"
"http://www.inthemix.com.au/_css/elements/syndication.css","20080721105403","200"
"http://www.inthemix.com.au/_css/elements/tabBar.css","20080727115210","200"
"http://www.inthemix.com.au/_css/elements/ticker.css","20080718221636","200"
"http://www.inthemix.com.au/_css/elements/userBar.css","20080719211849","200"
"http://www.inthemix.com.au/_css/elements/userChat.css","20080728020918","200"
"http://www.inthemix.com.au/_css/form.css","20080720192256","200"
"http://www.inthemix.com.au/_css/text.css","20080721111250","200"
"http://www.inthemix.com.au/_css/themes/festivals.css","20080721082421","200"
"http://www.inthemix.com.au/_css/themes/homepage.css","20080718215010","200"
"http://www.inthemix.com.au/_css/themes/itmtv-pump.css","20080719215015","200"
"http://www.inthemix.com.au/_css/themes/itmtv.css","20080719215105","200"
"http://www.inthemix.com.au/_css/themes/life.css","20080724071933","200"
"http://www.inthemix.com.au/_css/themes/whatson.css","20080721182327","200"
"http://www.inthemix.com.au/_images/_core/Banner_BG.jpg","20080727085903","200"
"http://www.inthemix.com.au/_images/_core/Banner_BG_Headphone.jpg","20080727085655","200"
"http://www.inthemix.com.au/_images/_core/bg_dot_black.gif","20080726075825","200"
"http://www.inthemix.com.au/_images/_core/bg_ITM_head_white.gif","20080721111216","200"
"http://www.inthemix.com.au/_images/_core/bg_line_black.gif","20080726080104","200"
"http://www.inthemix.com.au/_images/_core/bg_line_close_black.gif","20080727085932","200"
"http://www.inthemix.com.au/_images/_core/bg_line_grey.gif","20080726080226","200"
"http://www.inthemix.com.au/_images/_core/bg_line_white.gif","20080727085736","200"
"http://www.inthemix.com.au/_images/_core/bullets/Arrow_black_east.gif","20080727085316","200"
"http://www.inthemix.com.au/_images/_core/bullets/arrow_db_east.gif","20080727085531","200"
"http://www.inthemix.com.au/_images/_core/bullets/Arrow_ibiza_east.gif","20080726075713","200"
"http://www.inthemix.com.au/_images/_core/bullets/Arrow_white_east.gif","20080730215343","200"
"http://www.inthemix.com.au/_images/_core/bullets/dot_black.gif","20080727085625","200"
"http://www.inthemix.com.au/_images/_core/bullets/link_do_east.gif","20080727085344","200"
"http://www.inthemix.com.au/_images/_core/bullets/link_grey_east.gif","20080727085246","200"
"http://www.inthemix.com.au/_images/_core/bullets/link_white_east.gif","20080727085127","200"
"http://www.inthemix.com.au/_images/_core/contentgroupspecial_west.gif","20080726080149","200"
"http://www.inthemix.com.au/_images/_core/email/emailHeader.jpg","20080721110950","200"
"http://www.inthemix.com.au/_images/_core/footerBar_BG.gif","20080727085824","200"
"http://www.inthemix.com.au/_images/_core/frames/buyticket_forum.gif","20080725125724","200"
"http://www.inthemix.com.au/_images/_core/frames/roll_call_list_button.gif","20080728020948","200"
"http://www.inthemix.com.au/_images/_core/frames/validation.gif","20080728164034","200"
"http://www.inthemix.com.au/_images/_core/graphicBar_BG.gif","20080727085206","200"
"http://www.inthemix.com.au/_images/_core/graphicBar_BG_pump.gif","20080728114649","200"
"http://www.inthemix.com.au/_images/_core/graphicBars/AboutITM.jpg","20080721150846","200"
"http://www.inthemix.com.au/_images/_core/graphicBars/AllAbout.jpg","20080721092130","200"
"http://www.inthemix.com.au/_images/_core/graphicBars/banner_AllAbout.jpg","20080721082209","200"
"http://www.inthemix.com.au/_images/_core/graphicBars/banner_Community.jpg","20080727135702","200"
"http://www.inthemix.com.au/_images/_core/graphicBars/banner_Forum.jpg","20080723103953","200"
"http://www.inthemix.com.au/_images/_core/graphicBars/banner_Lifestyle.jpg","20080724072133","200"
"http://www.inthemix.com.au/_images/_core/graphicBars/banner_Membership.jpg","20080721145955","200"
"http://www.inthemix.com.au/_images/_core/graphicBars/banner_Music.jpg","20080721143744","200"
"http://www.inthemix.com.au/_images/_core/graphicBars/banner_Photos.jpg","20080721102400","200"
"http://www.inthemix.com.au/_images/_core/graphicBars/banner_Podcast.jpg","20080724034937","200"
"http://www.inthemix.com.au/_images/_core/graphicBars/banner_TV_pump.jpg","20080719213901","200"
"http://www.inthemix.com.au/_images/_core/graphicBars/banner_WhatsOn.jpg","20080721183258","200"
"http://www.inthemix.com.au/_images/_core/graphicBars/Community.jpg","20080727135623","200"
"http://www.inthemix.com.au/_images/_core/graphicBars/Competitions.jpg","20080721133419","200"
"http://www.inthemix.com.au/_images/_core/graphicBars/Features.jpg","20080721130628","200"
"http://www.inthemix.com.au/_images/_core/graphicBars/Festivals.jpg","20080721082938","200"
"http://www.inthemix.com.au/_images/_core/graphicBars/Forum.jpg","20080723103556","200"
"http://www.inthemix.com.au/_images/_core/graphicBars/International.jpg","20080723110423","200"
"http://www.inthemix.com.au/_images/_core/graphicBars/Lifestyle.jpg","20080724071607","200"
"http://www.inthemix.com.au/_images/_core/graphicBars/LocalNews.jpg","20080721165208","200"
"http://www.inthemix.com.au/_images/_core/graphicBars/location_AllAbout.jpg","20080721082727","200"
"http://www.inthemix.com.au/_images/_core/graphicBars/location_Community.jpg","20080727121233","200"
"http://www.inthemix.com.au/_images/_core/graphicBars/location_Forum.jpg","20080723103928","200"
"http://www.inthemix.com.au/_images/_core/graphicBars/location_Lifestyle.jpg","20080724072412","200"
"http://www.inthemix.com.au/_images/_core/graphicBars/location_Membership.jpg","20080721150703","200"
"http://www.inthemix.com.au/_images/_core/graphicBars/location_Music.jpg","20080721143500","200"
"http://www.inthemix.com.au/_images/_core/graphicBars/location_Photos.jpg","20080721094638","200"
"http://www.inthemix.com.au/_images/_core/graphicBars/location_Podcast.jpg","20080724035637","200"
"http://www.inthemix.com.au/_images/_core/graphicBars/location_TV_pump.jpg","20080719214309","200"
"http://www.inthemix.com.au/_images/_core/graphicBars/location_WhatsOn.jpg","20080721171942","200"
"http://www.inthemix.com.au/_images/_core/graphicBars/Membership.jpg","20080721150300","200"
"http://www.inthemix.com.au/_images/_core/graphicBars/Music.jpg","20080721144551","200"
"http://www.inthemix.com.au/_images/_core/graphicBars/MusicDownloads.jpg","20080723122510","200"
"http://www.inthemix.com.au/_images/_core/graphicBars/Photos.jpg","20080721095948","200"
"http://www.inthemix.com.au/_images/_core/graphicBars/Podcast.jpg","20080724034646","200"
"http://www.inthemix.com.au/_images/_core/graphicBars/Search.jpg","20080727070921","200"
"http://www.inthemix.com.au/_images/_core/graphicBars/Subscriptions.jpg","20080721190914","200"
"http://www.inthemix.com.au/_images/_core/graphicBars/Sydney.jpg","20080719175923","200"
"http://www.inthemix.com.au/_images/_core/graphicBars/TV_pump.jpg","20080719214124","200"
"http://www.inthemix.com.au/_images/_core/graphicBars/WhatsOn.jpg","20080721183552","200"
"http://www.inthemix.com.au/_images/_core/headings/advertisment.gif","20080315225945","200"
"http://www.inthemix.com.au/_images/_core/headings/ap_+aboutTheAuthor.gif","20080721124714","200"
"http://www.inthemix.com.au/_images/_core/headings/ap_+allAbout.gif","20080721125124","200"
"http://www.inthemix.com.au/_images/_core/headings/ap_+artists.gif","20080725125813","200"
"http://www.inthemix.com.au/_images/_core/headings/ap_+browseBroadband.gif","20080721184759","200"
"http://www.inthemix.com.au/_images/_core/headings/ap_+Capacity.gif","20080724055243","200"
"http://www.inthemix.com.au/_images/_core/headings/ap_+contact.gif","20080721150505","200"
"http://www.inthemix.com.au/_images/_core/headings/ap_+details.gif","20080725125847","200"
"http://www.inthemix.com.au/_images/_core/headings/ap_+Distributor.gif","20080722184326","200"
"http://www.inthemix.com.au/_images/_core/headings/ap_+DressCode.gif","20080724054816","200"
"http://www.inthemix.com.au/_images/_core/headings/ap_+Format.gif","20080725134923","200"
"http://www.inthemix.com.au/_images/_core/headings/ap_+forumStats.gif","20080721150150","200"
"http://www.inthemix.com.au/_images/_core/headings/ap_+Label.gif","20080721143659","200"
"http://www.inthemix.com.au/_images/_core/headings/ap_+location.gif","20080721092413","200"
"http://www.inthemix.com.au/_images/_core/headings/ap_+musicStyling.gif","20080721205318","200"
"http://www.inthemix.com.au/_images/_core/headings/ap_+otherArticlesBy.gif","20080721125456","200"
"http://www.inthemix.com.au/_images/_core/headings/ap_+PhoneNumber.gif","20080724055357","200"
"http://www.inthemix.com.au/_images/_core/headings/ap_+WhereWhen.gif","20080725130100","200"
"http://www.inthemix.com.au/_images/_core/headings/cs_AboutOurSubscriptions.gif","20080721191059","200"
"http://www.inthemix.com.au/_images/_core/headings/cs_AboutUs.gif","20080721151540","200"
"http://www.inthemix.com.au/_images/_core/headings/cs_AdvancedSearch.gif","20080727072330","200"
"http://www.inthemix.com.au/_images/_core/headings/cs_AdvertisingWithUs.gif","20080721151353","200"
"http://www.inthemix.com.au/_images/_core/headings/cs_AlbumPreview.gif","20080721205346","200"
"http://www.inthemix.com.au/_images/_core/headings/cs_Blogs.gif","20080727113215","200"
"http://www.inthemix.com.au/_images/_core/headings/cs_BrowseMusic.gif","20080723093122","200"
"http://www.inthemix.com.au/_images/_core/headings/cs_Comments.gif","20080721115845","200"
"http://www.inthemix.com.au/_images/_core/headings/cs_Competitions.gif","20080719211404","200"
"http://www.inthemix.com.au/_images/_core/headings/cs_EventReviews.gif","20080721091755","200"
"http://www.inthemix.com.au/_images/_core/headings/cs_EventsImGoingTo.gif","20080723091922","200"
"http://www.inthemix.com.au/_images/_core/headings/cs_FeatureAlbum.gif","20080723094216","200"
"http://www.inthemix.com.au/_images/_core/headings/cs_FeatureArticles.gif","20080721084311","200"
"http://www.inthemix.com.au/_images/_core/headings/cs_FeaturedEvents.gif","20080721184040","200"
"http://www.inthemix.com.au/_images/_core/headings/cs_FestivalGuide.gif","20080718215529","200"
"http://www.inthemix.com.au/_images/_core/headings/cs_FreeDownload.gif","20080719212718","200"
"http://www.inthemix.com.au/_images/_core/headings/cs_g_AddYourComment.gif","20080721130047","200"
"http://www.inthemix.com.au/_images/_core/headings/cs_Help.gif","20080721190943","200"
"http://www.inthemix.com.au/_images/_core/headings/cs_HotContributors.gif","20080723092413","200"
"http://www.inthemix.com.au/_images/_core/headings/cs_HowToRegister.gif","20080724114344","200"
"http://www.inthemix.com.au/_images/_core/headings/cs_Instructions.gif","20080724114312","200"
"http://www.inthemix.com.au/_images/_core/headings/cs_InternationalNews.gif","20080718222126","200"
"http://www.inthemix.com.au/_images/_core/headings/cs_ITMCodeOfConduct.gif","20080724114421","200"
"http://www.inthemix.com.au/_images/_core/headings/cs_ITMFM.gif","20080718222544","200"
"http://www.inthemix.com.au/_images/_core/headings/cs_LatestForumPosts.gif","20080727125704","200"
"http://www.inthemix.com.au/_images/_core/headings/cs_Legal.gif","20080721151505","200"
"http://www.inthemix.com.au/_images/_core/headings/cs_Life.gif","20080719175836","200"
"http://www.inthemix.com.au/_images/_core/headings/cs_LifestyleBrowse.gif","20080724072000","200"
"http://www.inthemix.com.au/_images/_core/headings/cs_LifestyleReviews.gif","20080724071058","200"
"http://www.inthemix.com.au/_images/_core/headings/cs_LocalNews.gif","20080719141033","200"
"http://www.inthemix.com.au/_images/_core/headings/cs_ManageAccount.gif","20080727113445","200"
"http://www.inthemix.com.au/_images/_core/headings/cs_MoreFestivals.gif","20080721082657","200"
"http://www.inthemix.com.au/_images/_core/headings/cs_News.gif","20080721083543","200"
"http://www.inthemix.com.au/_images/_core/headings/cs_OtherImages.gif","20080721113053","200"
"http://www.inthemix.com.au/_images/_core/headings/cs_OurCommunity.gif","20080721151031","200"
"http://www.inthemix.com.au/_images/_core/headings/cs_Photos.gif","20080718221659","200"
"http://www.inthemix.com.au/_images/_core/headings/cs_Podcasts.gif","20080718220012","200"
"http://www.inthemix.com.au/_images/_core/headings/cs_PreviousPodcasts.gif","20080724034430","200"
"http://www.inthemix.com.au/_images/_core/headings/cs_PromotingYourEvent.gif","20080721151606","200"
"http://www.inthemix.com.au/_images/_core/headings/cs_QuickLinks.gif","20080721171253","200"
"http://www.inthemix.com.au/_images/_core/headings/cs_Rating.gif","20080721144522","200"
"http://www.inthemix.com.au/_images/_core/headings/cs_RecentBlogEntries.gif","20080721152116","200"
"http://www.inthemix.com.au/_images/_core/headings/cs_Releases.gif","20080721202511","200"
"http://www.inthemix.com.au/_images/_core/headings/cs_Reviews.gif","20080719180059","200"
"http://www.inthemix.com.au/_images/_core/headings/cs_RollCall.gif","20080721171320","200"
"http://www.inthemix.com.au/_images/_core/headings/cs_SendToAFriend.gif","20080721114456","200"
"http://www.inthemix.com.au/_images/_core/headings/cs_Tickets.gif","20080718215950","200"
"http://www.inthemix.com.au/_images/_core/headings/cs_TopGalleries.gif","20080721093040","200"
"http://www.inthemix.com.au/_images/_core/headings/cs_TopPhotographers.gif","20080721094120","200"
"http://www.inthemix.com.au/_images/_core/headings/cs_UpcomingEvents.gif","20080721092654","200"
"http://www.inthemix.com.au/_images/_core/headings/cs_Video.gif","20080721082349","200"
"http://www.inthemix.com.au/_images/_core/headings/cs_Videos.gif","20080718222459","200"
"http://www.inthemix.com.au/_images/_core/headings/cs_WhatsHot.gif","20080727135548","200"
"http://www.inthemix.com.au/_images/_core/headings/cs_WhatsOn.gif","20080719211636","200"
"http://www.inthemix.com.au/_images/_core/icons/heart.gif","20080721131153","200"
"http://www.inthemix.com.au/_images/_core/icons/skrufff_small.gif","20080723110352","200"
"http://www.inthemix.com.au/_images/_core/icons/star.png","20080725125611","200"
"http://www.inthemix.com.au/_images/_core/icons/swizel.gif","20080721104909","200"
"http://www.inthemix.com.au/_images/_core/Location_BG_Headphone.jpg","20080718222922","200"
"http://www.inthemix.com.au/_images/_core/main_ITM_headercomau.jpg","20080718221925","200"
"http://www.inthemix.com.au/_images/_core/placeholder.jpg","20080726075203","200"
"http://www.inthemix.com.au/_images/_core/siteTools_BG.gif","20080727085500","200"
"http://www.inthemix.com.au/_images/_core/sprites/sprite_openclose.gif","20080728113803","200"
"http://www.inthemix.com.au/_images/_core/transparentSpacer.gif","20080718172945","200"
"http://www.inthemix.com.au/_images/_sponsors/becksFusions/forums_sidebar.jpg","20080723114659","200"
"http://www.inthemix.com.au/_images/_sponsors/becksFusions/forums_sidebar_banner.jpg","20080723114624","200"
"http://www.inthemix.com.au/_images/_sponsors/becksFusions/forums_sidebar_bg.jpg","20080723114436","200"
"http://www.inthemix.com.au/_images/_sponsors/becksFusions/forums_sidebar_location.jpg","20080723113600","200"
"http://www.inthemix.com.au/_images/_sponsors/becksFusions/photos_homepage.jpg","20080718215903","200"
"http://www.inthemix.com.au/_images/_sponsors/Smirnoff/whatson_sidebar_bg.jpg","20080721183523","200"
"http://www.inthemix.com.au/_images/_sponsors/sonyEricsson/itm_homepage_spot_bg.jpg","20080726075853","200"
"http://www.inthemix.com.au/_images/_theme/50/ITM50_vote_sidebar.gif","20080718222325","200"
"http://www.inthemix.com.au/_images/_theme/chat/sideBlock_Header.gif","20080727120720","200"
"http://www.inthemix.com.au/_images/_theme/cityselect/cityselect_Country.gif","20080725134524","200"
"http://www.inthemix.com.au/_images/_theme/cityselect/cityselect_Footer.gif","20080727085428","200"
"http://www.inthemix.com.au/_images/_theme/cityselect/cityselect_Heading.gif","20080725134556","200"
"http://www.inthemix.com.au/_images/_theme/cityselect/cityselect_Welcome.gif","20080725134454","200"
"http://www.inthemix.com.au/_images/_theme/festivals/background_bottom_festival.jpg","20080730215136","200"
"http://www.inthemix.com.au/_images/_theme/festivals/background_festivalITMHomepage.gif","20080719175436","200"
"http://www.inthemix.com.au/_images/_theme/festivals/background_festivalReviews.gif","20080730215626","200"
"http://www.inthemix.com.au/_images/_theme/festivals/background_festivals.jpg","20080730215415","200"
"http://www.inthemix.com.au/_images/_theme/festivals/background_festivals_articles.jpg","20080730215311","200"
"http://www.inthemix.com.au/_images/_theme/festivals/background_festivalWhatsOn.gif","20080730215234","200"
"http://www.inthemix.com.au/_images/_theme/festivals/background_top_festivals.gif","20080730215703","200"
"http://www.inthemix.com.au/_images/_theme/festivals/heading_festivalGalleries.gif","20080721084007","200"
"http://www.inthemix.com.au/_images/_theme/festivals/heading_festivalNews.gif","20080721141528","200"
"http://www.inthemix.com.au/_images/_theme/festivals/heading_festivalReviews.gif","20080721140414","200"
"http://www.inthemix.com.au/_images/_theme/festivals/heading_findYourFestival.gif","20080721142711","200"
"http://www.inthemix.com.au/_images/_theme/festivals/shadow/leftBottomCorner.png","20080721085841","200"
"http://www.inthemix.com.au/_images/_theme/festivals/shadow/leftTopCorner.png","20080730215525","200"
"http://www.inthemix.com.au/_images/_theme/festivals/shadow/rightBottomCorner.png","20080730215019","200"
"http://www.inthemix.com.au/_images/_theme/festivals/shadow/rightTopCorner.gif","20080721090136","200"
"http://www.inthemix.com.au/_images/_theme/festivals/shadow/rightTopCorner.png","20080721142336","200"
"http://www.inthemix.com.au/_images/_theme/freedownloads/heading.gif","20080723122903","200"
"http://www.inthemix.com.au/_images/_theme/freedownloads/image_frame.png","20080723123536","200"
"http://www.inthemix.com.au/_images/_theme/freedownloads/podcast_dld_btn.gif","20080723122943","200"
"http://www.inthemix.com.au/_images/_theme/freedownloads/podcast_hdg_01.gif","20080723124343","200"
"http://www.inthemix.com.au/_images/_theme/inthemixtv/background_homePage.jpg","20080728114832","200"
"http://www.inthemix.com.au/_images/_theme/inthemixtv/background_listPage.jpg","20080726075745","200"
"http://www.inthemix.com.au/_images/_theme/inthemixtv/background_player.jpg","20080728114039","200"
"http://www.inthemix.com.au/_images/_theme/inthemixtv/brand_logo.gif","20080721164103","200"
"http://www.inthemix.com.au/_images/_theme/inthemixtv/button_Download.gif","20080721103359","200"
"http://www.inthemix.com.au/_images/_theme/inthemixtv/button_Embed.gif","20080721104306","200"
"http://www.inthemix.com.au/_images/_theme/inthemixtv/button_Rate.gif","20080721103320","200"
"http://www.inthemix.com.au/_images/_theme/inthemixtv/cs_Comments.gif","20080721103106","200"
"http://www.inthemix.com.au/_images/_theme/inthemixtv/cs_inthemixtv.gif","20080718214533","200"
"http://www.inthemix.com.au/_images/_theme/inthemixtv/cs_SendToAFriend.gif","20080721105435","200"
"http://www.inthemix.com.au/_images/_theme/inthemixtv/cs_Subscribe.gif","20080721102937","200"
"http://www.inthemix.com.au/_images/_theme/inthemixtv/faux_dashboard.gif","20080728113921","200"
"http://www.inthemix.com.au/_images/_theme/inthemixtv/play_button_125.png","20080728114755","200"
"http://www.inthemix.com.au/_images/_theme/inthemixtv/play_button_50.png","20080726075927","200"
"http://www.inthemix.com.au/_images/_theme/inthemixtv/play_button_80.png","20080728114512","200"
"http://www.inthemix.com.au/_images/_theme/inthemixtv/sprite_icons25.jpg","20080728113726","200"
"http://www.inthemix.com.au/_images/_theme/inthemixtv/star_bright.gif","20080721103141","200"
"http://www.inthemix.com.au/_images/_theme/inthemixtv/super_aboutinthemixtv.jpg","20080728114209","200"
"http://www.inthemix.com.au/_images/_theme/inthemixtv/super_episodes_3.jpg","20080728114259","200"
"http://www.inthemix.com.au/_images/_theme/inthemixtv/super_morevideos_sans.jpg","20080728114606","200"
"http://www.inthemix.com.au/_images/_theme/inthemixtv/super_watchandwin.jpg","20080728113836","200"
"http://www.inthemix.com.au/_images/_theme/inthemixtv/tv_foreground.jpg","20080728114340","200"
"http://www.inthemix.com.au/_images/_theme/inthemixtv/tv_heading_aboutthisvideo.jpg","20080721110021","200"
"http://www.inthemix.com.au/_images/_theme/inthemixtv/tv_logo.jpg","20080721104129","200"
"http://www.inthemix.com.au/_images/_theme/inthemixtv/tv_mastgraphic.jpg","20080728114001","200"
"http://www.inthemix.com.au/_images/_theme/inthemixtv/tv_masthead.jpg","20080728114433","200"
"http://www.inthemix.com.au/_images/_theme/inthemixtv/tv_sidegraphic.jpg","20080721103949","200"
"http://www.inthemix.com.au/_images/_theme/inthemixtv/tv_syndicate.jpg","20080728114118","200"
"http://www.inthemix.com.au/_images/_theme/podcast/dots.gif","20080724034238","200"
"http://www.inthemix.com.au/_images/_theme/podcast/heading.png","20080724033608","200"
"http://www.inthemix.com.au/_images/_theme/podcast/image_frame.png","20080724033908","200"
"http://www.inthemix.com.au/_images/_theme/podcast/pattern.gif","20080726080340","200"
"http://www.inthemix.com.au/_images/_theme/podcast/podcast_dld_btn.gif","20080724035415","200"
"http://www.inthemix.com.au/_images/_theme/podcast/podcast_hdg_01.gif","20080724034106","200"
"http://www.inthemix.com.au/_images/_theme/podcast/podcast_hdg_02.gif","20080724034335","200"
"http://www.inthemix.com.au/_images/_theme/videos/background_itmhomepage.jpg","20080726075958","200"
"http://www.inthemix.com.au/_images/_theme/videos/button_Embed.gif","20080721114704","200"
"http://www.inthemix.com.au/_images/_theme/videos/button_Rate.gif","20080721120146","200"
"http://www.inthemix.com.au/_images/_theme/videos//cs_aboutThisVideo.gif","20080721115547","200"
"http://www.inthemix.com.au/_images/_theme/videos/cs_featuredVideos.gif","20080719214002","200"
"http://www.inthemix.com.au/_images/_theme/videos/cs_latestVideos.gif","20080719213354","200"
"http://www.inthemix.com.au/_images/_theme/videos/cs_popularVideos.gif","20080719215439","200"
"http://www.inthemix.com.au/_images/_theme/videos//cs_relatedVideos.gif","20080724102510","200"
"http://www.inthemix.com.au/_images/_theme/videos//cs_searchVideos.gif","20080719214707","200"
"http://www.inthemix.com.au/_images/_theme/videos/star_bright.gif","20080721114108","200"
"http://www.inthemix.com.au/_javascript/calendarVisual.js","20080721183921","200"
"http://www.inthemix.com.au/_javascript/FanCall.js","20080721184721","200"
"http://www.inthemix.com.au/_javascript/framework/Ajax.js","20080718173207","200"
"http://www.inthemix.com.au/_javascript/framework/Callback.js","20080719175723","200"
"http://www.inthemix.com.au/_javascript/framework/DataSource.js","20080719211730","200"
"http://www.inthemix.com.au/_javascript/framework/Debugger.js","20080721191012","200"
"http://www.inthemix.com.au/_javascript/framework/FormData.js","20080719211434","200"
"http://www.inthemix.com.au/_javascript/framework/FormFiller.js","20080727113815","200"
"http://www.inthemix.com.au/_javascript/framework/Framework.js","20080718221742","200"
"http://www.inthemix.com.au/_javascript/framework/LightBox.js","20080721091446","200"
"http://www.inthemix.com.au/_javascript/framework/Notify.js","20080718222211","200"
"http://www.inthemix.com.au/_javascript/framework/TextCounter.js","20080727113722","200"
"http://www.inthemix.com.au/_javascript/framework/toggleZones.js","20080719212233","200"
"http://www.inthemix.com.au/_javascript/framework/User.js","20080718222235","200"
"http://www.inthemix.com.au/_javascript/framework/Validation.js","20080727113632","200"
"http://www.inthemix.com.au/_javascript/Pageing.js","20080721093905","200"
"http://www.inthemix.com.au/_javascript/Rating.js","20080721103209","200"
"http://www.inthemix.com.au/_javascript/tabBar.js","20080727123942","200"
"http://www.inthemix.com.au/_javascript/Ticker.js","20080727121311","200"
"http://www.inthemix.com.au/_javascript/TickerBar.js","20080718214655","200"
"http://www.inthemix.com.au/_javascript/userTools.js","20080721085217","200"
"http://www.inthemix.com.au:80/_xsl/feed.xsl","20080229130418","200"
"http://www.inthemix.com.au:80/allabout/","20080124044927","200"
"http://www.inthemix.com.au:80/allabout/artist/","20080127193425","200"
"http://www.inthemix.com.au:80/allabout/artist/10022/Jaytech","20080130132548","200"
"http://www.inthemix.com.au:80/allabout/artist/1006/Cubist","20080305040718","200"
"http://www.inthemix.com.au:80/allabout/artist/10067/M83","20080610165727","200"
"http://www.inthemix.com.au:80/allabout/artist/1007/Richie_Rich","20080408123334","200"
"http://www.inthemix.com.au:80/allabout/artist/1008/Fergie","20080124220746","200"
"http://www.inthemix.com.au:80/allabout/artist/1008/secure-au.imrworldwide.com/","20080417013335","200"
"http://www.inthemix.com.au:80/allabout/artist/1008/text=%C2%A0Adelaide;url=/forum/forumdisplay.php?forumid=5;","20080417003917","200"
"http://www.inthemix.com.au:80/allabout/artist/1008/text=%C2%A0Adelaide;url=/gallery/?city=5;;status=Adelaide;separatorsize=1","20080416193650","200"
"http://www.inthemix.com.au:80/allabout/artist/1008/text=%C2%A0Adelaide;url=/whatson/?city=5;;status=Adelaide;separatorsize=1","20080416193653","200"
"http://www.inthemix.com.au:80/allabout/artist/1008/text=%C2%A0Breaks;url=/forum/forumdisplay.php?forumid=31;","20080416235020","200"
"http://www.inthemix.com.au:80/allabout/artist/1008/text=%C2%A0Brisbane;url=/gallery/?city=4;;status=Brisbane;separatorsize=1","20080416181116","200"
"http://www.inthemix.com.au:80/allabout/artist/1008/text=%C2%A0Brisbane;url=/whatson/?city=4;;status=Brisbane;separatorsize=1","20080417010639","200"
"http://www.inthemix.com.au:80/allabout/artist/1008/text=%C2%A0Canberra;url=/forum/forumdisplay.php?forumid=3;","20080417010642","200"
"http://www.inthemix.com.au:80/allabout/artist/1008/text=%C2%A0Canberra;url=/gallery/?city=3;;status=Canberra;separatorsize=1","20080417003920","200"
"http://www.inthemix.com.au:80/allabout/artist/1008/text=%C2%A0Canberra;url=/whatson/?city=3;;status=Canberra;separatorsize=1","20080417000125","200"
"http://www.inthemix.com.au:80/allabout/artist/1008/text=%C2%A0General;url=/forum/forumdisplay.php?forumid=10;","20080417013339","200"
"http://www.inthemix.com.au:80/allabout/artist/1008/text=%C2%A0House;url=/forum/forumdisplay.php?forumid=30;","20080626131408","200"
"http://www.inthemix.com.au:80/allabout/artist/1008/text=%C2%A0Ibiza;url=/forum/forumdisplay.php?forumid=66;","20080417010647","200"
"http://www.inthemix.com.au:80/allabout/artist/1008/text=%C2%A0Lifestyle;url=/forum/forumdisplay.php?forumid=23;","20080628013259","200"
"http://www.inthemix.com.au:80/allabout/artist/1008/text=%C2%A0Melbourne;url=/forum/forumdisplay.php?forumid=2;","20080416193658","200"
"http://www.inthemix.com.au:80/allabout/artist/1008/text=%C2%A0Melbourne;url=/gallery/?city=2;;status=Melbourne;separatorsize=1","20080417003925","200"
"http://www.inthemix.com.au:80/allabout/artist/1008/text=%C2%A0Melbourne;url=/whatson/?city=2;;status=Melbourne;separatorsize=1","20080416181118","200"
"http://www.inthemix.com.au:80/allabout/artist/1008/text=%C2%A0Perth;url=/forum/forumdisplay.php?forumid=6;","20080417000129","200"
"http://www.inthemix.com.au:80/allabout/artist/1008/text=%C2%A0Perth;url=/gallery/?city=6;;status=Perth;separatorsize=1","20080417002037","200"
"http://www.inthemix.com.au:80/allabout/artist/1008/text=%C2%A0Perth;url=/whatson/?city=6;;status=Perth;separatorsize=1","20080417013344","200"
"http://www.inthemix.com.au:80/allabout/artist/1008/text=%C2%A0Photography;url=/forum/forumdisplay.php?forumid=61;","20080417002042","200"
"http://www.inthemix.com.au:80/allabout/artist/1008/text=%C2%A0Progressive;url=/forum/forumdisplay.php?forumid=36;","20080417003930","200"
"http://www.inthemix.com.au:80/allabout/artist/1008/text=%C2%A0Sydney;url=/forum/forumdisplay.php?forumid=1;","20080417010652","200"
"http://www.inthemix.com.au:80/allabout/artist/1008/text=%C2%A0Sydney;url=/gallery/?city=1;;status=Sydney;separatorsize=1","20080416181124","200"
"http://www.inthemix.com.au:80/allabout/artist/1008/text=%C2%A0Sydney;url=/whatson/?city=1;;status=Sydney;separatorsize=1","20080416201003","200"
"http://www.inthemix.com.au:80/allabout/artist/1008/text=%C2%A0Tickets;url=/shop/customer/home.php?cat=249;;separatorsize=1","20080416193706","200"
"http://www.inthemix.com.au:80/allabout/artist/10084/Funktrust_DJs","20080229123741","200"
"http://www.inthemix.com.au:80/allabout/artist/1009/Jeff_Mills","20080303090643","200"
"http://www.inthemix.com.au:80/allabout/artist/10103/Syda","20080311110047","200"
"http://www.inthemix.com.au:80/allabout/artist/10107/Trix","20080323134401","200"
"http://www.inthemix.com.au:80/allabout/artist/1013/Kid_Creme","20080225203258","200"
"http://www.inthemix.com.au:80/allabout/artist/10133/Kutski","20080204134429","200"
"http://www.inthemix.com.au:80/allabout/artist/10149/secure-au.imrworldwide.com/","20080203085819","200"
"http://www.inthemix.com.au:80/allabout/artist/10149/The_Score","20080201162642","200"
"http://www.inthemix.com.au:80/allabout/artist/10153/Vandalism","20080218165250","200"
"http://www.inthemix.com.au:80/allabout/artist/10167/Adam_White","20080305043405","200"
"http://www.inthemix.com.au:80/allabout/artist/1017/Martin_Solveig","20080622200604","200"
"http://www.inthemix.com.au:80/allabout/artist/1020/The_Nextmen","20080221034256","200"
"http://www.inthemix.com.au:80/allabout/artist/10214/Time_Machine","20080315175905","200"
"http://www.inthemix.com.au:80/allabout/artist/10228/MIA","20080309064753","200"
"http://www.inthemix.com.au:80/allabout/artist/1023/UNKLE","20080217155825","200"
"http://www.inthemix.com.au:80/allabout/artist/10231/Haji_Emanuel","20080127193429","200"
"http://www.inthemix.com.au:80/allabout/artist/10235/Slyde","20080603062213","200"
"http://www.inthemix.com.au:80/allabout/artist/10251/Fretless","20080208195914","200"
"http://www.inthemix.com.au:80/allabout/artist/10256/Bodyrockers","20080212234322","200"
"http://www.inthemix.com.au:80/allabout/artist/10261/Clive_Morley","20080205042044","200"
"http://www.inthemix.com.au:80/allabout/artist/10262/Joules_Fine","20080205042049","200"
"http://www.inthemix.com.au:80/allabout/artist/10282/Jimmy_Dau","20080305073448","200"
"http://www.inthemix.com.au:80/allabout/artist/10295/Trevor_Parkee","20080208195921","200"
"http://www.inthemix.com.au:80/allabout/artist/10305/Marcus_Levin","20080423112509","200"
"http://www.inthemix.com.au:80/allabout/artist/1031/Stacey_Pullen","20080319112736","200"
"http://www.inthemix.com.au:80/allabout/artist/10337/Daniel_C","20080215182117","200"
"http://www.inthemix.com.au:80/allabout/artist/10338/secure-au.imrworldwide.com/","20080510163334","200"
"http://www.inthemix.com.au:80/allabout/artist/10338/Urbs","20080610003335","200"
"http://www.inthemix.com.au:80/allabout/artist/10348/Tom_Neville","20080229133021","200"
"http://www.inthemix.com.au:80/allabout/artist/1036/Christopher_Lawrence","20080221010656","200"
"http://www.inthemix.com.au:80/allabout/artist/1038/Jeff_Drake","20080406024921","200"
"http://www.inthemix.com.au:80/allabout/artist/10393/The_Outlaws","20080615205330","200"
"http://www.inthemix.com.au:80/allabout/artist/1040/Krafty_Kuts","20080331040251","200"
"http://www.inthemix.com.au:80/allabout/artist/10402/Lady_Dana","20080226200131","200"
"http://www.inthemix.com.au:80/allabout/artist/10403/The_Prophet","20080204134434","200"
"http://www.inthemix.com.au:80/allabout/artist/10408/Danny_Bass","20080208232525","200"
"http://www.inthemix.com.au:80/allabout/artist/1045/Flaunt","20080619022015","200"
"http://www.inthemix.com.au:80/allabout/artist/10490/Sarah_Main","20080207153210","200"
"http://www.inthemix.com.au:80/allabout/artist/1051/Tom_Middleton","20080311122746","200"
"http://www.inthemix.com.au:80/allabout/artist/1053/Peaches","20080622200612","200"
"http://www.inthemix.com.au:80/allabout/artist/10530/Dobie","20080602041104","200"
"http://www.inthemix.com.au:80/allabout/artist/10551/Max_Graham","20080321181032","200"
"http://www.inthemix.com.au:80/allabout/artist/10554/Mr_S","20080223224550","200"
"http://www.inthemix.com.au:80/allabout/artist/1059/Goldie","20080317083039","200"
"http://www.inthemix.com.au:80/allabout/artist/10594/Sam_La_More","20080125214113","200"
"http://www.inthemix.com.au:80/allabout/artist/10596/Haze","20080205042055","200"
"http://www.inthemix.com.au:80/allabout/artist/1060/Aphex_Twin","20080223075203","200"
"http://www.inthemix.com.au:80/allabout/artist/10608/Bang_Gang_DJs","20080124044511","200"
"http://www.inthemix.com.au:80/allabout/artist/10609/Simon_Ramsey","20080208232529","200"
"http://www.inthemix.com.au:80/allabout/artist/1061/Armin_van_Buuren","20080221004923","200"
"http://www.inthemix.com.au:80/allabout/artist/10623/Nine_Inch_Nails","20080615205335","200"
"http://www.inthemix.com.au:80/allabout/artist/10636/kos","20080206154416","200"
"http://www.inthemix.com.au:80/allabout/artist/10646/Proof","20080319114515","200"
"http://www.inthemix.com.au:80/allabout/artist/10654/Paul_Harris","20080209204437","200"
"http://www.inthemix.com.au:80/allabout/artist/10681/CY","20080610165737","200"
"http://www.inthemix.com.au:80/allabout/artist/10701/Refresh","20080127203557","200"
"http://www.inthemix.com.au:80/allabout/artist/10702/Marcos","20080205042100","200"
"http://www.inthemix.com.au:80/allabout/artist/10703/Matrix","20080205042105","200"
"http://www.inthemix.com.au:80/allabout/artist/10708/DJ_Rousa","20080514145929","200"
"http://www.inthemix.com.au:80/allabout/artist/10727/Erol_Alkan","20080317022444","200"
"http://www.inthemix.com.au:80/allabout/artist/10729/Coldplay","20080323041320","200"
"http://www.inthemix.com.au:80/allabout/artist/10738/Andy_J","20080218060505","200"
"http://www.inthemix.com.au:80/allabout/artist/10746/Precision_Cuts","20080229183241","200"
"http://www.inthemix.com.au:80/allabout/artist/10779/Phil_Kieran","20080214234137","200"
"http://www.inthemix.com.au:80/allabout/artist/10785/Joell_Ortiz","20080423112514","200"
"http://www.inthemix.com.au:80/allabout/artist/1081/Cosmic_Gate","20080221003941","200"
"http://www.inthemix.com.au:80/allabout/artist/1084/Norman_Jay_MBE","20080217221654","200"
"http://www.inthemix.com.au:80/allabout/artist/10864/Hundred_Strong","20080503230704","200"
"http://www.inthemix.com.au:80/allabout/artist/10895/Fractured_Beats","20080125214118","200"
"http://www.inthemix.com.au:80/allabout/artist/1090/Gilles_Peterson","20080221034301","200"
"http://www.inthemix.com.au:80/allabout/artist/10918/Calyx","20080307124534","200"
"http://www.inthemix.com.au:80/allabout/artist/1093/Afrika_Bambaataa","20080223075209","200"
"http://www.inthemix.com.au:80/allabout/artist/1095/Black_Eyed_Peas","20080124220752","200"
"http://www.inthemix.com.au:80/allabout/artist/10958/Ctrix","20080205042109","200"
"http://www.inthemix.com.au:80/allabout/artist/1097/Carl_Kennedy","20080329131129","200"
"http://www.inthemix.com.au:80/allabout/artist/1098/Soul_of_Man","20080520044927","200"
"http://www.inthemix.com.au:80/allabout/artist/1099/Elroy","20080303090650","200"
"http://www.inthemix.com.au:80/allabout/artist/10991/Ivan_Smagghe","20080501204605","200"
"http://www.inthemix.com.au:80/allabout/artist/10995/Ange","20080321152032","200"
"http://www.inthemix.com.au:80/allabout/artist/1100/MC_Losty","20080531034604","200"
"http://www.inthemix.com.au:80/allabout/artist/11018/Serge_Santiago","20080208222758","200"
"http://www.inthemix.com.au:80/allabout/artist/1102/Crazy_Penis","20080311155159","200"
"http://www.inthemix.com.au:80/allabout/artist/1103/Downsyde","20080225194342","200"
"http://www.inthemix.com.au:80/allabout/artist/11037/Graham_Cordery","20080217221659","200"
"http://www.inthemix.com.au:80/allabout/artist/11048/Colette","20080127193435","200"
"http://www.inthemix.com.au:80/allabout/artist/11067/MANDY","20080317083042","200"
"http://www.inthemix.com.au:80/allabout/artist/1108/Jonathan_Wall","20080223075214","200"
"http://www.inthemix.com.au:80/allabout/artist/1111/Resin_Dogs","20080305073452","200"
"http://www.inthemix.com.au:80/allabout/artist/1112/Raye","20080513230732","200"
"http://www.inthemix.com.au:80/allabout/artist/11136/Isolee","20080603032138","200"
"http://www.inthemix.com.au:80/allabout/artist/1115/The_Jackal","20080531034609","200"
"http://www.inthemix.com.au:80/allabout/artist/11156/Luke_Sykes","20080408123338","200"
"http://www.inthemix.com.au:80/allabout/artist/11157/Rob_Noble","20080408115806","200"
"http://www.inthemix.com.au:80/allabout/artist/11189/Drapht","20080321160132","200"
"http://www.inthemix.com.au:80/allabout/artist/11189/Justice%20and%20The%20Prodigy%20are%20heading%20to%20Japan%20for%20Summer%20Sonic.%20Could%20we%20see%20them%20here%20for%20Splendour?","20080322235424","200"
"http://www.inthemix.com.au:80/allabout/artist/11189/secure-au.imrworldwide.com/","20080323015238","200"
"http://www.inthemix.com.au:80/allabout/artist/11189/We%5Cu2019ve%20all%20heard%20about%20the%20Berlin%20scene;%20the%20famed%20German%20city%20responsible%20for%20spawning%20some%20of%20the%20electronic%20music%20scene%5Cu2019s%20most%20exciting%20and%20forward%20thinking%20music.%20How%20would%20you%20like%20a%20taste?","20080322235428","200"
"http://www.inthemix.com.au:80/allabout/artist/1119/Tiga","20080408115813","200"
"http://www.inthemix.com.au:80/allabout/artist/11201/Roisin_Murphy","20080214234141","200"
"http://www.inthemix.com.au:80/allabout/artist/11226/Omid_16b","20080303033254","200"
"http://www.inthemix.com.au:80/allabout/artist/11239/The_Stafford_Brothers","20080229121426","200"
"http://www.inthemix.com.au:80/allabout/artist/1125/Rennie_Pilgrem","20080626222521","200"
"http://www.inthemix.com.au:80/allabout/artist/11268/Axwell","20080209144232","200"
"http://www.inthemix.com.au:80/allabout/artist/11268/secure-au.imrworldwide.com/","20080213050125","200"
"http://www.inthemix.com.au:80/allabout/artist/1127/Nick_Warren","20080218060038","200"
"http://www.inthemix.com.au:80/allabout/artist/1127/secure-au.imrworldwide.com/","20080127203602","200"
"http://www.inthemix.com.au:80/allabout/artist/1128/Groove_Armada","20080219023525","200"
"http://www.inthemix.com.au:80/allabout/artist/11286/Noel_Boogie","20080125214124","200"
"http://www.inthemix.com.au:80/allabout/artist/1133/Mark_Farina","20080503224800","200"
"http://www.inthemix.com.au:80/allabout/artist/1134/Array","20080311151151","200"
"http://www.inthemix.com.au:80/allabout/artist/1134/Roger_Sanchez","20080124044934","200"
"http://www.inthemix.com.au:80/allabout/artist/1136/Infusion","20080213004548","200"
"http://www.inthemix.com.au:80/allabout/artist/11363/DJ_JS1","20080208232535","200"
"http://www.inthemix.com.au:80/allabout/artist/1140/Monolake","20080207192344","200"
"http://www.inthemix.com.au:80/allabout/artist/1141/Jeremy_K","20080319083547","200"
"http://www.inthemix.com.au:80/allabout/artist/11428/Ellen_Allien","20080321181513","200"
"http://www.inthemix.com.au:80/allabout/artist/1143/Bob_Sinclar","20080221004929","200"
"http://www.inthemix.com.au:80/allabout/artist/11432/Bloc_Party","20080511200810","200"
"http://www.inthemix.com.au:80/allabout/artist/11434/NFX","20080309223122","200"
"http://www.inthemix.com.au:80/allabout/artist/11449/Jesse","20080531065224","200"
"http://www.inthemix.com.au:80/allabout/artist/1145/Kaskade","20080217221705","200"
"http://www.inthemix.com.au:80/allabout/artist/1146/Jacques_Lu_Cont","20080319114521","200"
"http://www.inthemix.com.au:80/allabout/artist/11486/Chris_Su","20080417000135","200"
"http://www.inthemix.com.au:80/allabout/artist/11487/DJ_SKC","20080417001047","200"
"http://www.inthemix.com.au:80/allabout/artist/1149/Skool_of_Thought","20080626222525","200"
"http://www.inthemix.com.au:80/allabout/artist/1151/DJ_Sneak","20080223160609","200"
"http://www.inthemix.com.au:80/allabout/artist/1153/Scissor_Sisters","20080309004001","200"
"http://www.inthemix.com.au:80/allabout/artist/11534/Spoonbill","20080313090038","200"
"http://www.inthemix.com.au:80/allabout/artist/11559/Shash","20080311122751","200"
"http://www.inthemix.com.au:80/allabout/artist/11584/Superpitcher","20080207153215","200"
"http://www.inthemix.com.au:80/allabout/artist/11619/Spherix","20080305043410","200"
"http://www.inthemix.com.au:80/allabout/artist/11620/valuetime","20080305041401","200"
"http://www.inthemix.com.au:80/allabout/artist/11621/Directive","20080305040722","200"
"http://www.inthemix.com.au:80/allabout/artist/11623/Safire","20080226200138","200"
"http://www.inthemix.com.au:80/allabout/artist/11630/Diafrix","20080127201156","200"
"http://www.inthemix.com.au:80/allabout/artist/11633/Shadower","20080205042115","200"
"http://www.inthemix.com.au:80/allabout/artist/11648/Fort_Knox_Five","20080208232540","200"
"http://www.inthemix.com.au:80/allabout/artist/11665/Adrian_V","20080305073457","200"
"http://www.inthemix.com.au:80/allabout/artist/11672/Ian_Carey","20080229011033","200"
"http://www.inthemix.com.au:80/allabout/artist/11672/secure-au.imrworldwide.com/","20080229183246","200"
"http://www.inthemix.com.au:80/allabout/artist/11674/Pegz","20080205042120","200"
"http://www.inthemix.com.au:80/allabout/artist/11691/Scott_Bateman","20080311194021","200"
"http://www.inthemix.com.au:80/allabout/artist/11708/Henrik_Schwarz","20080311194025","200"
"http://www.inthemix.com.au:80/allabout/artist/11807/Dirty_South","20080415025820","200"
"http://www.inthemix.com.au:80/allabout/artist/11816/HBomb","20080223224139","200"
"http://www.inthemix.com.au:80/allabout/artist/11822/Esvee","20080403021227","200"
"http://www.inthemix.com.au:80/allabout/artist/1184/Spellbound","20080311122756","200"
"http://www.inthemix.com.au:80/allabout/artist/11849/Macromantics","20080501185401","200"
"http://www.inthemix.com.au:80/allabout/artist/11864/Gavin_Martin","20080203001608","200"
"http://www.inthemix.com.au:80/allabout/artist/11898/The_Knife","20080201010048","200"
"http://www.inthemix.com.au:80/allabout/artist/1191/Anthony_Pappa","20080415124805","200"
"http://www.inthemix.com.au:80/allabout/artist/1192/Michael_Jackson","20080315204737","200"
"http://www.inthemix.com.au:80/allabout/artist/1193/The_Streets","20080313090046","200"
"http://www.inthemix.com.au:80/allabout/artist/1196/Sub_Bass_Snarl","20080503224803","200"
"http://www.inthemix.com.au:80/allabout/artist/12017/Dopamine","20080207132531","200"
"http://www.inthemix.com.au:80/allabout/artist/12029/Stuart_McKeown","20080125214128","200"
"http://www.inthemix.com.au:80/allabout/artist/12060/Paul_Mac","20080429205300","200"
"http://www.inthemix.com.au:80/allabout/artist/1210/Underworld","20080325075119","200"
"http://www.inthemix.com.au:80/allabout/artist/1211/Amon_Tobin","20080309051424","200"
"http://www.inthemix.com.au:80/allabout/artist/12119/Kora","20080311191635","200"
"http://www.inthemix.com.au:80/allabout/artist/12126/Mr_Oizo","20080323041325","200"
"http://www.inthemix.com.au:80/allabout/artist/12126/secure-au.imrworldwide.com/","20080611112300","200"
"http://www.inthemix.com.au:80/allabout/artist/12126/text=%C2%A0Adelaide;url=/forum/forumdisplay.php?forumid=5;","20080611112304","200"
"http://www.inthemix.com.au:80/allabout/artist/12126/text=%C2%A0Adelaide;url=/gallery/?city=5;;status=Adelaide;separatorsize=1","20080611112311","200"
"http://www.inthemix.com.au:80/allabout/artist/12126/text=%C2%A0Adelaide;url=/whatson/?city=5;;status=Adelaide;separatorsize=1","20080611112315","200"
"http://www.inthemix.com.au:80/allabout/artist/12126/text=%C2%A0Breaks;url=/forum/forumdisplay.php?forumid=31;","20080611112320","200"
"http://www.inthemix.com.au:80/allabout/artist/12126/text=%C2%A0Brisbane;url=/gallery/?city=4;;status=Brisbane;separatorsize=1","20080611112325","200"
"http://www.inthemix.com.au:80/allabout/artist/12126/text=%C2%A0Brisbane;url=/whatson/?city=4;;status=Brisbane;separatorsize=1","20080611112330","200"
"http://www.inthemix.com.au:80/allabout/artist/12126/text=%C2%A0Canberra;url=/forum/forumdisplay.php?forumid=3;","20080611112334","200"
"http://www.inthemix.com.au:80/allabout/artist/12126/text=%C2%A0Canberra;url=/gallery/?city=3;;status=Canberra;separatorsize=1","20080611112341","200"
"http://www.inthemix.com.au:80/allabout/artist/12126/text=%C2%A0Canberra;url=/whatson/?city=3;;status=Canberra;separatorsize=1","20080611112344","200"
"http://www.inthemix.com.au:80/allabout/artist/12126/text=%C2%A0General;url=/forum/forumdisplay.php?forumid=10;","20080611112349","200"
"http://www.inthemix.com.au:80/allabout/artist/12126/text=%C2%A0House;url=/forum/forumdisplay.php?forumid=30;","20080611112355","200"
"http://www.inthemix.com.au:80/allabout/artist/12126/text=%C2%A0Ibiza;url=/forum/forumdisplay.php?forumid=66;","20080611112400","200"
"http://www.inthemix.com.au:80/allabout/artist/12126/text=%C2%A0Lifestyle;url=/forum/forumdisplay.php?forumid=23;","20080611112405","200"
"http://www.inthemix.com.au:80/allabout/artist/12126/text=%C2%A0Melbourne;url=/forum/forumdisplay.php?forumid=2;","20080611112410","200"
"http://www.inthemix.com.au:80/allabout/artist/12126/text=%C2%A0Melbourne;url=/gallery/?city=2;;status=Melbourne;separatorsize=1","20080611112415","200"
"http://www.inthemix.com.au:80/allabout/artist/12126/text=%C2%A0Melbourne;url=/whatson/?city=2;;status=Melbourne;separatorsize=1","20080611112422","200"
"http://www.inthemix.com.au:80/allabout/artist/12126/text=%C2%A0Perth;url=/forum/forumdisplay.php?forumid=6;","20080611112425","200"
"http://www.inthemix.com.au:80/allabout/artist/12126/text=%C2%A0Perth;url=/gallery/?city=6;;status=Perth;separatorsize=1","20080611112430","200"
"http://www.inthemix.com.au:80/allabout/artist/12126/text=%C2%A0Perth;url=/whatson/?city=6;;status=Perth;separatorsize=1","20080611112435","200"
"http://www.inthemix.com.au:80/allabout/artist/12126/text=%C2%A0Photography;url=/forum/forumdisplay.php?forumid=61;","20080611112440","200"
"http://www.inthemix.com.au:80/allabout/artist/12126/text=%C2%A0Progressive;url=/forum/forumdisplay.php?forumid=36;","20080611112445","200"
"http://www.inthemix.com.au:80/allabout/artist/12126/text=%C2%A0Sydney;url=/forum/forumdisplay.php?forumid=1;","20080611112450","200"
"http://www.inthemix.com.au:80/allabout/artist/12126/text=%C2%A0Sydney;url=/gallery/?city=1;;status=Sydney;separatorsize=1","20080611112455","200"
"http://www.inthemix.com.au:80/allabout/artist/12126/text=%C2%A0Sydney;url=/whatson/?city=1;;status=Sydney;separatorsize=1","20080611112500","200"
"http://www.inthemix.com.au:80/allabout/artist/12147/CRAKT","20080127202244","200"
"http://www.inthemix.com.au:80/allabout/artist/12198/secure-au.imrworldwide.com/","20080623065719","200"
"http://www.inthemix.com.au:80/allabout/artist/12198/Soulwax","20080422232407","200"
"http://www.inthemix.com.au:80/allabout/artist/12203/Raw_Fusion_Sound_System","20080225203300","200"
"http://www.inthemix.com.au:80/allabout/artist/12210/The_New_White_Sneakers","20080219141314","200"
"http://www.inthemix.com.au:80/allabout/artist/12221/General_Elektrik_Crew","20080618150814","200"
"http://www.inthemix.com.au:80/allabout/artist/12221/secure-au.imrworldwide.com/","20080619022027","200"
"http://www.inthemix.com.au:80/allabout/artist/12223/ultima","20080511200815","200"
"http://www.inthemix.com.au:80/allabout/artist/12266/Copyright","20080519124855","200"
"http://www.inthemix.com.au:80/allabout/artist/12297/The_Levitators","20080307173345","200"
"http://www.inthemix.com.au:80/allabout/artist/1232/Simon_Dunmore","20080619022033","200"
"http://www.inthemix.com.au:80/allabout/artist/12329/Heath_Myers","20080203001613","200"
"http://www.inthemix.com.au:80/allabout/artist/12396/Roshambo","20080615205344","200"
"http://www.inthemix.com.au:80/allabout/artist/12420/Lenny_Dee","20080321051217","200"
"http://www.inthemix.com.au:80/allabout/artist/12421/K_Complex","20080321051222","200"
"http://www.inthemix.com.au:80/allabout/artist/12444/Sgt_Slick","20080319041330","200"
"http://www.inthemix.com.au:80/allabout/artist/1246/Benny_Benassi","20080217221709","200"
"http://www.inthemix.com.au:80/allabout/artist/1246/secure-au.imrworldwide.com/","20080403113020","200"
"http://www.inthemix.com.au:80/allabout/artist/1246/text=%C2%A0Adelaide;url=/forum/forumdisplay.php?forumid=5;","20080403113023","200"
"http://www.inthemix.com.au:80/allabout/artist/1246/text=%C2%A0Adelaide;url=/gallery/?city=5;;status=Adelaide;separatorsize=1","20080403113028","200"
"http://www.inthemix.com.au:80/allabout/artist/1246/text=%C2%A0Adelaide;url=/whatson/?city=5;;status=Adelaide;separatorsize=1","20080403113035","200"
"http://www.inthemix.com.au:80/allabout/artist/1246/text=%C2%A0Breaks;url=/forum/forumdisplay.php?forumid=31;","20080403113037","200"
"http://www.inthemix.com.au:80/allabout/artist/1246/text=%C2%A0Brisbane;url=/gallery/?city=4;;status=Brisbane;separatorsize=1","20080403113043","200"
"http://www.inthemix.com.au:80/allabout/artist/1246/text=%C2%A0Brisbane;url=/whatson/?city=4;;status=Brisbane;separatorsize=1","20080403113049","200"
"http://www.inthemix.com.au:80/allabout/artist/1246/text=%C2%A0Canberra;url=/forum/forumdisplay.php?forumid=3;","20080403113054","200"
"http://www.inthemix.com.au:80/allabout/artist/1246/text=%C2%A0Canberra;url=/gallery/?city=3;;status=Canberra;separatorsize=1","20080403113059","200"
"http://www.inthemix.com.au:80/allabout/artist/1246/text=%C2%A0Canberra;url=/whatson/?city=3;;status=Canberra;separatorsize=1","20080403113104","200"
"http://www.inthemix.com.au:80/allabout/artist/1246/text=%C2%A0General;url=/forum/forumdisplay.php?forumid=10;","20080403113109","200"
"http://www.inthemix.com.au:80/allabout/artist/1246/text=%C2%A0House;url=/forum/forumdisplay.php?forumid=30;","20080403113114","200"
"http://www.inthemix.com.au:80/allabout/artist/1246/text=%C2%A0Ibiza;url=/forum/forumdisplay.php?forumid=66;","20080403113121","200"
"http://www.inthemix.com.au:80/allabout/artist/1246/text=%C2%A0Lifestyle;url=/forum/forumdisplay.php?forumid=23;","20080403113124","200"
"http://www.inthemix.com.au:80/allabout/artist/1246/text=%C2%A0Melbourne;url=/forum/forumdisplay.php?forumid=2;","20080403113132","200"
"http://www.inthemix.com.au:80/allabout/artist/1246/text=%C2%A0Melbourne;url=/gallery/?city=2;;status=Melbourne;separatorsize=1","20080403113136","200"
"http://www.inthemix.com.au:80/allabout/artist/1246/text=%C2%A0Melbourne;url=/whatson/?city=2;;status=Melbourne;separatorsize=1","20080403113140","200"
"http://www.inthemix.com.au:80/allabout/artist/1246/text=%C2%A0Perth;url=/forum/forumdisplay.php?forumid=6;","20080403113145","200"
"http://www.inthemix.com.au:80/allabout/artist/1246/text=%C2%A0Perth;url=/gallery/?city=6;;status=Perth;separatorsize=1","20080403113151","200"
"http://www.inthemix.com.au:80/allabout/artist/1246/text=%C2%A0Perth;url=/whatson/?city=6;;status=Perth;separatorsize=1","20080403113156","200"
"http://www.inthemix.com.au:80/allabout/artist/1246/text=%C2%A0Photography;url=/forum/forumdisplay.php?forumid=61;","20080403113201","200"
"http://www.inthemix.com.au:80/allabout/artist/1246/text=%C2%A0Progressive;url=/forum/forumdisplay.php?forumid=36;","20080403113209","200"
"http://www.inthemix.com.au:80/allabout/artist/1246/text=%C2%A0Sydney;url=/forum/forumdisplay.php?forumid=1;","20080403113213","200"
"http://www.inthemix.com.au:80/allabout/artist/1246/text=%C2%A0Sydney;url=/gallery/?city=1;;status=Sydney;separatorsize=1","20080403113218","200"
"http://www.inthemix.com.au:80/allabout/artist/1246/text=%C2%A0Sydney;url=/whatson/?city=1;;status=Sydney;separatorsize=1","20080403113223","200"
"http://www.inthemix.com.au:80/allabout/artist/1246/text=%C2%A0Tickets;url=/shop/customer/home.php?cat=249;;separatorsize=1","20080403113228","200"
"http://www.inthemix.com.au:80/allabout/artist/12461/Paul_Woolford","20080221034306","200"
"http://www.inthemix.com.au:80/allabout/artist/12465/Tim_Culbert","20080319085434","200"
"http://www.inthemix.com.au:80/allabout/artist/12471/Annie","20080323131944","200"
"http://www.inthemix.com.au:80/allabout/artist/12516/Schwa","20080225195153","200"
"http://www.inthemix.com.au:80/allabout/artist/12518/Robyn","20080207192348","200"
"http://www.inthemix.com.au:80/allabout/artist/12540/Adam_Jace","20080315175910","200"
"http://www.inthemix.com.au:80/allabout/artist/12544/Frankie_Bones","20080404185617","200"
"http://www.inthemix.com.au:80/allabout/artist/12553/Milkbar_Stars","20080323040606","200"
"http://www.inthemix.com.au:80/allabout/artist/12578/James_Murphy","20080208232546","200"
"http://www.inthemix.com.au:80/allabout/artist/12584/BVA","20080127201201","200"
"http://www.inthemix.com.au:80/allabout/artist/12632/Bahamadia","20080311194031","200"
"http://www.inthemix.com.au:80/allabout/artist/12633/Talib_Kweli","20080125214136","200"
"http://www.inthemix.com.au:80/allabout/artist/12634/Datarock","20080225080708","200"
"http://www.inthemix.com.au:80/allabout/artist/12644/Fiction","20080127202252","200"
"http://www.inthemix.com.au:80/allabout/artist/12679/Anyo","20080224222655","200"
"http://www.inthemix.com.au:80/allabout/artist/12690/The_Caca","20080307082626","200"
"http://www.inthemix.com.au:80/allabout/artist/12691/Johnny_Faith","20080423233445","200"
"http://www.inthemix.com.au:80/allabout/artist/12691/secure-au.imrworldwide.com/","20080429205302","200"
"http://www.inthemix.com.au:80/allabout/artist/12691/text=%C2%A0Adelaide;url=/forum/forumdisplay.php?forumid=5;","20080429212311","200"
"http://www.inthemix.com.au:80/allabout/artist/12691/text=%C2%A0Adelaide;url=/gallery/?city=5;;status=Adelaide;separatorsize=1","20080429212317","200"
"http://www.inthemix.com.au:80/allabout/artist/12691/text=%C2%A0Adelaide;url=/whatson/?city=5;;status=Adelaide;separatorsize=1","20080429205308","200"
"http://www.inthemix.com.au:80/allabout/artist/12691/text=%C2%A0Breaks;url=/forum/forumdisplay.php?forumid=31;","20080429212321","200"
"http://www.inthemix.com.au:80/allabout/artist/12691/text=%C2%A0Brisbane;url=/gallery/?city=4;;status=Brisbane;separatorsize=1","20080429205312","200"
"http://www.inthemix.com.au:80/allabout/artist/12691/text=%C2%A0Brisbane;url=/whatson/?city=4;;status=Brisbane;separatorsize=1","20080429212326","200"
"http://www.inthemix.com.au:80/allabout/artist/12691/text=%C2%A0Canberra;url=/forum/forumdisplay.php?forumid=3;","20080429205317","200"
"http://www.inthemix.com.au:80/allabout/artist/12691/text=%C2%A0Canberra;url=/gallery/?city=3;;status=Canberra;separatorsize=1","20080429212331","200"
"http://www.inthemix.com.au:80/allabout/artist/12691/text=%C2%A0Canberra;url=/whatson/?city=3;;status=Canberra;separatorsize=1","20080429205322","200"
"http://www.inthemix.com.au:80/allabout/artist/12691/text=%C2%A0General;url=/forum/forumdisplay.php?forumid=10;","20080429212336","200"
"http://www.inthemix.com.au:80/allabout/artist/12691/text=%C2%A0House;url=/forum/forumdisplay.php?forumid=30;","20080429205327","200"
"http://www.inthemix.com.au:80/allabout/artist/12691/text=%C2%A0Ibiza;url=/forum/forumdisplay.php?forumid=66;","20080429212548","200"
"http://www.inthemix.com.au:80/allabout/artist/12691/text=%C2%A0Lifestyle;url=/forum/forumdisplay.php?forumid=23;","20080429205332","200"
"http://www.inthemix.com.au:80/allabout/artist/12691/text=%C2%A0Melbourne;url=/forum/forumdisplay.php?forumid=2;","20080429212554","200"
"http://www.inthemix.com.au:80/allabout/artist/12691/text=%C2%A0Melbourne;url=/gallery/?city=2;;status=Melbourne;separatorsize=1","20080429212559","200"
"http://www.inthemix.com.au:80/allabout/artist/12691/text=%C2%A0Melbourne;url=/whatson/?city=2;;status=Melbourne;separatorsize=1","20080429205337","200"
"http://www.inthemix.com.au:80/allabout/artist/12691/text=%C2%A0Perth;url=/forum/forumdisplay.php?forumid=6;","20080429205342","200"
"http://www.inthemix.com.au:80/allabout/artist/12691/text=%C2%A0Perth;url=/gallery/?city=6;;status=Perth;separatorsize=1","20080429205348","200"
"http://www.inthemix.com.au:80/allabout/artist/12691/text=%C2%A0Perth;url=/whatson/?city=6;;status=Perth;separatorsize=1","20080429212605","200"
"http://www.inthemix.com.au:80/allabout/artist/12691/text=%C2%A0Photography;url=/forum/forumdisplay.php?forumid=61;","20080429205352","200"
"http://www.inthemix.com.au:80/allabout/artist/12691/text=%C2%A0Progressive;url=/forum/forumdisplay.php?forumid=36;","20080429212610","200"
"http://www.inthemix.com.au:80/allabout/artist/12691/text=%C2%A0Sydney;url=/forum/forumdisplay.php?forumid=1;","20080429205358","200"
"http://www.inthemix.com.au:80/allabout/artist/12691/text=%C2%A0Sydney;url=/gallery/?city=1;;status=Sydney;separatorsize=1","20080429205402","200"
"http://www.inthemix.com.au:80/allabout/artist/12691/text=%C2%A0Sydney;url=/whatson/?city=1;;status=Sydney;separatorsize=1","20080429205408","200"
"http://www.inthemix.com.au:80/allabout/artist/12739/Noodle","20080307231716","200"
"http://www.inthemix.com.au:80/allabout/artist/12760/General_Knowledge","20080406024927","200"
"http://www.inthemix.com.au:80/allabout/artist/1277/Sugar_Ray","20080423124014","200"
"http://www.inthemix.com.au:80/allabout/artist/12775/DJ_Naughty","20080311025737","200"
"http://www.inthemix.com.au:80/allabout/artist/1278/Erick_Morillo","20080323182857","200"
"http://www.inthemix.com.au:80/allabout/artist/1278/secure-au.imrworldwide.com/","20080615030538","200"
"http://www.inthemix.com.au:80/allabout/artist/12803/Tommy_Lee","20080305073502","200"
"http://www.inthemix.com.au:80/allabout/artist/12827/Justin_Timberlake","20080313090054","200"
"http://www.inthemix.com.au:80/allabout/artist/1284/Tipper","20080313090100","200"
"http://www.inthemix.com.au:80/allabout/artist/12853/Saeed_Younan","20080417003937","200"
"http://www.inthemix.com.au:80/allabout/artist/12870/Hook_N_Sling","20080125034922","200"
"http://www.inthemix.com.au:80/allabout/artist/12872/Van_She","20080208222801","200"
"http://www.inthemix.com.au:80/allabout/artist/1289/Derrick_May","20080404223034","200"
"http://www.inthemix.com.au:80/allabout/artist/12894/Hixxy","20080205042125","200"
"http://www.inthemix.com.au:80/allabout/artist/12895/Destiny","20080205042130","200"
"http://www.inthemix.com.au:80/allabout/artist/12896/Dave_PSI","20080205042135","200"
"http://www.inthemix.com.au:80/allabout/artist/12902/Ivory","20080514145935","200"
"http://www.inthemix.com.au:80/allabout/artist/12918/DJ_Wag","20080205092659","200"
"http://www.inthemix.com.au:80/allabout/artist/12943/Cookin_On_3_Burners","20080226200143","200"
"http://www.inthemix.com.au:80/allabout/artist/12964/Raziel","20080205042140","200"
"http://www.inthemix.com.au:80/allabout/artist/12966/Duckie","20080205042145","200"
"http://www.inthemix.com.au:80/allabout/artist/1298/Steve_Lawler","20080221095350","200"
"http://www.inthemix.com.au:80/allabout/artist/12989/Nathan_McLay","20080503224808","200"
"http://www.inthemix.com.au:80/allabout/artist/1299/Princess_Superstar","20080221005746","200"
"http://www.inthemix.com.au:80/allabout/artist/1302/Sander_Kleinenberg","20080221010700","200"
"http://www.inthemix.com.au:80/allabout/artist/1303/Kaz_James","20080127110332","200"
"http://www.inthemix.com.au:80/allabout/artist/13042/Booka_Shade","20080210002536","200"
"http://www.inthemix.com.au:80/allabout/artist/13060/Staen_1","20080329133309","200"
"http://www.inthemix.com.au:80/allabout/artist/13065/Odyssey","20080223224556","200"
"http://www.inthemix.com.au:80/allabout/artist/13069/Tocadisco","20080219141321","200"
"http://www.inthemix.com.au:80/allabout/artist/13070/Sharky","20080321050540","200"
"http://www.inthemix.com.au:80/allabout/artist/13071/AMS","20080321051225","200"
"http://www.inthemix.com.au:80/allabout/artist/13072/Impact","20080205042150","200"
"http://www.inthemix.com.au:80/allabout/artist/13096/Djon","20080327121208","200"
"http://www.inthemix.com.au:80/allabout/artist/13099/Cheeky_B","20080229090835","200"
"http://www.inthemix.com.au:80/allabout/artist/1312/The_Presets","20080303184925","200"
"http://www.inthemix.com.au:80/allabout/artist/13122/Senor_Coconut","20080603032141","200"
"http://www.inthemix.com.au:80/allabout/artist/13123/TRek","20080309051429","200"
"http://www.inthemix.com.au:80/allabout/artist/13139/MC_GQ","20080131204829","200"
"http://www.inthemix.com.au:80/allabout/artist/13143/MC_Pase","20080201015603","200"
"http://www.inthemix.com.au:80/allabout/artist/1315/Jono_Fernandez","20080522141209","200"
"http://www.inthemix.com.au:80/allabout/artist/13153/Ben_Watt","20080311155204","200"
"http://www.inthemix.com.au:80/allabout/artist/13155/Jayar","20080307231721","200"
"http://www.inthemix.com.au:80/allabout/artist/13159/Magda","20080214214714","200"
"http://www.inthemix.com.au:80/allabout/artist/13196/Chuck_Love","20080307172340","200"
"http://www.inthemix.com.au:80/allabout/artist/13200/Alex_Mac","20080214203138","200"
"http://www.inthemix.com.au:80/allabout/artist/13200/secure-au.imrworldwide.com/","20080319114525","200"
"http://www.inthemix.com.au:80/allabout/artist/13201/Bad%20Boy%20head%20honcho%20P.%20Diddy%20is%20searching%20for%20a%20new%20personal%20assistant%20with%20a%20%5Cu201cwhatever-it-takes%20attitude%5Cu201d.%20Have%20you%20got%20what%20it%20takes%20to%20cruise%20the%20French%20Riviera%20and%20sip%20Cristal%20at%20DC10?","20080123113033","200"
"http://www.inthemix.com.au:80/allabout/artist/13201/Derek_K","20080223070534","200"
"http://www.inthemix.com.au:80/allabout/artist/13201/secure-au.imrworldwide.com/","20080125214141","200"
"http://www.inthemix.com.au:80/allabout/artist/13201/Wanna%20be%20P.%20Diddy%5Cu2019s%20PA?","20080123113035","200"
"http://www.inthemix.com.au:80/allabout/artist/13210/JDubs","20080319112740","200"
"http://www.inthemix.com.au:80/allabout/artist/13231/Quantum","20080201015609","200"
"http://www.inthemix.com.au:80/allabout/artist/13269/Franz_Ferdinand","20080321175934","200"
"http://www.inthemix.com.au:80/allabout/artist/13272/DJ_Mel","20080127193439","200"
"http://www.inthemix.com.au:80/allabout/artist/13286/Bag_Raiders","20080615205356","200"
"http://www.inthemix.com.au:80/allabout/artist/13330/Stewart_Walker","20080503230713","200"
"http://www.inthemix.com.au:80/allabout/artist/13334/Theatre_of_Disco","20080607190546","200"
"http://www.inthemix.com.au:80/allabout/artist/13338/Dusk","20080327121212","200"
"http://www.inthemix.com.au:80/allabout/artist/13412/Turntablerocker","20080214214719","200"
"http://www.inthemix.com.au:80/allabout/artist/13424/Supernatural","20080125215456","200"
"http://www.inthemix.com.au:80/allabout/artist/13440/Kane_Bligh","20080201015613","200"
"http://www.inthemix.com.au:80/allabout/artist/13456/Tempa","20080321113411","200"
"http://www.inthemix.com.au:80/allabout/artist/1347/DJ_Marky","20080329133314","200"
"http://www.inthemix.com.au:80/allabout/artist/13552/Sucker_DJs","20080202045044","200"
"http://www.inthemix.com.au:80/allabout/artist/13560/Kanye_West","20080215014621","200"
"http://www.inthemix.com.au:80/allabout/artist/13589/Rollin_Connection","20080319081549","200"
"http://www.inthemix.com.au:80/allabout/artist/13622/The_Freemasons","20080329131134","200"
"http://www.inthemix.com.au:80/allabout/artist/13652/The_Go_Team","20080325073339","200"
"http://www.inthemix.com.au:80/allabout/artist/13686/Tetrameth","20080511200820","200"
"http://www.inthemix.com.au:80/allabout/artist/13693/Acid_Jacks","20080202013637","200"
"http://www.inthemix.com.au:80/allabout/artist/13700/Shaun_Ryder","20080125215500","200"
"http://www.inthemix.com.au:80/allabout/artist/13702/Da_Sunlounge","20080311170233","200"
"http://www.inthemix.com.au:80/allabout/artist/13703/Trentemoller","20080221005749","200"
"http://www.inthemix.com.au:80/allabout/artist/13708/John_Punx","20080201015618","200"
"http://www.inthemix.com.au:80/allabout/artist/1373/Kool_Keith","20080317132701","200"
"http://www.inthemix.com.au:80/allabout/artist/1373/secure-au.imrworldwide.com/","20080319090100","200"
"http://www.inthemix.com.au:80/allabout/artist/13733/Noisia","20080225081244","200"
"http://www.inthemix.com.au:80/allabout/artist/1375/John_Doe","20080201015623","200"
"http://www.inthemix.com.au:80/allabout/artist/13753/James_Priestley","20080221034310","200"
"http://www.inthemix.com.au:80/allabout/artist/13769/Dean_Millson","20080329125757","200"
"http://www.inthemix.com.au:80/allabout/artist/1378/Master_Kaos","20080616182016","200"
"http://www.inthemix.com.au:80/allabout/artist/1378/secure-au.imrworldwide.com/","20080519124900","200"
"http://www.inthemix.com.au:80/allabout/artist/1378/text=%C2%A0Adelaide;url=/forum/forumdisplay.php?forumid=5;","20080519113417","200"
"http://www.inthemix.com.au:80/allabout/artist/1378/text=%C2%A0Adelaide;url=/gallery/?city=5;;status=Adelaide;separatorsize=1","20080519113422","200"
"http://www.inthemix.com.au:80/allabout/artist/1378/text=%C2%A0Adelaide;url=/whatson/?city=5;;status=Adelaide;separatorsize=1","20080519124906","200"
"http://www.inthemix.com.au:80/allabout/artist/1378/text=%C2%A0Breaks;url=/forum/forumdisplay.php?forumid=31;","20080519124909","200"
"http://www.inthemix.com.au:80/allabout/artist/1378/text=%C2%A0Brisbane;url=/gallery/?city=4;;status=Brisbane;separatorsize=1","20080519124915","200"
"http://www.inthemix.com.au:80/allabout/artist/1378/text=%C2%A0Brisbane;url=/whatson/?city=4;;status=Brisbane;separatorsize=1","20080519113427","200"
"http://www.inthemix.com.au:80/allabout/artist/1378/text=%C2%A0Canberra;url=/forum/forumdisplay.php?forumid=3;","20080519113432","200"
"http://www.inthemix.com.au:80/allabout/artist/1378/text=%C2%A0Canberra;url=/gallery/?city=3;;status=Canberra;separatorsize=1","20080519113437","200"
"http://www.inthemix.com.au:80/allabout/artist/1378/text=%C2%A0Canberra;url=/whatson/?city=3;;status=Canberra;separatorsize=1","20080519113442","200"
"http://www.inthemix.com.au:80/allabout/artist/1378/text=%C2%A0General;url=/forum/forumdisplay.php?forumid=10;","20080519113447","200"
"http://www.inthemix.com.au:80/allabout/artist/1378/text=%C2%A0House;url=/forum/forumdisplay.php?forumid=30;","20080519113452","200"
"http://www.inthemix.com.au:80/allabout/artist/1378/text=%C2%A0Ibiza;url=/forum/forumdisplay.php?forumid=66;","20080519113457","200"
"http://www.inthemix.com.au:80/allabout/artist/1378/text=%C2%A0Lifestyle;url=/forum/forumdisplay.php?forumid=23;","20080519124921","200"
"http://www.inthemix.com.au:80/allabout/artist/1378/text=%C2%A0Melbourne;url=/forum/forumdisplay.php?forumid=2;","20080519113502","200"
"http://www.inthemix.com.au:80/allabout/artist/1378/text=%C2%A0Melbourne;url=/gallery/?city=2;;status=Melbourne;separatorsize=1","20080519124925","200"
"http://www.inthemix.com.au:80/allabout/artist/1378/text=%C2%A0Melbourne;url=/whatson/?city=2;;status=Melbourne;separatorsize=1","20080519113507","200"
"http://www.inthemix.com.au:80/allabout/artist/1378/text=%C2%A0Perth;url=/forum/forumdisplay.php?forumid=6;","20080519113514","200"
"http://www.inthemix.com.au:80/allabout/artist/1378/text=%C2%A0Perth;url=/gallery/?city=6;;status=Perth;separatorsize=1","20080519113519","200"
"http://www.inthemix.com.au:80/allabout/artist/1378/text=%C2%A0Perth;url=/whatson/?city=6;;status=Perth;separatorsize=1","20080519113524","200"
"http://www.inthemix.com.au:80/allabout/artist/1378/text=%C2%A0Photography;url=/forum/forumdisplay.php?forumid=61;","20080519124930","200"
"http://www.inthemix.com.au:80/allabout/artist/1378/text=%C2%A0Progressive;url=/forum/forumdisplay.php?forumid=36;","20080519113530","200"
"http://www.inthemix.com.au:80/allabout/artist/1378/text=%C2%A0Sydney;url=/forum/forumdisplay.php?forumid=1;","20080519124936","200"
"http://www.inthemix.com.au:80/allabout/artist/1378/text=%C2%A0Sydney;url=/gallery/?city=1;;status=Sydney;separatorsize=1","20080519113535","200"
"http://www.inthemix.com.au:80/allabout/artist/1378/text=%C2%A0Sydney;url=/whatson/?city=1;;status=Sydney;separatorsize=1","20080519113540","200"
"http://www.inthemix.com.au:80/allabout/artist/13814/Jfx","20080215113844","200"
"http://www.inthemix.com.au:80/allabout/artist/13816/Exacist","20080311194038","200"
"http://www.inthemix.com.au:80/allabout/artist/1382/Ben_Morris","20080311170259","200"
"http://www.inthemix.com.au:80/allabout/artist/1382/secure-au.imrworldwide.com/","20080329132159","200"
"http://www.inthemix.com.au:80/allabout/artist/13836/Spank_Rock","20080221003946","200"
"http://www.inthemix.com.au:80/allabout/artist/13874/Alan_Braxe","20080429212615","200"
"http://www.inthemix.com.au:80/allabout/artist/13876/HALTYA","20080207192353","200"
"http://www.inthemix.com.au:80/allabout/artist/1388/DJ_Micah","20080208232552","200"
"http://www.inthemix.com.au:80/allabout/artist/1391/Stamina_MC","20080329125803","200"
"http://www.inthemix.com.au:80/allabout/artist/13938/The_Hoxtons","20080513113842","200"
"http://www.inthemix.com.au:80/allabout/artist/13942/Steve_Mac","20080602041110","200"
"http://www.inthemix.com.au:80/allabout/artist/13970/Rex_The_Dog","20080223075218","200"
"http://www.inthemix.com.au:80/allabout/artist/13971/Nickodemus","20080208195927","200"
"http://www.inthemix.com.au:80/allabout/artist/13972/Paolo_Mojo","20080217221715","200"
"http://www.inthemix.com.au:80/allabout/artist/1398/Ben_Henderson","20080416141038","200"
"http://www.inthemix.com.au:80/allabout/artist/14004/Ralph_Lawson","20080311191642","200"
"http://www.inthemix.com.au:80/allabout/artist/14016/Simian_Mobile_Disco","20080224221241","200"
"http://www.inthemix.com.au:80/allabout/artist/14028/Beatski","20080226200148","200"
"http://www.inthemix.com.au:80/allabout/artist/14033/Alex_McKenzie","20080420053230","200"
"http://www.inthemix.com.au:80/allabout/artist/14033/secure-au.imrworldwide.com/","20080423124018","200"
"http://www.inthemix.com.au:80/allabout/artist/14043/Ben_Evans","20080408112803","200"
"http://www.inthemix.com.au:80/allabout/artist/14066/Kyla_Sexton","20080423112519","200"
"http://www.inthemix.com.au:80/allabout/artist/14103/Funkedub","20080610165747","200"
"http://www.inthemix.com.au:80/allabout/artist/14116/Supermarket","20080307231726","200"
"http://www.inthemix.com.au:80/allabout/artist/1414/Chris_Liebing","20080214214724","200"
"http://www.inthemix.com.au:80/allabout/artist/14145/Kyau_vs_Albert","20080202045049","200"
"http://www.inthemix.com.au:80/allabout/artist/14147/DJ_Ladida","20080229090841","200"
"http://www.inthemix.com.au:80/allabout/artist/14153/Electro_Funk_Lovers","20080329125806","200"
"http://www.inthemix.com.au:80/allabout/artist/14157/Modeselektor","20080503043613","200"
"http://www.inthemix.com.au:80/allabout/artist/14181/Sharon_Jones","20080226200153","200"
"http://www.inthemix.com.au:80/allabout/artist/14182/DAP_Kings","20080226200157","200"
"http://www.inthemix.com.au:80/allabout/artist/1420/Tricky","20080615205406","200"
"http://www.inthemix.com.au:80/allabout/artist/14242/The_Potbelleez","20080208110309","200"
"http://www.inthemix.com.au:80/allabout/artist/1428/Paul_Van_Dyk","20080229155708","200"
"http://www.inthemix.com.au:80/allabout/artist/14290/Dope_N_Dusted","20080321150418","200"
"http://www.inthemix.com.au:80/allabout/artist/1430/Funkoars","20080205004538","200"
"http://www.inthemix.com.au:80/allabout/artist/1432/Junkie_XL","20080323040612","200"
"http://www.inthemix.com.au:80/allabout/artist/14342/KIM","20080219014006","200"
"http://www.inthemix.com.au:80/allabout/artist/14343/The_Hilltop_Hoods","20080223224143","200"
"http://www.inthemix.com.au:80/allabout/artist/14356/Johnny_Gleeson","20080313090107","200"
"http://www.inthemix.com.au:80/allabout/artist/14369/Gnarls_Barkley","20080311030901","200"
"http://www.inthemix.com.au:80/allabout/artist/1437/John_Glover","20080531034615","200"
"http://www.inthemix.com.au:80/allabout/artist/14375/2020_Soundsystem","20080408115816","200"
"http://www.inthemix.com.au:80/allabout/artist/1439/Mobin_Master","20080429205414","200"
"http://www.inthemix.com.au:80/allabout/artist/14392/Lostep","20080212234327","200"
"http://www.inthemix.com.au:80/allabout/artist/14416/Peewee_Ferris","20080209153652","200"
"http://www.inthemix.com.au:80/allabout/artist/14416/secure-au.imrworldwide.com/","20080213050130","200"
"http://www.inthemix.com.au:80/allabout/artist/14445/Dr_Damage","20080411064130","200"
"http://www.inthemix.com.au:80/allabout/artist/14455/Luciano","20080214214729","200"
"http://www.inthemix.com.au:80/allabout/artist/1446/Good_Buddha","20080317135306","200"
"http://www.inthemix.com.au:80/allabout/artist/1446/secure-au.imrworldwide.com/","20080319093119","200"
"http://www.inthemix.com.au:80/allabout/artist/14502/Ajax","20080125034929","200"
"http://www.inthemix.com.au:80/allabout/artist/14505/Sakura","20080307124539","200"
"http://www.inthemix.com.au:80/allabout/artist/14548/Slipmatt","20080205042156","200"
"http://www.inthemix.com.au:80/allabout/artist/14585/Nic_Vautier","20080218010557","200"
"http://www.inthemix.com.au:80/allabout/artist/14608/Tupac","20080203085822","200"
"http://www.inthemix.com.au:80/allabout/artist/1462/Kevin_Saunderson","20080224222701","200"
"http://www.inthemix.com.au:80/allabout/artist/14628/secure-au.imrworldwide.com/","20080615030540","200"
"http://www.inthemix.com.au:80/allabout/artist/14628/Sunset_Bros","20080614021835","200"
"http://www.inthemix.com.au:80/allabout/artist/14629/Jorgie_Jay","20080615030545","200"
"http://www.inthemix.com.au:80/allabout/artist/1464/MC_Shureshock","20080221155613","200"
"http://www.inthemix.com.au:80/allabout/artist/14648/Technikal","20080229182621","200"
"http://www.inthemix.com.au:80/allabout/artist/14654/DJ_Rasp","20080203085827","200"
"http://www.inthemix.com.au:80/allabout/artist/14659/Justice","20080219022854","200"
"http://www.inthemix.com.au:80/allabout/artist/14659/secure-au.imrworldwide.com/","20080224222706","200"
"http://www.inthemix.com.au:80/allabout/artist/14671/Finna","20080226200203","200"
"http://www.inthemix.com.au:80/allabout/artist/14696/Pivot","20080303184928","200"
"http://www.inthemix.com.au:80/allabout/artist/14699/Joris_Voorn","20080529210033","200"
"http://www.inthemix.com.au:80/allabout/artist/1470/MIKE","20080417013351","200"
"http://www.inthemix.com.au:80/allabout/artist/14715/Digitalism","20080214214735","200"
"http://www.inthemix.com.au:80/allabout/artist/14738/Radiohead","20080309051434","200"
"http://www.inthemix.com.au:80/allabout/artist/1476/Marco_V","20080226180219","200"
"http://www.inthemix.com.au:80/allabout/artist/14765/Hot_Chip","20080315153448","200"
"http://www.inthemix.com.au:80/allabout/artist/14777/Cody_ChestnuTT","20080421141433","200"
"http://www.inthemix.com.au:80/allabout/artist/1479/James_Holden","20080305231030","200"
"http://www.inthemix.com.au:80/allabout/artist/14802/Mind_Electric","20080223075224","200"
"http://www.inthemix.com.au:80/allabout/artist/14812/16_Bit_Lolitas","20080206154422","200"
"http://www.inthemix.com.au:80/allabout/artist/14832/Radge","20080207032747","200"
"http://www.inthemix.com.au:80/allabout/artist/1490/Tim_Galvin","20080423112524","200"
"http://www.inthemix.com.au:80/allabout/artist/14933/DJ_Simi","20080615205411","200"
"http://www.inthemix.com.au:80/allabout/artist/1494/Frankie_Knuckles","20080127202257","200"
"http://www.inthemix.com.au:80/allabout/artist/1495/Junior_Sanchez","20080522141212","200"
"http://www.inthemix.com.au:80/allabout/artist/1496/Blutonium_Boy","20080221092259","200"
"http://www.inthemix.com.au:80/allabout/artist/15000/Tahl","20080226200208","200"
"http://www.inthemix.com.au:80/allabout/artist/15080/Dappled_Cities_Fly","20080311191645","200"
"http://www.inthemix.com.au:80/allabout/artist/15112/Peter_Hook","20080220222128","200"
"http://www.inthemix.com.au:80/allabout/artist/15117/Edu_K","20080503034153","200"
"http://www.inthemix.com.au:80/allabout/artist/15124/Bashiyra","20080226035752","200"
"http://www.inthemix.com.au:80/allabout/artist/1514/Miss_Kittin","20080305230605","200"
"http://www.inthemix.com.au:80/allabout/artist/15176/Dlx","20080603032146","200"
"http://www.inthemix.com.au:80/allabout/artist/1518/Alex_Taylor","20080615205417","200"
"http://www.inthemix.com.au:80/allabout/artist/1521/DJ_Cash_Money","20080209142053","200"
"http://www.inthemix.com.au:80/allabout/artist/1521/secure-au.imrworldwide.com/","20080212234332","200"
"http://www.inthemix.com.au:80/allabout/artist/15212/Mc_Sean_Ray","20080619022037","200"
"http://www.inthemix.com.au:80/allabout/artist/15227/Ricky_Albert","20080415124809","200"
"http://www.inthemix.com.au:80/allabout/artist/15230/Modular_Djs","20080315175916","200"
"http://www.inthemix.com.au:80/allabout/artist/15261/Pato","20080305073506","200"
"http://www.inthemix.com.au:80/allabout/artist/1528/Amber_Savage","20080205042202","200"
"http://www.inthemix.com.au:80/allabout/artist/1530/Yves_Deruyter","20080214214741","200"
"http://www.inthemix.com.au:80/allabout/artist/15338/Luke_Bowditch","20080226200214","200"
"http://www.inthemix.com.au:80/allabout/artist/1534/DJ_Assault","20080618003628","200"
"http://www.inthemix.com.au:80/allabout/artist/15355/Brendon","20080511204141","200"
"http://www.inthemix.com.au:80/allabout/artist/15361/Batch","20080307225621","200"
"http://www.inthemix.com.au:80/allabout/artist/1538/Bob_Frisky","20080531034620","200"
"http://www.inthemix.com.au:80/allabout/artist/15383/Mofunk","20080415003512","200"
"http://www.inthemix.com.au:80/allabout/artist/15386/Ash_Le_Rouge","20080217221719","200"
"http://www.inthemix.com.au:80/allabout/artist/1539/Adam_Coverdale","20080131204839","200"
"http://www.inthemix.com.au:80/allabout/artist/15392/Skittlez","20080127201206","200"
"http://www.inthemix.com.au:80/allabout/artist/15398/Onnit","20080629182843","200"
"http://www.inthemix.com.au:80/allabout/artist/15399/Ryzer","20080629082416","200"
"http://www.inthemix.com.au:80/allabout/artist/15405/Ibiza","20080201013914","200"
"http://www.inthemix.com.au:80/allabout/artist/15421/Keir","20080229090845","200"
"http://www.inthemix.com.au:80/allabout/artist/15457/Citizencom","20080626222529","200"
"http://www.inthemix.com.au:80/allabout/artist/15465/Chardy","20080217221723","200"
"http://www.inthemix.com.au:80/allabout/artist/15467/Wei_Shen","20080212234337","200"
"http://www.inthemix.com.au:80/allabout/artist/15476/Steve_Black","20080615205421","200"
"http://www.inthemix.com.au:80/allabout/artist/1549/Elite_Force","20080321051232","200"
"http://www.inthemix.com.au:80/allabout/artist/15490/Optical","20080226200218","200"
"http://www.inthemix.com.au:80/allabout/artist/15506/C4","20080511204146","200"
"http://www.inthemix.com.au:80/allabout/artist/15519/Hmc","20080219141324","200"
"http://www.inthemix.com.au:80/allabout/artist/15528/Professor_X","20080224221243","200"
"http://www.inthemix.com.au:80/allabout/artist/15547/Kontrol","20080124044936","200"
"http://www.inthemix.com.au:80/allabout/artist/15547/secure-au.imrworldwide.com/","20080223224149","200"
"http://www.inthemix.com.au:80/allabout/artist/15554/Ministry","20080321180321","200"
"http://www.inthemix.com.au:80/allabout/artist/15564/Thad_Lester","20080319080934","200"
"http://www.inthemix.com.au:80/allabout/artist/15570/Coomzy","20080203001618","200"
"http://www.inthemix.com.au:80/allabout/artist/15573/Nevin","20080319090104","200"
"http://www.inthemix.com.au:80/allabout/artist/15582/Tba","20080307172344","200"
"http://www.inthemix.com.au:80/allabout/artist/15586/Ritchie_Jay","20080323041329","200"
"http://www.inthemix.com.au:80/allabout/artist/1562/Swayzak","20080408123348","200"
"http://www.inthemix.com.au:80/allabout/artist/1563/Meat_Katie","20080225195200","200"
"http://www.inthemix.com.au:80/allabout/artist/15652/Assassin","20080131204847","200"
"http://www.inthemix.com.au:80/allabout/artist/15673/Stylee","20080131204856","200"
"http://www.inthemix.com.au:80/allabout/artist/15677/Herbacide","20080317083046","200"
"http://www.inthemix.com.au:80/allabout/artist/15696/Group_Therapy","20080202045054","200"
"http://www.inthemix.com.au:80/allabout/artist/15757/Mc_Jules","20080223224155","200"
"http://www.inthemix.com.au:80/allabout/artist/15815/Hex","20080229090850","200"
"http://www.inthemix.com.au:80/allabout/artist/15824/Tydi","20080321150427","200"
"http://www.inthemix.com.au:80/allabout/artist/15834/Logic","20080626141234","200"
"http://www.inthemix.com.au:80/allabout/artist/15848/Lektrolux","20080303084656","200"
"http://www.inthemix.com.au:80/allabout/artist/15851/Rob_Kay","20080325073615","200"
"http://www.inthemix.com.au:80/allabout/artist/15856/Treadgold","20080626222534","200"
"http://www.inthemix.com.au:80/allabout/artist/15858/Audiblematter","20080626222538","200"
"http://www.inthemix.com.au:80/allabout/artist/15917/Inditisipity","20080626222543","200"
"http://www.inthemix.com.au:80/allabout/artist/15929/Mr_Timothy","20080329132205","200"
"http://www.inthemix.com.au:80/allabout/artist/15954/Seany_B","20080319112745","200"
"http://www.inthemix.com.au:80/allabout/artist/15969/Trinity","20080528143106","200"
"http://www.inthemix.com.au:80/allabout/artist/15998/Timmy_Trumpet","20080319112750","200"
"http://www.inthemix.com.au:80/allabout/artist/16004/Gt","20080229121430","200"
"http://www.inthemix.com.au:80/allabout/artist/16025/Norman_Jay","20080311172526","200"
"http://www.inthemix.com.au:80/allabout/artist/1604/The_Crystal_Method","20080213050134","200"
"http://www.inthemix.com.au:80/allabout/artist/16040/Francois_K","20080321175249","200"
"http://www.inthemix.com.au:80/allabout/artist/16042/Daniel_Crocetti","20080202045100","200"
"http://www.inthemix.com.au:80/allabout/artist/1605/LTJ_Bukem","20080213152024","200"
"http://www.inthemix.com.au:80/allabout/artist/1606/MC_Conrad","20080125215506","200"
"http://www.inthemix.com.au:80/allabout/artist/16084/Funktrust","20080311122803","200"
"http://www.inthemix.com.au:80/allabout/artist/16120/Deviant","20080626222549","200"
"http://www.inthemix.com.au:80/allabout/artist/16232/The_Tongue","20080313180938","200"
"http://www.inthemix.com.au:80/allabout/artist/16284/Jason_Rouse","20080321152036","200"
"http://www.inthemix.com.au:80/allabout/artist/16292/Declan","20080319114530","200"
"http://www.inthemix.com.au:80/allabout/artist/16295/Karl_Sav","20080124220756","200"
"http://www.inthemix.com.au:80/allabout/artist/16298/Travis","20080619022041","200"
"http://www.inthemix.com.au:80/allabout/artist/16346/James_Ash","20080309131714","200"
"http://www.inthemix.com.au:80/allabout/artist/16473/Dj_Archie","20080203085833","200"
"http://www.inthemix.com.au:80/allabout/artist/16494/Highly_Dubious","20080201015628","200"
"http://www.inthemix.com.au:80/allabout/artist/16497/Fangle","20080201015633","200"
"http://www.inthemix.com.au:80/allabout/artist/16554/Fbi","20080511200830","200"
"http://www.inthemix.com.au:80/allabout/artist/1657/Eric_Powell","20080225081810","200"
"http://www.inthemix.com.au:80/allabout/artist/16582/Losty","20080205042205","200"
"http://www.inthemix.com.au:80/allabout/artist/16590/Tom_Piper","20080303085642","200"
"http://www.inthemix.com.au:80/allabout/artist/16592/Bang_Gang","20080429205419","200"
"http://www.inthemix.com.au:80/allabout/artist/16597/Ajax_For_Inthemix05","20080329021104","200"
"http://www.inthemix.com.au:80/allabout/artist/16615/Dan_Murphy","20080217221729","200"
"http://www.inthemix.com.au:80/allabout/artist/1662/Dizzee_Rascal","20080403140435","200"
"http://www.inthemix.com.au:80/allabout/artist/1664/Derrick_Carter","20080221084142","200"
"http://www.inthemix.com.au:80/allabout/artist/1664/secure-au.imrworldwide.com/","20080127061342","200"
"http://www.inthemix.com.au:80/allabout/artist/16653/Pee_Wee","20080205042211","200"
"http://www.inthemix.com.au:80/allabout/artist/16699/Jules_Plees","20080311191651","200"
"http://www.inthemix.com.au:80/allabout/artist/16727/Mr_Lob","20080219204702","200"
"http://www.inthemix.com.au:80/allabout/artist/16769/Elf","20080127203606","200"
"http://www.inthemix.com.au:80/allabout/artist/16793/Melt","20080229121435","200"
"http://www.inthemix.com.au:80/allabout/artist/1680/Deepchild","20080522141220","200"
"http://www.inthemix.com.au:80/allabout/artist/16809/Hunter","20080415003516","200"
"http://www.inthemix.com.au:80/allabout/artist/1682/Andy_B","20080319114536","200"
"http://www.inthemix.com.au:80/allabout/artist/1683/Above_&_Beyond","20080211104519","200"
"http://www.inthemix.com.au:80/allabout/artist/16971/Steve_Hart","20080223224600","200"
"http://www.inthemix.com.au:80/allabout/artist/1700/Lachlan_Pender","20080429212620","200"
"http://www.inthemix.com.au:80/allabout/artist/1703/Garage_Pressure","20080503230718","200"
"http://www.inthemix.com.au:80/allabout/artist/17048/Liam_Sampras","20080225060816","200"
"http://www.inthemix.com.au:80/allabout/artist/17088/Y","20080615205426","200"
"http://www.inthemix.com.au:80/allabout/artist/17099/Tony_Venuto","20080323035853","200"
"http://www.inthemix.com.au:80/allabout/artist/17106/Justice%20and%20The%20Prodigy%20are%20heading%20to%20Japan%20for%20Summer%20Sonic.%20Could%20we%20see%20them%20here%20for%20Splendour?","20080325080804","200"
"http://www.inthemix.com.au:80/allabout/artist/17106/Miss_Match","20080217221734","200"
"http://www.inthemix.com.au:80/allabout/artist/17106/secure-au.imrworldwide.com/","20080325082541","200"
"http://www.inthemix.com.au:80/allabout/artist/17106/We%5Cu2019ve%20all%20heard%20about%20the%20Berlin%20scene;%20the%20famed%20German%20city%20responsible%20for%20spawning%20some%20of%20the%20electronic%20music%20scene%5Cu2019s%20most%20exciting%20and%20forward%20thinking%20music.%20How%20would%20you%20like%20a%20taste?","20080325082535","200"
"http://www.inthemix.com.au:80/allabout/artist/17107/Keli_Hart","20080203085838","200"
"http://www.inthemix.com.au:80/allabout/artist/17119/Wet_Musik","20080229155115","200"
"http://www.inthemix.com.au:80/allabout/artist/17132/Sampology","20080620175644","200"
"http://www.inthemix.com.au:80/allabout/artist/1714/Ugly_Duckling","20080221092304","200"
"http://www.inthemix.com.au:80/allabout/artist/1716/James_Zabiela","20080418073041","200"
"http://www.inthemix.com.au:80/allabout/artist/17181/Rapid","20080615205431","200"
"http://www.inthemix.com.au:80/allabout/artist/17188/Qt","20080205042216","200"
"http://www.inthemix.com.au:80/allabout/artist/17254/Dj_Storm","20080229090857","200"
"http://www.inthemix.com.au:80/allabout/artist/17254/secure-au.imrworldwide.com/","20080429205430","200"
"http://www.inthemix.com.au:80/allabout/artist/17269/Dj_Misjah","20080218062608","200"
"http://www.inthemix.com.au:80/allabout/artist/17269/secure-au.imrworldwide.com/","20080323183510","200"
"http://www.inthemix.com.au:80/allabout/artist/17293/Mat_Radovich","20080522141223","200"
"http://www.inthemix.com.au:80/allabout/artist/17302/Nik_Corvo","20080408115821","200"
"http://www.inthemix.com.au:80/allabout/artist/17304/Adam_Bartas","20080201015644","200"
"http://www.inthemix.com.au:80/allabout/artist/1736/Sean_Quinn","20080131204902","200"
"http://www.inthemix.com.au:80/allabout/artist/17518/Omid16b","20080201015648","200"
"http://www.inthemix.com.au:80/allabout/artist/17558/Dj_Moto","20080305041408","200"
"http://www.inthemix.com.au:80/allabout/artist/17592/Mr_Peculiar","20080127202302","200"
"http://www.inthemix.com.au:80/allabout/artist/17596/Adam_T","20080429212625","200"
"http://www.inthemix.com.au:80/allabout/artist/1762/Koolism","20080213081841","200"
"http://www.inthemix.com.au:80/allabout/artist/17629/Mad_Cow","20080201015653","200"
"http://www.inthemix.com.au:80/allabout/artist/17640/Sharem_Jey","20080408123352","200"
"http://www.inthemix.com.au:80/allabout/artist/1771/Dexter","20080213081845","200"
"http://www.inthemix.com.au:80/allabout/artist/1772/Judge_Jules","20080224221251","200"
"http://www.inthemix.com.au:80/allabout/artist/17807/Zany","20080311173853","200"
"http://www.inthemix.com.au:80/allabout/artist/17828/Dale_Stephen","20080201011141","200"
"http://www.inthemix.com.au:80/allabout/artist/17864/Grant_Foley","20080225080712","200"
"http://www.inthemix.com.au:80/allabout/artist/17869/Pete_Smith","20080323182902","200"
"http://www.inthemix.com.au:80/allabout/artist/17869/secure-au.imrworldwide.com/","20080614031334","200"
"http://www.inthemix.com.au:80/allabout/artist/17879/Grant_Smilie","20080202045105","200"
"http://www.inthemix.com.au:80/allabout/artist/17975/Dazzla","20080315180432","200"
"http://www.inthemix.com.au:80/allabout/artist/17987/Luke_J_Sammut","20080408112805","200"
"http://www.inthemix.com.au:80/allabout/artist/17999/Mike_Hunt","20080517022715","200"
"http://www.inthemix.com.au:80/allabout/artist/17999/secure-au.imrworldwide.com/","20080522141228","200"
"http://www.inthemix.com.au:80/allabout/artist/17999/text=%C2%A0Adelaide;url=/forum/forumdisplay.php?forumid=5;","20080522132417","200"
"http://www.inthemix.com.au:80/allabout/artist/17999/text=%C2%A0Adelaide;url=/gallery/?city=5;;status=Adelaide;separatorsize=1","20080522141233","200"
"http://www.inthemix.com.au:80/allabout/artist/17999/text=%C2%A0Adelaide;url=/whatson/?city=5;;status=Adelaide;separatorsize=1","20080522141238","200"
"http://www.inthemix.com.au:80/allabout/artist/17999/text=%C2%A0Breaks;url=/forum/forumdisplay.php?forumid=31;","20080522132421","200"
"http://www.inthemix.com.au:80/allabout/artist/17999/text=%C2%A0Brisbane;url=/gallery/?city=4;;status=Brisbane;separatorsize=1","20080522132426","200"
"http://www.inthemix.com.au:80/allabout/artist/17999/text=%C2%A0Brisbane;url=/whatson/?city=4;;status=Brisbane;separatorsize=1","20080522141243","200"
"http://www.inthemix.com.au:80/allabout/artist/17999/text=%C2%A0Canberra;url=/forum/forumdisplay.php?forumid=3;","20080522132431","200"
"http://www.inthemix.com.au:80/allabout/artist/17999/text=%C2%A0Canberra;url=/gallery/?city=3;;status=Canberra;separatorsize=1","20080522132436","200"
"http://www.inthemix.com.au:80/allabout/artist/17999/text=%C2%A0Canberra;url=/whatson/?city=3;;status=Canberra;separatorsize=1","20080522141248","200"
"http://www.inthemix.com.au:80/allabout/artist/17999/text=%C2%A0General;url=/forum/forumdisplay.php?forumid=10;","20080522132441","200"
"http://www.inthemix.com.au:80/allabout/artist/17999/text=%C2%A0House;url=/forum/forumdisplay.php?forumid=30;","20080522132446","200"
"http://www.inthemix.com.au:80/allabout/artist/17999/text=%C2%A0Ibiza;url=/forum/forumdisplay.php?forumid=66;","20080522132452","200"
"http://www.inthemix.com.au:80/allabout/artist/17999/text=%C2%A0Lifestyle;url=/forum/forumdisplay.php?forumid=23;","20080522141253","200"
"http://www.inthemix.com.au:80/allabout/artist/17999/text=%C2%A0Melbourne;url=/forum/forumdisplay.php?forumid=2;","20080522132457","200"
"http://www.inthemix.com.au:80/allabout/artist/17999/text=%C2%A0Melbourne;url=/gallery/?city=2;;status=Melbourne;separatorsize=1","20080522141258","200"
"http://www.inthemix.com.au:80/allabout/artist/17999/text=%C2%A0Melbourne;url=/whatson/?city=2;;status=Melbourne;separatorsize=1","20080522132502","200"
"http://www.inthemix.com.au:80/allabout/artist/17999/text=%C2%A0Perth;url=/forum/forumdisplay.php?forumid=6;","20080522132507","200"
"http://www.inthemix.com.au:80/allabout/artist/17999/text=%C2%A0Perth;url=/gallery/?city=6;;status=Perth;separatorsize=1","20080522132514","200"
"http://www.inthemix.com.au:80/allabout/artist/17999/text=%C2%A0Perth;url=/whatson/?city=6;;status=Perth;separatorsize=1","20080522132517","200"
"http://www.inthemix.com.au:80/allabout/artist/17999/text=%C2%A0Photography;url=/forum/forumdisplay.php?forumid=61;","20080522132522","200"
"http://www.inthemix.com.au:80/allabout/artist/17999/text=%C2%A0Progressive;url=/forum/forumdisplay.php?forumid=36;","20080522132527","200"
"http://www.inthemix.com.au:80/allabout/artist/17999/text=%C2%A0Sydney;url=/forum/forumdisplay.php?forumid=1;","20080522132534","200"
"http://www.inthemix.com.au:80/allabout/artist/17999/text=%C2%A0Sydney;url=/gallery/?city=1;;status=Sydney;separatorsize=1","20080522141303","200"
"http://www.inthemix.com.au:80/allabout/artist/17999/text=%C2%A0Sydney;url=/whatson/?city=1;;status=Sydney;separatorsize=1","20080522132538","200"
"http://www.inthemix.com.au:80/allabout/artist/18046/Mc_Dynamite","20080307225625","200"
"http://www.inthemix.com.au:80/allabout/artist/18050/Firesprite","20080229182627","200"
"http://www.inthemix.com.au:80/allabout/artist/18112/secure-au.imrworldwide.com/","20080207153219","200"
"http://www.inthemix.com.au:80/allabout/artist/18112/Soul_T","20080206112021","200"
"http://www.inthemix.com.au:80/allabout/artist/18151/Kid_Mc","20080325175137","200"
"http://www.inthemix.com.au:80/allabout/artist/18202/Vas_One","20080127203612","200"
"http://www.inthemix.com.au:80/allabout/artist/18205/secure-au.imrworldwide.com/","20080429205436","200"
"http://www.inthemix.com.au:80/allabout/artist/18205/Steve_Bleas","20080423233344","200"
"http://www.inthemix.com.au:80/allabout/artist/18242/Dieselboy","20080131204909","200"
"http://www.inthemix.com.au:80/allabout/artist/18243/Mc_Messinian","20080131204916","200"
"http://www.inthemix.com.au:80/allabout/artist/183/secure-au.imrworldwide.com/","20080416235025","200"
"http://www.inthemix.com.au:80/allabout/artist/183/The_Herd","20080127202307","200"
"http://www.inthemix.com.au:80/allabout/artist/18305/Pedro","20080319112755","200"
"http://www.inthemix.com.au:80/allabout/artist/18392/Klaus_Hill","20080626235851","200"
"http://www.inthemix.com.au:80/allabout/artist/18411/Oliver_A","20080607195718","200"
"http://www.inthemix.com.au:80/allabout/artist/18562/The_Bang_Gang","20080229123750","200"
"http://www.inthemix.com.au:80/allabout/artist/1858/Amy%20Winehouse%20has%20been%20busted%20smoking%20crack.%20Is%20anyone%20actually%20surprised?","20080129222735","200"
"http://www.inthemix.com.au:80/allabout/artist/1858/Beastie_Boys","20080125215512","200"
"http://www.inthemix.com.au:80/allabout/artist/1858/Modular%20favourites%20Cut%20Copy%20have%2022%20March%20penciled%20in%20for%20the%20local%20release%20of%20their%20second%20album%20In%20The%20Ghost%20Colours,%20but%20they%20won%5Cu2019t%20be%20here%20for%20the%20happy%20day.%20Their%20excuse?+A+little+trip+round+the+USA,+culminating+in+the+desert+for+Coachella%5Cu2026","20080129222738","200"
"http://www.inthemix.com.au:80/allabout/artist/1858/secure-au.imrworldwide.com/","20080201015702","200"
"http://www.inthemix.com.au:80/allabout/artist/18701/The_Heat","20080313090112","200"
"http://www.inthemix.com.au:80/allabout/artist/1874/Russ_Dewbury","20080225194346","200"
"http://www.inthemix.com.au:80/allabout/artist/18782/Level_1","20080519113545","200"
"http://www.inthemix.com.au:80/allabout/artist/18855/Hilltop_Hoods","20080406031029","200"
"http://www.inthemix.com.au:80/allabout/artist/18905/Yobi","20080323040241","200"
"http://www.inthemix.com.au:80/allabout/artist/18915/Jace","20080319112800","200"
"http://www.inthemix.com.au:80/allabout/artist/18928/Charlie_Brown","20080610170312","200"
"http://www.inthemix.com.au:80/allabout/artist/18967/Rmac","20080224221253","200"
"http://www.inthemix.com.au:80/allabout/artist/1897/Jazzanova","20080526095320","200"
"http://www.inthemix.com.au:80/allabout/artist/1897/secure-au.imrworldwide.com/","20080623093206","200"
"http://www.inthemix.com.au:80/allabout/artist/19000/Alistair","20080201015705","200"
"http://www.inthemix.com.au:80/allabout/artist/19005/Adam_Bozzetto","20080503220740","200"
"http://www.inthemix.com.au:80/allabout/artist/1904/Scott_Bond","20080201005047","200"
"http://www.inthemix.com.au:80/allabout/artist/1904/secure-au.imrworldwide.com/","20080307231731","200"
"http://www.inthemix.com.au:80/allabout/artist/1906/Eddie_Halliwell","20080204024219","200"
"http://www.inthemix.com.au:80/allabout/artist/19110/Low_Budget","20080205042221","200"
"http://www.inthemix.com.au:80/allabout/artist/1919/Jurassic_5","20080218013336","200"
"http://www.inthemix.com.au:80/allabout/artist/19196/Dj_Kat","20080127202312","200"
"http://www.inthemix.com.au:80/allabout/artist/19213/Lck","20080307102126","200"
"http://www.inthemix.com.au:80/allabout/artist/1923/Lee_Coombs","20080219141332","200"
"http://www.inthemix.com.au:80/allabout/artist/193/Concord_Dawn","20080311191658","200"
"http://www.inthemix.com.au:80/allabout/artist/19329/Ill_Fx","20080205042226","200"
"http://www.inthemix.com.au:80/allabout/artist/19361/Michael_Doney","20080217221738","200"
"http://www.inthemix.com.au:80/allabout/artist/19378/Rez","20080127201211","200"
"http://www.inthemix.com.au:80/allabout/artist/195/Pendulum","20080217194955","200"
"http://www.inthemix.com.au:80/allabout/artist/19544/Paul_Abad","20080408123357","200"
"http://www.inthemix.com.au:80/allabout/artist/1959/Steve_Hill","20080226035758","200"
"http://www.inthemix.com.au:80/allabout/artist/196/Greg_Packer","20080209152054","200"
"http://www.inthemix.com.au:80/allabout/artist/196/secure-au.imrworldwide.com/","20080213081851","200"
"http://www.inthemix.com.au:80/allabout/artist/19770/Alex_Kidd","20080204134440","200"
"http://www.inthemix.com.au:80/allabout/artist/19805/Silverchair","20080309051444","200"
"http://www.inthemix.com.au:80/allabout/artist/19874/Insurgent","20080503222833","200"
"http://www.inthemix.com.au:80/allabout/artist/19879/Dj_Jay","20080531034624","200"
"http://www.inthemix.com.au:80/allabout/artist/199/Alan_Thompson","20080215113850","200"
"http://www.inthemix.com.au:80/allabout/artist/2001/Dannii_Minogue","20080212234342","200"
"http://www.inthemix.com.au:80/allabout/artist/20023/Lanu","20080208195932","200"
"http://www.inthemix.com.au:80/allabout/artist/20030/Blinky","20080311194043","200"
"http://www.inthemix.com.au:80/allabout/artist/20084/Sara","20080519113550","200"
"http://www.inthemix.com.au:80/allabout/artist/20086/Peter_Glass","20080531034629","200"
"http://www.inthemix.com.au:80/allabout/artist/20092/Patrik_Carerra","20080205042231","200"
"http://www.inthemix.com.au:80/allabout/artist/20093/Christian_Smith","20080307084158","200"
"http://www.inthemix.com.au:80/allabout/artist/2013/Space_DJz","20080123095200","200"
"http://www.inthemix.com.au:80/allabout/artist/2025/Tiefschwarz","20080223095323","200"
"http://www.inthemix.com.au:80/allabout/artist/20251/Louisa_TraversHuskySteve_MartinezSynikToby","20080307230916","200"
"http://www.inthemix.com.au:80/allabout/artist/20281/Jamie_Doom","20080206025702","200"
"http://www.inthemix.com.au:80/allabout/artist/20327/Mesq","20080226040919","200"
"http://www.inthemix.com.au:80/allabout/artist/20341/Virginia_Le","20080224222710","200"
"http://www.inthemix.com.au:80/allabout/artist/20400/Bobby_Raver","20080131141223","200"
"http://www.inthemix.com.au:80/allabout/artist/20400/secure-au.imrworldwide.com/","20080202045109","200"
"http://www.inthemix.com.au:80/allabout/artist/2049/Felix_Da_Housecat","20080210002542","200"
"http://www.inthemix.com.au:80/allabout/artist/20545/Kate_Munroe","20080225081815","200"
"http://www.inthemix.com.au:80/allabout/artist/207/Kelis","20080619022052","200"
"http://www.inthemix.com.au:80/allabout/artist/2070/Somatik","20080415124211","200"
"http://www.inthemix.com.au:80/allabout/artist/20710/Prize","20080201015710","200"
"http://www.inthemix.com.au:80/allabout/artist/208/1200_Techniques","20080124220802","200"
"http://www.inthemix.com.au:80/allabout/artist/20875/Harris_Robotis","20080408115826","200"
"http://www.inthemix.com.au:80/allabout/artist/20926/Kronic","20080124044514","200"
"http://www.inthemix.com.au:80/allabout/artist/20926/secure-au.imrworldwide.com/","20080224222715","200"
"http://www.inthemix.com.au:80/allabout/artist/20976/Damon_Walsh","20080610170317","200"
"http://www.inthemix.com.au:80/allabout/artist/20983/The_Chemical_Brothers","20080208232556","200"
"http://www.inthemix.com.au:80/allabout/artist/210/Tiesto","20080123202109","200"
"http://www.inthemix.com.au:80/allabout/artist/2106/Apell","20080219022900","200"
"http://www.inthemix.com.au:80/allabout/artist/21068/Ben_Et","20080603032151","200"
"http://www.inthemix.com.au:80/allabout/artist/211/Pete_Tong","20080422213845","200"
"http://www.inthemix.com.au:80/allabout/artist/21218/9th_Insight","20080223160614","200"
"http://www.inthemix.com.au:80/allabout/artist/21248/Gavin_Kietel","20080408115831","200"
"http://www.inthemix.com.au:80/allabout/artist/21288/Dj_Bonez","20080309051448","200"
"http://www.inthemix.com.au:80/allabout/artist/21343/Abel_El_Toro","20080531034635","200"
"http://www.inthemix.com.au:80/allabout/artist/21481/S_Dee","20080205042236","200"
"http://www.inthemix.com.au:80/allabout/artist/21501/Carlos","20080311034022","200"
"http://www.inthemix.com.au:80/allabout/artist/21507/Adrian","20080408123402","200"
"http://www.inthemix.com.au:80/allabout/artist/21587/Kno","20080602041115","200"
"http://www.inthemix.com.au:80/allabout/artist/21613/Brother_Pierce","20080311194046","200"
"http://www.inthemix.com.au:80/allabout/artist/21615/Dj_Daigo","20080305040729","200"
"http://www.inthemix.com.au:80/allabout/artist/21640/Miss_Gabby","20080202045114","200"
"http://www.inthemix.com.au:80/allabout/artist/217/Soma_Rasa","20080127202318","200"
"http://www.inthemix.com.au:80/allabout/artist/21811/Mc_Sureshock","20080610170322","200"
"http://www.inthemix.com.au:80/allabout/artist/2186/Aesop_Rock","20080404185623","200"
"http://www.inthemix.com.au:80/allabout/artist/2193/Paul_Oakenfold","20080204134447","200"
"http://www.inthemix.com.au:80/allabout/artist/21933/Chris_Gill","20080307124545","200"
"http://www.inthemix.com.au:80/allabout/artist/21965/Mo_Horizons","20080214193301","200"
"http://www.inthemix.com.au:80/allabout/artist/22008/Percussion_Junction","20080503224857","200"
"http://www.inthemix.com.au:80/allabout/artist/22012/Max_Billionaire","20080325175142","200"
"http://www.inthemix.com.au:80/allabout/artist/22087/Jt_Effect","20080610170329","200"
"http://www.inthemix.com.au:80/allabout/artist/2210/Gotye","20080201011147","200"
"http://www.inthemix.com.au:80/allabout/artist/22124/Spank","20080305073512","200"
"http://www.inthemix.com.au:80/allabout/artist/22127/Elwood","20080305070450","200"
"http://www.inthemix.com.au:80/allabout/artist/22160/Charlie_Zee","20080305073515","200"
"http://www.inthemix.com.au:80/allabout/artist/22175/Optimus","20080319112805","200"
"http://www.inthemix.com.au:80/allabout/artist/22235/Giv","20080323040247","200"
"http://www.inthemix.com.au:80/allabout/artist/2230/Andy_C","20080307171207","200"
"http://www.inthemix.com.au:80/allabout/artist/2230/secure-au.imrworldwide.com/","20080321050548","200"
"http://www.inthemix.com.au:80/allabout/artist/22308/Pip_Branson_Corporation","20080217221743","200"
"http://www.inthemix.com.au:80/allabout/artist/22405/Smish","20080223160619","200"
"http://www.inthemix.com.au:80/allabout/artist/22430/Mark_Sherry","20080229182633","200"
"http://www.inthemix.com.au:80/allabout/artist/22444/Cess","20080408112810","200"
"http://www.inthemix.com.au:80/allabout/artist/22472/Justin_Newton","20080607195722","200"
"http://www.inthemix.com.au:80/allabout/artist/2249/Joey_Negro","20080309051454","200"
"http://www.inthemix.com.au:80/allabout/artist/2250/Miguel_Migs","20080213004553","200"
"http://www.inthemix.com.au:80/allabout/artist/226/Calico","20080226200224","200"
"http://www.inthemix.com.au:80/allabout/artist/22642/Nexus_Project","20080205042241","200"
"http://www.inthemix.com.au:80/allabout/artist/2274/Ben_Korbel","20080319112812","200"
"http://www.inthemix.com.au:80/allabout/artist/22893/Dj_Samrai","20080305040732","200"
"http://www.inthemix.com.au:80/allabout/artist/22979/Globe","20080226022947","200"
"http://www.inthemix.com.au:80/allabout/artist/230/Moby","20080305231036","200"
"http://www.inthemix.com.au:80/allabout/artist/230/secure-au.imrworldwide.com/","20080607195730","200"
"http://www.inthemix.com.au:80/allabout/artist/2308/Kid_Koala","20080204051909","200"
"http://www.inthemix.com.au:80/allabout/artist/2316/Stalker","20080323041334","200"
"http://www.inthemix.com.au:80/allabout/artist/232/DJ_SS","20080209151819","200"
"http://www.inthemix.com.au:80/allabout/artist/232/secure-au.imrworldwide.com/","20080213050138","200"
"http://www.inthemix.com.au:80/allabout/artist/23217/Steve_Corfield","20080208232600","200"
"http://www.inthemix.com.au:80/allabout/artist/23222/Paradise_Lost","20080408115836","200"
"http://www.inthemix.com.au:80/allabout/artist/2323/Tim_Deluxe","20080311105225","200"
"http://www.inthemix.com.au:80/allabout/artist/2355/Layo_Bushwacka","20080317083052","200"
"http://www.inthemix.com.au:80/allabout/artist/23668/Sunrunner","20080127201216","200"
"http://www.inthemix.com.au:80/allabout/artist/23671/Meltdown","20080127201221","200"
"http://www.inthemix.com.au:80/allabout/artist/23724/Emerson_Todd","20080626235856","200"
"http://www.inthemix.com.au:80/allabout/artist/23888/Cram","20080205042246","200"
"http://www.inthemix.com.au:80/allabout/artist/2389/Gus_Gus","20080408115842","200"
"http://www.inthemix.com.au:80/allabout/artist/23893/Dover","20080603062216","200"
"http://www.inthemix.com.au:80/allabout/artist/24064/Telefunken","20080313090119","200"
"http://www.inthemix.com.au:80/allabout/artist/24106/Ember","20080522141310","200"
"http://www.inthemix.com.au:80/allabout/artist/2412/Audio_Bullys","20080223075228","200"
"http://www.inthemix.com.au:80/allabout/artist/2416/David_Holmes","20080223075233","200"
"http://www.inthemix.com.au:80/allabout/artist/24188/Lewie_Day","20080602002134","200"
"http://www.inthemix.com.au:80/allabout/artist/24188/secure-au.imrworldwide.com/","20080603055438","200"
"http://www.inthemix.com.au:80/allabout/artist/24188/text=%C2%A0Adelaide;url=/forum/forumdisplay.php?forumid=5;","20080603055439","200"
"http://www.inthemix.com.au:80/allabout/artist/24188/text=%C2%A0Adelaide;url=/gallery/?city=5;;status=Adelaide;separatorsize=1","20080603055445","200"
"http://www.inthemix.com.au:80/allabout/artist/24188/text=%C2%A0Adelaide;url=/whatson/?city=5;;status=Adelaide;separatorsize=1","20080603055450","200"
"http://www.inthemix.com.au:80/allabout/artist/24188/text=%C2%A0Breaks;url=/forum/forumdisplay.php?forumid=31;","20080603055455","200"
"http://www.inthemix.com.au:80/allabout/artist/24188/text=%C2%A0Brisbane;url=/gallery/?city=4;;status=Brisbane;separatorsize=1","20080603055459","200"
"http://www.inthemix.com.au:80/allabout/artist/24188/text=%C2%A0Brisbane;url=/whatson/?city=4;;status=Brisbane;separatorsize=1","20080603062222","200"
"http://www.inthemix.com.au:80/allabout/artist/24188/text=%C2%A0Canberra;url=/forum/forumdisplay.php?forumid=3;","20080603055504","200"
"http://www.inthemix.com.au:80/allabout/artist/24188/text=%C2%A0Canberra;url=/gallery/?city=3;;status=Canberra;separatorsize=1","20080603062226","200"
"http://www.inthemix.com.au:80/allabout/artist/24188/text=%C2%A0Canberra;url=/whatson/?city=3;;status=Canberra;separatorsize=1","20080603062231","200"
"http://www.inthemix.com.au:80/allabout/artist/24188/text=%C2%A0General;url=/forum/forumdisplay.php?forumid=10;","20080603062236","200"
"http://www.inthemix.com.au:80/allabout/artist/24188/text=%C2%A0House;url=/forum/forumdisplay.php?forumid=30;","20080603055509","200"
"http://www.inthemix.com.au:80/allabout/artist/24188/text=%C2%A0Ibiza;url=/forum/forumdisplay.php?forumid=66;","20080603055514","200"
"http://www.inthemix.com.au:80/allabout/artist/24188/text=%C2%A0Lifestyle;url=/forum/forumdisplay.php?forumid=23;","20080603055519","200"
"http://www.inthemix.com.au:80/allabout/artist/24188/text=%C2%A0Melbourne;url=/forum/forumdisplay.php?forumid=2;","20080603062241","200"
"http://www.inthemix.com.au:80/allabout/artist/24188/text=%C2%A0Melbourne;url=/gallery/?city=2;;status=Melbourne;separatorsize=1","20080603062246","200"
"http://www.inthemix.com.au:80/allabout/artist/24188/text=%C2%A0Melbourne;url=/whatson/?city=2;;status=Melbourne;separatorsize=1","20080603062252","200"
"http://www.inthemix.com.au:80/allabout/artist/24188/text=%C2%A0Perth;url=/forum/forumdisplay.php?forumid=6;","20080603055526","200"
"http://www.inthemix.com.au:80/allabout/artist/24188/text=%C2%A0Perth;url=/gallery/?city=6;;status=Perth;separatorsize=1","20080603055531","200"
"http://www.inthemix.com.au:80/allabout/artist/24188/text=%C2%A0Perth;url=/whatson/?city=6;;status=Perth;separatorsize=1","20080603062257","200"
"http://www.inthemix.com.au:80/allabout/artist/24188/text=%C2%A0Photography;url=/forum/forumdisplay.php?forumid=61;","20080603055536","200"
"http://www.inthemix.com.au:80/allabout/artist/24188/text=%C2%A0Progressive;url=/forum/forumdisplay.php?forumid=36;","20080603055541","200"
"http://www.inthemix.com.au:80/allabout/artist/24188/text=%C2%A0Sydney;url=/forum/forumdisplay.php?forumid=1;","20080603055551","200"
"http://www.inthemix.com.au:80/allabout/artist/24188/text=%C2%A0Sydney;url=/gallery/?city=1;;status=Sydney;separatorsize=1","20080603055553","200"
"http://www.inthemix.com.au:80/allabout/artist/24188/text=%C2%A0Sydney;url=/whatson/?city=1;;status=Sydney;separatorsize=1","20080603055557","200"
"http://www.inthemix.com.au:80/allabout/artist/242/Shamus","20080323134407","200"
"http://www.inthemix.com.au:80/allabout/artist/2429/Chicken_Lips","20080307230922","200"
"http://www.inthemix.com.au:80/allabout/artist/2432/Sasha","20080214204502","200"
"http://www.inthemix.com.au:80/allabout/artist/2440/Teebee","20080307124551","200"
"http://www.inthemix.com.au:80/allabout/artist/24424/Cyber","20080429212630","200"
"http://www.inthemix.com.au:80/allabout/artist/2443/Ferry_Corsten","20080217221749","200"
"http://www.inthemix.com.au:80/allabout/artist/24470/Sike","20080619022056","200"
"http://www.inthemix.com.au:80/allabout/artist/24514/Marco_Carola","20080214214744","200"
"http://www.inthemix.com.au:80/allabout/artist/24561/Faker","20080213083527","200"
"http://www.inthemix.com.au:80/allabout/artist/2458/Matthew_Dear","20080415003522","200"
"http://www.inthemix.com.au:80/allabout/artist/24591/Bag_Raiders_Live","20080622200614","200"
"http://www.inthemix.com.au:80/allabout/artist/246/Nick_Thayer","20080423231322","200"
"http://www.inthemix.com.au:80/allabout/artist/246/secure-au.imrworldwide.com/","20080429212637","200"
"http://www.inthemix.com.au:80/allabout/artist/24607/Danny_Bonnici","20080305141511","200"
"http://www.inthemix.com.au:80/allabout/artist/247/Will_Styles","20080301184812","200"
"http://www.inthemix.com.au:80/allabout/artist/24700/Walt","20080311030904","200"
"http://www.inthemix.com.au:80/allabout/artist/24755/Start_6amDj1","20080519124942","200"
"http://www.inthemix.com.au:80/allabout/artist/24756/Lisa_CarrickDj2","20080519124947","200"
"http://www.inthemix.com.au:80/allabout/artist/24757/Tony_CDj3","20080519113555","200"
"http://www.inthemix.com.au:80/allabout/artist/24758/KatDj4","20080519124952","200"
"http://www.inthemix.com.au:80/allabout/artist/24759/Shaun_ReedDj5","20080519113600","200"
"http://www.inthemix.com.au:80/allabout/artist/24760/Murray_Van_ZaffDj6","20080519124957","200"
"http://www.inthemix.com.au:80/allabout/artist/24761/Damon_BoydLevel_2","20080519125002","200"
"http://www.inthemix.com.au:80/allabout/artist/24762/Start_8amDj1","20080519113605","200"
"http://www.inthemix.com.au:80/allabout/artist/24763/ToneDj2","20080519113610","200"
"http://www.inthemix.com.au:80/allabout/artist/24764/Gus_CullenDj3","20080519113615","200"
"http://www.inthemix.com.au:80/allabout/artist/24765/Lisa_Carrick","20080519125008","200"
"http://www.inthemix.com.au:80/allabout/artist/24832/Luke_Porter","20080318095424","200"
"http://www.inthemix.com.au:80/allabout/artist/24855/Tony","20080229133024","200"
"http://www.inthemix.com.au:80/allabout/artist/2502/Goldfrapp","20080303085648","200"
"http://www.inthemix.com.au:80/allabout/artist/25021/Team_Plastique","20080610170333","200"
"http://www.inthemix.com.au:80/allabout/artist/25208/Dj_Reflux","20080309064757","200"
"http://www.inthemix.com.au:80/allabout/artist/25293/Shane_Copal","20080408144225","200"
"http://www.inthemix.com.au:80/allabout/artist/2530/Ciociaria","20080616184747","200"
"http://www.inthemix.com.au:80/allabout/artist/2530/secure-au.imrworldwide.com/","20080522141314","200"
"http://www.inthemix.com.au:80/allabout/artist/254/Nick_Skitz","20080202122740","200"
"http://www.inthemix.com.au:80/allabout/artist/25438/Johnny_Mac","20080522132548","200"
"http://www.inthemix.com.au:80/allabout/artist/25745/Muse","20080514145940","200"
"http://www.inthemix.com.au:80/allabout/artist/258/MrW","20080319112816","200"
"http://www.inthemix.com.au:80/allabout/artist/2585/Raiden","20080503222846","200"
"http://www.inthemix.com.au:80/allabout/artist/25951/Chronic","20080311101919","200"
"http://www.inthemix.com.au:80/allabout/artist/25993/Audiofly","20080408144231","200"
"http://www.inthemix.com.au:80/allabout/artist/26077/Illzilla","20080229130426","200"
"http://www.inthemix.com.au:80/allabout/artist/26233/Kurt_Jirgenson","20080221034315","200"
"http://www.inthemix.com.au:80/allabout/artist/2628/Madox","20080626222554","200"
"http://www.inthemix.com.au:80/allabout/artist/2629/Atomic_Hooligan","20080319042019","200"
"http://www.inthemix.com.au:80/allabout/artist/2635/Deekline_Wizard","20080307082148","200"
"http://www.inthemix.com.au:80/allabout/artist/2635/secure-au.imrworldwide.com/","20080423124025","200"
"http://www.inthemix.com.au:80/allabout/artist/2635/text=%C2%A0Adelaide;url=/forum/forumdisplay.php?forumid=5;","20080423112530","200"
"http://www.inthemix.com.au:80/allabout/artist/2635/text=%C2%A0Adelaide;url=/gallery/?city=5;;status=Adelaide;separatorsize=1","20080423112535","200"
"http://www.inthemix.com.au:80/allabout/artist/2635/text=%C2%A0Adelaide;url=/whatson/?city=5;;status=Adelaide;separatorsize=1","20080423124028","200"
"http://www.inthemix.com.au:80/allabout/artist/2635/text=%C2%A0Breaks;url=/forum/forumdisplay.php?forumid=31;","20080423124033","200"
"http://www.inthemix.com.au:80/allabout/artist/2635/text=%C2%A0Brisbane;url=/gallery/?city=4;;status=Brisbane;separatorsize=1","20080423112539","200"
"http://www.inthemix.com.au:80/allabout/artist/2635/text=%C2%A0Brisbane;url=/whatson/?city=4;;status=Brisbane;separatorsize=1","20080423112544","200"
"http://www.inthemix.com.au:80/allabout/artist/2635/text=%C2%A0Canberra;url=/forum/forumdisplay.php?forumid=3;","20080423112549","200"
"http://www.inthemix.com.au:80/allabout/artist/2635/text=%C2%A0Canberra;url=/gallery/?city=3;;status=Canberra;separatorsize=1","20080423112554","200"
"http://www.inthemix.com.au:80/allabout/artist/2635/text=%C2%A0Canberra;url=/whatson/?city=3;;status=Canberra;separatorsize=1","20080423112559","200"
"http://www.inthemix.com.au:80/allabout/artist/2635/text=%C2%A0General;url=/forum/forumdisplay.php?forumid=10;","20080423112604","200"
"http://www.inthemix.com.au:80/allabout/artist/2635/text=%C2%A0House;url=/forum/forumdisplay.php?forumid=30;","20080423124038","200"
"http://www.inthemix.com.au:80/allabout/artist/2635/text=%C2%A0Ibiza;url=/forum/forumdisplay.php?forumid=66;","20080423112611","200"
"http://www.inthemix.com.au:80/allabout/artist/2635/text=%C2%A0Lifestyle;url=/forum/forumdisplay.php?forumid=23;","20080423124043","200"
"http://www.inthemix.com.au:80/allabout/artist/2635/text=%C2%A0Melbourne;url=/forum/forumdisplay.php?forumid=2;","20080423112616","200"
"http://www.inthemix.com.au:80/allabout/artist/2635/text=%C2%A0Melbourne;url=/gallery/?city=2;;status=Melbourne;separatorsize=1","20080423124049","200"
"http://www.inthemix.com.au:80/allabout/artist/2635/text=%C2%A0Melbourne;url=/whatson/?city=2;;status=Melbourne;separatorsize=1","20080423124054","200"
"http://www.inthemix.com.au:80/allabout/artist/2635/text=%C2%A0Perth;url=/forum/forumdisplay.php?forumid=6;","20080423124058","200"
"http://www.inthemix.com.au:80/allabout/artist/2635/text=%C2%A0Perth;url=/gallery/?city=6;;status=Perth;separatorsize=1","20080423124103","200"
"http://www.inthemix.com.au:80/allabout/artist/2635/text=%C2%A0Perth;url=/whatson/?city=6;;status=Perth;separatorsize=1","20080423112621","200"
"http://www.inthemix.com.au:80/allabout/artist/2635/text=%C2%A0Photography;url=/forum/forumdisplay.php?forumid=61;","20080423112626","200"
"http://www.inthemix.com.au:80/allabout/artist/2635/text=%C2%A0Progressive;url=/forum/forumdisplay.php?forumid=36;","20080423112631","200"
"http://www.inthemix.com.au:80/allabout/artist/2635/text=%C2%A0Sydney;url=/forum/forumdisplay.php?forumid=1;","20080423124109","200"
"http://www.inthemix.com.au:80/allabout/artist/2635/text=%C2%A0Sydney;url=/gallery/?city=1;;status=Sydney;separatorsize=1","20080423112636","200"
"http://www.inthemix.com.au:80/allabout/artist/2635/text=%C2%A0Sydney;url=/whatson/?city=1;;status=Sydney;separatorsize=1","20080423112641","200"
"http://www.inthemix.com.au:80/allabout/artist/2635/text=%C2%A0Tickets;url=/shop/customer/home.php?cat=249;;separatorsize=1","20080423124114","200"
"http://www.inthemix.com.au:80/allabout/artist/26411/Mr_Sparkles","20080323125953","200"
"http://www.inthemix.com.au:80/allabout/artist/26423/Supafly","20080305070454","200"
"http://www.inthemix.com.au:80/allabout/artist/26479/Terrorist","20080205042253","200"
"http://www.inthemix.com.au:80/allabout/artist/2648/Gabriel_Dresden","20080123095206","200"
"http://www.inthemix.com.au:80/allabout/artist/26486/Nitrouz","20080205042257","200"
"http://www.inthemix.com.au:80/allabout/artist/2649/Markus_Schulz","20080316104529","200"
"http://www.inthemix.com.au:80/allabout/artist/26623/Hypnotik","20080127193445","200"
"http://www.inthemix.com.au:80/allabout/artist/2666/Portishead","20080623065724","200"
"http://www.inthemix.com.au:80/allabout/artist/26683/Rossco","20080408112816","200"
"http://www.inthemix.com.au:80/allabout/artist/26689/Dean_D","20080522141319","200"
"http://www.inthemix.com.au:80/allabout/artist/267/DJ_Craze","20080229090900","200"
"http://www.inthemix.com.au:80/allabout/artist/2673/Luke_Chable","20080319112821","200"
"http://www.inthemix.com.au:80/allabout/artist/26920/Mixxy","20080522132553","200"
"http://www.inthemix.com.au:80/allabout/artist/2705/Laurent_Garnier","20080207192359","200"
"http://www.inthemix.com.au:80/allabout/artist/27107/Beatrix","20080408144235","200"
"http://www.inthemix.com.au:80/allabout/artist/27173/Dubba_Rukki","20080127193452","200"
"http://www.inthemix.com.au:80/allabout/artist/2724/Michael_Mayer","20080423112646","200"
"http://www.inthemix.com.au:80/allabout/artist/2726/secure-au.imrworldwide.com/","20080602041123","200"
"http://www.inthemix.com.au:80/allabout/artist/2726/text=%C2%A0Adelaide;url=/forum/forumdisplay.php?forumid=5;","20080602041125","200"
"http://www.inthemix.com.au:80/allabout/artist/2726/text=%C2%A0Adelaide;url=/gallery/?city=5;;status=Adelaide;separatorsize=1","20080602041130","200"
"http://www.inthemix.com.au:80/allabout/artist/2726/text=%C2%A0Adelaide;url=/whatson/?city=5;;status=Adelaide;separatorsize=1","20080603055605","200"
"http://www.inthemix.com.au:80/allabout/artist/2726/text=%C2%A0Breaks;url=/forum/forumdisplay.php?forumid=31;","20080602041135","200"
"http://www.inthemix.com.au:80/allabout/artist/2726/text=%C2%A0Brisbane;url=/gallery/?city=4;;status=Brisbane;separatorsize=1","20080602041140","200"
"http://www.inthemix.com.au:80/allabout/artist/2726/text=%C2%A0Brisbane;url=/whatson/?city=4;;status=Brisbane;separatorsize=1","20080603062304","200"
"http://www.inthemix.com.au:80/allabout/artist/2726/text=%C2%A0Canberra;url=/forum/forumdisplay.php?forumid=3;","20080602041149","200"
"http://www.inthemix.com.au:80/allabout/artist/2726/text=%C2%A0Canberra;url=/gallery/?city=3;;status=Canberra;separatorsize=1","20080602041153","200"
"http://www.inthemix.com.au:80/allabout/artist/2726/text=%C2%A0Canberra;url=/whatson/?city=3;;status=Canberra;separatorsize=1","20080603055608","200"
"http://www.inthemix.com.au:80/allabout/artist/2726/text=%C2%A0General;url=/forum/forumdisplay.php?forumid=10;","20080602041157","200"
"http://www.inthemix.com.au:80/allabout/artist/2726/text=%C2%A0House;url=/forum/forumdisplay.php?forumid=30;","20080602041206","200"
"http://www.inthemix.com.au:80/allabout/artist/2726/text=%C2%A0Ibiza;url=/forum/forumdisplay.php?forumid=66;","20080602041209","200"
"http://www.inthemix.com.au:80/allabout/artist/2726/text=%C2%A0Lifestyle;url=/forum/forumdisplay.php?forumid=23;","20080603062308","200"
"http://www.inthemix.com.au:80/allabout/artist/2726/text=%C2%A0Melbourne;url=/forum/forumdisplay.php?forumid=2;","20080603055613","200"
"http://www.inthemix.com.au:80/allabout/artist/2726/text=%C2%A0Melbourne;url=/gallery/?city=2;;status=Melbourne;separatorsize=1","20080603062313","200"
"http://www.inthemix.com.au:80/allabout/artist/2726/text=%C2%A0Melbourne;url=/whatson/?city=2;;status=Melbourne;separatorsize=1","20080602041214","200"
"http://www.inthemix.com.au:80/allabout/artist/2726/text=%C2%A0Perth;url=/forum/forumdisplay.php?forumid=6;","20080603062318","200"
"http://www.inthemix.com.au:80/allabout/artist/2726/text=%C2%A0Perth;url=/gallery/?city=6;;status=Perth;separatorsize=1","20080602041219","200"
"http://www.inthemix.com.au:80/allabout/artist/2726/text=%C2%A0Perth;url=/whatson/?city=6;;status=Perth;separatorsize=1","20080603055620","200"
"http://www.inthemix.com.au:80/allabout/artist/2726/text=%C2%A0Photography;url=/forum/forumdisplay.php?forumid=61;","20080603062323","200"
"http://www.inthemix.com.au:80/allabout/artist/2726/text=%C2%A0Progressive;url=/forum/forumdisplay.php?forumid=36;","20080603062328","200"
"http://www.inthemix.com.au:80/allabout/artist/2726/text=%C2%A0Sydney;url=/forum/forumdisplay.php?forumid=1;","20080603062333","200"
"http://www.inthemix.com.au:80/allabout/artist/2726/text=%C2%A0Sydney;url=/gallery/?city=1;;status=Sydney;separatorsize=1","20080603055624","200"
"http://www.inthemix.com.au:80/allabout/artist/2726/text=%C2%A0Sydney;url=/whatson/?city=1;;status=Sydney;separatorsize=1","20080603055628","200"
"http://www.inthemix.com.au:80/allabout/artist/2726/Tom_Novy","20080223075240","200"
"http://www.inthemix.com.au:80/allabout/artist/2729/Tomcraft","20080126212626","200"
"http://www.inthemix.com.au:80/allabout/artist/27330/Cosmick","20080323040616","200"
"http://www.inthemix.com.au:80/allabout/artist/27464/Bone","20080125215516","200"
"http://www.inthemix.com.au:80/allabout/artist/2757/Craig_Obey","20080217221755","200"
"http://www.inthemix.com.au:80/allabout/artist/2760/Agent_86","20080315151851","200"
"http://www.inthemix.com.au:80/allabout/artist/2761/Sneaky_Sound_System","20080321151239","200"
"http://www.inthemix.com.au:80/allabout/artist/2764/Serotone","20080127201227","200"
"http://www.inthemix.com.au:80/allabout/artist/27662/Danny_De_Sousa","20080217221759","200"
"http://www.inthemix.com.au:80/allabout/artist/277/Array","20080311151205","200"
"http://www.inthemix.com.au:80/allabout/artist/277/Mark_Dynamix","20080217221809","200"
"http://www.inthemix.com.au:80/allabout/artist/27714/Dj_Ufo","20080205042302","200"
"http://www.inthemix.com.au:80/allabout/artist/27743/Dexta","20080622205046","200"
"http://www.inthemix.com.au:80/allabout/artist/2775/Chris_Fraser","20080423112652","200"
"http://www.inthemix.com.au:80/allabout/artist/2792/Simon_Caldwell","20080129222745","200"
"http://www.inthemix.com.au:80/allabout/artist/27934/Dica","20080323040623","200"
"http://www.inthemix.com.au/allabout/artist/280/Southern_Outpost","20080725124423","200"
"http://www.inthemix.com.au:80/allabout/artist/28025/Cheeky_C","20080214180203","200"
"http://www.inthemix.com.au:80/allabout/artist/28025/secure-au.imrworldwide.com/","20080217221811","200"
"http://www.inthemix.com.au:80/allabout/artist/2821/Diamond_D","20080208232606","200"
"http://www.inthemix.com.au:80/allabout/artist/285/Jason_Midro","20080615205443","200"
"http://www.inthemix.com.au:80/allabout/artist/28676/Sos","20080307115542","200"
"http://www.inthemix.com.au:80/allabout/artist/287/John_Ferris","20080626235902","200"
"http://www.inthemix.com.au:80/allabout/artist/28723/Sheepa","20080226200228","200"
"http://www.inthemix.com.au:80/allabout/artist/28727/China","20080503043618","200"
"http://www.inthemix.com.au:80/allabout/artist/28738/Edoardo","20080207192403","200"
"http://www.inthemix.com.au:80/allabout/artist/28786/Stevie_Sole","20080315153452","200"
"http://www.inthemix.com.au:80/allabout/artist/28838/All_Residents","20080309064802","200"
"http://www.inthemix.com.au:80/allabout/artist/2886/Dylan_Rhymes","20080219141337","200"
"http://www.inthemix.com.au:80/allabout/artist/28924/Jmez","20080325175145","200"
"http://www.inthemix.com.au:80/allabout/artist/2893/Andrew_James","20080615030557","200"
"http://www.inthemix.com.au:80/allabout/artist/28932/9th_Insight_master_Kaos","20080615205446","200"
"http://www.inthemix.com.au:80/allabout/artist/28933/Lck","20080615205451","200"
"http://www.inthemix.com.au:80/allabout/artist/29104/Dj_Charlie_Brown","20080218010002","200"
"http://www.inthemix.com.au:80/allabout/artist/2930/Kruder_Dorfmeister","20080223075243","200"
"http://www.inthemix.com.au:80/allabout/artist/29310/Movin_Marty","20080217221816","200"
"http://www.inthemix.com.au:80/allabout/artist/29418/Firehouse_Crew","20080430222016","200"
"http://www.inthemix.com.au:80/allabout/artist/29418/secure-au.imrworldwide.com/","20080503230722","200"
"http://www.inthemix.com.au:80/allabout/artist/29418/text=%C2%A0Adelaide;url=/forum/forumdisplay.php?forumid=5;","20080503220746","200"
"http://www.inthemix.com.au:80/allabout/artist/29418/text=%C2%A0Adelaide;url=/gallery/?city=5;;status=Adelaide;separatorsize=1","20080503222848","200"
"http://www.inthemix.com.au:80/allabout/artist/29418/text=%C2%A0Adelaide;url=/whatson/?city=5;;status=Adelaide;separatorsize=1","20080503222852","200"
"http://www.inthemix.com.au:80/allabout/artist/29418/text=%C2%A0Breaks;url=/forum/forumdisplay.php?forumid=31;","20080503224858","200"
"http://www.inthemix.com.au:80/allabout/artist/29418/text=%C2%A0Brisbane;url=/gallery/?city=4;;status=Brisbane;separatorsize=1","20080503222857","200"
"http://www.inthemix.com.au:80/allabout/artist/29418/text=%C2%A0Brisbane;url=/whatson/?city=4;;status=Brisbane;separatorsize=1","20080503230727","200"
"http://www.inthemix.com.au:80/allabout/artist/29418/text=%C2%A0Canberra;url=/forum/forumdisplay.php?forumid=3;","20080503230732","200"
"http://www.inthemix.com.au:80/allabout/artist/29418/text=%C2%A0Canberra;url=/gallery/?city=3;;status=Canberra;separatorsize=1","20080503220751","200"
"http://www.inthemix.com.au:80/allabout/artist/29418/text=%C2%A0Canberra;url=/whatson/?city=3;;status=Canberra;separatorsize=1","20080503230738","200"
"http://www.inthemix.com.au:80/allabout/artist/29418/text=%C2%A0General;url=/forum/forumdisplay.php?forumid=10;","20080503222902","200"
"http://www.inthemix.com.au:80/allabout/artist/29418/text=%C2%A0House;url=/forum/forumdisplay.php?forumid=30;","20080503222907","200"
"http://www.inthemix.com.au:80/allabout/artist/29418/text=%C2%A0Ibiza;url=/forum/forumdisplay.php?forumid=66;","20080503222912","200"
"http://www.inthemix.com.au:80/allabout/artist/29418/text=%C2%A0Lifestyle;url=/forum/forumdisplay.php?forumid=23;","20080503222917","200"
"http://www.inthemix.com.au:80/allabout/artist/29418/text=%C2%A0Melbourne;url=/forum/forumdisplay.php?forumid=2;","20080503230742","200"
"http://www.inthemix.com.au:80/allabout/artist/29418/text=%C2%A0Melbourne;url=/gallery/?city=2;;status=Melbourne;separatorsize=1","20080503224903","200"
"http://www.inthemix.com.au:80/allabout/artist/29418/text=%C2%A0Melbourne;url=/whatson/?city=2;;status=Melbourne;separatorsize=1","20080503230747","200"
"http://www.inthemix.com.au:80/allabout/artist/29418/text=%C2%A0Perth;url=/forum/forumdisplay.php?forumid=6;","20080503220756","200"
"http://www.inthemix.com.au:80/allabout/artist/29418/text=%C2%A0Perth;url=/gallery/?city=6;;status=Perth;separatorsize=1","20080503224908","200"
"http://www.inthemix.com.au:80/allabout/artist/29418/text=%C2%A0Perth;url=/whatson/?city=6;;status=Perth;separatorsize=1","20080503230752","200"
"http://www.inthemix.com.au:80/allabout/artist/29418/text=%C2%A0Photography;url=/forum/forumdisplay.php?forumid=61;","20080503224913","200"
"http://www.inthemix.com.au:80/allabout/artist/29418/text=%C2%A0Progressive;url=/forum/forumdisplay.php?forumid=36;","20080503230757","200"
"http://www.inthemix.com.au:80/allabout/artist/29418/text=%C2%A0Sydney;url=/forum/forumdisplay.php?forumid=1;","20080503224918","200"
"http://www.inthemix.com.au:80/allabout/artist/29418/text=%C2%A0Sydney;url=/gallery/?city=1;;status=Sydney;separatorsize=1","20080503230802","200"
"http://www.inthemix.com.au:80/allabout/artist/29418/text=%C2%A0Sydney;url=/whatson/?city=1;;status=Sydney;separatorsize=1","20080503220801","200"
"http://www.inthemix.com.au:80/allabout/artist/2969/Atmosphere","20080503222925","200"
"http://www.inthemix.com.au:80/allabout/artist/297/DJ_Falcon","20080125215521","200"
"http://www.inthemix.com.au:80/allabout/artist/2972/Apollo_440","20080201015714","200"
"http://www.inthemix.com.au:80/allabout/artist/29845/Rythmick_Alchemy","20080127203617","200"
"http://www.inthemix.com.au:80/allabout/artist/2986/Tracy_Young","20080619022102","200"
"http://www.inthemix.com.au:80/allabout/artist/30070/Showtek","20080319081555","200"
"http://www.inthemix.com.au:80/allabout/artist/301/Fatboy_Slim","20080202052015","200"
"http://www.inthemix.com.au:80/allabout/artist/301/secure-au.imrworldwide.com/","20080309224625","200"
"http://www.inthemix.com.au:80/allabout/artist/3014/Mark_James","20080213011353","200"
"http://www.inthemix.com.au:80/allabout/artist/302/James_Lavelle","20080213005624","200"
"http://www.inthemix.com.au:80/allabout/artist/302/secure-au.imrworldwide.com/","20080315203856","200"
"http://www.inthemix.com.au:80/allabout/artist/3036/Degenerator","20080629132216","200"
"http://www.inthemix.com.au:80/allabout/artist/3037/Robert_Anthony","20080228225812","200"
"http://www.inthemix.com.au:80/allabout/artist/3045/Nexus","20080213081855","200"
"http://www.inthemix.com.au:80/allabout/artist/30487/Darren_Styles","20080205042307","200"
"http://www.inthemix.com.au:80/allabout/artist/3054/Richie_Braic","20080226035802","200"
"http://www.inthemix.com.au:80/allabout/artist/3058/Umek","20080229090911","200"
"http://www.inthemix.com.au:80/allabout/artist/3063/Chemical_Brothers","20080213081901","200"
"http://www.inthemix.com.au:80/allabout/artist/3119/Ricardo_Villalobos","20080214214749","200"
"http://www.inthemix.com.au:80/allabout/artist/3145/Ikon","20080212234347","200"
"http://www.inthemix.com.au:80/allabout/artist/31476/Main_Room_Dj_Scot_Project","20080615205456","200"
"http://www.inthemix.com.au:80/allabout/artist/31477/Thomas_P_Heckman","20080615205501","200"
"http://www.inthemix.com.au:80/allabout/artist/31478/Kontinuum_Vjs_Hard_K","20080615205911","200"
"http://www.inthemix.com.au:80/allabout/artist/31479/Smile","20080615205916","200"
"http://www.inthemix.com.au:80/allabout/artist/3151/Lee_Burridge","20080420045516","200"
"http://www.inthemix.com.au:80/allabout/artist/3151/secure-au.imrworldwide.com/","20080421141440","200"
"http://www.inthemix.com.au:80/allabout/artist/3156/Robert_Hood","20080214193308","200"
"http://www.inthemix.com.au:80/allabout/artist/3160/Ian_Brown","20080311191701","200"
"http://www.inthemix.com.au:80/allabout/artist/31634/Baz","20080303184933","200"
"http://www.inthemix.com.au:80/allabout/artist/31681/Benny_Blanco","20080208232610","200"
"http://www.inthemix.com.au:80/allabout/artist/31716/Blades_Of_Hades","20080313181754","200"
"http://www.inthemix.com.au:80/allabout/artist/31802/Agent86","20080311194050","200"
"http://www.inthemix.com.au:80/allabout/artist/32011/Sol_Connection","20080127201232","200"
"http://www.inthemix.com.au:80/allabout/artist/32207/Jimi_Polar","20080307173352","200"
"http://www.inthemix.com.au:80/allabout/artist/32231/Nician","20080214203142","200"
"http://www.inthemix.com.au:80/allabout/artist/32231/secure-au.imrworldwide.com/","20080323183515","200"
"http://www.inthemix.com.au:80/allabout/artist/3239/Hermitude","20080218104039","200"
"http://www.inthemix.com.au:80/allabout/artist/32408/Dexi","20080311122808","200"
"http://www.inthemix.com.au:80/allabout/artist/32415/Spindo","20080127193457","200"
"http://www.inthemix.com.au:80/allabout/artist/3243/Green_Velvet","20080123201243","200"
"http://www.inthemix.com.au:80/allabout/artist/32480/Cub","20080313090123","200"
"http://www.inthemix.com.au:80/allabout/artist/3259/Darren_Emerson","20080513230742","200"
"http://www.inthemix.com.au:80/allabout/artist/3260/","20080403113236","200"
"http://www.inthemix.com.au:80/allabout/artist/3261/The_Prodigy","20080323035858","200"
"http://www.inthemix.com.au:80/allabout/artist/3266/Scott_Alert","20080223224201","200"
"http://www.inthemix.com.au:80/allabout/artist/3270/Steve_May","20080311191709","200"
"http://www.inthemix.com.au:80/allabout/artist/32701/Samba_Sound_System","20080417002047","200"
"http://www.inthemix.com.au:80/allabout/artist/3273/Deep_Dish","20080204092527","200"
"http://www.inthemix.com.au:80/allabout/artist/32941/Tom_Piper","20080229123800","200"
"http://www.inthemix.com.au:80/allabout/artist/32992/Psyboriginal","20080127202322","200"
"http://www.inthemix.com.au:80/allabout/artist/33004/Mark_Dynmaix","20080329132209","200"
"http://www.inthemix.com.au:80/allabout/artist/33040/Danny","20080229133029","200"
"http://www.inthemix.com.au:80/allabout/artist/33119/Paul_Van_Dyk","20080213005124","200"
"http://www.inthemix.com.au:80/allabout/artist/3313/Simon_Barwood","20080514145945","200"
"http://www.inthemix.com.au:80/allabout/artist/33199/Ursula_1000","20080208232615","200"
"http://www.inthemix.com.au:80/allabout/artist/33202/Steve_Tamsitt","20080622200620","200"
"http://www.inthemix.com.au:80/allabout/artist/33345/Mohorizons","20080217221821","200"
"http://www.inthemix.com.au:80/allabout/artist/3335/People_Under_The_Stairs","20080125215526","200"
"http://www.inthemix.com.au:80/allabout/artist/33355/Steve_H","20080319114542","200"
"http://www.inthemix.com.au:80/allabout/artist/33366/Petrosexual","20080319112831","200"
"http://www.inthemix.com.au:80/allabout/artist/33368/Sabre_Tooth_Tigers","20080229133033","200"
"http://www.inthemix.com.au:80/allabout/artist/3339/Baby_Blak","20080201015719","200"
"http://www.inthemix.com.au:80/allabout/artist/33638/Prowler","20080127203622","200"
"http://www.inthemix.com.au:80/allabout/artist/33668/secure-au.imrworldwide.com/","20080125215531","200"
"http://www.inthemix.com.au:80/allabout/artist/33668/The_Galvatrons","20080221084558","200"
"http://www.inthemix.com.au:80/allabout/artist/33708/Askillz","20080602041225","200"
"http://www.inthemix.com.au:80/allabout/artist/3372/LoKey_Fu","20080626222608","200"
"http://www.inthemix.com.au:80/allabout/artist/33749/Rob_Perello","20080602152425","200"
"http://www.inthemix.com.au:80/allabout/artist/339/Kid_Kenobi","20080223075249","200"
"http://www.inthemix.com.au:80/allabout/artist/34104/Paresis","20080201015724","200"
"http://www.inthemix.com.au:80/allabout/artist/34175/Dr_Willis","20080225081248","200"
"http://www.inthemix.com.au:80/allabout/artist/3418/Captain_Kirk","20080615030601","200"
"http://www.inthemix.com.au:80/allabout/artist/342/Bass_Kleph","20080503230808","200"
"http://www.inthemix.com.au:80/allabout/artist/34210/Ezy","20080127193503","200"
"http://www.inthemix.com.au:80/allabout/artist/34230/Dahahoo","20080127203626","200"
"http://www.inthemix.com.au:80/allabout/artist/3430/Blackalicious","20080622200627","200"
"http://www.inthemix.com.au:80/allabout/artist/3431/Ian_Pooley","20080218013343","200"
"http://www.inthemix.com.au:80/allabout/artist/34511/Triptych","20080207192408","200"
"http://www.inthemix.com.au/allabout/artist/3457/Mo_Funk","20080704121722","200"
"http://www.inthemix.com.au:80/allabout/artist/3458/Lisa_Shaw","20080513230747","200"
"http://www.inthemix.com.au:80/allabout/artist/348/Pnau","20080213004600","200"
"http://www.inthemix.com.au:80/allabout/artist/3488/Danny_Tenaglia","20080317083057","200"
"http://www.inthemix.com.au:80/allabout/artist/3493/Timo_Maas","20080305070459","200"
"http://www.inthemix.com.au:80/allabout/artist/3500/Faithless","20080218011847","200"
"http://www.inthemix.com.au:80/allabout/artist/35100/Suncontrolspecies","20080408112820","200"
"http://www.inthemix.com.au:80/allabout/artist/3523/Butterfingers","20080201015729","200"
"http://www.inthemix.com.au:80/allabout/artist/35230/Rich_Ok","20080511204157","200"
"http://www.inthemix.com.au:80/allabout/artist/3524/Regurgitator","20080125215536","200"
"http://www.inthemix.com.au:80/allabout/artist/353/Hernan_Cattaneo","20080204092535","200"
"http://www.inthemix.com.au:80/allabout/artist/35381/Drew_Lyristakis","20080127202328","200"
"http://www.inthemix.com.au:80/allabout/artist/35383/Grinspoon","20080213083532","200"
"http://www.inthemix.com.au:80/allabout/artist/35504/Atreyu","20080323041339","200"
"http://www.inthemix.com.au:80/allabout/artist/3569/Plump_DJs","20080223075256","200"
"http://www.inthemix.com.au:80/allabout/artist/3569/secure-au.imrworldwide.com/","20080623232843","200"
"http://www.inthemix.com.au:80/allabout/artist/3577/Andrew_Weatherall","20080203085843","200"
"http://www.inthemix.com.au:80/allabout/artist/35781/Uncle_Ru","20080321113835","200"
"http://www.inthemix.com.au:80/allabout/artist/3585/Philly","20080125215542","200"
"http://www.inthemix.com.au:80/allabout/artist/359/Naab","20080608220117","200"
"http://www.inthemix.com.au:80/allabout/artist/35920/Lou_Lou","20080223224605","200"
"http://www.inthemix.com.au:80/allabout/artist/35946/Beatnuts","20080329132215","200"
"http://www.inthemix.com.au:80/allabout/artist/35946/secure-au.imrworldwide.com/","20080628062935","200"
"http://www.inthemix.com.au:80/allabout/artist/35984/Dj_Izm","20080313181758","200"
"http://www.inthemix.com.au:80/allabout/artist/35985/Dj_Skoob","20080313190242","200"
"http://www.inthemix.com.au:80/allabout/artist/35986/Muph_N_Plutonic","20080313190248","200"
"http://www.inthemix.com.au:80/allabout/artist/35987/Urthboy_N_Ozi_Batla","20080313180945","200"
"http://www.inthemix.com.au:80/allabout/artist/36181/Adam_Bozetto","20080603062338","200"
"http://www.inthemix.com.au:80/allabout/artist/36273/Bp","20080319114546","200"
"http://www.inthemix.com.au:80/allabout/artist/3629/Etienne_De_Crecy","20080623065734","200"
"http://www.inthemix.com.au:80/allabout/artist/3631/Wicked_Beat_Sound_System","20080516115132","200"
"http://www.inthemix.com.au:80/allabout/artist/3646/Ozzy","20080203001623","200"
"http://www.inthemix.com.au:80/allabout/artist/36554/Miles_Junior","20080408112826","200"
"http://www.inthemix.com.au:80/allabout/artist/36657/Syn","20080529203516","200"
"http://www.inthemix.com.au:80/allabout/artist/36711/Dj_Sebastian","20080422232410","200"
"http://www.inthemix.com.au:80/allabout/artist/3674/PTY_LTD","20080217221827","200"
"http://www.inthemix.com.au:80/allabout/artist/3674/secure-au.imrworldwide.com/","20080603055704","200"
"http://www.inthemix.com.au:80/allabout/artist/3674/text=%C2%A0Adelaide;url=/forum/forumdisplay.php?forumid=5;","20080602041230","200"
"http://www.inthemix.com.au:80/allabout/artist/3674/text=%C2%A0Adelaide;url=/gallery/?city=5;;status=Adelaide;separatorsize=1","20080603055706","200"
"http://www.inthemix.com.au:80/allabout/artist/3674/text=%C2%A0Adelaide;url=/whatson/?city=5;;status=Adelaide;separatorsize=1","20080602041236","200"
"http://www.inthemix.com.au:80/allabout/artist/3674/text=%C2%A0Breaks;url=/forum/forumdisplay.php?forumid=31;","20080603055713","200"
"http://www.inthemix.com.au:80/allabout/artist/3674/text=%C2%A0Brisbane;url=/gallery/?city=4;;status=Brisbane;separatorsize=1","20080603055724","200"
"http://www.inthemix.com.au:80/allabout/artist/3674/text=%C2%A0Brisbane;url=/whatson/?city=4;;status=Brisbane;separatorsize=1","20080602041239","200"
"http://www.inthemix.com.au:80/allabout/artist/3674/text=%C2%A0Canberra;url=/forum/forumdisplay.php?forumid=3;","20080603062344","200"
"http://www.inthemix.com.au:80/allabout/artist/3674/text=%C2%A0Canberra;url=/gallery/?city=3;;status=Canberra;separatorsize=1","20080602041244","200"
"http://www.inthemix.com.au:80/allabout/artist/3674/text=%C2%A0Canberra;url=/whatson/?city=3;;status=Canberra;separatorsize=1","20080602041248","200"
"http://www.inthemix.com.au:80/allabout/artist/3674/text=%C2%A0General;url=/forum/forumdisplay.php?forumid=10;","20080602041254","200"
"http://www.inthemix.com.au:80/allabout/artist/3674/text=%C2%A0House;url=/forum/forumdisplay.php?forumid=30;","20080603055726","200"
"http://www.inthemix.com.au:80/allabout/artist/3674/text=%C2%A0Ibiza;url=/forum/forumdisplay.php?forumid=66;","20080602041259","200"
"http://www.inthemix.com.au:80/allabout/artist/3674/text=%C2%A0Lifestyle;url=/forum/forumdisplay.php?forumid=23;","20080603062349","200"
"http://www.inthemix.com.au:80/allabout/artist/3674/text=%C2%A0Melbourne;url=/forum/forumdisplay.php?forumid=2;","20080603055733","200"
"http://www.inthemix.com.au:80/allabout/artist/3674/text=%C2%A0Melbourne;url=/gallery/?city=2;;status=Melbourne;separatorsize=1","20080602041304","200"
"http://www.inthemix.com.au:80/allabout/artist/3674/text=%C2%A0Melbourne;url=/whatson/?city=2;;status=Melbourne;separatorsize=1","20080603055735","200"
"http://www.inthemix.com.au:80/allabout/artist/3674/text=%C2%A0Perth;url=/forum/forumdisplay.php?forumid=6;","20080603055741","200"
"http://www.inthemix.com.au:80/allabout/artist/3674/text=%C2%A0Perth;url=/gallery/?city=6;;status=Perth;separatorsize=1","20080603055746","200"
"http://www.inthemix.com.au:80/allabout/artist/3674/text=%C2%A0Perth;url=/whatson/?city=6;;status=Perth;separatorsize=1","20080603055751","200"
"http://www.inthemix.com.au:80/allabout/artist/3674/text=%C2%A0Photography;url=/forum/forumdisplay.php?forumid=61;","20080602041309","200"
"http://www.inthemix.com.au:80/allabout/artist/3674/text=%C2%A0Progressive;url=/forum/forumdisplay.php?forumid=36;","20080603062353","200"
"http://www.inthemix.com.au:80/allabout/artist/3674/text=%C2%A0Sydney;url=/forum/forumdisplay.php?forumid=1;","20080602041314","200"
"http://www.inthemix.com.au:80/allabout/artist/3674/text=%C2%A0Sydney;url=/gallery/?city=1;;status=Sydney;separatorsize=1","20080602041319","200"
"http://www.inthemix.com.au:80/allabout/artist/3674/text=%C2%A0Sydney;url=/whatson/?city=1;;status=Sydney;separatorsize=1","20080602041324","200"
"http://www.inthemix.com.au:80/allabout/artist/36755/Sounds_On_Sunday","20080323131949","200"
"http://www.inthemix.com.au:80/allabout/artist/3695/4_Strings","20080313182232","200"
"http://www.inthemix.com.au:80/allabout/artist/370/Lisa_Lashes","20080217221832","200"
"http://www.inthemix.com.au:80/allabout/artist/37020/Menis","20080319112837","200"
"http://www.inthemix.com.au:80/allabout/artist/37059/Andee_Frost","20080225081821","200"
"http://www.inthemix.com.au:80/allabout/artist/37090/Gaz_West","20080417013355","200"
"http://www.inthemix.com.au:80/allabout/artist/3711/Cameron_OShea","20080125215546","200"
"http://www.inthemix.com.au:80/allabout/artist/3724/Vinyl_Slingers","20080311194057","200"
"http://www.inthemix.com.au:80/allabout/artist/3733/Nicky_Siano","20080218004755","200"
"http://www.inthemix.com.au:80/allabout/artist/3735/Ed_Rush","20080226200240","200"
"http://www.inthemix.com.au:80/allabout/artist/37408/Dazed_Flawlezz","20080201015734","200"
"http://www.inthemix.com.au:80/allabout/artist/37520/The_Optimen","20080323041344","200"
"http://www.inthemix.com.au:80/allabout/artist/37527/Gavin_Keitel","20080423124119","200"
"http://www.inthemix.com.au:80/allabout/artist/3771/Luke_Solomon","20080415003526","200"
"http://www.inthemix.com.au:80/allabout/artist/3774/Chia","20080305040739","200"
"http://www.inthemix.com.au:80/allabout/artist/378/Dave_Clarke","20080408144241","200"
"http://www.inthemix.com.au:80/allabout/artist/37806/Nycon","20080321113416","200"
"http://www.inthemix.com.au:80/allabout/artist/379/Carl_Cox","20080223071319","200"
"http://www.inthemix.com.au:80/allabout/artist/3804/Cypress_Hill","20080218063417","200"
"http://www.inthemix.com.au:80/allabout/artist/3804/secure-au.imrworldwide.com/","20080127193509","200"
"http://www.inthemix.com.au:80/allabout/artist/3808/John_Digweed","20080301233133","200"
"http://www.inthemix.com.au:80/allabout/artist/3808/secure-au.imrworldwide.com/","20080303184940","200"
"http://www.inthemix.com.au:80/allabout/artist/3815/Slade","20080319112842","200"
"http://www.inthemix.com.au:80/allabout/artist/3828/Kenny_L","20080326184929","200"
"http://www.inthemix.com.au:80/allabout/artist/38634/Casual_Projects","20080127203632","200"
"http://www.inthemix.com.au:80/allabout/artist/38639/Seymour_Buttz","20080218005508","200"
"http://www.inthemix.com.au:80/allabout/artist/38659/Electroholics","20080313090130","200"
"http://www.inthemix.com.au:80/allabout/artist/38840/Shamozle","20080325175150","200"
"http://www.inthemix.com.au:80/allabout/artist/3893/Micky_D","20080615030606","200"
"http://www.inthemix.com.au:80/allabout/artist/38936/Mason","20080202045120","200"
"http://www.inthemix.com.au:80/allabout/artist/39005/Dj_Nacho_Pop","20080619022106","200"
"http://www.inthemix.com.au:80/allabout/artist/39018/Loki","20080511204203","200"
"http://www.inthemix.com.au:80/allabout/artist/39022/Lonsdale","20080319114551","200"
"http://www.inthemix.com.au:80/allabout/artist/39211/Bonebreaker","20080528143109","200"
"http://www.inthemix.com.au:80/allabout/artist/39262/Dada","20080319112847","200"
"http://www.inthemix.com.au:80/allabout/artist/3929/Josh_Wink","20080223075259","200"
"http://www.inthemix.com.au:80/allabout/artist/3937/Synik","20080208232621","200"
"http://www.inthemix.com.au:80/allabout/artist/3939/Alexander_Technique","20080125215551","200"
"http://www.inthemix.com.au:80/allabout/artist/3940/DJ_Tom","20080205042313","200"
"http://www.inthemix.com.au:80/allabout/artist/3949/Katonic","20080615205921","200"
"http://www.inthemix.com.au:80/allabout/artist/3961/Richie_Hawtin","20080317005341","200"
"http://www.inthemix.com.au:80/allabout/artist/3971/Greg_Churchill","20080408112831","200"
"http://www.inthemix.com.au:80/allabout/artist/3972/John_Acquaviva","20080628075641","200"
"http://www.inthemix.com.au:80/allabout/artist/3974/Jamie_Lloyd","20080213050145","200"
"http://www.inthemix.com.au:80/allabout/artist/39883/Dr_Fil","20080408112835","200"
"http://www.inthemix.com.au:80/allabout/artist/399/Mallorca_Lee","20080226200243","200"
"http://www.inthemix.com.au:80/allabout/artist/3996/Mark_Murphy","20080422232417","200"
"http://www.inthemix.com.au:80/allabout/artist/400/David_Forbes","20080226200248","200"
"http://www.inthemix.com.au:80/allabout/artist/4000/Toby_Neal","20080423124130","200"
"http://www.inthemix.com.au:80/allabout/artist/40019/Bumblebeez","20080201015740","200"
"http://www.inthemix.com.au:80/allabout/artist/4006/Matt_Darey","20080711135450","200"
"http://www.inthemix.com.au:80/allabout/artist/401/UltraSonic","20080522132558","200"
"http://www.inthemix.com.au:80/allabout/artist/40111/Psyanide","20080127193513","200"
"http://www.inthemix.com.au:80/allabout/artist/4018/Papa_Smurf","20080311180448","200"
"http://www.inthemix.com.au:80/allabout/artist/4023/KOscillate","20080522132604","200"
"http://www.inthemix.com.au:80/allabout/artist/40263/John_Oo_Fleming","20080531034639","200"
"http://www.inthemix.com.au:80/allabout/artist/4027/Dave_Pham","20080223160625","200"
"http://www.inthemix.com.au:80/allabout/artist/40288/Nothing","20080429212641","200"
"http://www.inthemix.com.au:80/allabout/artist/4043/Nathan_G","20080218102902","200"
"http://www.inthemix.com.au:80/allabout/artist/4058/UKNY","20080311003411","200"
"http://www.inthemix.com.au:80/allabout/artist/4059/Holly_James","20080311003415","200"
"http://www.inthemix.com.au:80/allabout/artist/406/Ali_B","20080223075306","200"
"http://www.inthemix.com.au:80/allabout/artist/40622/Ryan_Lazy","20080307084203","200"
"http://www.inthemix.com.au:80/allabout/artist/408/Adam_Kelly","20080213152029","200"
"http://www.inthemix.com.au:80/allabout/artist/4089/Dave_Malcolm","20080531034645","200"
"http://www.inthemix.com.au:80/allabout/artist/4094/Nervous","20080305015644","200"
"http://www.inthemix.com.au:80/allabout/artist/410/Craig_McWhinney","20080323130442","200"
"http://www.inthemix.com.au:80/allabout/artist/4101/Luke_Psywalker","20080610170345","200"
"http://www.inthemix.com.au:80/allabout/artist/4102/Franny","20080408112841","200"
"http://www.inthemix.com.au:80/allabout/artist/41026/Pohetikut","20080124183303","200"
"http://www.inthemix.com.au:80/allabout/artist/41139/Mike_Felks","20080127193518","200"
"http://www.inthemix.com.au:80/allabout/artist/41330/Silent_Disco","20080327120401","200"
"http://www.inthemix.com.au:80/allabout/artist/4138/James_Taylor","20080323134411","200"
"http://www.inthemix.com.au:80/allabout/artist/415/2manydjs","20080422232423","200"
"http://www.inthemix.com.au:80/allabout/artist/41537/Skb","20080619022112","200"
"http://www.inthemix.com.au:80/allabout/artist/41692/RobKAY","20080429212645","200"
"http://www.inthemix.com.au:80/allabout/artist/41991/DJ_Sanchez","20080205042317","200"
"http://www.inthemix.com.au:80/allabout/artist/42073/Xavier_Rudd","20080127201239","200"
"http://www.inthemix.com.au:80/allabout/artist/42283/Various","20080307115553","200"
"http://www.inthemix.com.au:80/allabout/artist/4235/Ade_Fenton","20080229165600","200"
"http://www.inthemix.com.au:80/allabout/artist/42382/Atonix","20080522132608","200"
"http://www.inthemix.com.au:80/allabout/artist/42383/Mr_Peculiar","20080511204210","200"
"http://www.inthemix.com.au:80/allabout/artist/4243/National_Pornographic","20080623065737","200"
"http://www.inthemix.com.au:80/allabout/artist/4254/Grandmaster_Flash","20080323125958","200"
"http://www.inthemix.com.au:80/allabout/artist/4261/Escha","20080423112656","200"
"http://www.inthemix.com.au:80/allabout/artist/42622/Lyndon","20080319083551","200"
"http://www.inthemix.com.au:80/allabout/artist/4269/Luke_Fair","20080223075310","200"
"http://www.inthemix.com.au:80/allabout/artist/4270/Desyn_Masiello","20080201015745","200"
"http://www.inthemix.com.au:80/allabout/artist/4270/secure-au.imrworldwide.com/","20080408112847","200"
"http://www.inthemix.com.au:80/allabout/artist/4287/Deadly_Avenger","20080125215559","200"
"http://www.inthemix.com.au:80/allabout/artist/43114/Peter_Didjital","20080125034656","200"
"http://www.inthemix.com.au:80/allabout/artist/43114/secure-au.imrworldwide.com/","20080225081825","200"
"http://www.inthemix.com.au:80/allabout/artist/43118/Minilogue","20080207195323","200"
"http://www.inthemix.com.au:80/allabout/artist/435/Ben_Cromack","20080223075316","200"
"http://www.inthemix.com.au:80/allabout/artist/436/Boogs","20080311194103","200"
"http://www.inthemix.com.au:80/allabout/artist/4363/Astrix","20080213145905","200"
"http://www.inthemix.com.au:80/allabout/artist/4386/DJ_Meera","20080615205936","200"
"http://www.inthemix.com.au:80/allabout/artist/43927/Jason_Morely","20080303084704","200"
"http://www.inthemix.com.au:80/allabout/artist/44001/Shamus","20080229121440","200"
"http://www.inthemix.com.au:80/allabout/artist/44009/Colonel_Mustard","20080203001628","200"
"http://www.inthemix.com.au:80/allabout/artist/44020/yoshi","20080205042322","200"
"http://www.inthemix.com.au:80/allabout/artist/4403/Kojak","20080213131448","200"
"http://www.inthemix.com.au:80/allabout/artist/4403/secure-au.imrworldwide.com/","20080214214754","200"
"http://www.inthemix.com.au:80/allabout/artist/44060/Carlos_Zarate","20080219122634","200"
"http://www.inthemix.com.au:80/allabout/artist/44139/Who_Made_Who","20080404182406","200"
"http://www.inthemix.com.au:80/allabout/artist/44140/Goodwill","20080229121445","200"
"http://www.inthemix.com.au:80/allabout/artist/44144/James_Taylor","20080223160628","200"
"http://www.inthemix.com.au:80/allabout/artist/44330/Pollyphonic","20080626222614","200"
"http://www.inthemix.com.au:80/allabout/artist/4434/Jason_Nevins","20080212234352","200"
"http://www.inthemix.com.au:80/allabout/artist/44623/Dada_Stream","20080626222618","200"
"http://www.inthemix.com.au:80/allabout/artist/44654/Arbor","20080305070504","200"
"http://www.inthemix.com.au:80/allabout/artist/44667/Guests","20080603032157","200"
"http://www.inthemix.com.au:80/allabout/artist/44694/Da_Maestro","20080311105230","200"
"http://www.inthemix.com.au:80/allabout/artist/4480/Dave_Lee","20080531034650","200"
"http://www.inthemix.com.au:80/allabout/artist/4507/Weaver","20080205042327","200"
"http://www.inthemix.com.au:80/allabout/artist/45108/Andy_Murphy","20080202122744","200"
"http://www.inthemix.com.au:80/allabout/artist/4511/ATrak","20080224221258","200"
"http://www.inthemix.com.au:80/allabout/artist/45130/Andy_Murphy","20080202211312","200"
"http://www.inthemix.com.au:80/allabout/artist/4521/Mal_Chia","20080429205448","200"
"http://www.inthemix.com.au:80/allabout/artist/4525/Nick_T","20080303090654","200"
"http://www.inthemix.com.au:80/allabout/artist/4536/Sister_Bliss","20080315204742","200"
"http://www.inthemix.com.au:80/allabout/artist/4538/Sven_Vath","20080404171446","200"
"http://www.inthemix.com.au:80/allabout/artist/45493/Solead","20080207195332","200"
"http://www.inthemix.com.au:80/allabout/artist/4558/Liquid_M","20080313180952","200"
"http://www.inthemix.com.au:80/allabout/artist/4566/Astral_Projection","20080411071938","200"
"http://www.inthemix.com.au:80/allabout/artist/45883/DJ_Mehdi","20080202045125","200"
"http://www.inthemix.com.au:80/allabout/artist/4601/Beat_Chuggers","20080415124216","200"
"http://www.inthemix.com.au:80/allabout/artist/4602/Eric_Clapton","20080415124814","200"
"http://www.inthemix.com.au:80/allabout/artist/4627/Phoenix","20080311170305","200"
"http://www.inthemix.com.au:80/allabout/artist/4644/Andrew_Haig","20080214204506","200"
"http://www.inthemix.com.au:80/allabout/artist/46455/Nick_Foley","20080408144245","200"
"http://www.inthemix.com.au:80/allabout/artist/465/Ali_McGregor","20080411114950","200"
"http://www.inthemix.com.au:80/allabout/artist/46731/george_kristopher","20080217221836","200"
"http://www.inthemix.com.au:80/allabout/artist/4674/Fragma","20080326184933","200"
"http://www.inthemix.com.au:80/allabout/artist/4687/Alex_K","20080528143116","200"
"http://www.inthemix.com.au:80/allabout/artist/46927/FLP","20080529215726","200"
"http://www.inthemix.com.au:80/allabout/artist/4697/Jewelz","20080305073522","200"
"http://www.inthemix.com.au:80/allabout/artist/4698/Toecutter","20080606053452","200"
"http://www.inthemix.com.au:80/allabout/artist/4706/Benza","20080127202334","200"
"http://www.inthemix.com.au:80/allabout/artist/4713/Chrysler","20080229090915","200"
"http://www.inthemix.com.au:80/allabout/artist/4714/Dr_Motte","20080229090920","200"
"http://www.inthemix.com.au:80/allabout/artist/4730/Switch","20080201015750","200"
"http://www.inthemix.com.au:80/allabout/artist/4731/Grooverider","20080207234610","200"
"http://www.inthemix.com.au:80/allabout/artist/4738/Wish","20080125215602","200"
"http://www.inthemix.com.au:80/allabout/artist/4739/Armee","20080319112852","200"
"http://www.inthemix.com.au:80/allabout/artist/4751/Lyrical_Commission","20080414201139","200"
"http://www.inthemix.com.au:80/allabout/artist/4751/secure-au.imrworldwide.com/","20080416181129","200"
"http://www.inthemix.com.au:80/allabout/artist/47715/Generik","20080503043628","200"
"http://www.inthemix.com.au:80/allabout/artist/4772/Dyewitness","20080321150434","200"
"http://www.inthemix.com.au:80/allabout/artist/4783/Technasia","20080219141341","200"
"http://www.inthemix.com.au:80/allabout/artist/4789/JDS","20080223075324","200"
"http://www.inthemix.com.au:80/allabout/artist/4806/Dallas_Raft","20080223160634","200"
"http://www.inthemix.com.au:80/allabout/artist/481/Regal","20080226200254","200"
"http://www.inthemix.com.au:80/allabout/artist/48114/Van_Damage","20080611101131","200"
"http://www.inthemix.com.au:80/allabout/artist/482/Toon","20080127202338","200"
"http://www.inthemix.com.au:80/allabout/artist/4824/MPK","20080201015755","200"
"http://www.inthemix.com.au:80/allabout/artist/4828/De_La_Soul","20080218010605","200"
"http://www.inthemix.com.au:80/allabout/artist/4833/ATFC","20080127202343","200"
"http://www.inthemix.com.au:80/allabout/artist/4864/Slieker","20080203001633","200"
"http://www.inthemix.com.au:80/allabout/artist/4866/DJ_Krush","20080224080740","200"
"http://www.inthemix.com.au:80/allabout/artist/48854/Lisa_D","20080127201242","200"
"http://www.inthemix.com.au:80/allabout/artist/48884/Dj_Archie_Scratching","20080203085847","200"
"http://www.inthemix.com.au:80/allabout/artist/48997/Chico","20080127193523","200"
"http://www.inthemix.com.au:80/allabout/artist/49118/Above_and_Beyond","20080607190557","200"
"http://www.inthemix.com.au:80/allabout/artist/49119/Joachim_Garraud","20080223075329","200"
"http://www.inthemix.com.au:80/allabout/artist/493/Raja_Ram","20080307082634","200"
"http://www.inthemix.com.au:80/allabout/artist/494/Salmonella_Dub","20080307174308","200"
"http://www.inthemix.com.au:80/allabout/artist/495/Sonkite","20080207195337","200"
"http://www.inthemix.com.au:80/allabout/artist/49538/Battles","20080213083537","200"
"http://www.inthemix.com.au:80/allabout/artist/49538/secure-au.imrworldwide.com/","20080417010657","200"
"http://www.inthemix.com.au:80/allabout/artist/49538/text=%C2%A0Adelaide;url=/forum/forumdisplay.php?forumid=5;","20080417001053","200"
"http://www.inthemix.com.au:80/allabout/artist/49538/text=%C2%A0Adelaide;url=/gallery/?city=5;;status=Adelaide;separatorsize=1","20080417003946","200"
"http://www.inthemix.com.au:80/allabout/artist/49538/text=%C2%A0Adelaide;url=/whatson/?city=5;;status=Adelaide;separatorsize=1","20080417013400","200"
"http://www.inthemix.com.au:80/allabout/artist/49538/text=%C2%A0Breaks;url=/forum/forumdisplay.php?forumid=31;","20080416235029","200"
"http://www.inthemix.com.au:80/allabout/artist/49538/text=%C2%A0Brisbane;url=/gallery/?city=4;;status=Brisbane;separatorsize=1","20080416201010","200"
"http://www.inthemix.com.au:80/allabout/artist/49538/text=%C2%A0Brisbane;url=/whatson/?city=4;;status=Brisbane;separatorsize=1","20080417013404","200"
"http://www.inthemix.com.au:80/allabout/artist/49538/text=%C2%A0Canberra;url=/forum/forumdisplay.php?forumid=3;","20080416181136","200"
"http://www.inthemix.com.au:80/allabout/artist/49538/text=%C2%A0Canberra;url=/gallery/?city=3;;status=Canberra;separatorsize=1","20080416235034","200"
"http://www.inthemix.com.au:80/allabout/artist/49538/text=%C2%A0Canberra;url=/whatson/?city=3;;status=Canberra;separatorsize=1","20080417002052","200"
"http://www.inthemix.com.au:80/allabout/artist/49538/text=%C2%A0General;url=/forum/forumdisplay.php?forumid=10;","20080417002057","200"
"http://www.inthemix.com.au:80/allabout/artist/49538/text=%C2%A0House;url=/forum/forumdisplay.php?forumid=30;","20080416201013","200"
"http://www.inthemix.com.au:80/allabout/artist/49538/text=%C2%A0Ibiza;url=/forum/forumdisplay.php?forumid=66;","20080416193712","200"
"http://www.inthemix.com.au:80/allabout/artist/49538/text=%C2%A0Lifestyle;url=/forum/forumdisplay.php?forumid=23;","20080417002103","200"
"http://www.inthemix.com.au:80/allabout/artist/49538/text=%C2%A0Melbourne;url=/forum/forumdisplay.php?forumid=2;","20080416235039","200"
"http://www.inthemix.com.au:80/allabout/artist/49538/text=%C2%A0Melbourne;url=/gallery/?city=2;;status=Melbourne;separatorsize=1","20080417001057","200"
"http://www.inthemix.com.au:80/allabout/artist/49538/text=%C2%A0Melbourne;url=/whatson/?city=2;;status=Melbourne;separatorsize=1","20080416193726","200"
"http://www.inthemix.com.au:80/allabout/artist/49538/text=%C2%A0Perth;url=/forum/forumdisplay.php?forumid=6;","20080417013409","200"
"http://www.inthemix.com.au:80/allabout/artist/49538/text=%C2%A0Perth;url=/gallery/?city=6;;status=Perth;separatorsize=1","20080417013414","200"
"http://www.inthemix.com.au:80/allabout/artist/49538/text=%C2%A0Perth;url=/whatson/?city=6;;status=Perth;separatorsize=1","20080416193728","200"
"http://www.inthemix.com.au:80/allabout/artist/49538/text=%C2%A0Photography;url=/forum/forumdisplay.php?forumid=61;","20080417001102","200"
"http://www.inthemix.com.au:80/allabout/artist/49538/text=%C2%A0Progressive;url=/forum/forumdisplay.php?forumid=36;","20080417002107","200"
"http://www.inthemix.com.au:80/allabout/artist/49538/text=%C2%A0Sydney;url=/forum/forumdisplay.php?forumid=1;","20080417010702","200"
"http://www.inthemix.com.au:80/allabout/artist/49538/text=%C2%A0Sydney;url=/gallery/?city=1;;status=Sydney;separatorsize=1","20080417013420","200"
"http://www.inthemix.com.au:80/allabout/artist/49538/text=%C2%A0Sydney;url=/whatson/?city=1;;status=Sydney;separatorsize=1","20080416234144","200"
"http://www.inthemix.com.au:80/allabout/artist/49538/text=%C2%A0Tickets;url=/shop/customer/home.php?cat=249;;separatorsize=1","20080416193734","200"
"http://www.inthemix.com.au:80/allabout/artist/49570/Johno","20080403135536","200"
"http://www.inthemix.com.au:80/allabout/artist/49572/MC_Styles","20080511200845","200"
"http://www.inthemix.com.au:80/allabout/artist/49588/D12","20080319112857","200"
"http://www.inthemix.com.au:80/allabout/artist/49895/Kid_Kenobi_MC_Shureshock","20080629080714","200"
"http://www.inthemix.com.au:80/allabout/artist/49916/Chubbs_Delux","20080313090134","200"
"http://www.inthemix.com.au:80/allabout/artist/49948/Tantric","20080205042332","200"
"http://www.inthemix.com.au:80/allabout/artist/49962/Archie","20080203085854","200"
"http://www.inthemix.com.au:80/allabout/artist/49971/Czar","20080317083101","200"
"http://www.inthemix.com.au:80/allabout/artist/500/Freestylers","20080224222724","200"
"http://www.inthemix.com.au:80/allabout/artist/500/secure-au.imrworldwide.com/","20080307171217","200"
"http://www.inthemix.com.au:80/allabout/artist/50072/Fergus_Alexander","20080303011917","200"
"http://www.inthemix.com.au:80/allabout/artist/50072/secure-au.imrworldwide.com/","20080305070509","200"
"http://www.inthemix.com.au:80/allabout/artist/5015/Dr_Willis","20080416201022","200"
"http://www.inthemix.com.au:80/allabout/artist/50172/Captain_Franco","20080602041329","200"
"http://www.inthemix.com.au/allabout/artist/50174/Aloe_Blacc","20080704121745","200"
"http://www.inthemix.com.au:80/allabout/artist/50178/Jonty_Scrufff","20080414120227","200"
"http://www.inthemix.com.au:80/allabout/artist/50200/Play_Paul","20080208232627","200"
"http://www.inthemix.com.au:80/allabout/artist/50226/Eddie_Thoneick","20080511204219","200"
"http://www.inthemix.com.au:80/allabout/artist/50227/Kurd_Maverick","20080511201455","200"
"http://www.inthemix.com.au:80/allabout/artist/50265/DJ_Staen_1","20080205042538","200"
"http://www.inthemix.com.au:80/allabout/artist/50276/Andromeda","20080207201348","200"
"http://www.inthemix.com.au:80/allabout/artist/50286/Herman","20080319114556","200"
"http://www.inthemix.com.au:80/allabout/artist/50293/Lily_Allen","20080221092307","200"
"http://www.inthemix.com.au:80/allabout/artist/5031/Signal_Drivers","20080613175336","200"
"http://www.inthemix.com.au:80/allabout/artist/50335/Murray_Antill","20080321113841","200"
"http://www.inthemix.com.au:80/allabout/artist/50345/Matttt","20080203085858","200"
"http://www.inthemix.com.au:80/allabout/artist/50417/secure-au.imrworldwide.com/","20080309064807","200"
"http://www.inthemix.com.au:80/allabout/artist/50417/teenagersintokyo","20080206023716","200"
"http://www.inthemix.com.au:80/allabout/artist/5047/Ivan_Gough","20080303184944","200"
"http://www.inthemix.com.au:80/allabout/artist/50578/Mike_Nichol","20080311191714","200"
"http://www.inthemix.com.au:80/allabout/artist/50613/Johnny_Gleeson","20080629120948","200"
"http://www.inthemix.com.au:80/allabout/artist/50643/Dr_Octagon","20080125215607","200"
"http://www.inthemix.com.au:80/allabout/artist/50746/KrisKo","20080213050147","200"
"http://www.inthemix.com.au:80/allabout/artist/50751/The_Last_Kinection","20080315151341","200"
"http://www.inthemix.com.au:80/allabout/artist/50784/Dopamine","20080417003950","200"
"http://www.inthemix.com.au:80/allabout/artist/50785/Diistortiion","20080125215613","200"
"http://www.inthemix.com.au:80/allabout/artist/50821/James_Stenner","20080321114250","200"
"http://www.inthemix.com.au:80/allabout/artist/50889/Loose_Screwz","20080125215617","200"
"http://www.inthemix.com.au:80/allabout/artist/50906/Patrick_Carrera","20080213011357","200"
"http://www.inthemix.com.au:80/allabout/artist/50996/SomeFreak","20080503224923","200"
"http://www.inthemix.com.au:80/allabout/artist/510/Blaze","20080408115847","200"
"http://www.inthemix.com.au:80/allabout/artist/51092/Noodles_Noel_Boogie","20080415124221","200"
"http://www.inthemix.com.au:80/allabout/artist/51114/Phil_Toke","20080225081252","200"
"http://www.inthemix.com.au:80/allabout/artist/51132/DJ_David_L","20080309051458","200"
"http://www.inthemix.com.au:80/allabout/artist/51136/Chris_Lake","20080214180209","200"
"http://www.inthemix.com.au:80/allabout/artist/51136/secure-au.imrworldwide.com/","20080217221842","200"
"http://www.inthemix.com.au:80/allabout/artist/512/John_00_Fleming","20080514145950","200"
"http://www.inthemix.com.au:80/allabout/artist/51202/John_Course","20080125215622","200"
"http://www.inthemix.com.au:80/allabout/artist/51203/Deckz","20080309051504","200"
"http://www.inthemix.com.au:80/allabout/artist/51235/carmen_jones","20080125215627","200"
"http://www.inthemix.com.au:80/allabout/artist/51313/JZone","20080614151345","200"
"http://www.inthemix.com.au:80/allabout/artist/51314/Johnny_Mac","20080203001638","200"
"http://www.inthemix.com.au:80/allabout/artist/51318/Soft_Tigers","20080204092539","200"
"http://www.inthemix.com.au:80/allabout/artist/51368/Something_with_Numbers","20080309064812","200"
"http://www.inthemix.com.au:80/allabout/artist/5137/DJ_Alligator_Project","20080313144304","200"
"http://www.inthemix.com.au:80/allabout/artist/5137/secure-au.imrworldwide.com/","20080315152445","200"
"http://www.inthemix.com.au:80/allabout/artist/5139/Scooter","20080123202518","200"
"http://www.inthemix.com.au:80/allabout/artist/51397/guido","20080125215632","200"
"http://www.inthemix.com.au:80/allabout/artist/51409/Jay_Smalls","20080131204924","200"
"http://www.inthemix.com.au:80/allabout/artist/51417/Petter","20080626131447","200"
"http://www.inthemix.com.au:80/allabout/artist/51447/Ben_Dunlop","20080305040742","200"
"http://www.inthemix.com.au:80/allabout/artist/51456/_more","20080610170348","200"
"http://www.inthemix.com.au:80/allabout/artist/51458/Krafty_Kuts","20080205042545","200"
"http://www.inthemix.com.au:80/allabout/artist/51485/Drop_the_Lime","20080303184947","200"
"http://www.inthemix.com.au:80/allabout/artist/515/Luna","20080204134452","200"
"http://www.inthemix.com.au:80/allabout/artist/5150/Silverblue","20080415124820","200"
"http://www.inthemix.com.au:80/allabout/artist/51507/traveller","20080323041349","200"
"http://www.inthemix.com.au:80/allabout/artist/51509/Jumping_Jack","20080531034654","200"
"http://www.inthemix.com.au:80/allabout/artist/51510/Scott_Richardson","20080531034659","200"
"http://www.inthemix.com.au:80/allabout/artist/51534/Petter","20080614001508","200"
"http://www.inthemix.com.au:80/allabout/artist/51545/Cadell","20080125215637","200"
"http://www.inthemix.com.au:80/allabout/artist/51553/Murat","20080229154756","200"
"http://www.inthemix.com.au:80/allabout/artist/51553/secure-au.imrworldwide.com/","20080225082509","200"
"http://www.inthemix.com.au:80/allabout/artist/51594/Bryan_Jones","20080208232631","200"
"http://www.inthemix.com.au:80/allabout/artist/516/Illya","20080208232639","200"
"http://www.inthemix.com.au:80/allabout/artist/51603/MSTRKRFT","20080315152451","200"
"http://www.inthemix.com.au:80/allabout/artist/51603/secure-au.imrworldwide.com/","20080623065743","200"
"http://www.inthemix.com.au:80/allabout/artist/51607/Illya","20080531034705","200"
"http://www.inthemix.com.au:80/allabout/artist/51611/Grant_Foley","20080321150436","200"
"http://www.inthemix.com.au:80/allabout/artist/517/Q45","20080229205858","200"
"http://www.inthemix.com.au:80/allabout/artist/51722/James_Weirick","20080605023453","200"
"http://www.inthemix.com.au:80/allabout/artist/51722/secure-au.imrworldwide.com/","20080606053455","200"
"http://www.inthemix.com.au:80/allabout/artist/51740/Gyroscope","20080205104209","200"
"http://www.inthemix.com.au:80/allabout/artist/51745/British_India","20080213081905","200"
"http://www.inthemix.com.au:80/allabout/artist/51755/Karnivool","20080205104214","200"
"http://www.inthemix.com.au:80/allabout/artist/51778/Nik_Fish","20080205042549","200"
"http://www.inthemix.com.au:80/allabout/artist/518/Ajax_Syd","20080503043633","200"
"http://www.inthemix.com.au:80/allabout/artist/518/secure-au.imrworldwide.com/","20080623065748","200"
"http://www.inthemix.com.au:80/allabout/artist/51836/Luke_Cartel","20080319112902","200"
"http://www.inthemix.com.au:80/allabout/artist/519/Goodwill","20080226022954","200"
"http://www.inthemix.com.au:80/allabout/artist/51908/Cantosis","20080321114255","200"
"http://www.inthemix.com.au:80/allabout/artist/51915/Knife_Machine","20080315153457","200"
"http://www.inthemix.com.au:80/allabout/artist/51919/Monkey_Tennis_DJs","20080213083542","200"
"http://www.inthemix.com.au:80/allabout/artist/51970/Karton","20080317083107","200"
"http://www.inthemix.com.au:80/allabout/artist/51971/Yoji_Biomehanika","20080218004800","200"
"http://www.inthemix.com.au:80/allabout/artist/51972/Fred_Baker","20080208165313","200"
"http://www.inthemix.com.au:80/allabout/artist/51983/Dirty_South","20080223075334","200"
"http://www.inthemix.com.au:80/allabout/artist/51991/Signal_Drivers","20080325074045","200"
"http://www.inthemix.com.au:80/allabout/artist/52007/Rideckulous_DJs","20080127202348","200"
"http://www.inthemix.com.au:80/allabout/artist/52016/Midnight_Juggernauts","20080315152928","200"
"http://www.inthemix.com.au/allabout/artist/52017/Damn_Arms","20080725123952","200"
"http://www.inthemix.com.au:80/allabout/artist/52022/Ahmet_Melbourne","20080229160517","200"
"http://www.inthemix.com.au:80/allabout/artist/52118/Danny_T","20080620175649","200"
"http://www.inthemix.com.au:80/allabout/artist/52188/Dubshack","20080127201250","200"
"http://www.inthemix.com.au:80/allabout/artist/52222/Sean_Kelly","20080127203637","200"
"http://www.inthemix.com.au:80/allabout/artist/52229/Logistics","20080225082515","200"
"http://www.inthemix.com.au:80/allabout/artist/52240/King_Roc","20080408123408","200"
"http://www.inthemix.com.au:80/allabout/artist/52248/Muscles","20080213050155","200"
"http://www.inthemix.com.au:80/allabout/artist/52255/DOUBLE_ROBIN","20080201015759","200"
"http://www.inthemix.com.au:80/allabout/artist/52269/Tommy_Trash","20080201204819","200"
"http://www.inthemix.com.au:80/allabout/artist/52282/TARQUIN","20080317140235","200"
"http://www.inthemix.com.au:80/allabout/artist/5229/Metro_Area","20080622200638","200"
"http://www.inthemix.com.au:80/allabout/artist/52428/The_Veronicas","20080218005513","200"
"http://www.inthemix.com.au:80/allabout/artist/52429/Augie_March","20080309051509","200"
"http://www.inthemix.com.au:80/allabout/artist/52473/Sebastian_Ingrosso","20080210023954","200"
"http://www.inthemix.com.au:80/allabout/artist/52499/Sneaky_Sound_System","20080213145450","200"
"http://www.inthemix.com.au:80/allabout/artist/52536/Table_Trash","20080610170358","200"
"http://www.inthemix.com.au:80/allabout/artist/52668/Cameron_O%E2%80%99Shea","20080531034709","200"
"http://www.inthemix.com.au:80/allabout/artist/52671/Deekline_and_Wizard","20080124005956","200"
"http://www.inthemix.com.au:80/allabout/artist/52709/Better_Days_Soundsystem","20080217221846","200"
"http://www.inthemix.com.au:80/allabout/artist/52725/Ben_Jackson","20080229161638","200"
"http://www.inthemix.com.au:80/allabout/artist/52734/Carte_Blanche","20080610170403","200"
"http://www.inthemix.com.au:80/allabout/artist/5275/DJ_Selekt","20080229123806","200"
"http://www.inthemix.com.au:80/allabout/artist/52756/DJ_Andez","20080614014109","200"
"http://www.inthemix.com.au:80/allabout/artist/52756/secure-au.imrworldwide.com/","20080614175331","200"
"http://www.inthemix.com.au:80/allabout/artist/52756/text=%C2%A0Adelaide;url=/forum/forumdisplay.php?forumid=5;","20080614175335","200"
"http://www.inthemix.com.au:80/allabout/artist/52756/text=%C2%A0Adelaide;url=/gallery/?city=5;;status=Adelaide;separatorsize=1","20080614175342","200"
"http://www.inthemix.com.au:80/allabout/artist/52756/text=%C2%A0Adelaide;url=/whatson/?city=5;;status=Adelaide;separatorsize=1","20080614175346","200"
"http://www.inthemix.com.au:80/allabout/artist/52756/text=%C2%A0Breaks;url=/forum/forumdisplay.php?forumid=31;","20080614175350","200"
"http://www.inthemix.com.au:80/allabout/artist/52756/text=%C2%A0Brisbane;url=/gallery/?city=4;;status=Brisbane;separatorsize=1","20080614175357","200"
"http://www.inthemix.com.au:80/allabout/artist/52756/text=%C2%A0Brisbane;url=/whatson/?city=4;;status=Brisbane;separatorsize=1","20080614175401","200"
"http://www.inthemix.com.au:80/allabout/artist/52756/text=%C2%A0Canberra;url=/forum/forumdisplay.php?forumid=3;","20080614175406","200"
"http://www.inthemix.com.au:80/allabout/artist/52756/text=%C2%A0Canberra;url=/gallery/?city=3;;status=Canberra;separatorsize=1","20080614175411","200"
"http://www.inthemix.com.au:80/allabout/artist/52756/text=%C2%A0Canberra;url=/whatson/?city=3;;status=Canberra;separatorsize=1","20080614175417","200"
"http://www.inthemix.com.au:80/allabout/artist/52756/text=%C2%A0General;url=/forum/forumdisplay.php?forumid=10;","20080614175423","200"
"http://www.inthemix.com.au:80/allabout/artist/52756/text=%C2%A0House;url=/forum/forumdisplay.php?forumid=30;","20080614175429","200"
"http://www.inthemix.com.au:80/allabout/artist/52756/text=%C2%A0Ibiza;url=/forum/forumdisplay.php?forumid=66;","20080614175433","200"
"http://www.inthemix.com.au:80/allabout/artist/52756/text=%C2%A0Lifestyle;url=/forum/forumdisplay.php?forumid=23;","20080614175439","200"
"http://www.inthemix.com.au:80/allabout/artist/52756/text=%C2%A0Melbourne;url=/forum/forumdisplay.php?forumid=2;","20080614175443","200"
"http://www.inthemix.com.au:80/allabout/artist/52756/text=%C2%A0Melbourne;url=/gallery/?city=2;;status=Melbourne;separatorsize=1","20080614175449","200"
"http://www.inthemix.com.au:80/allabout/artist/52756/text=%C2%A0Melbourne;url=/whatson/?city=2;;status=Melbourne;separatorsize=1","20080614175454","200"
"http://www.inthemix.com.au:80/allabout/artist/52756/text=%C2%A0Perth;url=/forum/forumdisplay.php?forumid=6;","20080614175459","200"
"http://www.inthemix.com.au:80/allabout/artist/52756/text=%C2%A0Perth;url=/gallery/?city=6;;status=Perth;separatorsize=1","20080614175504","200"
"http://www.inthemix.com.au:80/allabout/artist/52756/text=%C2%A0Perth;url=/whatson/?city=6;;status=Perth;separatorsize=1","20080614175509","200"
"http://www.inthemix.com.au:80/allabout/artist/52756/text=%C2%A0Photography;url=/forum/forumdisplay.php?forumid=61;","20080614175514","200"
"http://www.inthemix.com.au:80/allabout/artist/52756/text=%C2%A0Progressive;url=/forum/forumdisplay.php?forumid=36;","20080614175520","200"
"http://www.inthemix.com.au:80/allabout/artist/52756/text=%C2%A0Sydney;url=/forum/forumdisplay.php?forumid=1;","20080614175525","200"
"http://www.inthemix.com.au:80/allabout/artist/52756/text=%C2%A0Sydney;url=/gallery/?city=1;;status=Sydney;separatorsize=1","20080614175530","200"
"http://www.inthemix.com.au:80/allabout/artist/52756/text=%C2%A0Sydney;url=/whatson/?city=1;;status=Sydney;separatorsize=1","20080614175535","200"
"http://www.inthemix.com.au:80/allabout/artist/52785/GTR_Gareth_Emery","20080531034714","200"
"http://www.inthemix.com.au:80/allabout/artist/52786/Trix_v_Goodfella","20080531034719","200"
"http://www.inthemix.com.au:80/allabout/artist/52787/Twophat_DJ%E2%80%99S","20080531034727","200"
"http://www.inthemix.com.au:80/allabout/artist/52789/Claude_Von_Stroke","20080217174451","200"
"http://www.inthemix.com.au:80/allabout/artist/528/Sam_McEwin","20080522132619","200"
"http://www.inthemix.com.au:80/allabout/artist/52902/Supermode","20080429205452","200"
"http://www.inthemix.com.au:80/allabout/artist/52904/Tonight_Only","20080309131719","200"
"http://www.inthemix.com.au:80/allabout/artist/52996/Bjorn_Wilke","20080321051236","200"
"http://www.inthemix.com.au:80/allabout/artist/530/Luke_MCD","20080408144250","200"
"http://www.inthemix.com.au:80/allabout/artist/53002/Adam_Phillis","20080610170408","200"
"http://www.inthemix.com.au:80/allabout/artist/53013/DJ_Morry","20080131204930","200"
"http://www.inthemix.com.au:80/allabout/artist/53042/Phobia","20080127201253","200"
"http://www.inthemix.com.au:80/allabout/artist/53058/Spruce_Lee","20080522141329","200"
"http://www.inthemix.com.au:80/allabout/artist/53074/Greg_Downey","20080126212630","200"
"http://www.inthemix.com.au:80/allabout/artist/53098/Girl_Talk","20080307171219","200"
"http://www.inthemix.com.au:80/allabout/artist/5312/Tim_Sea","20080201215410","200"
"http://www.inthemix.com.au:80/allabout/artist/53135/Maco","20080503043638","200"
"http://www.inthemix.com.au:80/allabout/artist/53162/Van_She_Tech","20080423112701","200"
"http://www.inthemix.com.au:80/allabout/artist/53165/Muph_Plutonic","20080305141515","200"
"http://www.inthemix.com.au:80/allabout/artist/53185/Derek%7BK%7D","20080610000203","200"
"http://www.inthemix.com.au:80/allabout/artist/53186/Derek%7BK%7D","20080309064817","200"
"http://www.inthemix.com.au:80/allabout/artist/53187/Duke_Dumont","20080503043645","200"
"http://www.inthemix.com.au:80/allabout/artist/532/Mike_Callander","20080223160638","200"
"http://www.inthemix.com.au:80/allabout/artist/53227/The_Vandals","20080202013642","200"
"http://www.inthemix.com.au:80/allabout/artist/53246/ALove","20080221010704","200"
"http://www.inthemix.com.au:80/allabout/artist/53299/Plug_In_City","20080213083547","200"
"http://www.inthemix.com.au:80/allabout/artist/53363/Spanky_Wilson","20080129145452","200"
"http://www.inthemix.com.au:80/allabout/artist/53376/Andee_Van_Damage","20080503043649","200"
"http://www.inthemix.com.au:80/allabout/artist/53379/Uffie","20080127201258","200"
"http://www.inthemix.com.au:80/allabout/artist/53415/Andee_Van_Damage","20080311194107","200"
"http://www.inthemix.com.au:80/allabout/artist/53428/Dog_N_Duck","20080201015804","200"
"http://www.inthemix.com.au:80/allabout/artist/53436/Miles_Dyson","20080311101631","200"
"http://www.inthemix.com.au:80/allabout/artist/53449/Wax_Vandal","20080307083110","200"
"http://www.inthemix.com.au:80/allabout/artist/53486/Destroy_Disco","20080603062358","200"
"http://www.inthemix.com.au:80/allabout/artist/53493/Sarah_Blasko","20080205104219","200"
"http://www.inthemix.com.au:80/allabout/artist/535/Bexta","20080212234359","200"
"http://www.inthemix.com.au:80/allabout/artist/53523/Safari","20080329132221","200"
"http://www.inthemix.com.au:80/allabout/artist/53634/Azzido_Da_Bass","20080329125812","200"
"http://www.inthemix.com.au:80/allabout/artist/5366/Bonez","20080323035903","200"
"http://www.inthemix.com.au:80/allabout/artist/53905/Donkey_Rollers","20080311172245","200"
"http://www.inthemix.com.au:80/allabout/artist/53969/Stephan_Bodzin","20080408144256","200"
"http://www.inthemix.com.au:80/allabout/artist/5398/Simon_Coyle","20080223160645","200"
"http://www.inthemix.com.au:80/allabout/artist/54270/Pig_Dan","20080529215732","200"
"http://www.inthemix.com.au:80/allabout/artist/54314/Jowan","20080311194114","200"
"http://www.inthemix.com.au:80/allabout/artist/54443/Shlomi_Aber","20080202045131","200"
"http://www.inthemix.com.au:80/allabout/artist/54615/Pierre_Pienaar","20080309064822","200"
"http://www.inthemix.com.au:80/allabout/artist/5497/Devious","20080223224205","200"
"http://www.inthemix.com.au:80/allabout/artist/550/Uberzone","20080408144300","200"
"http://www.inthemix.com.au:80/allabout/artist/55056/Ricky_Ryan","20080201015809","200"
"http://www.inthemix.com.au:80/allabout/artist/5506/Yoji_Biomehanika","20080224110709","200"
"http://www.inthemix.com.au:80/allabout/artist/55082/secure-au.imrworldwide.com/","20080303184954","200"
"http://www.inthemix.com.au:80/allabout/artist/55082/TV_Rock","20080223075341","200"
"http://www.inthemix.com.au:80/allabout/artist/55115/we_are_you","20080522141333","200"
"http://www.inthemix.com.au:80/allabout/artist/5514/Bryan_Gee","20080627145757","200"
"http://www.inthemix.com.au:80/allabout/artist/55178/Bas_Ram","20080311171400","200"
"http://www.inthemix.com.au:80/allabout/artist/55252/Sebastien_Leger","20080223075345","200"
"http://www.inthemix.com.au:80/allabout/artist/55252/secure-au.imrworldwide.com/","20080319090111","200"
"http://www.inthemix.com.au:80/allabout/artist/55288/The_Fizz","20080615205941","200"
"http://www.inthemix.com.au:80/allabout/artist/55349/Richard_Dinsdale","20080305073528","200"
"http://www.inthemix.com.au:80/allabout/artist/55413/Klaxons","20080303183858","200"
"http://www.inthemix.com.au:80/allabout/artist/55414/New_Young_Pony_Club","20080311194118","200"
"http://www.inthemix.com.au:80/allabout/artist/5543/Mixmaster_Mike","20080622160052","200"
"http://www.inthemix.com.au:80/allabout/artist/55444/Moonbeam","20080423124144","200"
"http://www.inthemix.com.au:80/allabout/artist/55526/Lupe_Fiasco","20080229182640","200"
"http://www.inthemix.com.au:80/allabout/artist/55532/bitrok","20080603062405","200"
"http://www.inthemix.com.au:80/allabout/artist/5557/King_Unique","20080214204512","200"
"http://www.inthemix.com.au:80/allabout/artist/5557/secure-au.imrworldwide.com/","20080317145415","200"
"http://www.inthemix.com.au:80/allabout/artist/55573/James_A","20080319114601","200"
"http://www.inthemix.com.au:80/allabout/artist/55606/Sean_Tyas","20080309010214","200"
"http://www.inthemix.com.au:80/allabout/artist/5561/PUSH","20080417000153","200"
"http://www.inthemix.com.au:80/allabout/artist/55633/Gui_Boratto","20080321050553","200"
"http://www.inthemix.com.au:80/allabout/artist/55717/Noha","20080323035908","200"
"http://www.inthemix.com.au:80/allabout/artist/55897/Jon_Rundell","20080212234403","200"
"http://www.inthemix.com.au:80/allabout/artist/55950/Super8","20080208110141","200"
"http://www.inthemix.com.au:80/allabout/artist/56045/Zwicker","20080408115853","200"
"http://www.inthemix.com.au:80/allabout/artist/5609/Busdriver","20080317145420","200"
"http://www.inthemix.com.au:80/allabout/artist/5610/Ray_Wilson","20080223160648","200"
"http://www.inthemix.com.au:80/allabout/artist/56128/The_Egg","20080223075350","200"
"http://www.inthemix.com.au:80/allabout/artist/56157/Layo_Bushwacka","20080321150441","200"
"http://www.inthemix.com.au:80/allabout/artist/56295/Error_Corrective","20080127202353","200"
"http://www.inthemix.com.au:80/allabout/artist/5636/Zero_dB","20080503230813","200"
"http://www.inthemix.com.au:80/allabout/artist/56489/Terry_Ferminal","20080229160519","200"
"http://www.inthemix.com.au:80/allabout/artist/5652/Spinderella","20080127193529","200"
"http://www.inthemix.com.au:80/allabout/artist/56521/Groove_Diggerz","20080125215643","200"
"http://www.inthemix.com.au:80/allabout/artist/5654/Steve_Angello","20080218102908","200"
"http://www.inthemix.com.au:80/allabout/artist/56616/Spirit_Catcher","20080311194122","200"
"http://www.inthemix.com.au:80/allabout/artist/568/Barking_Boy","20080229182644","200"
"http://www.inthemix.com.au:80/allabout/artist/56800/Dj_Sal","20080403130928","200"
"http://www.inthemix.com.au:80/allabout/artist/56805/Joey_Riot","20080205042555","200"
"http://www.inthemix.com.au:80/allabout/artist/5682/Ashley_Feraude","20080423112706","200"
"http://www.inthemix.com.au:80/allabout/artist/5683/Cee","20080319114606","200"
"http://www.inthemix.com.au:80/allabout/artist/5684/DJ_Rush","20080214214800","200"
"http://www.inthemix.com.au:80/allabout/artist/56888/Freddie_Cruger","20080208232643","200"
"http://www.inthemix.com.au:80/allabout/artist/56975/Sander_Van_Doorn","20080223075355","200"
"http://www.inthemix.com.au:80/allabout/artist/571/Grant_Smillie","20080404174637","200"
"http://www.inthemix.com.au:80/allabout/artist/57166/The_Black_Dog","20080408115857","200"
"http://www.inthemix.com.au:80/allabout/artist/572/John_Course","20080202045136","200"
"http://www.inthemix.com.au:80/allabout/artist/57227/Dj_Duro","20080224221303","200"
"http://www.inthemix.com.au:80/allabout/artist/5733/Declan_Lee","20080607195737","200"
"http://www.inthemix.com.au:80/allabout/artist/574/PDT","20080229170648","200"
"http://www.inthemix.com.au:80/allabout/artist/57458/Richard_Durand","20080411064637","200"
"http://www.inthemix.com.au:80/allabout/artist/5746/Adam_Beyer","20080421024558","200"
"http://www.inthemix.com.au:80/allabout/artist/5746/secure-au.imrworldwide.com/","20080423112713","200"
"http://www.inthemix.com.au:80/allabout/artist/5746/text=%C2%A0Adelaide;url=/forum/forumdisplay.php?forumid=5;","20080423112716","200"
"http://www.inthemix.com.au:80/allabout/artist/5746/text=%C2%A0Adelaide;url=/gallery/?city=5;;status=Adelaide;separatorsize=1","20080423112721","200"
"http://www.inthemix.com.au:80/allabout/artist/5746/text=%C2%A0Adelaide;url=/whatson/?city=5;;status=Adelaide;separatorsize=1","20080629093702","200"
"http://www.inthemix.com.au:80/allabout/artist/5746/text=%C2%A0Breaks;url=/forum/forumdisplay.php?forumid=31;","20080423124154","200"
"http://www.inthemix.com.au:80/allabout/artist/5746/text=%C2%A0Brisbane;url=/gallery/?city=4;;status=Brisbane;separatorsize=1","20080423112726","200"
"http://www.inthemix.com.au:80/allabout/artist/5746/text=%C2%A0Brisbane;url=/whatson/?city=4;;status=Brisbane;separatorsize=1","20080423124159","200"
"http://www.inthemix.com.au:80/allabout/artist/5746/text=%C2%A0Canberra;url=/forum/forumdisplay.php?forumid=3;","20080423124204","200"
"http://www.inthemix.com.au:80/allabout/artist/5746/text=%C2%A0Canberra;url=/gallery/?city=3;;status=Canberra;separatorsize=1","20080423124209","200"
"http://www.inthemix.com.au:80/allabout/artist/5746/text=%C2%A0Canberra;url=/whatson/?city=3;;status=Canberra;separatorsize=1","20080423124214","200"
"http://www.inthemix.com.au:80/allabout/artist/5746/text=%C2%A0General;url=/forum/forumdisplay.php?forumid=10;","20080423112732","200"
"http://www.inthemix.com.au:80/allabout/artist/5746/text=%C2%A0House;url=/forum/forumdisplay.php?forumid=30;","20080423124219","200"
"http://www.inthemix.com.au:80/allabout/artist/5746/text=%C2%A0Ibiza;url=/forum/forumdisplay.php?forumid=66;","20080423124224","200"
"http://www.inthemix.com.au:80/allabout/artist/5746/text=%C2%A0Lifestyle;url=/forum/forumdisplay.php?forumid=23;","20080423124346","200"
"http://www.inthemix.com.au:80/allabout/artist/5746/text=%C2%A0Melbourne;url=/forum/forumdisplay.php?forumid=2;","20080423124356","200"
"http://www.inthemix.com.au:80/allabout/artist/5746/text=%C2%A0Melbourne;url=/gallery/?city=2;;status=Melbourne;separatorsize=1","20080423124401","200"
"http://www.inthemix.com.au:80/allabout/artist/5746/text=%C2%A0Melbourne;url=/whatson/?city=2;;status=Melbourne;separatorsize=1","20080423112737","200"
"http://www.inthemix.com.au:80/allabout/artist/5746/text=%C2%A0Perth;url=/forum/forumdisplay.php?forumid=6;","20080423124407","200"
"http://www.inthemix.com.au:80/allabout/artist/5746/text=%C2%A0Perth;url=/gallery/?city=6;;status=Perth;separatorsize=1","20080423124412","200"
"http://www.inthemix.com.au:80/allabout/artist/5746/text=%C2%A0Perth;url=/whatson/?city=6;;status=Perth;separatorsize=1","20080423124417","200"
"http://www.inthemix.com.au:80/allabout/artist/5746/text=%C2%A0Photography;url=/forum/forumdisplay.php?forumid=61;","20080423112742","200"
"http://www.inthemix.com.au:80/allabout/artist/5746/text=%C2%A0Progressive;url=/forum/forumdisplay.php?forumid=36;","20080423124422","200"
"http://www.inthemix.com.au:80/allabout/artist/5746/text=%C2%A0Sydney;url=/forum/forumdisplay.php?forumid=1;","20080423124427","200"
"http://www.inthemix.com.au:80/allabout/artist/5746/text=%C2%A0Sydney;url=/gallery/?city=1;;status=Sydney;separatorsize=1","20080423112747","200"
"http://www.inthemix.com.au:80/allabout/artist/5746/text=%C2%A0Sydney;url=/whatson/?city=1;;status=Sydney;separatorsize=1","20080423112752","200"
"http://www.inthemix.com.au:80/allabout/artist/5746/text=%C2%A0Tickets;url=/shop/customer/home.php?cat=249;;separatorsize=1","20080423112757","200"
"http://www.inthemix.com.au:80/allabout/artist/57530/Dave_Spoon","20080213081911","200"
"http://www.inthemix.com.au:80/allabout/artist/57550/Loco_Dice","20080214214805","200"
"http://www.inthemix.com.au:80/allabout/artist/5760/Kriece","20080205004543","200"
"http://www.inthemix.com.au:80/allabout/artist/57754/Julie_Mcknight","20080217221851","200"
"http://www.inthemix.com.au:80/allabout/artist/579/Elysium","20080223160657","200"
"http://www.inthemix.com.au:80/allabout/artist/57953/Eat_Static","20080207201353","200"
"http://www.inthemix.com.au:80/allabout/artist/58362/The_Aston_Shuffle","20080210023959","200"
"http://www.inthemix.com.au:80/allabout/artist/58378/The_Audio_Thieves","20080519113620","200"
"http://www.inthemix.com.au:80/allabout/artist/58440/CSS","20080213081916","200"
"http://www.inthemix.com.au:80/allabout/artist/58452/idub","20080325175156","200"
"http://www.inthemix.com.au:80/allabout/artist/58463/_more_tba","20080127202358","200"
"http://www.inthemix.com.au:80/allabout/artist/58503/Demi","20080201015814","200"
"http://www.inthemix.com.au:80/allabout/artist/58503/secure-au.imrworldwide.com/","20080423124432","200"
"http://www.inthemix.com.au:80/allabout/artist/58503/text=%C2%A0Adelaide;url=/forum/forumdisplay.php?forumid=5;","20080423124437","200"
"http://www.inthemix.com.au:80/allabout/artist/58503/text=%C2%A0Adelaide;url=/gallery/?city=5;;status=Adelaide;separatorsize=1","20080423112803","200"
"http://www.inthemix.com.au:80/allabout/artist/58503/text=%C2%A0Adelaide;url=/whatson/?city=5;;status=Adelaide;separatorsize=1","20080423124442","200"
"http://www.inthemix.com.au:80/allabout/artist/58503/text=%C2%A0Breaks;url=/forum/forumdisplay.php?forumid=31;","20080423112807","200"
"http://www.inthemix.com.au:80/allabout/artist/58503/text=%C2%A0Brisbane;url=/gallery/?city=4;;status=Brisbane;separatorsize=1","20080423112812","200"
"http://www.inthemix.com.au:80/allabout/artist/58503/text=%C2%A0Brisbane;url=/whatson/?city=4;;status=Brisbane;separatorsize=1","20080423112817","200"
"http://www.inthemix.com.au:80/allabout/artist/58503/text=%C2%A0Canberra;url=/forum/forumdisplay.php?forumid=3;","20080423124447","200"
"http://www.inthemix.com.au:80/allabout/artist/58503/text=%C2%A0Canberra;url=/gallery/?city=3;;status=Canberra;separatorsize=1","20080423112822","200"
"http://www.inthemix.com.au:80/allabout/artist/58503/text=%C2%A0Canberra;url=/whatson/?city=3;;status=Canberra;separatorsize=1","20080423112827","200"
"http://www.inthemix.com.au:80/allabout/artist/58503/text=%C2%A0General;url=/forum/forumdisplay.php?forumid=10;","20080423112832","200"
"http://www.inthemix.com.au:80/allabout/artist/58503/text=%C2%A0House;url=/forum/forumdisplay.php?forumid=30;","20080423112837","200"
"http://www.inthemix.com.au:80/allabout/artist/58503/text=%C2%A0Ibiza;url=/forum/forumdisplay.php?forumid=66;","20080423124452","200"
"http://www.inthemix.com.au:80/allabout/artist/58503/text=%C2%A0Lifestyle;url=/forum/forumdisplay.php?forumid=23;","20080423124457","200"
"http://www.inthemix.com.au:80/allabout/artist/58503/text=%C2%A0Melbourne;url=/forum/forumdisplay.php?forumid=2;","20080423124503","200"
"http://www.inthemix.com.au:80/allabout/artist/58503/text=%C2%A0Melbourne;url=/gallery/?city=2;;status=Melbourne;separatorsize=1","20080423124507","200"
"http://www.inthemix.com.au:80/allabout/artist/58503/text=%C2%A0Melbourne;url=/whatson/?city=2;;status=Melbourne;separatorsize=1","20080423112842","200"
"http://www.inthemix.com.au:80/allabout/artist/58503/text=%C2%A0Perth;url=/forum/forumdisplay.php?forumid=6;","20080423124513","200"
"http://www.inthemix.com.au:80/allabout/artist/58503/text=%C2%A0Perth;url=/gallery/?city=6;;status=Perth;separatorsize=1","20080423112848","200"
"http://www.inthemix.com.au:80/allabout/artist/58503/text=%C2%A0Perth;url=/whatson/?city=6;;status=Perth;separatorsize=1","20080423112854","200"
"http://www.inthemix.com.au:80/allabout/artist/58503/text=%C2%A0Photography;url=/forum/forumdisplay.php?forumid=61;","20080423124518","200"
"http://www.inthemix.com.au:80/allabout/artist/58503/text=%C2%A0Progressive;url=/forum/forumdisplay.php?forumid=36;","20080423124523","200"
"http://www.inthemix.com.au:80/allabout/artist/58503/text=%C2%A0Sydney;url=/forum/forumdisplay.php?forumid=1;","20080423124528","200"
"http://www.inthemix.com.au:80/allabout/artist/58503/text=%C2%A0Sydney;url=/gallery/?city=1;;status=Sydney;separatorsize=1","20080423124533","200"
"http://www.inthemix.com.au:80/allabout/artist/58503/text=%C2%A0Sydney;url=/whatson/?city=1;;status=Sydney;separatorsize=1","20080423112858","200"
"http://www.inthemix.com.au:80/allabout/artist/58503/text=%C2%A0Tickets;url=/shop/customer/home.php?cat=249;;separatorsize=1","20080423112904","200"
"http://www.inthemix.com.au:80/allabout/artist/58531/Steffan_Gooch","20080319114611","200"
"http://www.inthemix.com.au:80/allabout/artist/58680/Steffan_Gooch","20080224093107","200"
"http://www.inthemix.com.au:80/allabout/artist/587/David_Guetta","20080311122812","200"
"http://www.inthemix.com.au:80/allabout/artist/5887/Quantic_Soul_Orchestra","20080225203307","200"
"http://www.inthemix.com.au:80/allabout/artist/58938/Yuksek","20080622200641","200"
"http://www.inthemix.com.au:80/allabout/artist/5906/Robbie_Rivera","20080201015821","200"
"http://www.inthemix.com.au:80/allabout/artist/5964/Christian_Vance","20080224222726","200"
"http://www.inthemix.com.au:80/allabout/artist/5970/Mangnus_Hjelte","20080630060539","200"
"http://www.inthemix.com.au:80/allabout/artist/59705/Sascha_Funke","20080321175258","200"
"http://www.inthemix.com.au:80/allabout/artist/59706/Tomas_Andersson","20080321180126","200"
"http://www.inthemix.com.au:80/allabout/artist/59709/Feadz","20080127203641","200"
"http://www.inthemix.com.au:80/allabout/artist/59834/Robert_Henke","20080327120407","200"
"http://www.inthemix.com.au:80/allabout/artist/60235/Party_Club","20080229121455","200"
"http://www.inthemix.com.au:80/allabout/artist/6024/Jimmy_Van_M","20080421011759","200"
"http://www.inthemix.com.au:80/allabout/artist/6024/secure-au.imrworldwide.com/","20080422030353","200"
"http://www.inthemix.com.au:80/allabout/artist/6024/text=%C2%A0Adelaide;url=/forum/forumdisplay.php?forumid=5;","20080422030357","200"
"http://www.inthemix.com.au:80/allabout/artist/6024/text=%C2%A0Adelaide;url=/gallery/?city=5;;status=Adelaide;separatorsize=1","20080422030404","200"
"http://www.inthemix.com.au:80/allabout/artist/6024/text=%C2%A0Adelaide;url=/whatson/?city=5;;status=Adelaide;separatorsize=1","20080422030407","200"
"http://www.inthemix.com.au:80/allabout/artist/6024/text=%C2%A0Breaks;url=/forum/forumdisplay.php?forumid=31;","20080422030413","200"
"http://www.inthemix.com.au:80/allabout/artist/6024/text=%C2%A0Brisbane;url=/gallery/?city=4;;status=Brisbane;separatorsize=1","20080422030418","200"
"http://www.inthemix.com.au:80/allabout/artist/6024/text=%C2%A0Brisbane;url=/whatson/?city=4;;status=Brisbane;separatorsize=1","20080422030424","200"
"http://www.inthemix.com.au:80/allabout/artist/6024/text=%C2%A0Canberra;url=/forum/forumdisplay.php?forumid=3;","20080422030428","200"
"http://www.inthemix.com.au:80/allabout/artist/6024/text=%C2%A0Canberra;url=/gallery/?city=3;;status=Canberra;separatorsize=1","20080422030435","200"
"http://www.inthemix.com.au:80/allabout/artist/6024/text=%C2%A0Canberra;url=/whatson/?city=3;;status=Canberra;separatorsize=1","20080422030439","200"
"http://www.inthemix.com.au:80/allabout/artist/6024/text=%C2%A0General;url=/forum/forumdisplay.php?forumid=10;","20080422030444","200"
"http://www.inthemix.com.au:80/allabout/artist/6024/text=%C2%A0House;url=/forum/forumdisplay.php?forumid=30;","20080422030449","200"
"http://www.inthemix.com.au:80/allabout/artist/6024/text=%C2%A0Ibiza;url=/forum/forumdisplay.php?forumid=66;","20080422030455","200"
"http://www.inthemix.com.au:80/allabout/artist/6024/text=%C2%A0Lifestyle;url=/forum/forumdisplay.php?forumid=23;","20080422030459","200"
"http://www.inthemix.com.au:80/allabout/artist/6024/text=%C2%A0Melbourne;url=/forum/forumdisplay.php?forumid=2;","20080422030505","200"
"http://www.inthemix.com.au:80/allabout/artist/6024/text=%C2%A0Melbourne;url=/gallery/?city=2;;status=Melbourne;separatorsize=1","20080422030510","200"
"http://www.inthemix.com.au:80/allabout/artist/6024/text=%C2%A0Melbourne;url=/whatson/?city=2;;status=Melbourne;separatorsize=1","20080422030514","200"
"http://www.inthemix.com.au:80/allabout/artist/6024/text=%C2%A0Perth;url=/forum/forumdisplay.php?forumid=6;","20080422030519","200"
"http://www.inthemix.com.au:80/allabout/artist/6024/text=%C2%A0Perth;url=/gallery/?city=6;;status=Perth;separatorsize=1","20080422030525","200"
"http://www.inthemix.com.au:80/allabout/artist/6024/text=%C2%A0Perth;url=/whatson/?city=6;;status=Perth;separatorsize=1","20080422030530","200"
"http://www.inthemix.com.au:80/allabout/artist/6024/text=%C2%A0Photography;url=/forum/forumdisplay.php?forumid=61;","20080422030535","200"
"http://www.inthemix.com.au:80/allabout/artist/6024/text=%C2%A0Progressive;url=/forum/forumdisplay.php?forumid=36;","20080422030541","200"
"http://www.inthemix.com.au:80/allabout/artist/6024/text=%C2%A0Sydney;url=/forum/forumdisplay.php?forumid=1;","20080422030545","200"
"http://www.inthemix.com.au:80/allabout/artist/6024/text=%C2%A0Sydney;url=/gallery/?city=1;;status=Sydney;separatorsize=1","20080422030551","200"
"http://www.inthemix.com.au:80/allabout/artist/6024/text=%C2%A0Sydney;url=/whatson/?city=1;;status=Sydney;separatorsize=1","20080422030555","200"
"http://www.inthemix.com.au:80/allabout/artist/6024/text=%C2%A0Tickets;url=/shop/customer/home.php?cat=249;;separatorsize=1","20080422030601","200"
"http://www.inthemix.com.au:80/allabout/artist/60353/Save_Freaks","20080507042047","200"
"http://www.inthemix.com.au:80/allabout/artist/60394/Busy_P","20080202045140","200"
"http://www.inthemix.com.au:80/allabout/artist/60395/Pixies","20080311173857","200"
"http://www.inthemix.com.au:80/allabout/artist/60480/Danni_Bonnici","20080226200258","200"
"http://www.inthemix.com.au:80/allabout/artist/60504/Franky_G","20080305073530","200"
"http://www.inthemix.com.au:80/allabout/artist/60515/Tycotic","20080323035913","200"
"http://www.inthemix.com.au:80/allabout/artist/6052/Jori_Hulkkonen","20080610170419","200"
"http://www.inthemix.com.au:80/allabout/artist/60523/The_badger","20080201005052","200"
"http://www.inthemix.com.au:80/allabout/artist/60545/Joe_Seven","20080229090926","200"
"http://www.inthemix.com.au:80/allabout/artist/60562/Mo_Funk","20080229130436","200"
"http://www.inthemix.com.au:80/allabout/artist/6057/Jamie_Anderson","20080611190631","200"
"http://www.inthemix.com.au:80/allabout/artist/60585/Kate_Waterhouse","20080618151030","200"
"http://www.inthemix.com.au:80/allabout/artist/60585/secure-au.imrworldwide.com/","20080619022117","200"
"http://www.inthemix.com.au:80/allabout/artist/6059/Pet_Shop_Boys","20080313033837","200"
"http://www.inthemix.com.au:80/allabout/artist/60777/Danny_B","20080503043654","200"
"http://www.inthemix.com.au:80/allabout/artist/608/Biz","20080607190608","200"
"http://www.inthemix.com.au:80/allabout/artist/6081/Baby_Gee","20080127203648","200"
"http://www.inthemix.com.au:80/allabout/artist/6081/secure-au.imrworldwide.com/","20080613192031","200"
"http://www.inthemix.com.au:80/allabout/artist/60814/Fedde_La_Grand","20080206122807","200"
"http://www.inthemix.com.au:80/allabout/artist/60814/secure-au.imrworldwide.com/","20080207153225","200"
"http://www.inthemix.com.au:80/allabout/artist/60816/Fedde_La_Grand","20080204052920","200"
"http://www.inthemix.com.au:80/allabout/artist/60817/Riot_in_Beligum","20080404185633","200"
"http://www.inthemix.com.au:80/allabout/artist/60818/Fedde_La_Grand","20080223160702","200"
"http://www.inthemix.com.au:80/allabout/artist/60819/Riot_in_Beligum","20080223160707","200"
"http://www.inthemix.com.au:80/allabout/artist/60822/Splitter","20080307051018","200"
"http://www.inthemix.com.au:80/allabout/artist/60830/kid_suicide","20080311155427","200"
"http://www.inthemix.com.au:80/allabout/artist/60834/Marcelinho","20080319112907","200"
"http://www.inthemix.com.au:80/allabout/artist/609/Robbie_Lowe","20080423112911","200"
"http://www.inthemix.com.au:80/allabout/artist/60915/Far_Too_Loud","20080531034732","200"
"http://www.inthemix.com.au:80/allabout/artist/6092/Andy_Caldwell","20080307082640","200"
"http://www.inthemix.com.au:80/allabout/artist/60933/Gerry_Morales","20080213050157","200"
"http://www.inthemix.com.au:80/allabout/artist/60975/Lee","20080205042559","200"
"http://www.inthemix.com.au:80/allabout/artist/60976/Raver_Baby_Crew","20080205042605","200"
"http://www.inthemix.com.au:80/allabout/artist/60977/ReCon","20080205042610","200"
"http://www.inthemix.com.au:80/allabout/artist/60994/Blanco_Del_Sol","20080311101301","200"
"http://www.inthemix.com.au:80/allabout/artist/6100/Snoop_Dogg","20080207201359","200"
"http://www.inthemix.com.au:80/allabout/artist/611/Air","20080201013920","200"
"http://www.inthemix.com.au:80/allabout/artist/6116/Moodymann","20080129222748","200"
"http://www.inthemix.com.au:80/allabout/artist/6120/High_Contrast","20080403132805","200"
"http://www.inthemix.com.au:80/allabout/artist/6123/Cassius","20080423124540","200"
"http://www.inthemix.com.au:80/allabout/artist/61262/Marlene_Cummins","20080315154634","200"
"http://www.inthemix.com.au:80/allabout/artist/6127/SystemBot","20080223224610","200"
"http://www.inthemix.com.au:80/allabout/artist/61279/Mystic_Beats","20080226035807","200"
"http://www.inthemix.com.au:80/allabout/artist/61287/Old_Man_River","20080415003531","200"
"http://www.inthemix.com.au:80/allabout/artist/613/BT","20080317083114","200"
"http://www.inthemix.com.au:80/allabout/artist/61338/The_Crooked_Fiddle_Band","20080127203652","200"
"http://www.inthemix.com.au:80/allabout/artist/6142/Massive_Attack","20080423124544","200"
"http://www.inthemix.com.au:80/allabout/artist/6144/Joakim","20080213005129","200"
"http://www.inthemix.com.au:80/allabout/artist/6144/secure-au.imrworldwide.com/","20080127203657","200"
"http://www.inthemix.com.au:80/allabout/artist/61456/Flying_Lotus","20080307115557","200"
"http://www.inthemix.com.au:80/allabout/artist/61485/Dukey","20080127201303","200"
"http://www.inthemix.com.au:80/allabout/artist/61486/Psyllium","20080323040627","200"
"http://www.inthemix.com.au:80/allabout/artist/61490/BexXxy","20080213010721","200"
"http://www.inthemix.com.au:80/allabout/artist/61521/Bodyrox","20080603055801","200"
"http://www.inthemix.com.au:80/allabout/artist/6160/Clemy_Riley","20080722183732","200"
"http://www.inthemix.com.au:80/allabout/artist/61612/Jamie_Palmer","20080607195740","200"
"http://www.inthemix.com.au:80/allabout/artist/61624/boys_noize","20080206025708","200"
"http://www.inthemix.com.au:80/allabout/artist/61670/Tass","20080305070513","200"
"http://www.inthemix.com.au:80/allabout/artist/61675/Cadell","20080610170424","200"
"http://www.inthemix.com.au:80/allabout/artist/61678/Steve_Play","20080319112912","200"
"http://www.inthemix.com.au:80/allabout/artist/61696/Adroit_Effusive","20080205042615","200"
"http://www.inthemix.com.au:80/allabout/artist/6173/Damien_Goundrie","20080217221857","200"
"http://www.inthemix.com.au:80/allabout/artist/6175/Kasey_Taylor","20080610020504","200"
"http://www.inthemix.com.au:80/allabout/artist/6175/secure-au.imrworldwide.com/","20080610170434","200"
"http://www.inthemix.com.au:80/allabout/artist/61756/tomas_ford","20080229130437","200"
"http://www.inthemix.com.au:80/allabout/artist/61769/Oohee","20080601040204","200"
"http://www.inthemix.com.au:80/allabout/artist/61769/secure-au.imrworldwide.com/","20080602041335","200"
"http://www.inthemix.com.au:80/allabout/artist/61769/text=%C2%A0Adelaide;url=/forum/forumdisplay.php?forumid=5;","20080603032203","200"
"http://www.inthemix.com.au:80/allabout/artist/61769/text=%C2%A0Adelaide;url=/gallery/?city=5;;status=Adelaide;separatorsize=1","20080603032208","200"
"http://www.inthemix.com.au:80/allabout/artist/61769/text=%C2%A0Adelaide;url=/whatson/?city=5;;status=Adelaide;separatorsize=1","20080603032216","200"
"http://www.inthemix.com.au:80/allabout/artist/61769/text=%C2%A0Breaks;url=/forum/forumdisplay.php?forumid=31;","20080602041339","200"
"http://www.inthemix.com.au:80/allabout/artist/61769/text=%C2%A0Brisbane;url=/gallery/?city=4;;status=Brisbane;separatorsize=1","20080602041344","200"
"http://www.inthemix.com.au:80/allabout/artist/61769/text=%C2%A0Brisbane;url=/whatson/?city=4;;status=Brisbane;separatorsize=1","20080603032221","200"
"http://www.inthemix.com.au:80/allabout/artist/61769/text=%C2%A0Canberra;url=/forum/forumdisplay.php?forumid=3;","20080602041349","200"
"http://www.inthemix.com.au:80/allabout/artist/61769/text=%C2%A0Canberra;url=/gallery/?city=3;;status=Canberra;separatorsize=1","20080602041354","200"
"http://www.inthemix.com.au:80/allabout/artist/61769/text=%C2%A0Canberra;url=/whatson/?city=3;;status=Canberra;separatorsize=1","20080603032226","200"
"http://www.inthemix.com.au:80/allabout/artist/61769/text=%C2%A0General;url=/forum/forumdisplay.php?forumid=10;","20080603032231","200"
"http://www.inthemix.com.au:80/allabout/artist/61769/text=%C2%A0House;url=/forum/forumdisplay.php?forumid=30;","20080602041400","200"
"http://www.inthemix.com.au:80/allabout/artist/61769/text=%C2%A0Ibiza;url=/forum/forumdisplay.php?forumid=66;","20080602041405","200"
"http://www.inthemix.com.au:80/allabout/artist/61769/text=%C2%A0Lifestyle;url=/forum/forumdisplay.php?forumid=23;","20080603032236","200"
"http://www.inthemix.com.au:80/allabout/artist/61769/text=%C2%A0Melbourne;url=/forum/forumdisplay.php?forumid=2;","20080602041409","200"
"http://www.inthemix.com.au:80/allabout/artist/61769/text=%C2%A0Melbourne;url=/gallery/?city=2;;status=Melbourne;separatorsize=1","20080602041414","200"
"http://www.inthemix.com.au:80/allabout/artist/61769/text=%C2%A0Melbourne;url=/whatson/?city=2;;status=Melbourne;separatorsize=1","20080603032242","200"
"http://www.inthemix.com.au:80/allabout/artist/61769/text=%C2%A0Perth;url=/forum/forumdisplay.php?forumid=6;","20080602041419","200"
"http://www.inthemix.com.au:80/allabout/artist/61769/text=%C2%A0Perth;url=/gallery/?city=6;;status=Perth;separatorsize=1","20080602041424","200"
"http://www.inthemix.com.au:80/allabout/artist/61769/text=%C2%A0Perth;url=/whatson/?city=6;;status=Perth;separatorsize=1","20080603032248","200"
"http://www.inthemix.com.au:80/allabout/artist/61769/text=%C2%A0Photography;url=/forum/forumdisplay.php?forumid=61;","20080603032253","200"
"http://www.inthemix.com.au:80/allabout/artist/61769/text=%C2%A0Progressive;url=/forum/forumdisplay.php?forumid=36;","20080603032259","200"
"http://www.inthemix.com.au:80/allabout/artist/61769/text=%C2%A0Sydney;url=/forum/forumdisplay.php?forumid=1;","20080602041432","200"
"http://www.inthemix.com.au:80/allabout/artist/61769/text=%C2%A0Sydney;url=/gallery/?city=1;;status=Sydney;separatorsize=1","20080602041436","200"
"http://www.inthemix.com.au:80/allabout/artist/61769/text=%C2%A0Sydney;url=/whatson/?city=1;;status=Sydney;separatorsize=1","20080603032304","200"
"http://www.inthemix.com.au:80/allabout/artist/61790/Juztice","20080629102923","200"
"http://www.inthemix.com.au:80/allabout/artist/61794/Rene_Amesz","20080229182649","200"
"http://www.inthemix.com.au:80/allabout/artist/61923/John_Morley","20080224222731","200"
"http://www.inthemix.com.au:80/allabout/artist/6214/Freaks","20080202045146","200"
"http://www.inthemix.com.au:80/allabout/artist/62358/Kris_Menace","20080429205457","200"
"http://www.inthemix.com.au:80/allabout/artist/62427/Dardanelles","20080311191717","200"
"http://www.inthemix.com.au:80/allabout/artist/62447/ASYS","20080531065229","200"
"http://www.inthemix.com.au:80/allabout/artist/62532/Mark_Mendes","20080305073537","200"
"http://www.inthemix.com.au:80/allabout/artist/62538/Inxec","20080412005821","200"
"http://www.inthemix.com.au:80/allabout/artist/62621/Pete_Nouveau","20080303183902","200"
"http://www.inthemix.com.au:80/allabout/artist/62654/Sook","20080307124555","200"
"http://www.inthemix.com.au:80/allabout/artist/62658/DJ_Three","20080129222753","200"
"http://www.inthemix.com.au:80/allabout/artist/6278/Phantom_Beats","20080520044928","200"
"http://www.inthemix.com.au:80/allabout/artist/62827/Jesse_Rose","20080307174312","200"
"http://www.inthemix.com.au:80/allabout/artist/62847/ALC","20080610170439","200"
"http://www.inthemix.com.au:80/allabout/artist/62922/Kavinsky","20080207234615","200"
"http://www.inthemix.com.au:80/allabout/artist/6305/JHz","20080226040924","200"
"http://www.inthemix.com.au:80/allabout/artist/6319/Voitek","20080313190253","200"
"http://www.inthemix.com.au:80/allabout/artist/63239/Sebastian","20080207234620","200"
"http://www.inthemix.com.au:80/allabout/artist/63286/Ro_Sham_Bo_DJs","20080309223125","200"
"http://www.inthemix.com.au:80/allabout/artist/633/Clara_Hill","20080323182907","200"
"http://www.inthemix.com.au:80/allabout/artist/63351/Dunky","20080626111114","200"
"http://www.inthemix.com.au:80/allabout/artist/63376/The_Gossip","20080321175940","200"
"http://www.inthemix.com.au:80/allabout/artist/6367/Electric_Limosine","20080125220655","200"
"http://www.inthemix.com.au:80/allabout/artist/63712/Crazy_Ducks","20080224222735","200"
"http://www.inthemix.com.au:80/allabout/artist/63727/Jasmine","20080503224928","200"
"http://www.inthemix.com.au:80/allabout/artist/63739/Legowelt_Live","20080218011851","200"
"http://www.inthemix.com.au:80/allabout/artist/63743/veg","20080229160710","200"
"http://www.inthemix.com.au:80/allabout/artist/6379/Stevie_B","20080615030611","200"
"http://www.inthemix.com.au:80/allabout/artist/63858/DJ_JS1","20080221004931","200"
"http://www.inthemix.com.au:80/allabout/artist/63858/secure-au.imrworldwide.com/","20080225203311","200"
"http://www.inthemix.com.au:80/allabout/artist/63874/DJ_Kiz","20080423124548","200"
"http://www.inthemix.com.au:80/allabout/artist/63887/Joey_Mojo","20080213050203","200"
"http://www.inthemix.com.au:80/allabout/artist/63900/Dave_Pham","20080203001644","200"
"http://www.inthemix.com.au:80/allabout/artist/63901/Georgia_Anne_Muldrow","20080307084736","200"
"http://www.inthemix.com.au:80/allabout/artist/64254/Lindstrom","20080607195745","200"
"http://www.inthemix.com.au:80/allabout/artist/64271/Andy_Van_Damage","20080516115136","200"
"http://www.inthemix.com.au:80/allabout/artist/643/GT_Groove_Terminator","20080125220701","200"
"http://www.inthemix.com.au:80/allabout/artist/644/Poxymusic","20080208121153","200"
"http://www.inthemix.com.au:80/allabout/artist/64402/Beauty_School_Dropout","20080325082546","200"
"http://www.inthemix.com.au:80/allabout/artist/6447/Chromeo","20080307171224","200"
"http://www.inthemix.com.au:80/allabout/artist/64604/Ripperton","20080219122638","200"
"http://www.inthemix.com.au:80/allabout/artist/64651/Zooky","20080319112917","200"
"http://www.inthemix.com.au:80/allabout/artist/64728/DMak","20080203001649","200"
"http://www.inthemix.com.au:80/allabout/artist/64743/SEBASTIAN_KAVINSKY","20080221095354","200"
"http://www.inthemix.com.au:80/allabout/artist/64756/Cloudze","20080127193534","200"
"http://www.inthemix.com.au:80/allabout/artist/64827/Camille","20080303085651","200"
"http://www.inthemix.com.au:80/allabout/artist/64903/Funkagenda","20080319090115","200"
"http://www.inthemix.com.au:80/allabout/artist/65015/Acaeda","20080127202403","200"
"http://www.inthemix.com.au:80/allabout/artist/65016/Nezbit","20080127202408","200"
"http://www.inthemix.com.au:80/allabout/artist/65017/Pesky","20080127201309","200"
"http://www.inthemix.com.au:80/allabout/artist/65026/Denham_Jay","20080229160525","200"
"http://www.inthemix.com.au:80/allabout/artist/65027/Jed","20080229182655","200"
"http://www.inthemix.com.au:80/allabout/artist/65039/MC_Amy_B","20080202045150","200"
"http://www.inthemix.com.au:80/allabout/artist/6504/MC_Assassin","20080201010055","200"
"http://www.inthemix.com.au:80/allabout/artist/65044/DJ_Lyndon_Stephens","20080201005057","200"
"http://www.inthemix.com.au:80/allabout/artist/65044/secure-au.imrworldwide.com/","20080309064828","200"
"http://www.inthemix.com.au:80/allabout/artist/65052/Terrafractyl","20080127202413","200"
"http://www.inthemix.com.au:80/allabout/artist/65058/Pila","20080628080806","200"
"http://www.inthemix.com.au:80/allabout/artist/65060/secure-au.imrworldwide.com/","20080208232647","200"
"http://www.inthemix.com.au:80/allabout/artist/65060/Trent_McDermott","20080127203702","200"
"http://www.inthemix.com.au:80/allabout/artist/65063/Trent_McDermott","20080311191723","200"
"http://www.inthemix.com.au:80/allabout/artist/65087/Matty_Bang","20080226200303","200"
"http://www.inthemix.com.au:80/allabout/artist/651/Moguai","20080307084210","200"
"http://www.inthemix.com.au:80/allabout/artist/65118/Tone_def_DJs","20080205042620","200"
"http://www.inthemix.com.au:80/allabout/artist/65132/Hectic_Brain_Sitch","20080224222741","200"
"http://www.inthemix.com.au:80/allabout/artist/65173/MC_DV8","20080204134457","200"
"http://www.inthemix.com.au:80/allabout/artist/653/Sonicanimation","20080124220807","200"
"http://www.inthemix.com.au:80/allabout/artist/65404/Fedde_Le_Grand","20080317083119","200"
"http://www.inthemix.com.au:80/allabout/artist/65472/DJ_Sage1","20080619022123","200"
"http://www.inthemix.com.au:80/allabout/artist/65474/Nu_Skool_Club","20080619022129","200"
"http://www.inthemix.com.au:80/allabout/artist/65482/Liverpool_St_Bboyz","20080619022133","200"
"http://www.inthemix.com.au:80/allabout/artist/65491/Joe_Stanley","20080408123412","200"
"http://www.inthemix.com.au:80/allabout/artist/65571/Johnny_Glesson","20080319112922","200"
"http://www.inthemix.com.au:80/allabout/artist/6560/John_Devecchis","20080208232652","200"
"http://www.inthemix.com.au:80/allabout/artist/65674/Travis_Lucas","20080513230807","200"
"http://www.inthemix.com.au:80/allabout/artist/65680/Catzeyez","20080127202418","200"
"http://www.inthemix.com.au:80/allabout/artist/65712/DJ_Nothing","20080201015825","200"
"http://www.inthemix.com.au:80/allabout/artist/65752/GUnit","20080319042026","200"
"http://www.inthemix.com.au:80/allabout/artist/65756/Graham_Sinden","20080213050207","200"
"http://www.inthemix.com.au:80/allabout/artist/6576/Puff","20080319112927","200"
"http://www.inthemix.com.au:80/allabout/artist/65771/MURAT_EMERSON","20080229154801","200"
"http://www.inthemix.com.au:80/allabout/artist/65771/secure-au.imrworldwide.com/","20080224222745","200"
"http://www.inthemix.com.au:80/allabout/artist/6579/eltr0n","20080311103804","200"
"http://www.inthemix.com.au:80/allabout/artist/65792/Dr_Willis_Scott_Alert","20080602041441","200"
"http://www.inthemix.com.au:80/allabout/artist/65849/Sean_Rault","20080201015830","200"
"http://www.inthemix.com.au:80/allabout/artist/6590/Will_Saul","20080221004937","200"
"http://www.inthemix.com.au:80/allabout/artist/65906/GameboyGamegirl","20080522132644","200"
"http://www.inthemix.com.au:80/allabout/artist/65907/Mik_tha_Menace","20080208165319","200"
"http://www.inthemix.com.au:80/allabout/artist/65917/Jeanie","20080127203707","200"
"http://www.inthemix.com.au:80/allabout/artist/6593/DJ_Yoda","20080315164412","200"
"http://www.inthemix.com.au:80/allabout/artist/66021/HARIS_ROBOTIS","20080311194127","200"
"http://www.inthemix.com.au:80/allabout/artist/66022/TRIPLIX","20080311191729","200"
"http://www.inthemix.com.au:80/allabout/artist/66074/STAFFORD_BROTHERS","20080319114616","200"
"http://www.inthemix.com.au:80/allabout/artist/66077/Gerry_Morales","20080313090141","200"
"http://www.inthemix.com.au:80/allabout/artist/66104/Yoshi","20080321113846","200"
"http://www.inthemix.com.au:80/allabout/artist/66114/Imperial","20080321113851","200"
"http://www.inthemix.com.au:80/allabout/artist/66119/Shamus","20080403134707","200"
"http://www.inthemix.com.au:80/allabout/artist/66125/Johnny_Rad","20080603055806","200"
"http://www.inthemix.com.au:80/allabout/artist/66130/John_Glover","20080202013647","200"
"http://www.inthemix.com.au:80/allabout/artist/66131/Matttt","20080202013652","200"
"http://www.inthemix.com.au:80/allabout/artist/66133/Telefunken","20080127203712","200"
"http://www.inthemix.com.au:80/allabout/artist/66134/Brenden_Fing","20080319112932","200"
"http://www.inthemix.com.au:80/allabout/artist/66168/Luke_Fair","20080626235916","200"
"http://www.inthemix.com.au:80/allabout/artist/66173/Kato","20080202013658","200"
"http://www.inthemix.com.au:80/allabout/artist/66272/Anna_Lunoe","20080602041446","200"
"http://www.inthemix.com.au:80/allabout/artist/66273/Franco_Bianco","20080218013345","200"
"http://www.inthemix.com.au:80/allabout/artist/66278/James_Zabiela","20080408144305","200"
"http://www.inthemix.com.au:80/allabout/artist/66279/Surkin","20080206154427","200"
"http://www.inthemix.com.au:80/allabout/artist/66283/Minimal_Fuss_Djs","20080615205947","200"
"http://www.inthemix.com.au:80/allabout/artist/66310/Alan_Braxe_Kris_Menace","20080408115901","200"
"http://www.inthemix.com.au:80/allabout/artist/66311/Spiritcatcher_LIVE","20080408144310","200"
"http://www.inthemix.com.au:80/allabout/artist/66312/Nic_Fancuilli","20080408144315","200"
"http://www.inthemix.com.au:80/allabout/artist/66389/Mopoke","20080626222623","200"
"http://www.inthemix.com.au:80/allabout/artist/66419/MICK_ZING","20080610170449","200"
"http://www.inthemix.com.au:80/allabout/artist/66424/Simon_Patterson","20080304051811","200"
"http://www.inthemix.com.au:80/allabout/artist/66464/Dave_Maslen","20080408112851","200"
"http://www.inthemix.com.au:80/allabout/artist/66465/Dave_Pham","20080408112856","200"
"http://www.inthemix.com.au:80/allabout/artist/66519/Josh_Pyke","20080406161707","200"
"http://www.inthemix.com.au:80/allabout/artist/66522/Coops","20080226200308","200"
"http://www.inthemix.com.au:80/allabout/artist/66524/Murat","20080229154811","200"
"http://www.inthemix.com.au:80/allabout/artist/66524/secure-au.imrworldwide.com/","20080309064832","200"
"http://www.inthemix.com.au:80/allabout/artist/66579/Pete_Tongue","20080129085940","200"
"http://www.inthemix.com.au:80/allabout/artist/66579/secure-au.imrworldwide.com/","20080131184337","200"
"http://www.inthemix.com.au:80/allabout/artist/66613/Ninelives_The_Cat","20080226040929","200"
"http://www.inthemix.com.au:80/allabout/artist/66625/Broadband","20080208232658","200"
"http://www.inthemix.com.au:80/allabout/artist/66626/MoFunk","20080208232703","200"
"http://www.inthemix.com.au:80/allabout/artist/66633/Coy_Pez_Cartel","20080214180336","200"
"http://www.inthemix.com.au:80/allabout/artist/66633/secure-au.imrworldwide.com/","20080217221903","200"
"http://www.inthemix.com.au:80/allabout/artist/66639/Dj_Zannon","20080226035813","200"
"http://www.inthemix.com.au:80/allabout/artist/66639/secure-au.imrworldwide.com/","20080416193739","200"
"http://www.inthemix.com.au:80/allabout/artist/66643/Ophidian","20080127202423","200"
"http://www.inthemix.com.au:80/allabout/artist/66654/EmersonMurat","20080321114300","200"
"http://www.inthemix.com.au:80/allabout/artist/66665/Tomasss","20080202013704","200"
"http://www.inthemix.com.au:80/allabout/artist/66704/Louise_Day_B2B_with_John_Glover","20080226200313","200"
"http://www.inthemix.com.au:80/allabout/artist/66766/Micha_Moor","20080626235922","200"
"http://www.inthemix.com.au:80/allabout/artist/66784/Chwen","20080217221907","200"
"http://www.inthemix.com.au:80/allabout/artist/66811/Wax_Tailor","20080201015835","200"
"http://www.inthemix.com.au:80/allabout/artist/66813/Calvin_Harris","20080206154432","200"
"http://www.inthemix.com.au:80/allabout/artist/66830/Danielsan","20080408144320","200"
"http://www.inthemix.com.au:80/allabout/artist/6684/Ian_Nearhos","20080513230812","200"
"http://www.inthemix.com.au:80/allabout/artist/6690/Dirty_Laundry","20080213043700","200"
"http://www.inthemix.com.au:80/allabout/artist/66917/Chappo","20080303085656","200"
"http://www.inthemix.com.au:80/allabout/artist/66920/Staky","20080313090147","200"
"http://www.inthemix.com.au:80/allabout/artist/66991/The_Sex_Pistols","20080321180326","200"
"http://www.inthemix.com.au:80/allabout/artist/67011/hedonix","20080408115906","200"
"http://www.inthemix.com.au:80/allabout/artist/6702/Ben_Mac","20080125220705","200"
"http://www.inthemix.com.au:80/allabout/artist/67040/Blair_Stafford","20080613175339","200"
"http://www.inthemix.com.au:80/allabout/artist/67079/Dave_Juric","20080125220711","200"
"http://www.inthemix.com.au:80/allabout/artist/67104/Grafton_Primary","20080615205951","200"
"http://www.inthemix.com.au:80/allabout/artist/67151/feenixpawl","20080309051514","200"
"http://www.inthemix.com.au:80/allabout/artist/67251/HEJIRA","20080503043659","200"
"http://www.inthemix.com.au:80/allabout/artist/67253/Boot","20080307115601","200"
"http://www.inthemix.com.au:80/allabout/artist/67332/Hook_n_Sling","20080522141338","200"
"http://www.inthemix.com.au:80/allabout/artist/67364/Matrix","20080204134504","200"
"http://www.inthemix.com.au:80/allabout/artist/67409/Miami_Horror","20080215072027","200"
"http://www.inthemix.com.au:80/allabout/artist/67456/Dubfire","20080503043705","200"
"http://www.inthemix.com.au:80/allabout/artist/67488/Tsuyoshi_Masakick","20080619022138","200"
"http://www.inthemix.com.au:80/allabout/artist/67489/Stale_Biskits","20080619022143","200"
"http://www.inthemix.com.au:80/allabout/artist/67490/DJ_Nick_Thornby","20080619022148","200"
"http://www.inthemix.com.au:80/allabout/artist/67491/DJ_Kenny","20080619022153","200"
"http://www.inthemix.com.au:80/allabout/artist/67517/Brennan_Heart","20080208195937","200"
"http://www.inthemix.com.au:80/allabout/artist/67528/Laidback_Luke","20080308112925","200"
"http://www.inthemix.com.au:80/allabout/artist/67569/JOE_LE_FRO","20080415003535","200"
"http://www.inthemix.com.au:80/allabout/artist/67570/Melanomad","20080323040251","200"
"http://www.inthemix.com.au:80/allabout/artist/67588/Zerocool","20080319112937","200"
"http://www.inthemix.com.au:80/allabout/artist/67611/RunDMT","20080408144325","200"
"http://www.inthemix.com.au:80/allabout/artist/67618/Brendan_Jay","20080125220716","200"
"http://www.inthemix.com.au:80/allabout/artist/67619/Amnesia_Effect","20080125220721","200"
"http://www.inthemix.com.au:80/allabout/artist/67620/Petrosex","20080229123810","200"
"http://www.inthemix.com.au:80/allabout/artist/67624/Brendan_Jay","20080229121500","200"
"http://www.inthemix.com.au:80/allabout/artist/67625/Amnesia_Effect","20080229123816","200"
"http://www.inthemix.com.au:80/allabout/artist/67626/Petrosex","20080125220726","200"
"http://www.inthemix.com.au:80/allabout/artist/67661/Wax_Motif","20080202045157","200"
"http://www.inthemix.com.au:80/allabout/artist/67669/Aston_Shuffle","20080325073621","200"
"http://www.inthemix.com.au:80/allabout/artist/67678/Jay_Funk","20080213004016","200"
"http://www.inthemix.com.au:80/allabout/artist/67683/Hey_Now_DJs","20080207090815","200"
"http://www.inthemix.com.au:80/allabout/artist/67683/secure-au.imrworldwide.com/","20080208165323","200"
"http://www.inthemix.com.au:80/allabout/artist/67706/Sinden","20080213050213","200"
"http://www.inthemix.com.au:80/allabout/artist/67707/Sinden","20080206154436","200"
"http://www.inthemix.com.au:80/allabout/artist/67758/Jorgensen","20080325082551","200"
"http://www.inthemix.com.au:80/allabout/artist/67758/secure-au.imrworldwide.com/","20080408144330","200"
"http://www.inthemix.com.au:80/allabout/artist/67758/text=%C2%A0Adelaide;url=/forum/forumdisplay.php?forumid=5;","20080408123418","200"
"http://www.inthemix.com.au:80/allabout/artist/67758/text=%C2%A0Adelaide;url=/gallery/?city=5;;status=Adelaide;separatorsize=1","20080408144335","200"
"http://www.inthemix.com.au:80/allabout/artist/67758/text=%C2%A0Adelaide;url=/whatson/?city=5;;status=Adelaide;separatorsize=1","20080408144340","200"
"http://www.inthemix.com.au:80/allabout/artist/67758/text=%C2%A0Breaks;url=/forum/forumdisplay.php?forumid=31;","20080408144345","200"
"http://www.inthemix.com.au:80/allabout/artist/67758/text=%C2%A0Brisbane;url=/gallery/?city=4;;status=Brisbane;separatorsize=1","20080408123422","200"
"http://www.inthemix.com.au:80/allabout/artist/67758/text=%C2%A0Brisbane;url=/whatson/?city=4;;status=Brisbane;separatorsize=1","20080408144350","200"
"http://www.inthemix.com.au:80/allabout/artist/67758/text=%C2%A0Canberra;url=/forum/forumdisplay.php?forumid=3;","20080408115911","200"
"http://www.inthemix.com.au:80/allabout/artist/67758/text=%C2%A0Canberra;url=/gallery/?city=3;;status=Canberra;separatorsize=1","20080408112901","200"
"http://www.inthemix.com.au:80/allabout/artist/67758/text=%C2%A0Canberra;url=/whatson/?city=3;;status=Canberra;separatorsize=1","20080408144356","200"
"http://www.inthemix.com.au:80/allabout/artist/67758/text=%C2%A0General;url=/forum/forumdisplay.php?forumid=10;","20080408112905","200"
"http://www.inthemix.com.au:80/allabout/artist/67758/text=%C2%A0House;url=/forum/forumdisplay.php?forumid=30;","20080408115916","200"
"http://www.inthemix.com.au:80/allabout/artist/67758/text=%C2%A0Ibiza;url=/forum/forumdisplay.php?forumid=66;","20080408112910","200"
"http://www.inthemix.com.au:80/allabout/artist/67758/text=%C2%A0Lifestyle;url=/forum/forumdisplay.php?forumid=23;","20080408123427","200"
"http://www.inthemix.com.au:80/allabout/artist/67758/text=%C2%A0Melbourne;url=/forum/forumdisplay.php?forumid=2;","20080408112915","200"
"http://www.inthemix.com.au:80/allabout/artist/67758/text=%C2%A0Melbourne;url=/gallery/?city=2;;status=Melbourne;separatorsize=1","20080408115921","200"
"http://www.inthemix.com.au:80/allabout/artist/67758/text=%C2%A0Melbourne;url=/whatson/?city=2;;status=Melbourne;separatorsize=1","20080408144400","200"
"http://www.inthemix.com.au:80/allabout/artist/67758/text=%C2%A0Perth;url=/forum/forumdisplay.php?forumid=6;","20080408112920","200"
"http://www.inthemix.com.au:80/allabout/artist/67758/text=%C2%A0Perth;url=/gallery/?city=6;;status=Perth;separatorsize=1","20080408123432","200"
"http://www.inthemix.com.au:80/allabout/artist/67758/text=%C2%A0Perth;url=/whatson/?city=6;;status=Perth;separatorsize=1","20080408112926","200"
"http://www.inthemix.com.au:80/allabout/artist/67758/text=%C2%A0Photography;url=/forum/forumdisplay.php?forumid=61;","20080408112931","200"
"http://www.inthemix.com.au:80/allabout/artist/67758/text=%C2%A0Progressive;url=/forum/forumdisplay.php?forumid=36;","20080408115926","200"
"http://www.inthemix.com.au:80/allabout/artist/67758/text=%C2%A0Sydney;url=/forum/forumdisplay.php?forumid=1;","20080408112936","200"
"http://www.inthemix.com.au:80/allabout/artist/67758/text=%C2%A0Sydney;url=/gallery/?city=1;;status=Sydney;separatorsize=1","20080408115931","200"
"http://www.inthemix.com.au:80/allabout/artist/67758/text=%C2%A0Sydney;url=/whatson/?city=1;;status=Sydney;separatorsize=1","20080408144405","200"
"http://www.inthemix.com.au:80/allabout/artist/67758/text=%C2%A0Tickets;url=/shop/customer/home.php?cat=249;;separatorsize=1","20080408115936","200"
"http://www.inthemix.com.au:80/allabout/artist/67764/miscdiscdjs","20080610170454","200"
"http://www.inthemix.com.au:80/allabout/artist/67791/MarcUs","20080225082520","200"
"http://www.inthemix.com.au:80/allabout/artist/67812/Nikoteen","20080309064837","200"
"http://www.inthemix.com.au:80/allabout/artist/67879/Goodwill","20080202045201","200"
"http://www.inthemix.com.au:80/allabout/artist/67881/Mikah_Freeman","20080127203717","200"
"http://www.inthemix.com.au:80/allabout/artist/67886/The_Potbelleez","20080626235926","200"
"http://www.inthemix.com.au:80/allabout/artist/67897/TBA","20080313090151","200"
"http://www.inthemix.com.au:80/allabout/artist/67918/Sleater_Brockman","20080202045206","200"
"http://www.inthemix.com.au:80/allabout/artist/67919/Kato","20080202045211","200"
"http://www.inthemix.com.au:80/allabout/artist/67929/Groove_Terminator","20080221092312","200"
"http://www.inthemix.com.au:80/allabout/artist/67937/WAX_MOTIF","20080522141344","200"
"http://www.inthemix.com.au:80/allabout/artist/67962/Andee_Van_Damage","20080629102934","200"
"http://www.inthemix.com.au:80/allabout/artist/67978/Mc_Losty","20080319114621","200"
"http://www.inthemix.com.au:80/allabout/artist/67995/Atlas","20080321114305","200"
"http://www.inthemix.com.au:80/allabout/artist/67996/Carlson","20080429205502","200"
"http://www.inthemix.com.au:80/allabout/artist/68007/Jumping_Jack","20080224221308","200"
"http://www.inthemix.com.au:80/allabout/artist/68008/Baby_Gee","20080311030911","200"
"http://www.inthemix.com.au:80/allabout/artist/68009/tyDi","20080225194351","200"
"http://www.inthemix.com.au:80/allabout/artist/68010/Syke","20080319112942","200"
"http://www.inthemix.com.au:80/allabout/artist/68011/Harry_K","20080531065240","200"
"http://www.inthemix.com.au:80/allabout/artist/68012/Chris_Wilson","20080311032514","200"
"http://www.inthemix.com.au:80/allabout/artist/68013/Gavin_Boyd","20080319114626","200"
"http://www.inthemix.com.au:80/allabout/artist/68017/Lab_Tech","20080408123437","200"
"http://www.inthemix.com.au:80/allabout/artist/68025/Andrew_Padula","20080305073542","200"
"http://www.inthemix.com.au:80/allabout/artist/68055/Garry_Todd","20080529204734","200"
"http://www.inthemix.com.au:80/allabout/artist/68056/Marshall_Jefferson","20080217221912","200"
"http://www.inthemix.com.au:80/allabout/artist/68065/Ben_Morris","20080202045216","200"
"http://www.inthemix.com.au:80/allabout/artist/68067/John_Glover","20080522141349","200"
"http://www.inthemix.com.au:80/allabout/artist/68068/Telefunken","20080203085904","200"
"http://www.inthemix.com.au:80/allabout/artist/68091/tyDi","20080311025741","200"
"http://www.inthemix.com.au:80/allabout/artist/68092/Syke","20080531065245","200"
"http://www.inthemix.com.au:80/allabout/artist/68095/Chris_Wilson","20080531065250","200"
"http://www.inthemix.com.au:80/allabout/artist/681/Dee_Dee","20080615205958","200"
"http://www.inthemix.com.au:80/allabout/artist/68123/Bonde_Do_Role","20080218013351","200"
"http://www.inthemix.com.au:80/allabout/artist/68141/Harry_K","20080311032519","200"
"http://www.inthemix.com.au:80/allabout/artist/68148/Baby_Gee","20080423112914","200"
"http://www.inthemix.com.au:80/allabout/artist/68149/tyDi","20080423124553","200"
"http://www.inthemix.com.au:80/allabout/artist/68168/Bec_Paton","20080201015840","200"
"http://www.inthemix.com.au:80/allabout/artist/68172/Marc_Us","20080217221917","200"
"http://www.inthemix.com.au:80/allabout/artist/68175/The_Bamboos","20080127202428","200"
"http://www.inthemix.com.au:80/allabout/artist/68192/Elroy","20080610170504","200"
"http://www.inthemix.com.au:80/allabout/artist/68204/Ben_Morris","20080522141354","200"
"http://www.inthemix.com.au:80/allabout/artist/68206/Coops","20080315152933","200"
"http://www.inthemix.com.au:80/allabout/artist/68209/Foundation","20080311102535","200"
"http://www.inthemix.com.au:80/allabout/artist/68211/Ben_Morris","20080131204938","200"
"http://www.inthemix.com.au:80/allabout/artist/68242/Carlos_Zarate","20080202045221","200"
"http://www.inthemix.com.au:80/allabout/artist/68258/Zatox","20080229014251","200"
"http://www.inthemix.com.au:80/allabout/artist/68259/ALusion","20080229015232","200"
"http://www.inthemix.com.au:80/allabout/artist/68260/Philippe_Rochard","20080229021441","200"
"http://www.inthemix.com.au:80/allabout/artist/68261/Hellraiser_vs_The_Scientist","20080229021445","200"
"http://www.inthemix.com.au:80/allabout/artist/68262/Bobby_V","20080229015239","200"
"http://www.inthemix.com.au:80/allabout/artist/68263/_Local_Acts","20080229021451","200"
"http://www.inthemix.com.au:80/allabout/artist/68264/Mike_Redfern","20080125220731","200"
"http://www.inthemix.com.au:80/allabout/artist/68274/Matt_Nukewood","20080125220736","200"
"http://www.inthemix.com.au:80/allabout/artist/68286/Kriece","20080207032752","200"
"http://www.inthemix.com.au:80/allabout/artist/68287/Flex","20080323130006","200"
"http://www.inthemix.com.au:80/allabout/artist/68288/Travis","20080319112947","200"
"http://www.inthemix.com.au:80/allabout/artist/68304/tim_mcgee","20080606053501","200"
"http://www.inthemix.com.au:80/allabout/artist/68305/the_potbelleez","20080610170509","200"
"http://www.inthemix.com.au:80/allabout/artist/68307/Mark_Dynamix","20080203085909","200"
"http://www.inthemix.com.au:80/allabout/artist/68311/Shamus","20080202045227","200"
"http://www.inthemix.com.au:80/allabout/artist/68312/The_Funky_Punks","20080417001113","200"
"http://www.inthemix.com.au:80/allabout/artist/68313/Charlie_Brown","20080319114631","200"
"http://www.inthemix.com.au:80/allabout/artist/68324/Jen_Tutty","20080218011159","200"
"http://www.inthemix.com.au:80/allabout/artist/68332/Phil_K","20080208165329","200"
"http://www.inthemix.com.au:80/allabout/artist/68347/Xavier_Bacash","20080309051519","200"
"http://www.inthemix.com.au:80/allabout/artist/68354/Peter_Mac","20080127202433","200"
"http://www.inthemix.com.au:80/allabout/artist/68363/Albert_M","20080127202438","200"
"http://www.inthemix.com.au:80/allabout/artist/68393/The_Impossibles","20080606053506","200"
"http://www.inthemix.com.au:80/allabout/artist/684/Black_Grass","20080526095324","200"
"http://www.inthemix.com.au:80/allabout/artist/68408/Dopamine","20080608235211","200"
"http://www.inthemix.com.au:80/allabout/artist/68410/Munk","20080629165534","200"
"http://www.inthemix.com.au:80/allabout/artist/68415/Christopher_Robin","20080522141359","200"
"http://www.inthemix.com.au:80/allabout/artist/68428/MIA","20080225082525","200"
"http://www.inthemix.com.au:80/allabout/artist/68433/Drop_Dead_Ed","20080127202443","200"
"http://www.inthemix.com.au:80/allabout/artist/6844/DJ_Impact","20080215113435","200"
"http://www.inthemix.com.au:80/allabout/artist/6846/Dr_Seuss","20080603055811","200"
"http://www.inthemix.com.au:80/allabout/artist/68545/Desyn_Masiello_Demi_And_Omid_16b","20080423112919","200"
"http://www.inthemix.com.au:80/allabout/artist/6860/Greenskeepers","20080201010104","200"
"http://www.inthemix.com.au:80/allabout/artist/6868/Eminem","20080319112952","200"
"http://www.inthemix.com.au:80/allabout/artist/687/Archie","20080203085915","200"
"http://www.inthemix.com.au:80/allabout/artist/68905/Shy_Child","20080201015845","200"
"http://www.inthemix.com.au:80/allabout/artist/68911/The_Black_Ghosts","20080204044452","200"
"http://www.inthemix.com.au:80/allabout/artist/6903/Shaun_Reed","20080127202448","200"
"http://www.inthemix.com.au:80/allabout/artist/6904/Kat","20080229161644","200"
"http://www.inthemix.com.au:80/allabout/artist/69048/Gaiser","20080503043709","200"
"http://www.inthemix.com.au:80/allabout/artist/6911/Jamie_Stevens","20080217221923","200"
"http://www.inthemix.com.au:80/allabout/artist/6911/secure-au.imrworldwide.com/","20080329131138","200"
"http://www.inthemix.com.au:80/allabout/artist/6911/text=%C2%A0Adelaide;url=/forum/forumdisplay.php?forumid=5;","20080329132225","200"
"http://www.inthemix.com.au:80/allabout/artist/6911/text=%C2%A0Adelaide;url=/gallery/?city=5;;status=Adelaide;separatorsize=1","20080329125817","200"
"http://www.inthemix.com.au:80/allabout/artist/6911/text=%C2%A0Adelaide;url=/whatson/?city=5;;status=Adelaide;separatorsize=1","20080329125822","200"
"http://www.inthemix.com.au:80/allabout/artist/6911/text=%C2%A0Breaks;url=/forum/forumdisplay.php?forumid=31;","20080329131143","200"
"http://www.inthemix.com.au:80/allabout/artist/6911/text=%C2%A0Brisbane;url=/gallery/?city=4;;status=Brisbane;separatorsize=1","20080329125827","200"
"http://www.inthemix.com.au:80/allabout/artist/6911/text=%C2%A0Brisbane;url=/whatson/?city=4;;status=Brisbane;separatorsize=1","20080329133317","200"
"http://www.inthemix.com.au:80/allabout/artist/6911/text=%C2%A0Canberra;url=/forum/forumdisplay.php?forumid=3;","20080329131148","200"
"http://www.inthemix.com.au:80/allabout/artist/6911/text=%C2%A0Canberra;url=/gallery/?city=3;;status=Canberra;separatorsize=1","20080329125833","200"
"http://www.inthemix.com.au:80/allabout/artist/6911/text=%C2%A0Canberra;url=/whatson/?city=3;;status=Canberra;separatorsize=1","20080329133321","200"
"http://www.inthemix.com.au:80/allabout/artist/6911/text=%C2%A0General;url=/forum/forumdisplay.php?forumid=10;","20080329131154","200"
"http://www.inthemix.com.au:80/allabout/artist/6911/text=%C2%A0House;url=/forum/forumdisplay.php?forumid=30;","20080329125837","200"
"http://www.inthemix.com.au:80/allabout/artist/6911/text=%C2%A0Ibiza;url=/forum/forumdisplay.php?forumid=66;","20080329125842","200"
"http://www.inthemix.com.au:80/allabout/artist/6911/text=%C2%A0Lifestyle;url=/forum/forumdisplay.php?forumid=23;","20080329132230","200"
"http://www.inthemix.com.au:80/allabout/artist/6911/text=%C2%A0Melbourne;url=/forum/forumdisplay.php?forumid=2;","20080329131200","200"
"http://www.inthemix.com.au:80/allabout/artist/6911/text=%C2%A0Melbourne;url=/gallery/?city=2;;status=Melbourne;separatorsize=1","20080329132235","200"
"http://www.inthemix.com.au:80/allabout/artist/6911/text=%C2%A0Melbourne;url=/whatson/?city=2;;status=Melbourne;separatorsize=1","20080329131204","200"
"http://www.inthemix.com.au:80/allabout/artist/6911/text=%C2%A0Perth;url=/forum/forumdisplay.php?forumid=6;","20080329125847","200"
"http://www.inthemix.com.au:80/allabout/artist/6911/text=%C2%A0Perth;url=/gallery/?city=6;;status=Perth;separatorsize=1","20080329133326","200"
"http://www.inthemix.com.au:80/allabout/artist/6911/text=%C2%A0Perth;url=/whatson/?city=6;;status=Perth;separatorsize=1","20080329132246","200"
"http://www.inthemix.com.au:80/allabout/artist/6911/text=%C2%A0Photography;url=/forum/forumdisplay.php?forumid=61;","20080329133332","200"
"http://www.inthemix.com.au:80/allabout/artist/6911/text=%C2%A0Progressive;url=/forum/forumdisplay.php?forumid=36;","20080329132248","200"
"http://www.inthemix.com.au:80/allabout/artist/6911/text=%C2%A0Sydney;url=/forum/forumdisplay.php?forumid=1;","20080329131210","200"
"http://www.inthemix.com.au:80/allabout/artist/6911/text=%C2%A0Sydney;url=/gallery/?city=1;;status=Sydney;separatorsize=1","20080329131218","200"
"http://www.inthemix.com.au:80/allabout/artist/6911/text=%C2%A0Sydney;url=/whatson/?city=1;;status=Sydney;separatorsize=1","20080329131220","200"
"http://www.inthemix.com.au:80/allabout/artist/6911/text=%C2%A0Tickets;url=/shop/customer/home.php?cat=249;;separatorsize=1","20080329131226","200"
"http://www.inthemix.com.au:80/allabout/artist/692/Jaime_Doom","20080610170515","200"
"http://www.inthemix.com.au:80/allabout/artist/6933/Dust","20080229090931","200"
"http://www.inthemix.com.au:80/allabout/artist/69349/Annie_Mac","20080317083124","200"
"http://www.inthemix.com.au:80/allabout/artist/6964/DJ_Shadow","20080125220742","200"
"http://www.inthemix.com.au:80/allabout/artist/6965/Cut_Chemist","20080125220746","200"
"http://www.inthemix.com.au:80/allabout/artist/69725/Marcashken","20080328222445","200"
"http://www.inthemix.com.au:80/allabout/artist/69725/text=%C2%A0Adelaide;url=/forum/forumdisplay.php?forumid=5;","20080329125852","200"
"http://www.inthemix.com.au:80/allabout/artist/69725/text=%C2%A0Adelaide;url=/gallery/?city=5;;status=Adelaide;separatorsize=1","20080329132253","200"
"http://www.inthemix.com.au:80/allabout/artist/69725/text=%C2%A0Adelaide;url=/whatson/?city=5;;status=Adelaide;separatorsize=1","20080329132258","200"
"http://www.inthemix.com.au:80/allabout/artist/69725/text=%C2%A0Breaks;url=/forum/forumdisplay.php?forumid=31;","20080329131233","200"
"http://www.inthemix.com.au:80/allabout/artist/69725/text=%C2%A0Brisbane;url=/gallery/?city=4;;status=Brisbane;separatorsize=1","20080329133337","200"
"http://www.inthemix.com.au:80/allabout/artist/69725/text=%C2%A0Brisbane;url=/whatson/?city=4;;status=Brisbane;separatorsize=1","20080329125857","200"
"http://www.inthemix.com.au:80/allabout/artist/69725/text=%C2%A0Canberra;url=/forum/forumdisplay.php?forumid=3;","20080329125902","200"
"http://www.inthemix.com.au:80/allabout/artist/69725/text=%C2%A0Canberra;url=/gallery/?city=3;;status=Canberra;separatorsize=1","20080329125908","200"
"http://www.inthemix.com.au:80/allabout/artist/69725/text=%C2%A0Canberra;url=/whatson/?city=3;;status=Canberra;separatorsize=1","20080329125913","200"
"http://www.inthemix.com.au:80/allabout/artist/69725/text=%C2%A0General;url=/forum/forumdisplay.php?forumid=10;","20080329133345","200"
"http://www.inthemix.com.au:80/allabout/artist/69725/text=%C2%A0House;url=/forum/forumdisplay.php?forumid=30;","20080329125919","200"
"http://www.inthemix.com.au:80/allabout/artist/69725/text=%C2%A0Ibiza;url=/forum/forumdisplay.php?forumid=66;","20080329131238","200"
"http://www.inthemix.com.au:80/allabout/artist/69725/text=%C2%A0Lifestyle;url=/forum/forumdisplay.php?forumid=23;","20080329125925","200"
"http://www.inthemix.com.au:80/allabout/artist/69725/text=%C2%A0Melbourne;url=/forum/forumdisplay.php?forumid=2;","20080329131243","200"
"http://www.inthemix.com.au:80/allabout/artist/69725/text=%C2%A0Melbourne;url=/gallery/?city=2;;status=Melbourne;separatorsize=1","20080329132303","200"
"http://www.inthemix.com.au:80/allabout/artist/69725/text=%C2%A0Melbourne;url=/whatson/?city=2;;status=Melbourne;separatorsize=1","20080329131248","200"
"http://www.inthemix.com.au:80/allabout/artist/69725/text=%C2%A0Perth;url=/forum/forumdisplay.php?forumid=6;","20080329133350","200"
"http://www.inthemix.com.au:80/allabout/artist/69725/text=%C2%A0Perth;url=/gallery/?city=6;;status=Perth;separatorsize=1","20080329132308","200"
"http://www.inthemix.com.au:80/allabout/artist/69725/text=%C2%A0Perth;url=/whatson/?city=6;;status=Perth;separatorsize=1","20080329132313","200"
"http://www.inthemix.com.au:80/allabout/artist/69725/text=%C2%A0Photography;url=/forum/forumdisplay.php?forumid=61;","20080329133355","200"
"http://www.inthemix.com.au:80/allabout/artist/69725/text=%C2%A0Progressive;url=/forum/forumdisplay.php?forumid=36;","20080329132318","200"
"http://www.inthemix.com.au:80/allabout/artist/69725/text=%C2%A0Sydney;url=/forum/forumdisplay.php?forumid=1;","20080329132323","200"
"http://www.inthemix.com.au:80/allabout/artist/69725/text=%C2%A0Sydney;url=/gallery/?city=1;;status=Sydney;separatorsize=1","20080329125930","200"
"http://www.inthemix.com.au:80/allabout/artist/69725/text=%C2%A0Sydney;url=/whatson/?city=1;;status=Sydney;separatorsize=1","20080329131253","200"
"http://www.inthemix.com.au:80/allabout/artist/69725/text=%C2%A0Tickets;url=/shop/customer/home.php?cat=249;;separatorsize=1","20080329132328","200"
"http://www.inthemix.com.au:80/allabout/artist/6986/Midnight_Juggernauts","20080210024008","200"
"http://www.inthemix.com.au:80/allabout/artist/69904/Kutiman","20080201015850","200"
"http://www.inthemix.com.au:80/allabout/artist/6996/K2","20080511204225","200"
"http://www.inthemix.com.au:80/allabout/artist/7009/Patch","20080223224615","200"
"http://www.inthemix.com.au:80/allabout/artist/7016/Kato","20080202045232","200"
"http://www.inthemix.com.au:80/allabout/artist/7020/Adam_Holden","20080413054917","200"
"http://www.inthemix.com.au:80/allabout/artist/7020/secure-au.imrworldwide.com/","20080416193744","200"
"http://www.inthemix.com.au:80/allabout/artist/7020/text=%C2%A0Adelaide;url=/forum/forumdisplay.php?forumid=5;","20080417001118","200"
"http://www.inthemix.com.au:80/allabout/artist/7020/text=%C2%A0Adelaide;url=/gallery/?city=5;;status=Adelaide;separatorsize=1","20080417003955","200"
"http://www.inthemix.com.au:80/allabout/artist/7020/text=%C2%A0Adelaide;url=/whatson/?city=5;;status=Adelaide;separatorsize=1","20080417010711","200"
"http://www.inthemix.com.au:80/allabout/artist/7020/text=%C2%A0Breaks;url=/forum/forumdisplay.php?forumid=31;","20080416193754","200"
"http://www.inthemix.com.au:80/allabout/artist/7020/text=%C2%A0Brisbane;url=/gallery/?city=4;;status=Brisbane;separatorsize=1","20080416193800","200"
"http://www.inthemix.com.au:80/allabout/artist/7020/text=%C2%A0Brisbane;url=/whatson/?city=4;;status=Brisbane;separatorsize=1","20080417013424","200"
"http://www.inthemix.com.au:80/allabout/artist/7020/text=%C2%A0Canberra;url=/forum/forumdisplay.php?forumid=3;","20080416193806","200"
"http://www.inthemix.com.au:80/allabout/artist/7020/text=%C2%A0Canberra;url=/gallery/?city=3;;status=Canberra;separatorsize=1","20080416234150","200"
"http://www.inthemix.com.au:80/allabout/artist/7020/text=%C2%A0Canberra;url=/whatson/?city=3;;status=Canberra;separatorsize=1","20080417013430","200"
"http://www.inthemix.com.au:80/allabout/artist/7020/text=%C2%A0General;url=/forum/forumdisplay.php?forumid=10;","20080417010713","200"
"http://www.inthemix.com.au:80/allabout/artist/7020/text=%C2%A0House;url=/forum/forumdisplay.php?forumid=30;","20080416234153","200"
"http://www.inthemix.com.au:80/allabout/artist/7020/text=%C2%A0Ibiza;url=/forum/forumdisplay.php?forumid=66;","20080417010719","200"
"http://www.inthemix.com.au:80/allabout/artist/7020/text=%C2%A0Lifestyle;url=/forum/forumdisplay.php?forumid=23;","20080417002117","200"
"http://www.inthemix.com.au:80/allabout/artist/7020/text=%C2%A0Melbourne;url=/forum/forumdisplay.php?forumid=2;","20080416193821","200"
"http://www.inthemix.com.au:80/allabout/artist/7020/text=%C2%A0Melbourne;url=/gallery/?city=2;;status=Melbourne;separatorsize=1","20080417002122","200"
"http://www.inthemix.com.au:80/allabout/artist/7020/text=%C2%A0Melbourne;url=/whatson/?city=2;;status=Melbourne;separatorsize=1","20080417002127","200"
"http://www.inthemix.com.au:80/allabout/artist/7020/text=%C2%A0Perth;url=/forum/forumdisplay.php?forumid=6;","20080416193826","200"
"http://www.inthemix.com.au:80/allabout/artist/7020/text=%C2%A0Perth;url=/gallery/?city=6;;status=Perth;separatorsize=1","20080417010724","200"
"http://www.inthemix.com.au:80/allabout/artist/7020/text=%C2%A0Perth;url=/whatson/?city=6;;status=Perth;separatorsize=1","20080416181142","200"
"http://www.inthemix.com.au:80/allabout/artist/7020/text=%C2%A0Photography;url=/forum/forumdisplay.php?forumid=61;","20080417010729","200"
"http://www.inthemix.com.au:80/allabout/artist/7020/text=%C2%A0Progressive;url=/forum/forumdisplay.php?forumid=36;","20080417001122","200"
"http://www.inthemix.com.au:80/allabout/artist/7020/text=%C2%A0Sydney;url=/forum/forumdisplay.php?forumid=1;","20080417010734","200"
"http://www.inthemix.com.au:80/allabout/artist/7020/text=%C2%A0Sydney;url=/gallery/?city=1;;status=Sydney;separatorsize=1","20080417004000","200"
"http://www.inthemix.com.au:80/allabout/artist/7020/text=%C2%A0Sydney;url=/whatson/?city=1;;status=Sydney;separatorsize=1","20080417013434","200"
"http://www.inthemix.com.au:80/allabout/artist/7020/text=%C2%A0Tickets;url=/shop/customer/home.php?cat=249;;separatorsize=1","20080416201023","200"
"http://www.inthemix.com.au:80/allabout/artist/70619/Octagen","20080511204230","200"
"http://www.inthemix.com.au:80/allabout/artist/7084/Yogi","20080208232706","200"
"http://www.inthemix.com.au:80/allabout/artist/70860/Crookers","20080305073547","200"
"http://www.inthemix.com.au:80/allabout/artist/71005/Dusty_Kid","20080507042053","200"
"http://www.inthemix.com.au:80/allabout/artist/71084/Miss_Kittin_The_Hacker","20080321175303","200"
"http://www.inthemix.com.au:80/allabout/artist/7118/DJ_Promo","20080125220751","200"
"http://www.inthemix.com.au:80/allabout/artist/71245/Stupid_Fresh","20080522132654","200"
"http://www.inthemix.com.au:80/allabout/artist/7142/Glen_Coates","20080229015245","200"
"http://www.inthemix.com.au:80/allabout/artist/7157/Tom_Da_Silva","20080208232712","200"
"http://www.inthemix.com.au:80/allabout/artist/717/Cut_Copy","20080221050558","200"
"http://www.inthemix.com.au:80/allabout/artist/720/Phil_K","20080212234408","200"
"http://www.inthemix.com.au:80/allabout/artist/72065/Lutzenkirchen","20080618211811","200"
"http://www.inthemix.com.au:80/allabout/artist/721/Dave_Seaman","20080214234147","200"
"http://www.inthemix.com.au:80/allabout/artist/721/secure-au.imrworldwide.com/","20080311170453","200"
"http://www.inthemix.com.au:80/allabout/artist/72124/Likquid","20080217200652","200"
"http://www.inthemix.com.au:80/allabout/artist/72161/Rob_Sharp","20080125220756","200"
"http://www.inthemix.com.au:80/allabout/artist/72166/Sneaky_SOund_System","20080213004021","200"
"http://www.inthemix.com.au:80/allabout/artist/7217/Rahzel","20080208232716","200"
"http://www.inthemix.com.au:80/allabout/artist/7222/Dynamite_MC","20080201015857","200"
"http://www.inthemix.com.au:80/allabout/artist/7272/Sam_Serene","20080131204949","200"
"http://www.inthemix.com.au:80/allabout/artist/72765/Martin_Eyerer","20080606053511","200"
"http://www.inthemix.com.au:80/allabout/artist/72801/Prins_Thomas","20080325082556","200"
"http://www.inthemix.com.au:80/allabout/artist/72832/Angus_Gibbins","20080208195942","200"
"http://www.inthemix.com.au:80/allabout/artist/7289/Operon","20080127202453","200"
"http://www.inthemix.com.au:80/allabout/artist/7290/mag00","20080127194748","200"
"http://www.inthemix.com.au:80/allabout/artist/72923/Ivan_Gough_TV_ROCK","20080326184938","200"
"http://www.inthemix.com.au:80/allabout/artist/72955/The_Aston_Shuffle","20080510163340","200"
"http://www.inthemix.com.au:80/allabout/artist/72956/Goodfella","20080311105235","200"
"http://www.inthemix.com.au:80/allabout/artist/72957/James_Taylor","20080522141404","200"
"http://www.inthemix.com.au:80/allabout/artist/72962/James_Taylor","20080326184943","200"
"http://www.inthemix.com.au:80/allabout/artist/72964/Foundation","20080203085918","200"
"http://www.inthemix.com.au:80/allabout/artist/72965/System_Of_Survival","20080422232432","200"
"http://www.inthemix.com.au:80/allabout/artist/72966/Shonky","20080626235931","200"
"http://www.inthemix.com.au:80/allabout/artist/72981/Harry_K","20080225203321","200"
"http://www.inthemix.com.au:80/allabout/artist/72990/VanShe_Tech","20080601124619","200"
"http://www.inthemix.com.au:80/allabout/artist/72994/ASTON_SHUFFLE","20080127202458","200"
"http://www.inthemix.com.au:80/allabout/artist/72997/Johnny_Rad","20080206023721","200"
"http://www.inthemix.com.au:80/allabout/artist/72999/Verner","20080602041457","200"
"http://www.inthemix.com.au:80/allabout/artist/73008/Disco_Daz","20080602041502","200"
"http://www.inthemix.com.au:80/allabout/artist/73097/The_Rakes","20080626105226","200"
"http://www.inthemix.com.au:80/allabout/artist/73318/Klaas","20080305070520","200"
"http://www.inthemix.com.au:80/allabout/artist/73370/The_Whip","20080311172326","200"
"http://www.inthemix.com.au:80/allabout/artist/7350/Mark_Briais","20080127203722","200"
"http://www.inthemix.com.au:80/allabout/artist/7353/Audun","20080307083118","200"
"http://www.inthemix.com.au:80/allabout/artist/73562/Jazza","20080311110051","200"
"http://www.inthemix.com.au:80/allabout/artist/7358/Thievery_Corporation","20080206154442","200"
"http://www.inthemix.com.au:80/allabout/artist/73592/Michael_Cassette","20080213004026","200"
"http://www.inthemix.com.au:80/allabout/artist/73592/secure-au.imrworldwide.com/","20080317083129","200"
"http://www.inthemix.com.au:80/allabout/artist/73618/Jordan_Naumov","20080522132658","200"
"http://www.inthemix.com.au:80/allabout/artist/7363/Urthboy","20080423112924","200"
"http://www.inthemix.com.au:80/allabout/artist/73697/Barfly","20080315180438","200"
"http://www.inthemix.com.au:80/allabout/artist/737/Frenzie","20080208195947","200"
"http://www.inthemix.com.au:80/allabout/artist/7381/Homegrown","20080217221929","200"
"http://www.inthemix.com.au:80/allabout/artist/7390/Jack_McCord","20080626235936","200"
"http://www.inthemix.com.au:80/allabout/artist/7398/Plutonic_Lab","20080313190259","200"
"http://www.inthemix.com.au:80/allabout/artist/7407/Tranceducer","20080626222629","200"
"http://www.inthemix.com.au:80/allabout/artist/7409/Shapeshifters","20080404185639","200"
"http://www.inthemix.com.au:80/allabout/artist/74114/DJ_NCO","20080309064842","200"
"http://www.inthemix.com.au:80/allabout/artist/74164/The_Holidays","20080311191732","200"
"http://www.inthemix.com.au:80/allabout/artist/74170/Clark_Kent","20080311101306","200"
"http://www.inthemix.com.au:80/allabout/artist/74172/The_Potbelleez","20080503043714","200"
"http://www.inthemix.com.au:80/allabout/artist/74176/The_Blank_Theory","20080408123442","200"
"http://www.inthemix.com.au:80/allabout/artist/74208/Zooism","20080202045236","200"
"http://www.inthemix.com.au:80/allabout/artist/74209/Spoongehddi","20080202045241","200"
"http://www.inthemix.com.au:80/allabout/artist/74211/Bass_Kleph","20080319114636","200"
"http://www.inthemix.com.au:80/allabout/artist/74219/Bass_kleph","20080522141409","200"
"http://www.inthemix.com.au:80/allabout/artist/7436/Deepgroove","20080531161836","200"
"http://www.inthemix.com.au:80/allabout/artist/7443/DJ_Friction","20080613175345","200"
"http://www.inthemix.com.au:80/allabout/artist/7453/Karma","20080531065255","200"
"http://www.inthemix.com.au:80/allabout/artist/746/Bionikworld","20080123095225","200"
"http://www.inthemix.com.au:80/allabout/artist/74635/royal_crew_djs","20080610170519","200"
"http://www.inthemix.com.au:80/allabout/artist/74661/Junx","20080127202504","200"
"http://www.inthemix.com.au:80/allabout/artist/75232/lost_valentinos","20080311122818","200"
"http://www.inthemix.com.au:80/allabout/artist/75271/deadmau5","20080123204038","200"
"http://www.inthemix.com.au:80/allabout/artist/75271/secure-au.imrworldwide.com/","20080528143120","200"
"http://www.inthemix.com.au:80/allabout/artist/75275/Abe_Duque","20080323032018","200"
"http://www.inthemix.com.au:80/allabout/artist/75277/Rex_Monsoon","20080127201313","200"
"http://www.inthemix.com.au:80/allabout/artist/75457/Sophie_Sugar","20080416193833","200"
"http://www.inthemix.com.au:80/allabout/artist/7553/Habersham","20080602041508","200"
"http://www.inthemix.com.au:80/allabout/artist/7587/Sushi","20080417013440","200"
"http://www.inthemix.com.au:80/allabout/artist/75931/Sebastian_Bayne","20080507042057","200"
"http://www.inthemix.com.au:80/allabout/artist/75980/Marke_Mark","20080229133049","200"
"http://www.inthemix.com.au:80/allabout/artist/75990/Alex_UP","20080323041354","200"
"http://www.inthemix.com.au:80/allabout/artist/76017/dim","20080207002356","200"
"http://www.inthemix.com.au:80/allabout/artist/76023/DIM","20080404231415","200"
"http://www.inthemix.com.au:80/allabout/artist/7609/Muphin","20080313190303","200"
"http://www.inthemix.com.au:80/allabout/artist/7611/DJ_NuMark","20080223160713","200"
"http://www.inthemix.com.au:80/allabout/artist/76198/Losoul","20080408115942","200"
"http://www.inthemix.com.au:80/allabout/artist/76207/Khan","20080408123447","200"
"http://www.inthemix.com.au:80/allabout/artist/7629/Dave_Joy","20080315153503","200"
"http://www.inthemix.com.au:80/allabout/artist/7632/Alice_Russell","20080209203900","200"
"http://www.inthemix.com.au:80/allabout/artist/76404/Frisco","20080408112942","200"
"http://www.inthemix.com.au:80/allabout/artist/7641/The_Resonance","20080531034738","200"
"http://www.inthemix.com.au:80/allabout/artist/76585/Rhythm_Collision_Sound","20080309010056","200"
"http://www.inthemix.com.au:80/allabout/artist/766/James_Brown","20080125220801","200"
"http://www.inthemix.com.au:80/allabout/artist/7663/Cosmo_Cater","20080311194132","200"
"http://www.inthemix.com.au:80/allabout/artist/767/The_Cat_Empire","20080217221933","200"
"http://www.inthemix.com.au:80/allabout/artist/76711/Makio","20080127203727","200"
"http://www.inthemix.com.au:80/allabout/artist/76722/Vents","20080205042625","200"
"http://www.inthemix.com.au:80/allabout/artist/76738/Delta","20080329125936","200"
"http://www.inthemix.com.au:80/allabout/artist/76741/Low_Budget","20080123095228","200"
"http://www.inthemix.com.au:80/allabout/artist/77140/Lost_Keys","20080127194750","200"
"http://www.inthemix.com.au:80/allabout/artist/774/Array","20080311151210","200"
"http://www.inthemix.com.au:80/allabout/artist/77456/Soundwave","20080323040256","200"
"http://www.inthemix.com.au:80/allabout/artist/77459/Dialman","20080323040302","200"
"http://www.inthemix.com.au:80/allabout/artist/77463/MC_Xrsize","20080323035918","200"
"http://www.inthemix.com.au:80/allabout/artist/77535/%C3%82me","20080503230823","200"
"http://www.inthemix.com.au:80/allabout/artist/77639/Dj_Sonic","20080326184948","200"
"http://www.inthemix.com.au:80/allabout/artist/77685/Thomas_Gold","20080619022201","200"
"http://www.inthemix.com.au:80/allabout/artist/77799/the_ELF","20080217221939","200"
"http://www.inthemix.com.au:80/allabout/artist/77801/Tenishia","20080325075123","200"
"http://www.inthemix.com.au:80/allabout/artist/77830/Dfuzhion","20080319114642","200"
"http://www.inthemix.com.au:80/allabout/artist/780/Sandy_Rivera","20080319112958","200"
"http://www.inthemix.com.au:80/allabout/artist/783/Jules_Beaumont","20080615210404","200"
"http://www.inthemix.com.au:80/allabout/artist/7868/Gavin_Keitel","20080329133401","200"
"http://www.inthemix.com.au:80/allabout/artist/7874/Andi_Red","20080329125941","200"
"http://www.inthemix.com.au:80/allabout/artist/789/Bad_Company","20080309064848","200"
"http://www.inthemix.com.au:80/allabout/artist/7892/Alter_Ego","20080315204748","200"
"http://www.inthemix.com.au:80/allabout/artist/7954/Mark_Knight","20080404182422","200"
"http://www.inthemix.com.au:80/allabout/artist/7968/Scott_Richardson","20080125220806","200"
"http://www.inthemix.com.au:80/allabout/artist/7969/Stama","20080125220811","200"
"http://www.inthemix.com.au:80/allabout/artist/8005/Inaya_Day","20080615192216","200"
"http://www.inthemix.com.au:80/allabout/artist/80236/Mark_James","20080212234412","200"
"http://www.inthemix.com.au:80/allabout/artist/80250/Mark_James","20080201015900","200"
"http://www.inthemix.com.au:80/allabout/artist/80318/Leon_Bolier","20080126212635","200"
"http://www.inthemix.com.au:80/allabout/artist/8037/Black_Strobe","20080229182702","200"
"http://www.inthemix.com.au:80/allabout/artist/80431/Unkle_Feat_The_Duke_Spirit","20080615030616","200"
"http://www.inthemix.com.au:80/allabout/artist/8055/Bliss_n_Eso","20080125220816","200"
"http://www.inthemix.com.au:80/allabout/artist/80854/Psykosis","20080127203732","200"
"http://www.inthemix.com.au:80/allabout/artist/80933/Kid_Kenobi","20080319114646","200"
"http://www.inthemix.com.au:80/allabout/artist/80953/Scribe","20080503043719","200"
"http://www.inthemix.com.au:80/allabout/artist/80970/Keely","20080603032309","200"
"http://www.inthemix.com.au:80/allabout/artist/80974/XDream","20080321113856","200"
"http://www.inthemix.com.au:80/allabout/artist/80978/Suae","20080603055816","200"
"http://www.inthemix.com.au:80/allabout/artist/80983/Micky_D","20080429212651","200"
"http://www.inthemix.com.au:80/allabout/artist/80997/Luke_Spellbound","20080127203737","200"
"http://www.inthemix.com.au:80/allabout/artist/80998/XDream","20080614003125","200"
"http://www.inthemix.com.au:80/allabout/artist/80999/Nefarious","20080127201318","200"
"http://www.inthemix.com.au:80/allabout/artist/81000/Vanth","20080127201323","200"
"http://www.inthemix.com.au:80/allabout/artist/81007/Crystal","20080127203742","200"
"http://www.inthemix.com.au:80/allabout/artist/81012/DSider","20080127194756","200"
"http://www.inthemix.com.au:80/allabout/artist/81013/Shaw","20080127202508","200"
"http://www.inthemix.com.au:80/allabout/artist/81015/Nytrix","20080127202513","200"
"http://www.inthemix.com.au:80/allabout/artist/81019/Fazed","20080127202519","200"
"http://www.inthemix.com.au:80/allabout/artist/81023/Dangerous_Mindz","20080127203747","200"
"http://www.inthemix.com.au:80/allabout/artist/81024/kiss_off_electric","20080313090156","200"
"http://www.inthemix.com.au:80/allabout/artist/81028/Josh_Flanagan","20080319113002","200"
"http://www.inthemix.com.au:80/allabout/artist/81054/ANIKI","20080620175655","200"
"http://www.inthemix.com.au:80/allabout/artist/81067/Deadmau5","20080317083134","200"
"http://www.inthemix.com.au:80/allabout/artist/81068/Jaime_Doom","20080522132704","200"
"http://www.inthemix.com.au:80/allabout/artist/81101/Scott_Walker","20080610170529","200"
"http://www.inthemix.com.au:80/allabout/artist/81102/Fergus_Alexander","20080218060729","200"
"http://www.inthemix.com.au:80/allabout/artist/81102/secure-au.imrworldwide.com/","20080321150447","200"
"http://www.inthemix.com.au:80/allabout/artist/81104/Ian_Nearhos","20080229182706","200"
"http://www.inthemix.com.au:80/allabout/artist/81111/DEXTER","20080416234158","200"
"http://www.inthemix.com.au:80/allabout/artist/81124/Regal","20080208195952","200"
"http://www.inthemix.com.au:80/allabout/artist/81125/bentley","20080208195957","200"
"http://www.inthemix.com.au:80/allabout/artist/81131/MANDY","20080218154729","200"
"http://www.inthemix.com.au:80/allabout/artist/81137/The_Potbelleez","20080305041415","200"
"http://www.inthemix.com.au:80/allabout/artist/81155/Ryan_Quinsee","20080125220821","200"
"http://www.inthemix.com.au:80/allabout/artist/81156/Phil_Moore","20080125220826","200"
"http://www.inthemix.com.au:80/allabout/artist/81157/Xitation","20080125220831","200"
"http://www.inthemix.com.au:80/allabout/artist/81158/Olives","20080125220836","200"
"http://www.inthemix.com.au:80/allabout/artist/81159/Daft_Punk","20080124044543","200"
"http://www.inthemix.com.au:80/allabout/artist/81163/URTHBOY","20080217221944","200"
"http://www.inthemix.com.au:80/allabout/artist/81191/Bump_DJs","20080408144416","200"
"http://www.inthemix.com.au:80/allabout/artist/81206/The_Presets","20080223224621","200"
"http://www.inthemix.com.au:80/allabout/artist/81207/SebastiAn_and_Kavinsky","20080218102912","200"
"http://www.inthemix.com.au:80/allabout/artist/81208/Muscles","20080223224210","200"
"http://www.inthemix.com.au:80/allabout/artist/81209/Bang_Gang_Deejays","20080223224215","200"
"http://www.inthemix.com.au:80/allabout/artist/81210/Akin","20080127201328","200"
"http://www.inthemix.com.au:80/allabout/artist/81212/Tripy","20080127194802","200"
"http://www.inthemix.com.au:80/allabout/artist/81214/Raptor","20080603032315","200"
"http://www.inthemix.com.au:80/allabout/artist/81221/Patrik_Carrera","20080224221314","200"
"http://www.inthemix.com.au:80/allabout/artist/81224/Nik_Fish","20080224222750","200"
"http://www.inthemix.com.au:80/allabout/artist/81225/Dr_Willis","20080127202524","200"
"http://www.inthemix.com.au:80/allabout/artist/81227/Reno","20080311110057","200"
"http://www.inthemix.com.au:80/allabout/artist/81229/Adam_Phillis","20080319113008","200"
"http://www.inthemix.com.au:80/allabout/artist/81232/Potbelleez","20080201015905","200"
"http://www.inthemix.com.au:80/allabout/artist/81236/Ben_Kelly","20080131205000","200"
"http://www.inthemix.com.au:80/allabout/artist/81244/Slim","20080224222756","200"
"http://www.inthemix.com.au:80/allabout/artist/81247/Matrix","20080127202529","200"
"http://www.inthemix.com.au:80/allabout/artist/81253/Spank","20080311122823","200"
"http://www.inthemix.com.au:80/allabout/artist/81258/Spinout","20080429205508","200"
"http://www.inthemix.com.au:80/allabout/artist/81262/Imperial","20080503230828","200"
"http://www.inthemix.com.au:80/allabout/artist/81289/Nervous","20080224110713","200"
"http://www.inthemix.com.au:80/allabout/artist/81290/Mark_Sherry","20080204134511","200"
"http://www.inthemix.com.au:80/allabout/artist/81317/Xdream","20080603032319","200"
"http://www.inthemix.com.au:80/allabout/artist/81330/Spinout","20080305070524","200"
"http://www.inthemix.com.au:80/allabout/artist/81338/Selby","20080321113907","200"
"http://www.inthemix.com.au:80/allabout/artist/81353/Whisper","20080321113421","200"
"http://www.inthemix.com.au:80/allabout/artist/81368/Fourthstate","20080317083138","200"
"http://www.inthemix.com.au:80/allabout/artist/8137/Clint_W","20080319113012","200"
"http://www.inthemix.com.au:80/allabout/artist/81390/The_Presets","20080305141521","200"
"http://www.inthemix.com.au:80/allabout/artist/814/Hybrid","20080422030610","200"
"http://www.inthemix.com.au:80/allabout/artist/8140/Johan_Gielen","20080626235944","200"
"http://www.inthemix.com.au:80/allabout/artist/81413/Grafton_Primary","20080217221948","200"
"http://www.inthemix.com.au:80/allabout/artist/81414/Theatre_of_Disco","20080311191739","200"
"http://www.inthemix.com.au:80/allabout/artist/81424/Murat","20080229154816","200"
"http://www.inthemix.com.au:80/allabout/artist/81424/secure-au.imrworldwide.com/","20080309223132","200"
"http://www.inthemix.com.au:80/allabout/artist/81435/Joey_Mojo","20080127201333","200"
"http://www.inthemix.com.au:80/allabout/artist/81474/The_Heat","20080416141055","200"
"http://www.inthemix.com.au:80/allabout/artist/8149/Diplo","20080213050221","200"
"http://www.inthemix.com.au:80/allabout/artist/81499/Tymon","20080127194807","200"
"http://www.inthemix.com.au:80/allabout/artist/81514/Yoshi","20080305073551","200"
"http://www.inthemix.com.au:80/allabout/artist/81516/Scott_Richardson","20080224222801","200"
"http://www.inthemix.com.au:80/allabout/artist/81578/sangers","20080602041516","200"
"http://www.inthemix.com.au:80/allabout/artist/81581/Gavin_Martin","20080511201506","200"
"http://www.inthemix.com.au:80/allabout/artist/81602/Chemical_Brothers","20080208022918","200"
"http://www.inthemix.com.au:80/allabout/artist/81603/Kenny_L","20080207032759","200"
"http://www.inthemix.com.au:80/allabout/artist/8162/Hellraiser","20080223075401","200"
"http://www.inthemix.com.au:80/allabout/artist/8162/secure-au.imrworldwide.com/","20080522132710","200"
"http://www.inthemix.com.au:80/allabout/artist/81620/Potbelleez","20080309051524","200"
"http://www.inthemix.com.au:80/allabout/artist/81635/Elektrons","20080622200651","200"
"http://www.inthemix.com.au:80/allabout/artist/81673/Poxymusic","20080208232722","200"
"http://www.inthemix.com.au:80/allabout/artist/81676/Alex_McKenzie","20080420053235","200"
"http://www.inthemix.com.au:80/allabout/artist/81676/secure-au.imrworldwide.com/","20080423124559","200"
"http://www.inthemix.com.au:80/allabout/artist/8171/Oliver_Lieb","20080307172350","200"
"http://www.inthemix.com.au:80/allabout/artist/8172/Deekline","20080307082151","200"
"http://www.inthemix.com.au:80/allabout/artist/81966/Boogs","20080610170539","200"
"http://www.inthemix.com.au:80/allabout/artist/81972/Blinky","20080208165336","200"
"http://www.inthemix.com.au:80/allabout/artist/81973/Hellraiser","20080229160528","200"
"http://www.inthemix.com.au:80/allabout/artist/81977/Dave_Pham","20080321152041","200"
"http://www.inthemix.com.au:80/allabout/artist/81981/MOJO","20080511204235","200"
"http://www.inthemix.com.au:80/allabout/artist/81982/Scott_Bateman","20080408144421","200"
"http://www.inthemix.com.au:80/allabout/artist/81988/Blinky","20080229161649","200"
"http://www.inthemix.com.au:80/allabout/artist/81989/Hellraiser","20080309064852","200"
"http://www.inthemix.com.au:80/allabout/artist/81992/Ben_Evans","20080208165342","200"
"http://www.inthemix.com.au:80/allabout/artist/81997/MOJO","20080408112946","200"
"http://www.inthemix.com.au:80/allabout/artist/81998/Scott_Bateman","20080511204240","200"
"http://www.inthemix.com.au:80/allabout/artist/82008/Flaunt","20080319113017","200"
"http://www.inthemix.com.au:80/allabout/artist/8201/Hakka","20080513230822","200"
"http://www.inthemix.com.au:80/allabout/artist/82017/Matrix","20080319113022","200"
"http://www.inthemix.com.au:80/allabout/artist/82032/Whisper","20080305070529","200"
"http://www.inthemix.com.au:80/allabout/artist/82050/Sean_Quinn","20080226200318","200"
"http://www.inthemix.com.au:80/allabout/artist/82051/Sean_Chee","20080205042630","200"
"http://www.inthemix.com.au:80/allabout/artist/82052/Kriece","20080319113027","200"
"http://www.inthemix.com.au:80/allabout/artist/82059/John_Devecchis","20080626102927","200"
"http://www.inthemix.com.au:80/allabout/artist/82066/Loose_Change","20080522132713","200"
"http://www.inthemix.com.au:80/allabout/artist/82067/Jimmy_Sing","20080201015911","200"
"http://www.inthemix.com.au:80/allabout/artist/82071/Pulsar","20080603032324","200"
"http://www.inthemix.com.au:80/allabout/artist/82072/Connect","20080529220931","200"
"http://www.inthemix.com.au:80/allabout/artist/82088/Gavin_Keitel","20080207153228","200"
"http://www.inthemix.com.au:80/allabout/artist/82090/Jeremy_K","20080229160534","200"
"http://www.inthemix.com.au:80/allabout/artist/82092/Little_Chris","20080319085438","200"
"http://www.inthemix.com.au:80/allabout/artist/82112/Nik_Fish","20080311122827","200"
"http://www.inthemix.com.au:80/allabout/artist/8212/Evil_Nine","20080305041424","200"
"http://www.inthemix.com.au:80/allabout/artist/82123/Arbee","20080321115338","200"
"http://www.inthemix.com.au:80/allabout/artist/82124/Patrik_Carrera","20080127194814","200"
"http://www.inthemix.com.au:80/allabout/artist/82149/Cassette_Kids","20080229090936","200"
"http://www.inthemix.com.au:80/allabout/artist/82150/Spruce_Lee","20080305070534","200"
"http://www.inthemix.com.au:80/allabout/artist/82153/Supermayer","20080321175945","200"
"http://www.inthemix.com.au:80/allabout/artist/82158/torne","20080503043729","200"
"http://www.inthemix.com.au:80/allabout/artist/82159/Habitual_p_l","20080503043734","200"
"http://www.inthemix.com.au:80/allabout/artist/82167/SoulT","20080309064857","200"
"http://www.inthemix.com.au:80/allabout/artist/82182/Julian_Reynolds","20080207090820","200"
"http://www.inthemix.com.au:80/allabout/artist/82182/secure-au.imrworldwide.com/","20080208165347","200"
"http://www.inthemix.com.au:80/allabout/artist/82224/Damian_John","20080125220841","200"
"http://www.inthemix.com.au:80/allabout/artist/82255/Andy_Murphy","20080305070538","200"
"http://www.inthemix.com.au:80/allabout/artist/82271/Tenzin","20080319114651","200"
"http://www.inthemix.com.au:80/allabout/artist/82281/Bag_Raiders","20080319114657","200"
"http://www.inthemix.com.au:80/allabout/artist/82298/Marcotix","20080226035818","200"
"http://www.inthemix.com.au:80/allabout/artist/82303/Mark_Pritchard","20080129222759","200"
"http://www.inthemix.com.au:80/allabout/artist/82312/Ron_Carroll","20080226035823","200"
"http://www.inthemix.com.au:80/allabout/artist/82328/Derrick_Carter","20080503043739","200"
"http://www.inthemix.com.au:80/allabout/artist/82329/Ben_Morris","20080319113032","200"
"http://www.inthemix.com.au:80/allabout/artist/82331/John_Glover","20080315151855","200"
"http://www.inthemix.com.au:80/allabout/artist/82339/Zannon","20080311104816","200"
"http://www.inthemix.com.au:80/allabout/artist/82354/Nik_Fish","20080127110336","200"
"http://www.inthemix.com.au:80/allabout/artist/82355/Matrix","20080321115343","200"
"http://www.inthemix.com.au:80/allabout/artist/82358/Jay_Kaos","20080208072859","200"
"http://www.inthemix.com.au:80/allabout/artist/82358/secure-au.imrworldwide.com/","20080311191746","200"
"http://www.inthemix.com.au:80/allabout/artist/82359/Arbor","20080603032336","200"
"http://www.inthemix.com.au:80/allabout/artist/8236/Pete_Dot","20080208232726","200"
"http://www.inthemix.com.au:80/allabout/artist/8237/Madonna","20080319080600","200"
"http://www.inthemix.com.au:80/allabout/artist/82374/Slim","20080603055821","200"
"http://www.inthemix.com.au:80/allabout/artist/82378/Brenden_Fing","20080610170549","200"
"http://www.inthemix.com.au:80/allabout/artist/8239/Ewan_Pearson","20080313090207","200"
"http://www.inthemix.com.au:80/allabout/artist/82391/Nitrouz","20080224222808","200"
"http://www.inthemix.com.au:80/allabout/artist/82395/Tom_Piper","20080610170554","200"
"http://www.inthemix.com.au:80/allabout/artist/82404/Rev_Dr_Grooveshoes","20080325175201","200"
"http://www.inthemix.com.au:80/allabout/artist/82406/Flux3","20080325175206","200"
"http://www.inthemix.com.au:80/allabout/artist/8241/Crispin","20080210024011","200"
"http://www.inthemix.com.au:80/allabout/artist/82427/Phil_Toke","20080217221953","200"
"http://www.inthemix.com.au:80/allabout/artist/82433/Adam_Kelly","20080207032801","200"
"http://www.inthemix.com.au:80/allabout/artist/82471/Hugga_Thugg","20080522141429","200"
"http://www.inthemix.com.au:80/allabout/artist/82472/Wax_Motif","20080305070544","200"
"http://www.inthemix.com.au:80/allabout/artist/82474/Ritual","20080325175211","200"
"http://www.inthemix.com.au:80/allabout/artist/82481/Groove_Armada","20080127201338","200"
"http://www.inthemix.com.au:80/allabout/artist/82538/Illya","20080325073841","200"
"http://www.inthemix.com.au:80/allabout/artist/82539/Gavin_DeMyer","20080305070549","200"
"http://www.inthemix.com.au:80/allabout/artist/82548/Strepta","20080408144426","200"
"http://www.inthemix.com.au:80/allabout/artist/82556/James_Locksmith","20080208200002","200"
"http://www.inthemix.com.au:80/allabout/artist/82569/Nick_Galea","20080423112929","200"
"http://www.inthemix.com.au:80/allabout/artist/82584/Audio_Damage","20080503043744","200"
"http://www.inthemix.com.au:80/allabout/artist/82585/Luke_Spellbound","20080503043749","200"
"http://www.inthemix.com.au:80/allabout/artist/82587/Soul_T","20080309051530","200"
"http://www.inthemix.com.au:80/allabout/artist/82588/Booty","20080229133053","200"
"http://www.inthemix.com.au:80/allabout/artist/82604/BABY_GEE","20080319114701","200"
"http://www.inthemix.com.au:80/allabout/artist/82605/ANIKI","20080303085701","200"
"http://www.inthemix.com.au:80/allabout/artist/82608/Cleptoclectics","20080313190309","200"
"http://www.inthemix.com.au:80/allabout/artist/82641/Virginia_Le","20080507042102","200"
"http://www.inthemix.com.au:80/allabout/artist/82645/Mike_Callander","20080207153233","200"
"http://www.inthemix.com.au:80/allabout/artist/82647/Dave_Pham","20080309051534","200"
"http://www.inthemix.com.au:80/allabout/artist/82648/Rollin_Connection","20080307084744","200"
"http://www.inthemix.com.au:80/allabout/artist/8265/Shook_Daily_Crew","20080217221958","200"
"http://www.inthemix.com.au:80/allabout/artist/82651/Sam_McEwin","20080323182913","200"
"http://www.inthemix.com.au:80/allabout/artist/82652/Virginia_Le","20080207153239","200"
"http://www.inthemix.com.au:80/allabout/artist/8266/ZTrip","20080125220847","200"
"http://www.inthemix.com.au:80/allabout/artist/82672/Cut_Off_Your_Hands","20080213081921","200"
"http://www.inthemix.com.au:80/allabout/artist/82685/Spoon","20080309051539","200"
"http://www.inthemix.com.au:80/allabout/artist/82688/Ame","20080214234151","200"
"http://www.inthemix.com.au:80/allabout/artist/82689/Angel","20080511204245","200"
"http://www.inthemix.com.au:80/allabout/artist/8269/A_Skillz","20080522141435","200"
"http://www.inthemix.com.au:80/allabout/artist/82690/Jezahh","20080311105238","200"
"http://www.inthemix.com.au:80/allabout/artist/82693/Mortal_Realistiks","20080125220851","200"
"http://www.inthemix.com.au:80/allabout/artist/82697/Brielle_Davis","20080213004031","200"
"http://www.inthemix.com.au:80/allabout/artist/830/Jackster","20080326200459","200"
"http://www.inthemix.com.au:80/allabout/artist/830/secure-au.imrworldwide.com/","20080327115939","200"
"http://www.inthemix.com.au:80/allabout/artist/8302/Jon_Carter","20080529204739","200"
"http://www.inthemix.com.au:80/allabout/artist/8308/DJ_Trinity","20080528143125","200"
"http://www.inthemix.com.au:80/allabout/artist/8316/Grand_National","20080503043754","200"
"http://www.inthemix.com.au:80/allabout/artist/83234/secure-au.imrworldwide.com/","20080319113037","200"
"http://www.inthemix.com.au:80/allabout/artist/83234/Signal_Drivers","20080214204516","200"
"http://www.inthemix.com.au:80/allabout/artist/83258/Si_clone","20080626222634","200"
"http://www.inthemix.com.au:80/allabout/artist/83263/Habebe","20080423124603","200"
"http://www.inthemix.com.au:80/allabout/artist/83275/chris_wilson","20080319114707","200"
"http://www.inthemix.com.au:80/allabout/artist/83276/jason_morley","20080203085923","200"
"http://www.inthemix.com.au:80/allabout/artist/83277/habebe","20080203085929","200"
"http://www.inthemix.com.au:80/allabout/artist/83292/Mashy_P","20080317145424","200"
"http://www.inthemix.com.au:80/allabout/artist/83295/John_course","20080329131259","200"
"http://www.inthemix.com.au:80/allabout/artist/83300/Chris_Wilson","20080619022212","200"
"http://www.inthemix.com.au:80/allabout/artist/83309/John_course","20080229170654","200"
"http://www.inthemix.com.au:80/allabout/artist/83343/Learned_Hand","20080325175216","200"
"http://www.inthemix.com.au:80/allabout/artist/83357/Ben_Evans","20080229160540","200"
"http://www.inthemix.com.au:80/allabout/artist/83358/Blinky","20080217222004","200"
"http://www.inthemix.com.au:80/allabout/artist/83359/Ben_Jackson","20080127202534","200"
"http://www.inthemix.com.au:80/allabout/artist/83392/Terry_Waites","20080319113043","200"
"http://www.inthemix.com.au:80/allabout/artist/83399/John_Devecchis","20080127203752","200"
"http://www.inthemix.com.au:80/allabout/artist/83405/Grant_Smillie","20080225203327","200"
"http://www.inthemix.com.au:80/allabout/artist/83407/Goodwill","20080223160717","200"
"http://www.inthemix.com.au:80/allabout/artist/83411/The_Heat","20080217222009","200"
"http://www.inthemix.com.au:80/allabout/artist/83416/Daniel_Crocetti","20080221000235","200"
"http://www.inthemix.com.au:80/allabout/artist/83422/Goodwill","20080221050559","200"
"http://www.inthemix.com.au:80/allabout/artist/83423/Carl_kennedy","20080319041336","200"
"http://www.inthemix.com.au:80/allabout/artist/83481/Terry_Waites","20080319114712","200"
"http://www.inthemix.com.au:80/allabout/artist/83482/Lee_Wilson","20080317145430","200"
"http://www.inthemix.com.au:80/allabout/artist/83487/Micah","20080125220856","200"
"http://www.inthemix.com.au:80/allabout/artist/83493/Ken_Cloud","20080129222803","200"
"http://www.inthemix.com.au:80/allabout/artist/83497/Danni_B","20080217222015","200"
"http://www.inthemix.com.au:80/allabout/artist/83504/Micah","20080319114717","200"
"http://www.inthemix.com.au:80/allabout/artist/83509/Sneaky","20080127202539","200"
"http://www.inthemix.com.au:80/allabout/artist/83510/Harris_Robotis","20080618010602","200"
"http://www.inthemix.com.au:80/allabout/artist/83512/Ben_Morris","20080311101314","200"
"http://www.inthemix.com.au:80/allabout/artist/83514/Matttt","20080602041520","200"
"http://www.inthemix.com.au:80/allabout/artist/83526/Daheen","20080127203757","200"
"http://www.inthemix.com.au:80/allabout/artist/83539/Yousef","20080229130444","200"
"http://www.inthemix.com.au:80/allabout/artist/83540/chris_wilson","20080225203332","200"
"http://www.inthemix.com.au:80/allabout/artist/8355/Jean_Grae","20080125220902","200"
"http://www.inthemix.com.au:80/allabout/artist/83550/freestyle","20080311110102","200"
"http://www.inthemix.com.au:80/allabout/artist/83574/Riot_in_Belgium","20080329131307","200"
"http://www.inthemix.com.au:80/allabout/artist/83576/Like_Woah","20080606053517","200"
"http://www.inthemix.com.au:80/allabout/artist/83583/RMAC","20080511201515","200"
"http://www.inthemix.com.au:80/allabout/artist/83589/MC_Jules","20080511204250","200"
"http://www.inthemix.com.au:80/allabout/artist/83596/bodyrox","20080626235946","200"
"http://www.inthemix.com.au:80/allabout/artist/836/XPress_2","20080223075406","200"
"http://www.inthemix.com.au:80/allabout/artist/83600/Chris_D","20080511204609","200"
"http://www.inthemix.com.au:80/allabout/artist/83604/Damage","20080511201522","200"
"http://www.inthemix.com.au:80/allabout/artist/83610/The_Potbelleez","20080319113048","200"
"http://www.inthemix.com.au:80/allabout/artist/83613/Steve_Hart","20080511201527","200"
"http://www.inthemix.com.au:80/allabout/artist/83615/Kontrol","20080511204615","200"
"http://www.inthemix.com.au:80/allabout/artist/83629/Mike_Callander","20080321152046","200"
"http://www.inthemix.com.au:80/allabout/artist/83632/Acid_Jacks","20080229165756","200"
"http://www.inthemix.com.au:80/allabout/artist/83637/Blue_Juice","20080311194137","200"
"http://www.inthemix.com.au:80/allabout/artist/83638/Trix","20080225195203","200"
"http://www.inthemix.com.au:80/allabout/artist/83640/Dangerous_Dan","20080626235951","200"
"http://www.inthemix.com.au:80/allabout/artist/83670/Mono_Lisa","20080317145435","200"
"http://www.inthemix.com.au:80/allabout/artist/83676/Mike_Callander","20080503043759","200"
"http://www.inthemix.com.au:80/allabout/artist/83680/Foley","20080611101136","200"
"http://www.inthemix.com.au:80/allabout/artist/83682/Acid_Jacks","20080127201343","200"
"http://www.inthemix.com.au:80/allabout/artist/83692/MSTRKRFT","20080620175700","200"
"http://www.inthemix.com.au:80/allabout/artist/83708/John_Glover","20080610170559","200"
"http://www.inthemix.com.au:80/allabout/artist/83711/Ben_Morris","20080203085934","200"
"http://www.inthemix.com.au:80/allabout/artist/83734/Loose_Cannon","20080629064428","200"
"http://www.inthemix.com.au:80/allabout/artist/83746/Matrix","20080305070554","200"
"http://www.inthemix.com.au:80/allabout/artist/83764/Suae","20080503043804","200"
"http://www.inthemix.com.au:80/allabout/artist/83789/Fuzion","20080213050223","200"
"http://www.inthemix.com.au:80/allabout/artist/83806/Shlomi_Aber","20080423112934","200"
"http://www.inthemix.com.au:80/allabout/artist/83807/Mal_Chia","20080423124609","200"
"http://www.inthemix.com.au:80/allabout/artist/83808/Alex_Mckenzie","20080420050859","200"
"http://www.inthemix.com.au:80/allabout/artist/83808/secure-au.imrworldwide.com/","20080421141443","200"
"http://www.inthemix.com.au:80/allabout/artist/83808/text=%C2%A0Adelaide;url=/forum/forumdisplay.php?forumid=5;","20080421141448","200"
"http://www.inthemix.com.au:80/allabout/artist/83808/text=%C2%A0Adelaide;url=/gallery/?city=5;;status=Adelaide;separatorsize=1","20080421141453","200"
"http://www.inthemix.com.au:80/allabout/artist/83808/text=%C2%A0Adelaide;url=/whatson/?city=5;;status=Adelaide;separatorsize=1","20080421141458","200"
"http://www.inthemix.com.au:80/allabout/artist/83808/text=%C2%A0Breaks;url=/forum/forumdisplay.php?forumid=31;","20080421141503","200"
"http://www.inthemix.com.au:80/allabout/artist/83808/text=%C2%A0Brisbane;url=/gallery/?city=4;;status=Brisbane;separatorsize=1","20080421141508","200"
"http://www.inthemix.com.au:80/allabout/artist/83808/text=%C2%A0Brisbane;url=/whatson/?city=4;;status=Brisbane;separatorsize=1","20080421141515","200"
"http://www.inthemix.com.au:80/allabout/artist/83808/text=%C2%A0Canberra;url=/forum/forumdisplay.php?forumid=3;","20080421141519","200"
"http://www.inthemix.com.au:80/allabout/artist/83808/text=%C2%A0Canberra;url=/gallery/?city=3;;status=Canberra;separatorsize=1","20080421141524","200"
"http://www.inthemix.com.au:80/allabout/artist/83808/text=%C2%A0Canberra;url=/whatson/?city=3;;status=Canberra;separatorsize=1","20080421141529","200"
"http://www.inthemix.com.au:80/allabout/artist/83808/text=%C2%A0General;url=/forum/forumdisplay.php?forumid=10;","20080421141534","200"
"http://www.inthemix.com.au:80/allabout/artist/83808/text=%C2%A0House;url=/forum/forumdisplay.php?forumid=30;","20080421141539","200"
"http://www.inthemix.com.au:80/allabout/artist/83808/text=%C2%A0Ibiza;url=/forum/forumdisplay.php?forumid=66;","20080421141544","200"
"http://www.inthemix.com.au:80/allabout/artist/83808/text=%C2%A0Lifestyle;url=/forum/forumdisplay.php?forumid=23;","20080421141549","200"
"http://www.inthemix.com.au:80/allabout/artist/83808/text=%C2%A0Melbourne;url=/forum/forumdisplay.php?forumid=2;","20080421141554","200"
"http://www.inthemix.com.au:80/allabout/artist/83808/text=%C2%A0Melbourne;url=/gallery/?city=2;;status=Melbourne;separatorsize=1","20080421141559","200"
"http://www.inthemix.com.au:80/allabout/artist/83808/text=%C2%A0Melbourne;url=/whatson/?city=2;;status=Melbourne;separatorsize=1","20080421141604","200"
"http://www.inthemix.com.au:80/allabout/artist/83808/text=%C2%A0Perth;url=/forum/forumdisplay.php?forumid=6;","20080421141610","200"
"http://www.inthemix.com.au:80/allabout/artist/83808/text=%C2%A0Perth;url=/gallery/?city=6;;status=Perth;separatorsize=1","20080421141615","200"
"http://www.inthemix.com.au:80/allabout/artist/83808/text=%C2%A0Perth;url=/whatson/?city=6;;status=Perth;separatorsize=1","20080421141620","200"
"http://www.inthemix.com.au:80/allabout/artist/83808/text=%C2%A0Photography;url=/forum/forumdisplay.php?forumid=61;","20080421141625","200"
"http://www.inthemix.com.au:80/allabout/artist/83808/text=%C2%A0Progressive;url=/forum/forumdisplay.php?forumid=36;","20080421141630","200"
"http://www.inthemix.com.au:80/allabout/artist/83808/text=%C2%A0Sydney;url=/forum/forumdisplay.php?forumid=1;","20080421141635","200"
"http://www.inthemix.com.au:80/allabout/artist/83808/text=%C2%A0Sydney;url=/gallery/?city=1;;status=Sydney;separatorsize=1","20080421141640","200"
"http://www.inthemix.com.au:80/allabout/artist/83808/text=%C2%A0Sydney;url=/whatson/?city=1;;status=Sydney;separatorsize=1","20080421141645","200"
"http://www.inthemix.com.au:80/allabout/artist/83808/text=%C2%A0Tickets;url=/shop/customer/home.php?cat=249;;separatorsize=1","20080421141651","200"
"http://www.inthemix.com.au:80/allabout/artist/83809/Nic_Borelli","20080423112939","200"
"http://www.inthemix.com.au:80/allabout/artist/83810/Matt_Parker","20080423124613","200"
"http://www.inthemix.com.au:80/allabout/artist/83815/Brenden_Fing","20080321152051","200"
"http://www.inthemix.com.au:80/allabout/artist/83816/Tom_Da_Silva","20080131205007","200"
"http://www.inthemix.com.au:80/allabout/artist/83825/Van_Miert","20080522141439","200"
"http://www.inthemix.com.au:80/allabout/artist/83832/Rephrase","20080208200008","200"
"http://www.inthemix.com.au:80/allabout/artist/83834/Mark_Walton","20080208200013","200"
"http://www.inthemix.com.au:80/allabout/artist/83838/Firehouse","20080503222928","200"
"http://www.inthemix.com.au:80/allabout/artist/83840/Basslines","20080503222933","200"
"http://www.inthemix.com.au:80/allabout/artist/83848/Brenden_Fing","20080203085941","200"
"http://www.inthemix.com.au:80/allabout/artist/83872/Future_Frog","20080127202544","200"
"http://www.inthemix.com.au:80/allabout/artist/83882/Stellar_MC","20080319113053","200"
"http://www.inthemix.com.au:80/allabout/artist/83884/The_Gauge_Breakers","20080319113058","200"
"http://www.inthemix.com.au:80/allabout/artist/83889/Mike_Redfern","20080321150453","200"
"http://www.inthemix.com.au:80/allabout/artist/83891/Fergus_Alexander","20080129145457","200"
"http://www.inthemix.com.au:80/allabout/artist/83899/Robot_Friendly","20080408144436","200"
"http://www.inthemix.com.au:80/allabout/artist/83902/Danny_De_Sousa","20080225081830","200"
"http://www.inthemix.com.au:80/allabout/artist/83907/Gavin_Martin","20080408144441","200"
"http://www.inthemix.com.au:80/allabout/artist/83935/Sakura","20080201015916","200"
"http://www.inthemix.com.au:80/allabout/artist/83958/Hook_N_Sling","20080203085945","200"
"http://www.inthemix.com.au:80/allabout/artist/83960/Poxy_Music","20080311194143","200"
"http://www.inthemix.com.au:80/allabout/artist/83960/secure-au.imrworldwide.com/","20080408123452","200"
"http://www.inthemix.com.au:80/allabout/artist/83963/Jeff_Drake","20080416141100","200"
"http://www.inthemix.com.au:80/allabout/artist/83968/Bass_Kleph","20080125220906","200"
"http://www.inthemix.com.au:80/allabout/artist/83989/Aquasky","20080218012717","200"
"http://www.inthemix.com.au:80/allabout/artist/83993/Typhonic","20080201015921","200"
"http://www.inthemix.com.au:80/allabout/artist/84002/Anna_Lunoe","20080309223136","200"
"http://www.inthemix.com.au:80/allabout/artist/84006/Jeff_Drake","20080203085949","200"
"http://www.inthemix.com.au:80/allabout/artist/84009/Matttt_Tomass","20080311101635","200"
"http://www.inthemix.com.au:80/allabout/artist/84011/Anna_Lunoe","20080203085957","200"
"http://www.inthemix.com.au:80/allabout/artist/84012/Steve_Lind","20080603055826","200"
"http://www.inthemix.com.au:80/allabout/artist/84016/Stafford_brothers","20080225203339","200"
"http://www.inthemix.com.au:80/allabout/artist/84018/Steve_Lind","20080416141104","200"
"http://www.inthemix.com.au:80/allabout/artist/84021/Steve_Lind","20080522141444","200"
"http://www.inthemix.com.au:80/allabout/artist/84034/Steve_Lind","20080203090000","200"
"http://www.inthemix.com.au:80/allabout/artist/84035/Kato","20080311122833","200"
"http://www.inthemix.com.au:80/allabout/artist/84052/Organ_Donors","20080213005628","200"
"http://www.inthemix.com.au:80/allabout/artist/84052/secure-au.imrworldwide.com/","20080225203346","200"
"http://www.inthemix.com.au:80/allabout/artist/84062/Dr_Willis","20080229160545","200"
"http://www.inthemix.com.au:80/allabout/artist/84063/Scott_Alert","20080309051544","200"
"http://www.inthemix.com.au:80/allabout/artist/84065/tyDi","20080319080603","200"
"http://www.inthemix.com.au:80/allabout/artist/84066/Syke","20080225194356","200"
"http://www.inthemix.com.au:80/allabout/artist/84067/Harry_K","20080319113103","200"
"http://www.inthemix.com.au:80/allabout/artist/84068/Karma","20080319080608","200"
"http://www.inthemix.com.au:80/allabout/artist/8407/Quantic","20080225194403","200"
"http://www.inthemix.com.au:80/allabout/artist/84070/Chris_Wilson","20080203090006","200"
"http://www.inthemix.com.au:80/allabout/artist/84071/Gavin_Boyd","20080225203353","200"
"http://www.inthemix.com.au:80/allabout/artist/84072/Jesse","20080319081559","200"
"http://www.inthemix.com.au:80/allabout/artist/84079/The_Stafford_Brothers","20080626235956","200"
"http://www.inthemix.com.au:80/allabout/artist/84080/Tommy_Trash","20080309224630","200"
"http://www.inthemix.com.au:80/allabout/artist/84081/James_Taylor","20080311103809","200"
"http://www.inthemix.com.au:80/allabout/artist/84083/Reno","20080203090012","200"
"http://www.inthemix.com.au:80/allabout/artist/84084/Brenden_Fing","20080311110107","200"
"http://www.inthemix.com.au:80/allabout/artist/84087/Steve_Spacek","20080129222811","200"
"http://www.inthemix.com.au:80/allabout/artist/84090/Victim","20080503220806","200"
"http://www.inthemix.com.au:80/allabout/artist/84092/ZeroDub","20080503220811","200"
"http://www.inthemix.com.au:80/allabout/artist/84094/Mark_Murphy","20080226035828","200"
"http://www.inthemix.com.au:80/allabout/artist/84096/Sander_Kleinenberg","20080201010106","200"
"http://www.inthemix.com.au:80/allabout/artist/84097/Junkie_XL","20080305070601","200"
"http://www.inthemix.com.au:80/allabout/artist/84098/Dixon","20080208232731","200"
"http://www.inthemix.com.au:80/allabout/artist/84100/Paul_Malone","20080317145440","200"
"http://www.inthemix.com.au:80/allabout/artist/8413/Static_Lincoln","20080127203802","200"
"http://www.inthemix.com.au:80/allabout/artist/8414/Noodles","20080125220912","200"
"http://www.inthemix.com.au:80/allabout/artist/84405/Menno_De_Jong","20080711135455","200"
"http://www.inthemix.com.au:80/allabout/artist/84513/Telefunken","20080303184957","200"
"http://www.inthemix.com.au:80/allabout/artist/84514/Ember","20080311122838","200"
"http://www.inthemix.com.au:80/allabout/artist/84516/Jay_Michaels","20080225170555","200"
"http://www.inthemix.com.au:80/allabout/artist/84529/Amber_Savage","20080225080718","200"
"http://www.inthemix.com.au:80/allabout/artist/84531/Archie","20080223160722","200"
"http://www.inthemix.com.au:80/allabout/artist/8454/DJ_T","20080224222813","200"
