original,timestamp,statuscode
"http://www.fasterlouder.com.au:80/?","20080226204043","200"
"http://www.fasterlouder.com.au/?city=1","20080719051700","200"
"http://www.fasterlouder.com.au:80/?city=10","20080212220329","200"
"http://www.fasterlouder.com.au:80/?city=11","20080212220335","200"
"http://www.fasterlouder.com.au:80/?city=2","20080226204049","200"
"http://www.fasterlouder.com.au:80/?city=3","20080219120314","200"
"http://www.fasterlouder.com.au:80/?city=4","20080219120315","200"
"http://www.fasterlouder.com.au:80/?city=5","20080219120329","200"
"http://www.fasterlouder.com.au:80/?city=6","20080219120341","200"
"http://www.fasterlouder.com.au:80/?city=7","20080212220338","200"
"http://www.fasterlouder.com.au:80/?city=8","20080213040351","200"
"http://www.fasterlouder.com.au:80/?city=9","20080212220442","200"
"http://www.fasterlouder.com.au/_css/core.css","20080719005609","200"
"http://www.fasterlouder.com.au/_css/form.css","20080719005445","200"
"http://www.fasterlouder.com.au/_css/text.css","20080719005710","200"
"http://www.fasterlouder.com.au/_flash/global/ImageScroller/ImageScroller.swf?jsonStr=,-152490,-152491,-152492,-152493,-152494,-152495,-152496,-152497,-152498,-152499&baseURL=http://www.fasterlouder.com.au&pathToGallery=people/awallis/gallery","20080727090908","200"
"http://www.fasterlouder.com.au/_flash/global/ImageScroller/ImageScroller.swf?jsonStr=,-162792&baseURL=http://www.fasterlouder.com.au&pathToGallery=bands/RobotVsBird/gallery","20080721064721","200"
"http://www.fasterlouder.com.au/_flash/global/ImageScroller/ImageScroller.swf?jsonStr=,-178810,-178811,-178812,-178813,-178814,-178815,-178816,-178817,-178818&baseURL=http://www.fasterlouder.com.au&pathToGallery=people/afterimage2/gallery","20080721063105","200"
"http://www.fasterlouder.com.au/_flash/global/ImageScroller/ImageScroller.swf?jsonStr=,-183022,-183023,-183024,-183025,-183026,-183027,-22961,-22962&baseURL=http://www.fasterlouder.com.au&pathToGallery=people/andre/gallery","20080727084754","200"
"http://www.fasterlouder.com.au/_flash/global/ImageScroller/ImageScroller.swf?jsonStr=,-185751,-185752,-185753,-185754,-185755,-185756,-185757,-185758&baseURL=http://www.fasterlouder.com.au&pathToGallery=bands/Chamberland/gallery","20080721062758","200"
"http://www.fasterlouder.com.au/_flash/global/ImageScroller/ImageScroller.swf?jsonStr=,-185995,-185996,-185997,-185998,-185999,-186000&baseURL=http://www.fasterlouder.com.au&pathToGallery=bands/never/gallery","20080721054533","200"
"http://www.fasterlouder.com.au/_flash/global/ImageScroller/ImageScroller.swf?jsonStr=,-189142,-189143,-189144,-189145,-189146,-189147,-189148,-189149,-189150,-189151&baseURL=http://www.fasterlouder.com.au&pathToGallery=people/Grangles/gallery","20080725015020","200"
"http://www.fasterlouder.com.au/_flash/global/ImageScroller/ImageScroller.swf?jsonStr=,-204121,-204122,-204123,-204124,-204125,-204126,-204127,-204128,-204129,-204130&baseURL=http://www.fasterlouder.com.au&pathToGallery=people/charlene_is_i/gallery","20080724211715","200"
"http://www.fasterlouder.com.au/_flash/global/ImageScroller/ImageScroller.swf?jsonStr=,-211116,-211117,-211118,-211119,-211120,-211121,-211122,-211123,-211124,-211125&baseURL=http://www.fasterlouder.com.au&pathToGallery=people/jumbolkna/gallery","20080725013149","200"
"http://www.fasterlouder.com.au/_flash/global/ImageScroller/ImageScroller.swf?jsonStr=,-212157&baseURL=http://www.fasterlouder.com.au&pathToGallery=people/kno80k/gallery","20080721051238","200"
"http://www.fasterlouder.com.au/_flash/global/ImageScroller/ImageScroller.swf?jsonStr=,-216346,-216347,-216348,-216351,-216354,-216355,-216356,-216357,-216358,-216359&baseURL=http://www.fasterlouder.com.au&pathToGallery=people/Ronny/gallery","20080722200826","200"
"http://www.fasterlouder.com.au/_flash/global/ImageScroller/ImageScroller.swf?jsonStr=,-22355,-22356,-22357,-22358,-22359,-22360,-22361,-22362,-22363,-22364&baseURL=http://www.fasterlouder.com.au&pathToGallery=bands/Rocket_Science/gallery","20080724202755","200"
"http://www.fasterlouder.com.au/_flash/global/ImageScroller/ImageScroller.swf?jsonStr=,-22756,-22757&baseURL=http://www.fasterlouder.com.au&pathToGallery=people/MissB/gallery","20080726172016","200"
"http://www.fasterlouder.com.au/_flash/global/ImageScroller/ImageScroller.swf?jsonStr=,-22809,-22810,-22811,-22812,-22813,-22814,-22815,-22816,-22817,-22818&baseURL=http://www.fasterlouder.com.au&pathToGallery=people/Rodney/gallery","20080725003429","200"
"http://www.fasterlouder.com.au/_flash/global/ImageScroller/ImageScroller.swf?jsonStr=,-231100&baseURL=http://www.fasterlouder.com.au&pathToGallery=people/raptinmuddle/gallery","20080728153209","200"
"http://www.fasterlouder.com.au/_flash/global/ImageScroller/ImageScroller.swf?jsonStr=,-23129,-23130&baseURL=http://www.fasterlouder.com.au&pathToGallery=people/radical_man/gallery","20080729015939","200"
"http://www.fasterlouder.com.au/_flash/global/ImageScroller/ImageScroller.swf?jsonStr=,-23327,-23328,-23329,-23330,-23331,-23332,-23333,-23334&baseURL=http://www.fasterlouder.com.au&pathToGallery=people/Spoz/gallery","20080724212539","200"
"http://www.fasterlouder.com.au/_flash/global/ImageScroller/ImageScroller.swf?jsonStr=,-23494,-23495,-23496,-23497,-23498,-23499,-23500,-23501,-23502,-23503&baseURL=http://www.fasterlouder.com.au&pathToGallery=people/bandbabe/gallery","20080723224708","200"
"http://www.fasterlouder.com.au/_flash/global/ImageScroller/ImageScroller.swf?jsonStr=,-23586&baseURL=http://www.fasterlouder.com.au&pathToGallery=people/ndheath/gallery","20080724210305","200"
"http://www.fasterlouder.com.au/_flash/global/ImageScroller/ImageScroller.swf?jsonStr=,-239813,-239814,-239815&baseURL=http://www.fasterlouder.com.au&pathToGallery=people/Levons%20Crown/gallery","20080721062446","200"
"http://www.fasterlouder.com.au/_flash/global/ImageScroller/ImageScroller.swf?jsonStr=,-24564,-24565,-24566&baseURL=http://www.fasterlouder.com.au&pathToGallery=people/miss%20music%20laur/gallery","20080722230122","200"
"http://www.fasterlouder.com.au/_flash/global/ImageScroller/ImageScroller.swf?jsonStr=,-24717,-24718,-24719,-24720&baseURL=http://www.fasterlouder.com.au&pathToGallery=people/ro_ur_boat/gallery","20080721044920","200"
"http://www.fasterlouder.com.au/_flash/global/ImageScroller/ImageScroller.swf?jsonStr=,-24844,-24845,-24846,-24847,-24848,-24849,-24850&baseURL=http://www.fasterlouder.com.au&pathToGallery=people/Hobietje/gallery","20080725000219","200"
"http://www.fasterlouder.com.au/_flash/global/ImageScroller/ImageScroller.swf?jsonStr=,-250280,-250281,-250282,-250283,-250284,-250285,-250286,-214219,-214220,-214221&baseURL=http://www.fasterlouder.com.au&pathToGallery=people/AnnieFanny/gallery","20080723231405","200"
"http://www.fasterlouder.com.au/_flash/global/ImageScroller/ImageScroller.swf?jsonStr=,-25361,-25362,-25363&baseURL=http://www.fasterlouder.com.au&pathToGallery=people/jonnoseidler/gallery","20080723203735","200"
"http://www.fasterlouder.com.au/_flash/global/ImageScroller/ImageScroller.swf?jsonStr=,-254170,-254171&baseURL=http://www.fasterlouder.com.au&pathToGallery=bands/Repeat_Offender/gallery","20080724222317","200"
"http://www.fasterlouder.com.au/_flash/global/ImageScroller/ImageScroller.swf?jsonStr=,-25759,-25760,-25761,-25762,-25763,-25764,-25765,-25766&baseURL=http://www.fasterlouder.com.au&pathToGallery=people/emmawheatley/gallery","20080725020610","200"
"http://www.fasterlouder.com.au/_flash/global/ImageScroller/ImageScroller.swf?jsonStr=,-259554&baseURL=http://www.fasterlouder.com.au&pathToGallery=people/sean4dec/gallery","20080721054304","200"
"http://www.fasterlouder.com.au/_flash/global/ImageScroller/ImageScroller.swf?jsonStr=,-259606,-259607,-259608,-259609,-259610&baseURL=http://www.fasterlouder.com.au&pathToGallery=people/Lauzipan/gallery","20080721044401","200"
"http://www.fasterlouder.com.au/_flash/global/ImageScroller/ImageScroller.swf?jsonStr=,-282373,-282374&baseURL=http://www.fasterlouder.com.au&pathToGallery=people/super-fantastich/gallery","20080721083944","200"
"http://www.fasterlouder.com.au/_flash/global/ImageScroller/ImageScroller.swf?jsonStr=,-295274,-295275,-295276,-295269,-295270,-295271,-295272&baseURL=http://www.fasterlouder.com.au&pathToGallery=people/iSean/gallery","20080721072500","200"
"http://www.fasterlouder.com.au/_flash/global/ImageScroller/ImageScroller.swf?jsonStr=,-304009,-304014,-304017,-304018,-304019&baseURL=http://www.fasterlouder.com.au&pathToGallery=people/Logarithm/gallery","20080724002725","200"
"http://www.fasterlouder.com.au/_flash/global/ImageScroller/ImageScroller.swf?jsonStr=,-304511,-304513,-304514,-304518,-304520,-304521,-304522,-304572,-304573,-304574&baseURL=http://www.fasterlouder.com.au&pathToGallery=people/muckguppy/gallery","20080724002325","200"
"http://www.fasterlouder.com.au/_flash/global/ImageScroller/ImageScroller.swf?jsonStr=,145-23157,145-23158&baseURL=http://www.fasterlouder.com.au&pathToGallery=people/Eric%20the%20Black/gallery","20080729025906","200"
"http://www.fasterlouder.com.au/_flash/global/ImageScroller/ImageScroller.swf?jsonStr=,247-23809&baseURL=http://www.fasterlouder.com.au&pathToGallery=people/flippinbeans/gallery","20080731164125","200"
"http://www.fasterlouder.com.au/_flash/global/ImageScroller/ImageScroller.swf?jsonStr=,327-24194&baseURL=http://www.fasterlouder.com.au&pathToGallery=people/Skeeta/gallery","20080730011442","200"
"http://www.fasterlouder.com.au/_flash/global/ImageScroller/ImageScroller.swf?jsonStr=,437-24844,437-24845,437-24846,437-24847,437-24848,437-24849,437-24850&baseURL=http://www.fasterlouder.com.au&pathToGallery=people/Hobietje/gallery","20080726171703","200"
"http://www.fasterlouder.com.au/_flash/global/ImageScroller/ImageScroller.swf?jsonStr=,4511-173515,4511-173517,4511-173518,4511-173520,4511-173521,4510-173509,4510-173510,4510-173511,4510-173512,4510-173513&baseURL=http://www.fasterlouder.com.au&pathToGallery=people/Red%20Jane/gallery","20080729180049","200"
"http://www.fasterlouder.com.au/_flash/global/ImageScroller/ImageScroller.swf?jsonStr=,4846-183022,4846-183023,4846-183024,4846-183025,4846-183026,4846-183027,115-22961,115-22962&baseURL=http://www.fasterlouder.com.au&pathToGallery=people/andre/gallery","20080719202001","200"
"http://www.fasterlouder.com.au/_flash/global/ImageScroller/ImageScroller.swf?jsonStr=,6110-248790,6110-248791&baseURL=http://www.fasterlouder.com.au&pathToGallery=people/Miss%20Splendour/gallery","20080730092311","200"
"http://www.fasterlouder.com.au/_flash/global/ImageScroller/ImageScroller.swf?jsonStr=,6158-251537,6158-251538,6158-251539&baseURL=http://www.fasterlouder.com.au&pathToGallery=people/craig123/gallery","20080730072841","200"
"http://www.fasterlouder.com.au/_flash/global/ImageScroller/ImageScroller.swf?jsonStr=,6188-253091,6188-253092,6188-253093,6188-253095,6188-253096&baseURL=http://www.fasterlouder.com.au&pathToGallery=people/STRIP%20SUNSET/gallery","20080731181220","200"
"http://www.fasterlouder.com.au/_flash/global/ImageScroller/ImageScroller.swf?jsonStr=,6417-263629,6417-263647&baseURL=http://www.fasterlouder.com.au&pathToGallery=people/Napoleon%20Solo/gallery","20080729030604","200"
"http://www.fasterlouder.com.au/_flash/global/ImageScroller/ImageScroller.swf?jsonStr=,6429-264105&baseURL=http://www.fasterlouder.com.au&pathToGallery=people/Stefan%20Beck/gallery","20080729163610","200"
"http://www.fasterlouder.com.au/_flash/global/ImageScroller/ImageScroller.swf?jsonStr=,6718-285465&baseURL=http://www.fasterlouder.com.au&pathToGallery=people/MandaBear/gallery","20080730095159","200"
"http://www.fasterlouder.com.au/_flash/global/ImageScroller/ImageScroller.swf?jsonStr=,7080-304348&baseURL=http://www.fasterlouder.com.au&pathToGallery=people/BlackThorn138/gallery","20080731125238","200"
"http://www.fasterlouder.com.au/_flash/global/ImageScroller/ImageScroller.swf?jsonStr=,7147-308257,7147-308258,7147-308262,7147-308270&baseURL=http://www.fasterlouder.com.au&pathToGallery=people/daniiii/gallery","20080730104402","200"
"http://www.fasterlouder.com.au/_flash/help/help.swf","20080720095513","200"
"http://www.fasterlouder.com.au/_flash/homepage/whatsHot.swf","20080719051749","200"
"http://www.fasterlouder.com.au/_flash/media/articles/media_audio_210.swf?audioPath=http://media.thesoundalliance.net/mp3/interviews/080318_plugincity.mp3&positionIndex=1&title=Plug-In%20City%20[Audio]","20080721095347","200"
"http://www.fasterlouder.com.au/_flash/media/articles/media_videoPlayer_feature.swf?imagePath=aHR0cDovLzEuaWMuZi50c2F0aWMubmV0LzE2My82NjBfMzQwL2dyYXBoaWNzX2RjN2I0OTIzNmJkN2UxMDBhNjkwYjNjNDRjYmU2YWIwLmpwZw==&tagText=TXVzaWMgRmVhdHVyZSBieSBpX2hhdmVfQURELCA0dGggRGVjZW1iZXIsIDIwMDc=&headingText=QmVzdCBPZiBCcml0aXNoOiBWIEZlc3RpdmFs","20080722185054","200"
"http://www.fasterlouder.com.au/_flash/media/articles/media_videoPlayer_feature.swf?imagePath=aHR0cDovLzEuaWMuZi50c2F0aWMubmV0LzIzNy82NjBfMzQwL2dyYXBoaWNzXzIyMDRkZWY2YTI1ODU2ZTJiMDMzMDJiOTRmNWNkYTM1LmpwZw==&tagText=TXVzaWMgRmVhdHVyZSBieSBuZW9uZHJlYWRsb2NrLCAyOXRoIE1hcmNoLCAyMDA4&headingText=SG90IEhvdCBIZWF0","20080721093035","200"
"http://www.fasterlouder.com.au/_flash/media/articles/media_videoPlayer_feature.swf?imagePath=aHR0cDovLzEuaWMuZi50c2F0aWMubmV0LzIwMC82NjBfMzQwL2dyYXBoaWNzX2RhZjI4NmMwMWNhYTA5ZWNkNGUxYWI0YjVmN2E3NjA1LmpwZw==&tagText=TXVzaWMgRmVhdHVyZSBieSBjZWNidXp6LCAyN3RoIEZlYnJ1YXJ5LCAyMDA4&headingText=TWVldCB0aGUgR2FyYWdlIHRvIFYgc3RhdGUgZmluYWxpc3RzIC0gVGhlIFRyYW5zaWVudHM=","20080722193809","200"
"http://www.fasterlouder.com.au/_flash/media/articles/media_videoPlayer_feature.swf?imagePath=aHR0cDovLzEuaWMuZi50c2F0aWMubmV0LzE5OS82NjBfMzQwL2dyYXBoaWNzX2Y3ZmNlYzlhNDNkMjI4N2VkMzc5NWZkMTEzZDgwMGNlLmpwZw==&tagText=TXVzaWMgRmVhdHVyZSBieSBjZWNidXp6LCAyNnRoIEZlYnJ1YXJ5LCAyMDA4&headingText=TWVldCB0aGUgR2FyYWdlIHRvIFYgc3RhdGUgZmluYWxpc3RzIC0gVGljIFRvYyBUb2t5bw==","20080721091020","200"
"http://www.fasterlouder.com.au/_flash/media/articles/media_videoPlayer_feature.swf?imagePath=aHR0cDovLzEuaWMuZi50c2F0aWMubmV0LzIwMC82NjBfMzQwL2dyYXBoaWNzXzZhZTMxMGYwMDE4NjkwNTI5MzEwMjg0NTkzZWMwOGQzLmpwZw==&tagText=TXVzaWMgRmVhdHVyZSBieSBjZWNidXp6LCAyN3RoIEZlYnJ1YXJ5LCAyMDA4&headingText=TWVldCB0aGUgR2FyYWdlIHRvIFYgc3RhdGUgZmluYWxpc3RzIC0gVGVubmlz","20080722195044","200"
"http://www.fasterlouder.com.au/_flash/media/articles/media_videoPlayer_feature.swf?imagePath=aHR0cDovLzEuaWMuZi50c2F0aWMubmV0LzIvNjYwXzM0MC9ncmFwaGljc182MmVmMmMyZGU3MjIwMGM0YTUzZTliODJkZjRmODZlNy5qcGc=&tagText=TXVzaWMgRmVhdHVyZSBieSBuaWNrIGNsYXJrZSwgMm5kIEphbnVhcnksIDIwMDc=&headingText=UGhvZW5peCBjb21tdW5pY2F0aW5nIG11c2ljYWxseQ==","20080722200414","200"
"http://www.fasterlouder.com.au/_flash/media/articles/media_videoPlayer_feature.swf?imagePath=aHR0cDovLzEuaWMuZi50c2F0aWMubmV0LzIxNC82NjBfMzQwL2dyYXBoaWNzXzNlZTJlOWEzNzFjMGNjMzg3Y2JhZjA4NmY4NDNlNjJmLmpwZw==&tagText=TXVzaWMgRmVhdHVyZSBieSBpX2hhdmVfQURELCAxOHRoIE1hcmNoLCAyMDA4&headingText=UGx1Zy1JbiBDaXR5IFtBdWRpb106IFBsdWdnZWQgZm9yIHN1Y2Nlc3M=","20080721095222","200"
"http://www.fasterlouder.com.au/_flash/media/articles/media_videoPlayer_feature.swf?imagePath=aHR0cDovLzEuaWMuZi50c2F0aWMubmV0LzIwNi82NjBfMzQwL2dyYXBoaWNzXzVjOTNhNjBmYjFlMDYxODhiZGQwNjFlNGIyMDc2NDU5LmpwZw==&tagText=TXVzaWMgRmVhdHVyZSBieSBsaWJieSwgMm5kIEF1Z3VzdCwgMjAwNw==&headingText=Um9za2lsZGUgRmVzdGl2YWw6IG9uIHRvcCBvZiB0aGUgd29ybGQ=","20080721060923","200"
"http://www.fasterlouder.com.au/_flash/media/articles/media_videoPlayer_feature.swf?imagePath=aHR0cDovLzEuaWMuZi50c2F0aWMubmV0LzI0MS82NjBfMzQwL2dyYXBoaWNzXzZjMDBiM2IyNjY1MmVlYjk3OTJkZjg3OTdhYzYzOTlhLmpwZw==&tagText=TXVzaWMgRmVhdHVyZSBieSBBbmRyZXcgV2VhdmVyLCAxNnRoIEFwcmlsLCAyMDA4&headingText=VGhlIFByZXNldHM6IGJyaW5naW5nIGJhY2sgdGhlIGJsaXNz","20080722232611","200"
"http://www.fasterlouder.com.au/_flash/media/articles/media_videoPlayer_feature.swf?imagePath=aHR0cDovLzEuaWMuZi50c2F0aWMubmV0LzIvNjYwXzM0MC9ncmFwaGljc19hMDkwMWExYjg2NGQ1MTg5ZTYwOGZkZDZiNTAyNjdkMi5qcGc=&tagText=TXVzaWMgRmVhdHVyZSBieSBjZWNidXp6LCAzMHRoIE5vdmVtYmVyLCAyMDA2&headingText=VGhlIFJhcHR1cmUgLSBmaW5kIHRoZSBsb3Zl","20080722183156","200"
"http://www.fasterlouder.com.au/_flash/media/bands/player_artistSideBlock.swf?tracks=1052,1121&admin=","20080724195800","200"
"http://www.fasterlouder.com.au/_flash/media/bands/player_artistSideBlock.swf?tracks=1192&admin=","20080724222419","200"
"http://www.fasterlouder.com.au/_flash/media/bands/player_artistSideBlock.swf?tracks=1207,1208&admin=","20080724233016","200"
"http://www.fasterlouder.com.au/_flash/media/bands/player_artistSideBlock.swf?tracks=1622&admin=","20080721053847","200"
"http://www.fasterlouder.com.au/_flash/media/bands/player_artistSideBlock.swf?tracks=1800,1801&admin=","20080721050525","200"
"http://www.fasterlouder.com.au/_flash/media/bands/player_artistSideBlock.swf?tracks=2104,2103&admin=","20080721054119","200"
"http://www.fasterlouder.com.au/_flash/media/bands/player_artistSideBlock.swf?tracks=2173,2174&admin=","20080721070137","200"
"http://www.fasterlouder.com.au/_flash/media/bands/player_artistSideBlock.swf?tracks=2659,3222&admin=","20080723001243","200"
"http://www.fasterlouder.com.au/_flash/media/bands/player_artistSideBlock.swf?tracks=2934,2935&admin=","20080724211013","200"
"http://www.fasterlouder.com.au/_flash/media/bands/player_artistSideBlock.swf?tracks=325,326&admin=","20080723235036","200"
"http://www.fasterlouder.com.au/_flash/media/bands/player_artistSideBlock.swf?tracks=537,538&admin=","20080721062846","200"
"http://www.fasterlouder.com.au/_flash/media/bands/player_artistSideBlock.swf?tracks=831&admin=","20080724210418","200"
"http://www.fasterlouder.com.au/_flash/media/bands/player_block.swf?tracks=1192&admin=0","20080724222347","200"
"http://www.fasterlouder.com.au/_flash/media/bands/player_block.swf?tracks=1207,1208&admin=0","20080724232945","200"
"http://www.fasterlouder.com.au/_flash/media/bands/player_block.swf?tracks=1226&admin=0","20080724201556","200"
"http://www.fasterlouder.com.au/_flash/media/bands/player_block.swf?tracks=1603&admin=0","20080721062216","200"
"http://www.fasterlouder.com.au/_flash/media/bands/player_block.swf?tracks=1800,1801&admin=0","20080721050601","200"
"http://www.fasterlouder.com.au/_flash/media/bands/player_block.swf?tracks=2173,2174&admin=0","20080721070105","200"
"http://www.fasterlouder.com.au/_flash/media/bands/player_block.swf?tracks=2544,2542&admin=0","20080721070722","200"
"http://www.fasterlouder.com.au/_flash/media/bands/player_block.swf?tracks=2659,3222&admin=0","20080723001313","200"
"http://www.fasterlouder.com.au/_flash/media/bands/player_block.swf?tracks=2914&admin=0","20080721070903","200"
"http://www.fasterlouder.com.au/_flash/media/bands/player_block.swf?tracks=2934,2935&admin=0","20080724210937","200"
"http://www.fasterlouder.com.au/_flash/media/bands/player_block.swf?tracks=3130&admin=0","20080721080517","200"
"http://www.fasterlouder.com.au/_flash/media/bands/player_block.swf?tracks=3273&admin=0","20080721050905","200"
"http://www.fasterlouder.com.au/_flash/media/bands/player_block.swf?tracks=3307&admin=0","20080724202723","200"
"http://www.fasterlouder.com.au/_flash/media/bands/player_block.swf?tracks=537,538&admin=0","20080721062716","200"
"http://www.fasterlouder.com.au/_flash/media/bands/player_block.swf?tracks=831&admin=0","20080724210452","200"
"http://www.fasterlouder.com.au:80/_flash/rockvault/remix/index.html","20080229114612","200"
"http://www.fasterlouder.com.au/_images/_core/icons/icon_rss_grey.gif","20080719045415","200"
"http://www.fasterlouder.com.au/_images/_core/icons/tick.jpg","20080719171903","200"
"http://www.fasterlouder.com.au/_images/_core/logos/logo_Footer.gif","20080719005736","200"
"http://www.fasterlouder.com.au/_images/_theme/competitions/background_competitions.jpg","20080723234914","200"
"http://www.fasterlouder.com.au/_images/_theme/competitions/background_repeat.jpg","20080723234939","200"
"http://www.fasterlouder.com.au/_images/_theme/error/error_logo.gif","20080720090057","200"
"http://www.fasterlouder.com.au/_images/_theme/forum/splendour/collapse_tcat.gif","20080729032339","200"
"http://www.fasterlouder.com.au/_images/_theme/forum/splendour/collapse_thead.gif","20080730110725","200"
"http://www.fasterlouder.com.au/_images/buttons/collapse_thead.gif","20080720114046","200"
"http://www.fasterlouder.com.au/_javascript/global/FormFiller.js","20080720132011","200"
"http://www.fasterlouder.com.au/_javascript/global/FWK_2.js","20080719045346","200"
"http://www.fasterlouder.com.au/_javascript/global/tabBar.js","20080719171748","200"
"http://www.fasterlouder.com.au/_javascript/global/Validation.js","20080720132446","200"
"http://www.fasterlouder.com.au:80/about","20080226202432","200"
"http://www.fasterlouder.com.au/about?city=1","20080720110403","200"
"http://www.fasterlouder.com.au/about?city=10","20080720111040","200"
"http://www.fasterlouder.com.au/about?city=11","20080720110222","200"
"http://www.fasterlouder.com.au/about?city=2","20080720110550","200"
"http://www.fasterlouder.com.au/about?city=3","20080720105937","200"
"http://www.fasterlouder.com.au/about?city=4","20080720110618","200"
"http://www.fasterlouder.com.au/about?city=5","20080720110513","200"
"http://www.fasterlouder.com.au/about?city=6","20080720110805","200"
"http://www.fasterlouder.com.au/about?city=7","20080720110847","200"
"http://www.fasterlouder.com.au/about?city=8","20080720110445","200"
"http://www.fasterlouder.com.au/about?city=9","20080720105908","200"
"http://www.fasterlouder.com.au:80/advertise","20080224184530","200"
"http://www.fasterlouder.com.au/allabout/","20080720093058","200"
"http://www.fasterlouder.com.au:80/allabout/artist/1008/After-The-Fall.htm","20080305061713","200"
"http://www.fasterlouder.com.au:80/allabout/artist/10082/Guns-n-Roses.htm","20080513182617","200"
"http://www.fasterlouder.com.au/allabout/artist/10189/Sydney.htm","20080722192931","200"
"http://www.fasterlouder.com.au:80/allabout/artist/1036/Sparta.htm","20080307154205","200"
"http://www.fasterlouder.com.au:80/allabout/artist/1037/Gene-Simmons.htm","20080303173749","200"
"http://www.fasterlouder.com.au:80/allabout/artist/10528/The-Blackwater-Fever.htm","20080125063045","200"
"http://www.fasterlouder.com.au:80/allabout/artist/106/Sevendust","20080127125853","200"
"http://www.fasterlouder.com.au:80/allabout/artist/1068/Johnny-Cash.htm","20080513160018","200"
"http://www.fasterlouder.com.au:80/allabout/artist/107/The-Butterfly-Effect.htm","20080418020922","200"
"http://www.fasterlouder.com.au:80/allabout/artist/1070/Doves","20080418022535","200"
"http://www.fasterlouder.com.au:80/allabout/artist/1070/Doves.htm","20080305061726","200"
"http://www.fasterlouder.com.au:80/allabout/artist/10822/Peregrine.htm","20080321110205","200"
"http://www.fasterlouder.com.au:80/allabout/artist/10856/Bitchslap.htm","20080415182624","200"
"http://www.fasterlouder.com.au/allabout/artist/10930/Mahalia-Barnes.htm","20080724205916","200"
"http://www.fasterlouder.com.au:80/allabout/artist/1096/Snow-Patrol.htm","20080408153705","200"
"http://www.fasterlouder.com.au:80/allabout/artist/11077/The-Pink-Fits.htm","20080613061720","200"
"http://www.fasterlouder.com.au:80/allabout/artist/11149/HellYeah.htm","20080422223833","200"
"http://www.fasterlouder.com.au:80/allabout/artist/11450/Bird-Automatic.htm","20080618204921","200"
"http://www.fasterlouder.com.au:80/allabout/artist/1146/Scissor-Sisters.htm","20080408155948","200"
"http://www.fasterlouder.com.au:80/allabout/artist/1157/Bluebottle-Kiss.htm","20080607160819","200"
"http://www.fasterlouder.com.au:80/allabout/artist/1162/The-Grates.htm","20080305061739","200"
"http://www.fasterlouder.com.au:80/allabout/artist/11661/Emma-Heeney.htm","20080311163410","200"
"http://www.fasterlouder.com.au:80/allabout/artist/11701/Head-Filled-Attraction.htm","20080327080311","200"
"http://www.fasterlouder.com.au:80/allabout/artist/11702/Dialysis.htm","20080405221851","200"
"http://www.fasterlouder.com.au:80/allabout/artist/11899/Vonsonic.htm","20080219134500","200"
"http://www.fasterlouder.com.au:80/allabout/artist/11921/Farryl-Purkis.htm","20080207082119","200"
"http://www.fasterlouder.com.au:80/allabout/artist/11921/secure-au.imrworldwide.com/","20080208160151","200"
"http://www.fasterlouder.com.au:80/allabout/artist/11921/?city=1","20080208160126","200"
"http://www.fasterlouder.com.au:80/allabout/artist/11921/?city=10","20080208160131","200"
"http://www.fasterlouder.com.au:80/allabout/artist/11921/?city=11","20080208160137","200"
"http://www.fasterlouder.com.au:80/allabout/artist/11921/?city=2","20080208155753","200"
"http://www.fasterlouder.com.au:80/allabout/artist/11921/?city=3","20080208160141","200"
"http://www.fasterlouder.com.au:80/allabout/artist/11921/?city=4","20080208155755","200"
"http://www.fasterlouder.com.au:80/allabout/artist/11921/?city=5","20080208155801","200"
"http://www.fasterlouder.com.au:80/allabout/artist/11921/?city=6","20080208155806","200"
"http://www.fasterlouder.com.au:80/allabout/artist/11921/?city=7","20080208160147","200"
"http://www.fasterlouder.com.au:80/allabout/artist/11921/?city=8","20080208155812","200"
"http://www.fasterlouder.com.au:80/allabout/artist/11921/?city=9","20080208155818","200"
"http://www.fasterlouder.com.au:80/allabout/artist/1201/Wolfmother.htm","20080124134352","200"
"http://www.fasterlouder.com.au:80/allabout/artist/1209/Modest-Mouse.htm","20080215012012","200"
"http://www.fasterlouder.com.au/allabout/artist/1209/Modest-Mouse.htm?city=1","20080721063525","200"
"http://www.fasterlouder.com.au/allabout/artist/1209/Modest-Mouse.htm?city=10","20080721081227","200"
"http://www.fasterlouder.com.au/allabout/artist/1209/Modest-Mouse.htm?city=11","20080721075739","200"
"http://www.fasterlouder.com.au/allabout/artist/1209/Modest-Mouse.htm?city=2","20080721075820","200"
"http://www.fasterlouder.com.au/allabout/artist/1209/Modest-Mouse.htm?city=3","20080721075652","200"
"http://www.fasterlouder.com.au/allabout/artist/1209/Modest-Mouse.htm?city=4","20080721074809","200"
"http://www.fasterlouder.com.au/allabout/artist/1209/Modest-Mouse.htm?city=5","20080721081106","200"
"http://www.fasterlouder.com.au/allabout/artist/1209/Modest-Mouse.htm?city=6","20080721080643","200"
"http://www.fasterlouder.com.au/allabout/artist/1209/Modest-Mouse.htm?city=7","20080721073440","200"
"http://www.fasterlouder.com.au/allabout/artist/1209/Modest-Mouse.htm?city=8","20080721081149","200"
"http://www.fasterlouder.com.au/allabout/artist/1209/Modest-Mouse.htm?city=9","20080721063626","200"
"http://www.fasterlouder.com.au:80/allabout/artist/1220/Clare-Bowditch.htm","20080618022945","200"
"http://www.fasterlouder.com.au:80/allabout/artist/1228/Sigur-Ros.htm","20080503033001","200"
"http://www.fasterlouder.com.au:80/allabout/artist/12355/Kiai-Academy.htm","20080219134507","200"
"http://www.fasterlouder.com.au:80/allabout/artist/12390/secure-au.imrworldwide.com/","20080406005448","200"
"http://www.fasterlouder.com.au:80/allabout/artist/12390/?city=1","20080405221901","200"
"http://www.fasterlouder.com.au:80/allabout/artist/12390/?city=10","20080405224150","200"
"http://www.fasterlouder.com.au:80/allabout/artist/12390/?city=11","20080405225800","200"
"http://www.fasterlouder.com.au:80/allabout/artist/12390/?city=2","20080406000943","200"
"http://www.fasterlouder.com.au:80/allabout/artist/12390/?city=3","20080406001715","200"
"http://www.fasterlouder.com.au:80/allabout/artist/12390/?city=6","20080405225804","200"
"http://www.fasterlouder.com.au:80/allabout/artist/12390/?city=7","20080405225809","200"
"http://www.fasterlouder.com.au:80/allabout/artist/12390/?city=8","20080406000947","200"
"http://www.fasterlouder.com.au:80/allabout/artist/12390/?city=9","20080405215250","200"
"http://www.fasterlouder.com.au:80/allabout/artist/1242/Jarvis-Cocker.htm","20080303173758","200"
"http://www.fasterlouder.com.au:80/allabout/artist/1248/Regurgitator.htm","20080131201449","200"
"http://www.fasterlouder.com.au:80/allabout/artist/1249/Remote-Control.htm","20080507071735","200"
"http://www.fasterlouder.com.au/allabout/artist/1252/Hell-City-Glamours.htm","20080724231732","200"
"http://www.fasterlouder.com.au:80/allabout/artist/1253/Offspring.htm","20080307154209","200"
"http://www.fasterlouder.com.au:80/allabout/artist/1267/Tokenview.htm","20080311163722","200"
"http://www.fasterlouder.com.au:80/allabout/artist/1272/Ben%20Lee","20080418022541","200"
"http://www.fasterlouder.com.au:80/allabout/artist/1272/Ben-Lee.htm","20080620055945","200"
"http://www.fasterlouder.com.au/allabout/artist/12754/Stature-Statue.htm","20080724214353","200"
"http://www.fasterlouder.com.au:80/allabout/artist/1277/Ben%20Kweller","20080418024915","200"
"http://www.fasterlouder.com.au:80/allabout/artist/1284/Ground-Components.htm","20080125062641","200"
"http://www.fasterlouder.com.au:80/allabout/artist/129/Various.htm","20080607171710","200"
"http://www.fasterlouder.com.au:80/allabout/artist/1297/I-Killed-The-Prom-Queen.htm","20080521215414","200"
"http://www.fasterlouder.com.au:80/allabout/artist/13090/Oasis.htm","20080414223623","200"
"http://www.fasterlouder.com.au:80/allabout/artist/13104/Black-Rebel-Motorcycle-Club.htm","20080321134351","200"
"http://www.fasterlouder.com.au:80/allabout/artist/1322/Chimaira.htm","20080307072139","200"
"http://www.fasterlouder.com.au:80/allabout/artist/1336/Not-For-You.htm","20080602033052","200"
"http://www.fasterlouder.com.au:80/allabout/artist/1358/The-Music.htm","20080503033014","200"
"http://www.fasterlouder.com.au:80/allabout/artist/13635/Plug-In-City.htm","20080331112725","200"
"http://www.fasterlouder.com.au:80/allabout/artist/139/Refused.htm","20080405234640","200"
"http://www.fasterlouder.com.au:80/allabout/artist/1390/Wilco.htm","20080127121951","200"
"http://www.fasterlouder.com.au:80/allabout/artist/140/Epitaph.htm","20080127131748","200"
"http://www.fasterlouder.com.au:80/allabout/artist/1418/Something%20For%20Kate","20080418022550","200"
"http://www.fasterlouder.com.au:80/allabout/artist/1418/Something-for-Kate.htm","20080124134359","200"
"http://www.fasterlouder.com.au:80/allabout/artist/1420/You%20Am%20I","20080418013928","200"
"http://www.fasterlouder.com.au:80/allabout/artist/1420/You-Am-I.htm","20080526052633","200"
"http://www.fasterlouder.com.au:80/allabout/artist/1430/Felix-da-Housecat.htm","20080406003955","200"
"http://www.fasterlouder.com.au:80/allabout/artist/14310/Kisschasey","20080229012556","200"
"http://www.fasterlouder.com.au:80/allabout/artist/14310/secure-au.imrworldwide.com/","20080229201310","200"
"http://www.fasterlouder.com.au:80/allabout/artist/14310/?city=1","20080229201656","200"
"http://www.fasterlouder.com.au:80/allabout/artist/14310/?city=10","20080229201943","200"
"http://www.fasterlouder.com.au:80/allabout/artist/14310/?city=11","20080229201701","200"
"http://www.fasterlouder.com.au:80/allabout/artist/14310/?city=2","20080229201950","200"
"http://www.fasterlouder.com.au:80/allabout/artist/14310/?city=3","20080229201955","200"
"http://www.fasterlouder.com.au:80/allabout/artist/14310/?city=4","20080229201707","200"
"http://www.fasterlouder.com.au:80/allabout/artist/14310/?city=5","20080229201255","200"
"http://www.fasterlouder.com.au:80/allabout/artist/14310/?city=6","20080229201712","200"
"http://www.fasterlouder.com.au:80/allabout/artist/14310/?city=7","20080229201258","200"
"http://www.fasterlouder.com.au:80/allabout/artist/14310/?city=8","20080229201304","200"
"http://www.fasterlouder.com.au:80/allabout/artist/14310/?city=9","20080229202000","200"
"http://www.fasterlouder.com.au:80/allabout/artist/1455/secure-au.imrworldwide.com/","20080621123251","200"
"http://www.fasterlouder.com.au:80/allabout/artist/1455/The%20Hives","20080619214726","200"
"http://www.fasterlouder.com.au:80/allabout/artist/1455/The-Hives.htm","20080124134405","200"
"http://www.fasterlouder.com.au:80/allabout/artist/1455/?city=1","20080621124738","200"
"http://www.fasterlouder.com.au:80/allabout/artist/1455/?city=10","20080621121442","200"
"http://www.fasterlouder.com.au:80/allabout/artist/1455/?city=11","20080621121711","200"
"http://www.fasterlouder.com.au:80/allabout/artist/1455/?city=2","20080621121937","200"
"http://www.fasterlouder.com.au:80/allabout/artist/1455/?city=3","20080621123237","200"
"http://www.fasterlouder.com.au:80/allabout/artist/1455/?city=4","20080621124846","200"
"http://www.fasterlouder.com.au:80/allabout/artist/1455/?city=5","20080621121445","200"
"http://www.fasterlouder.com.au:80/allabout/artist/1455/?city=6","20080621121450","200"
"http://www.fasterlouder.com.au:80/allabout/artist/1455/?city=7","20080621123244","200"
"http://www.fasterlouder.com.au:80/allabout/artist/1455/?city=8","20080621121713","200"
"http://www.fasterlouder.com.au:80/allabout/artist/1455/?city=9","20080621122949","200"
"http://www.fasterlouder.com.au:80/allabout/artist/1463/Evermore.htm","20080331173759","200"
"http://www.fasterlouder.com.au:80/allabout/artist/147/Metallica","20080510134809","200"
"http://www.fasterlouder.com.au:80/allabout/artist/14727/Beyond-Mortal-Dreams.htm","20080229112406","200"
"http://www.fasterlouder.com.au:80/allabout/artist/1483/Cut-Copy.htm","20080317065822","200"
"http://www.fasterlouder.com.au/allabout/artist/1483/Cut-Copy.htm?city=1","20080720144505","200"
"http://www.fasterlouder.com.au/allabout/artist/1483/Cut-Copy.htm?city=10","20080720145000","200"
"http://www.fasterlouder.com.au/allabout/artist/1483/Cut-Copy.htm?city=11","20080720141659","200"
"http://www.fasterlouder.com.au/allabout/artist/1483/Cut-Copy.htm?city=2","20080720144425","200"
"http://www.fasterlouder.com.au/allabout/artist/1483/Cut-Copy.htm?city=3","20080720144354","200"
"http://www.fasterlouder.com.au/allabout/artist/1483/Cut-Copy.htm?city=4","20080720143320","200"
"http://www.fasterlouder.com.au/allabout/artist/1483/Cut-Copy.htm?city=5","20080720143523","200"
"http://www.fasterlouder.com.au/allabout/artist/1483/Cut-Copy.htm?city=6","20080720144918","200"
"http://www.fasterlouder.com.au/allabout/artist/1483/Cut-Copy.htm?city=7","20080720145033","200"
"http://www.fasterlouder.com.au/allabout/artist/1483/Cut-Copy.htm?city=8","20080720142505","200"
"http://www.fasterlouder.com.au/allabout/artist/1483/Cut-Copy.htm?city=9","20080720141628","200"
"http://www.fasterlouder.com.au:80/allabout/artist/1484/The-Midnight-Juggernauts.htm","20080229075812","200"
"http://www.fasterlouder.com.au:80/allabout/artist/1488/Against-Me.htm","20080305061932","200"
"http://www.fasterlouder.com.au:80/allabout/artist/1490/78-Saab.htm","20080331174456","200"
"http://www.fasterlouder.com.au:80/allabout/artist/150/Kings-of-Leon.htm","20080317135655","200"
"http://www.fasterlouder.com.au:80/allabout/artist/15006/Zombie-Sex-Gang.htm","20080602033817","200"
"http://www.fasterlouder.com.au:80/allabout/artist/1505/The%20Whitlams","20080418022554","200"
"http://www.fasterlouder.com.au:80/allabout/artist/151/SixFtHick.htm","20080123201249","200"
"http://www.fasterlouder.com.au:80/allabout/artist/1510/Augie%20March","20080418022608","200"
"http://www.fasterlouder.com.au:80/allabout/artist/1510/Augie-March.htm","20080131201510","200"
"http://www.fasterlouder.com.au:80/allabout/artist/1520/The-Herd.htm","20080602033110","200"
"http://www.fasterlouder.com.au/allabout/artist/15431/Clinkerfield.htm","20080724215224","200"
"http://www.fasterlouder.com.au:80/allabout/artist/15492/Jamie-Hutchings.htm","20080607160823","200"
"http://www.fasterlouder.com.au:80/allabout/artist/1551/The-Finn-Brothers.htm","20080305061941","200"
"http://www.fasterlouder.com.au:80/allabout/artist/1561/Decoder-Ring.htm","20080408155953","200"
"http://www.fasterlouder.com.au:80/allabout/artist/1569/Duran-Duran.htm","20080215012015","200"
"http://www.fasterlouder.com.au/allabout/artist/1569/Duran-Duran.htm?city=1","20080720150657","200"
"http://www.fasterlouder.com.au/allabout/artist/1569/Duran-Duran.htm?city=10","20080720145635","200"
"http://www.fasterlouder.com.au/allabout/artist/1569/Duran-Duran.htm?city=11","20080720150208","200"
"http://www.fasterlouder.com.au/allabout/artist/1569/Duran-Duran.htm?city=2","20080720151034","200"
"http://www.fasterlouder.com.au/allabout/artist/1569/Duran-Duran.htm?city=3","20080720150944","200"
"http://www.fasterlouder.com.au/allabout/artist/1569/Duran-Duran.htm?city=4","20080720145242","200"
"http://www.fasterlouder.com.au/allabout/artist/1569/Duran-Duran.htm?city=5","20080720150747","200"
"http://www.fasterlouder.com.au/allabout/artist/1569/Duran-Duran.htm?city=6","20080720145136","200"
"http://www.fasterlouder.com.au/allabout/artist/1569/Duran-Duran.htm?city=7","20080720145936","200"
"http://www.fasterlouder.com.au/allabout/artist/1569/Duran-Duran.htm?city=8","20080720150119","200"
"http://www.fasterlouder.com.au/allabout/artist/1569/Duran-Duran.htm?city=9","20080720145442","200"
"http://www.fasterlouder.com.au:80/allabout/artist/157/Chatterbox-Records.htm","20080205000655","200"
"http://www.fasterlouder.com.au/allabout/artist/1629/Bloc-Party.htm","20080725015731","200"
"http://www.fasterlouder.com.au:80/allabout/artist/1632/Warner-Music-Australia.htm","20080414223624","200"
"http://www.fasterlouder.com.au:80/allabout/artist/16395/The-Academy-Is.htm","20080514154723","200"
"http://www.fasterlouder.com.au:80/allabout/artist/16557/Spargo.htm","20080311163413","200"
"http://www.fasterlouder.com.au:80/allabout/artist/1658/Pete%20Murray","20080418020929","200"
"http://www.fasterlouder.com.au:80/allabout/artist/1658/Pete-Murray.htm","20080408153708","200"
"http://www.fasterlouder.com.au:80/allabout/artist/1659/Shihad.htm","20080229122135","200"
"http://www.fasterlouder.com.au:80/allabout/artist/16719/Linkin-Park.htm","20080323034319","200"
"http://www.fasterlouder.com.au/allabout/artist/16797/Mika.htm","20080722185721","200"
"http://www.fasterlouder.com.au:80/allabout/artist/1688/Deloris.htm","20080319070439","200"
"http://www.fasterlouder.com.au:80/allabout/artist/1689/Dot-Dash.htm","20080507071741","200"
"http://www.fasterlouder.com.au/allabout/artist/1693/The-Killers.htm","20080721052048","200"
"http://www.fasterlouder.com.au:80/allabout/artist/1703/The-Hot-Lies.htm","20080319103750","200"
"http://www.fasterlouder.com.au/allabout/artist/1713/Peter-Fenton.htm","20080725003628","200"
"http://www.fasterlouder.com.au/allabout/artist/1718/The-Red-Sun-Band.htm","20080724224743","200"
"http://www.fasterlouder.com.au:80/allabout/artist/17329/Chevelle.htm","20080521032635","200"
"http://www.fasterlouder.com.au:80/allabout/artist/17340/Muscles.htm","20080129120201","200"
"http://www.fasterlouder.com.au:80/allabout/artist/174/The-Smashing-Pumpkins.htm","20080331101230","200"
"http://www.fasterlouder.com.au/allabout/artist/174/The-Smashing-Pumpkins.htm?city=1","20080720140534","200"
"http://www.fasterlouder.com.au/allabout/artist/174/The-Smashing-Pumpkins.htm?city=10","20080720141305","200"
"http://www.fasterlouder.com.au/allabout/artist/174/The-Smashing-Pumpkins.htm?city=11","20080720141451","200"
"http://www.fasterlouder.com.au/allabout/artist/174/The-Smashing-Pumpkins.htm?city=2","20080720140150","200"
"http://www.fasterlouder.com.au/allabout/artist/174/The-Smashing-Pumpkins.htm?city=3","20080720140848","200"
"http://www.fasterlouder.com.au/allabout/artist/174/The-Smashing-Pumpkins.htm?city=5","20080720140301","200"
"http://www.fasterlouder.com.au/allabout/artist/174/The-Smashing-Pumpkins.htm?city=6","20080720140801","200"
"http://www.fasterlouder.com.au/allabout/artist/174/The-Smashing-Pumpkins.htm?city=7","20080720141343","200"
"http://www.fasterlouder.com.au/allabout/artist/174/The-Smashing-Pumpkins.htm?city=8","20080720134700","200"
"http://www.fasterlouder.com.au/allabout/artist/174/The-Smashing-Pumpkins.htm?city=9","20080720135446","200"
"http://www.fasterlouder.com.au:80/allabout/artist/1760/Chatterbox.htm","20080205000701","200"
"http://www.fasterlouder.com.au:80/allabout/artist/1761/George-Byrne.htm","20080618023220","200"
"http://www.fasterlouder.com.au:80/allabout/artist/1778/Shock-Records.htm","20080405235407","200"
"http://www.fasterlouder.com.au:80/allabout/artist/1797/System%20Of%20A%20Down","20080510134812","200"
"http://www.fasterlouder.com.au:80/allabout/artist/1797/System-of-a-Down.htm","20080513172335","200"
"http://www.fasterlouder.com.au:80/allabout/artist/18043/MSTRKRFT.htm","20080503033020","200"
"http://www.fasterlouder.com.au:80/allabout/artist/1813/Small-Mercies.htm","20080331100152","200"
"http://www.fasterlouder.com.au:80/allabout/artist/1830/Lior","20080418013937","200"
"http://www.fasterlouder.com.au:80/allabout/artist/1830/Lior.htm","20080323093338","200"
"http://www.fasterlouder.com.au:80/allabout/artist/18347/secure-au.imrworldwide.com/","20080319103847","200"
"http://www.fasterlouder.com.au:80/allabout/artist/18347/The-Horrors.htm?","20080317135303","200"
"http://www.fasterlouder.com.au:80/allabout/artist/18347/?city=1","20080319103753","200"
"http://www.fasterlouder.com.au:80/allabout/artist/18347/?city=10","20080319103758","200"
"http://www.fasterlouder.com.au:80/allabout/artist/18347/?city=11","20080319103803","200"
"http://www.fasterlouder.com.au:80/allabout/artist/18347/?city=2","20080319103807","200"
"http://www.fasterlouder.com.au:80/allabout/artist/18347/?city=3","20080319103813","200"
"http://www.fasterlouder.com.au:80/allabout/artist/18347/?city=4","20080319103817","200"
"http://www.fasterlouder.com.au:80/allabout/artist/18347/?city=5","20080319103823","200"
"http://www.fasterlouder.com.au:80/allabout/artist/18347/?city=6","20080319103828","200"
"http://www.fasterlouder.com.au:80/allabout/artist/18347/?city=7","20080319103834","200"
"http://www.fasterlouder.com.au:80/allabout/artist/18347/?city=8","20080319103837","200"
"http://www.fasterlouder.com.au:80/allabout/artist/18347/?city=9","20080319103842","200"
"http://www.fasterlouder.com.au:80/allabout/artist/1836/The-Presets.htm","20080215013707","200"
"http://www.fasterlouder.com.au/allabout/artist/1836/The-Presets.htm?city=1","20080723210329","200"
"http://www.fasterlouder.com.au/allabout/artist/1836/The-Presets.htm?city=10","20080723204935","200"
"http://www.fasterlouder.com.au/allabout/artist/1836/The-Presets.htm?city=11","20080722232128","200"
"http://www.fasterlouder.com.au/allabout/artist/1836/The-Presets.htm?city=2","20080722224506","200"
"http://www.fasterlouder.com.au/allabout/artist/1836/The-Presets.htm?city=3","20080723195207","200"
"http://www.fasterlouder.com.au/allabout/artist/1836/The-Presets.htm?city=4","20080723205621","200"
"http://www.fasterlouder.com.au/allabout/artist/1836/The-Presets.htm?city=5","20080723210243","200"
"http://www.fasterlouder.com.au/allabout/artist/1836/The-Presets.htm?city=6","20080722232327","200"
"http://www.fasterlouder.com.au/allabout/artist/1836/The-Presets.htm?city=7","20080723202706","200"
"http://www.fasterlouder.com.au/allabout/artist/1836/The-Presets.htm?city=8","20080722225027","200"
"http://www.fasterlouder.com.au/allabout/artist/1836/The-Presets.htm?city=9","20080723205410","200"
"http://www.fasterlouder.com.au:80/allabout/artist/18442/Enter-Shikari.htm","20080205032810","200"
"http://www.fasterlouder.com.au:80/allabout/artist/1848/Sum-41.htm","20080221015339","200"
"http://www.fasterlouder.com.au/allabout/artist/18557/Manic-Street-Preachers.htm","20080721053527","200"
"http://www.fasterlouder.com.au:80/allabout/artist/1859/British-India.htm","20080406144349","200"
"http://www.fasterlouder.com.au:80/allabout/artist/1863/As-I-Lay-Dying.htm","20080229075817","200"
"http://www.fasterlouder.com.au:80/allabout/artist/1872/Independent-Release.htm","20080611180547","200"
"http://www.fasterlouder.com.au:80/allabout/artist/18780/Mr-Percival.htm","20080618023223","200"
"http://www.fasterlouder.com.au:80/allabout/artist/18781/Lowrider.htm","20080226202011","200"
"http://www.fasterlouder.com.au:80/allabout/artist/18781/secure-au.imrworldwide.com/","20080123201349","200"
"http://www.fasterlouder.com.au:80/allabout/artist/18781/?city=1","20080123201252","200"
"http://www.fasterlouder.com.au:80/allabout/artist/18781/?city=10","20080123201259","200"
"http://www.fasterlouder.com.au:80/allabout/artist/18781/?city=11","20080123201304","200"
"http://www.fasterlouder.com.au:80/allabout/artist/18781/?city=2","20080123201308","200"
"http://www.fasterlouder.com.au:80/allabout/artist/18781/?city=3","20080123201313","200"
"http://www.fasterlouder.com.au:80/allabout/artist/18781/?city=4","20080123201319","200"
"http://www.fasterlouder.com.au:80/allabout/artist/18781/?city=5","20080123201323","200"
"http://www.fasterlouder.com.au:80/allabout/artist/18781/?city=6","20080123201329","200"
"http://www.fasterlouder.com.au:80/allabout/artist/18781/?city=7","20080123201334","200"
"http://www.fasterlouder.com.au:80/allabout/artist/18781/?city=8","20080123201339","200"
"http://www.fasterlouder.com.au:80/allabout/artist/18781/?city=9","20080123201344","200"
"http://www.fasterlouder.com.au:80/allabout/artist/1886/Kasey-Chambers.htm","20080321110212","200"
"http://www.fasterlouder.com.au:80/allabout/artist/1888/Xavier-Rudd.htm","20080323093351","200"
"http://www.fasterlouder.com.au/allabout/artist/18905/Kevin-Drew.htm","20080722234647","200"
"http://www.fasterlouder.com.au:80/allabout/artist/1911/Interpol.htm","20080305061954","200"
"http://www.fasterlouder.com.au:80/allabout/artist/19117/Stone%20Temple%20Pilots","20080510134817","200"
"http://www.fasterlouder.com.au:80/allabout/artist/19318/Marilyn-Manson.htm","20080331095215","200"
"http://www.fasterlouder.com.au:80/allabout/artist/19339/Steve-Parkin.htm","20080612195208","200"
"http://www.fasterlouder.com.au:80/allabout/artist/1934/REM.htm","20080513181130","200"
"http://www.fasterlouder.com.au:80/allabout/artist/1935/Live.htm","20080513182636","200"
"http://www.fasterlouder.com.au:80/allabout/artist/1946/The-Yeah-Yeah-Yeahs.htm","20080408155958","200"
"http://www.fasterlouder.com.au:80/allabout/artist/1963/Mxpx.htm","20080513172340","200"
"http://www.fasterlouder.com.au:80/allabout/artist/1966/Lagwagon","20080510134822","200"
"http://www.fasterlouder.com.au:80/allabout/artist/1966/Lagwagon.htm","20080513160026","200"
"http://www.fasterlouder.com.au:80/allabout/artist/19842/","20080226204050","200"
"http://www.fasterlouder.com.au:80/allabout/artist/19879/KORA.htm","20080414161503","200"
"http://www.fasterlouder.com.au:80/allabout/artist/19898/Calling-All-Cars.htm","20080503212229","200"
"http://www.fasterlouder.com.au/allabout/artist/1996/No-Through-Road.htm","20080723195127","200"
"http://www.fasterlouder.com.au:80/allabout/artist/19965/Social-Distortion.htm","20080227203355","200"
"http://www.fasterlouder.com.au:80/allabout/artist/2004/The-Gin-Club.htm","20080307020956","200"
"http://www.fasterlouder.com.au:80/allabout/artist/2007/Green-Day.htm","20080513174833","200"
"http://www.fasterlouder.com.au:80/allabout/artist/2008/Tenacious-D.htm","20080513160040","200"
"http://www.fasterlouder.com.au:80/allabout/artist/20084/50-Lions.htm","20080315200309","200"
"http://www.fasterlouder.com.au:80/allabout/artist/20087/The-Seduction.htm","20080331102214","200"
"http://www.fasterlouder.com.au:80/allabout/artist/2016/Infectious-Grooves.htm","20080307150123","200"
"http://www.fasterlouder.com.au:80/allabout/artist/2017/Suicidal-Tendencies.htm","20080307154216","200"
"http://www.fasterlouder.com.au:80/allabout/artist/20255/Ghostwood.htm","20080210063922","200"
"http://www.fasterlouder.com.au:80/allabout/artist/20314/Bumblebeez.htm","20080321135406","200"
"http://www.fasterlouder.com.au:80/allabout/artist/20486/UNKLE.htm","20080331104947","200"
"http://www.fasterlouder.com.au/allabout/artist/2052/Youth-Group.htm","20080721073306","200"
"http://www.fasterlouder.com.au:80/allabout/artist/20535/Madina-Lake.htm","20080307154218","200"
"http://www.fasterlouder.com.au:80/allabout/artist/20643/Behemoth.htm","20080421074210","200"
"http://www.fasterlouder.com.au:80/allabout/artist/20647/Funeral-for-a-Friend.htm","20080313175130","200"
"http://www.fasterlouder.com.au:80/allabout/artist/207/The-Darkness.htm","20080513231642","200"
"http://www.fasterlouder.com.au:80/allabout/artist/20750/kraftwerk","20080309013319","200"
"http://www.fasterlouder.com.au:80/allabout/artist/2080/Blues-Explosion.htm","20080124135717","200"
"http://www.fasterlouder.com.au:80/allabout/artist/20802/Dyscord.htm","20080207123733","200"
"http://www.fasterlouder.com.au:80/allabout/artist/20813/Bring-On-The-Junta.htm","20080602033823","200"
"http://www.fasterlouder.com.au:80/allabout/artist/20845/Paris-Wells.htm","20080315200320","200"
"http://www.fasterlouder.com.au:80/allabout/artist/209/Sunk%20Loto","20080127113744","200"
"http://www.fasterlouder.com.au:80/allabout/artist/2103/U2.htm","20080204014550","200"
"http://www.fasterlouder.com.au:80/allabout/artist/2116/Hatebreed.htm","20080331112737","200"
"http://www.fasterlouder.com.au:80/allabout/artist/21208/Amy-Winehouse.htm","20080416005259","200"
"http://www.fasterlouder.com.au:80/allabout/artist/2126/The-Waifs.htm","20080129120204","200"
"http://www.fasterlouder.com.au:80/allabout/artist/21320/Deez-Nuts.htm","20080331102219","200"
"http://www.fasterlouder.com.au:80/allabout/artist/2137/Legends-Of-Motorsport.htm","20080602033831","200"
"http://www.fasterlouder.com.au:80/allabout/artist/214/Cody%20Chesnutt","20080418024917","200"
"http://www.fasterlouder.com.au:80/allabout/artist/21426/The-Sins.htm","20080618023229","200"
"http://www.fasterlouder.com.au:80/allabout/artist/21433/Ilium.htm","20080319070444","200"
"http://www.fasterlouder.com.au:80/allabout/artist/21441/Serj-Tankian.htm","20080226202441","200"
"http://www.fasterlouder.com.au:80/allabout/artist/2151/Alexisonfire.htm","20080307150137","200"
"http://www.fasterlouder.com.au:80/allabout/artist/2166/The-Scare.htm","20080612195226","200"
"http://www.fasterlouder.com.au:80/allabout/artist/21706/Cassette-Kids.htm","20080311051801","200"
"http://www.fasterlouder.com.au:80/allabout/artist/21833/The-Silents.htm","20080129120212","200"
"http://www.fasterlouder.com.au:80/allabout/artist/21835/secure-au.imrworldwide.com/","20080612012815","200"
"http://www.fasterlouder.com.au:80/allabout/artist/21835/Shinto-Katana.htm","20080607020649","200"
"http://www.fasterlouder.com.au:80/allabout/artist/21835/?city=1","20080612012739","200"
"http://www.fasterlouder.com.au:80/allabout/artist/21835/?city=10","20080612012746","200"
"http://www.fasterlouder.com.au:80/allabout/artist/21835/?city=11","20080612010837","200"
"http://www.fasterlouder.com.au:80/allabout/artist/21835/?city=2","20080612010842","200"
"http://www.fasterlouder.com.au:80/allabout/artist/21835/?city=3","20080612012748","200"
"http://www.fasterlouder.com.au:80/allabout/artist/21835/?city=4","20080612010845","200"
"http://www.fasterlouder.com.au:80/allabout/artist/21835/?city=5","20080612012754","200"
"http://www.fasterlouder.com.au:80/allabout/artist/21835/?city=6","20080612012800","200"
"http://www.fasterlouder.com.au:80/allabout/artist/21835/?city=7","20080612010852","200"
"http://www.fasterlouder.com.au:80/allabout/artist/21835/?city=8","20080612012805","200"
"http://www.fasterlouder.com.au:80/allabout/artist/21835/?city=9","20080612012809","200"
"http://www.fasterlouder.com.au:80/allabout/artist/21886/secure-au.imrworldwide.com/","20080627141141","200"
"http://www.fasterlouder.com.au:80/allabout/artist/21886/The-Galvatrons.htm","20080315200329","200"
"http://www.fasterlouder.com.au:80/allabout/artist/21886/?city=1","20080627140449","200"
"http://www.fasterlouder.com.au:80/allabout/artist/21886/?city=10","20080627140452","200"
"http://www.fasterlouder.com.au:80/allabout/artist/21886/?city=11","20080627140458","200"
"http://www.fasterlouder.com.au:80/allabout/artist/21886/?city=2","20080627140502","200"
"http://www.fasterlouder.com.au:80/allabout/artist/21886/?city=3","20080627140509","200"
"http://www.fasterlouder.com.au:80/allabout/artist/21886/?city=4","20080627140513","200"
"http://www.fasterlouder.com.au:80/allabout/artist/21886/?city=5","20080627154418","200"
"http://www.fasterlouder.com.au:80/allabout/artist/21886/?city=6","20080627141122","200"
"http://www.fasterlouder.com.au:80/allabout/artist/21886/?city=7","20080627141126","200"
"http://www.fasterlouder.com.au:80/allabout/artist/21886/?city=8","20080627141130","200"
"http://www.fasterlouder.com.au:80/allabout/artist/21886/?city=9","20080627141137","200"
"http://www.fasterlouder.com.au:80/allabout/artist/21898/David-Guetta.htm","20080405231733","200"
"http://www.fasterlouder.com.au:80/allabout/artist/21899/Chromeo.htm","20080405215257","200"
"http://www.fasterlouder.com.au:80/allabout/artist/219/Fear-Factory.htm","20080307154227","200"
"http://www.fasterlouder.com.au:80/allabout/artist/21900/Sister-Bliss.htm","20080405231738","200"
"http://www.fasterlouder.com.au:80/allabout/artist/21974/Kevin-Borich.htm","20080208155822","200"
"http://www.fasterlouder.com.au:80/allabout/artist/2199/Sarah-Blasko.htm","20080317135708","200"
"http://www.fasterlouder.com.au:80/allabout/artist/22048/All-Time-Low.htm","20080229075822","200"
"http://www.fasterlouder.com.au:80/allabout/artist/22080/Nightwish.htm","20080214174653","200"
"http://www.fasterlouder.com.au/allabout/artist/22087/Trentemoller.htm","20080721060510","200"
"http://www.fasterlouder.com.au/allabout/artist/22088/Sneaky-Sound-System.htm","20080723195731","200"
"http://www.fasterlouder.com.au:80/allabout/artist/2209/Grand-Fatal.htm","20080219134514","200"
"http://www.fasterlouder.com.au:80/allabout/artist/22097/Harlequin-League.htm","20080406004001","200"
"http://www.fasterlouder.com.au:80/allabout/artist/2211/Mere-Theory.htm","20080315200336","200"
"http://www.fasterlouder.com.au:80/allabout/artist/22126/Lacuna-Coll.htm","20080326195622","200"
"http://www.fasterlouder.com.au:80/allabout/artist/22126/secure-au.imrworldwide.com/","20080327095433","200"
"http://www.fasterlouder.com.au:80/allabout/artist/22126/?city=1","20080327095334","200"
"http://www.fasterlouder.com.au:80/allabout/artist/22126/?city=10","20080327095340","200"
"http://www.fasterlouder.com.au:80/allabout/artist/22126/?city=11","20080327095345","200"
"http://www.fasterlouder.com.au:80/allabout/artist/22126/?city=2","20080327095350","200"
"http://www.fasterlouder.com.au:80/allabout/artist/22126/?city=3","20080327095355","200"
"http://www.fasterlouder.com.au:80/allabout/artist/22126/?city=4","20080327095400","200"
"http://www.fasterlouder.com.au:80/allabout/artist/22126/?city=5","20080327095405","200"
"http://www.fasterlouder.com.au:80/allabout/artist/22126/?city=6","20080327095412","200"
"http://www.fasterlouder.com.au:80/allabout/artist/22126/?city=7","20080327095418","200"
"http://www.fasterlouder.com.au:80/allabout/artist/22126/?city=8","20080327095423","200"
"http://www.fasterlouder.com.au:80/allabout/artist/22126/?city=9","20080327095428","200"
"http://www.fasterlouder.com.au:80/allabout/artist/22127/Bring-Me-The-Horizon.htm","20080521215424","200"
"http://www.fasterlouder.com.au:80/allabout/artist/22129/Nightwish.htm","20080305061957","200"
"http://www.fasterlouder.com.au:80/allabout/artist/22147/Rage-Against-the-Machine-Bjork-Grinspoon-Arcade-Fire-Hilltop-Hoods-Billy-Bragg-Paul-Kelly-LCD-Soundsystem-Sarah-Blasko-Faker-Midnight-Juggernauts-Dizzee-Rascal-Something-With-Numbers-Battles-Cut-Off-Your-Hands.htm","20080331111702","200"
"http://www.fasterlouder.com.au:80/allabout/artist/22160/The-Pipettes.htm","20080129120217","200"
"http://www.fasterlouder.com.au:80/allabout/artist/22163/Jamiroquai.htm","20080626231955","200"
"http://www.fasterlouder.com.au:80/allabout/artist/22182/The-Devilrock-Four.htm","20080602033114","200"
"http://www.fasterlouder.com.au:80/allabout/artist/22235/Katalyst.htm","20080321135412","200"
"http://www.fasterlouder.com.au:80/allabout/artist/22246/Dizzee-Rascal.htm","20080223143218","200"
"http://www.fasterlouder.com.au:80/allabout/artist/2226/Die-Die-Die.htm","20080127113748","200"
"http://www.fasterlouder.com.au:80/allabout/artist/22282/The-Hitmen.htm","20080602033836","200"
"http://www.fasterlouder.com.au:80/allabout/artist/223/Universal.htm","20080602220415","200"
"http://www.fasterlouder.com.au:80/allabout/artist/2230/DeathWolf.htm","20080507071747","200"
"http://www.fasterlouder.com.au:80/allabout/artist/22399/Sugarcult.htm","20080227203046","200"
"http://www.fasterlouder.com.au:80/allabout/artist/224/Taking-Sides.htm","20080602033841","200"
"http://www.fasterlouder.com.au:80/allabout/artist/2240/Ash-Grunwald.htm","20080618022952","200"
"http://www.fasterlouder.com.au:80/allabout/artist/22400/Judas-Priest.htm","20080513174836","200"
"http://www.fasterlouder.com.au/allabout/artist/22404/Johhny-Marr.htm","20080721075258","200"
"http://www.fasterlouder.com.au:80/allabout/artist/2242/AntiFlag.htm","20080205032818","200"
"http://www.fasterlouder.com.au:80/allabout/artist/22430/Kurt-Cobain.htm","20080513174841","200"
"http://www.fasterlouder.com.au:80/allabout/artist/22447/jim-ward-Sparta.htm","20080307150142","200"
"http://www.fasterlouder.com.au:80/allabout/artist/22448/cartel.htm","20080307150150","200"
"http://www.fasterlouder.com.au:80/allabout/artist/22449/my-american-heart.htm","20080307154229","200"
"http://www.fasterlouder.com.au:80/allabout/artist/22450/still-remains.htm","20080307150156","200"
"http://www.fasterlouder.com.au:80/allabout/artist/22451/divine-heresy.htm","20080307154235","200"
"http://www.fasterlouder.com.au:80/allabout/artist/22455/haste-the-day.htm","20080321174809","200"
"http://www.fasterlouder.com.au:80/allabout/artist/22455/secure-au.imrworldwide.com/","20080323121002","200"
"http://www.fasterlouder.com.au:80/allabout/artist/22455/?city=1","20080323120907","200"
"http://www.fasterlouder.com.au:80/allabout/artist/22455/?city=10","20080323120911","200"
"http://www.fasterlouder.com.au:80/allabout/artist/22455/?city=11","20080323120916","200"
"http://www.fasterlouder.com.au:80/allabout/artist/22455/?city=2","20080323120922","200"
"http://www.fasterlouder.com.au:80/allabout/artist/22455/?city=3","20080323120926","200"
"http://www.fasterlouder.com.au:80/allabout/artist/22455/?city=4","20080323120932","200"
"http://www.fasterlouder.com.au:80/allabout/artist/22455/?city=5","20080323120936","200"
"http://www.fasterlouder.com.au:80/allabout/artist/22455/?city=6","20080323120942","200"
"http://www.fasterlouder.com.au:80/allabout/artist/22455/?city=7","20080323120946","200"
"http://www.fasterlouder.com.au:80/allabout/artist/22455/?city=8","20080323120951","200"
"http://www.fasterlouder.com.au:80/allabout/artist/22455/?city=9","20080323120957","200"
"http://www.fasterlouder.com.au:80/allabout/artist/22457/mewithoutyou.htm","20080229080427","200"
"http://www.fasterlouder.com.au:80/allabout/artist/22458/socratic.htm","20080229075826","200"
"http://www.fasterlouder.com.au:80/allabout/artist/22461/mae.htm","20080307154240","200"
"http://www.fasterlouder.com.au:80/allabout/artist/22465/fall-of-troy.htm","20080323034321","200"
"http://www.fasterlouder.com.au:80/allabout/artist/22466/Plain-White-Ts.htm","20080227233124","200"
"http://www.fasterlouder.com.au:80/allabout/artist/22468/boys-like-girls.htm","20080307150200","200"
"http://www.fasterlouder.com.au:80/allabout/artist/22469/mindless-self-indulgence.htm","20080323175254","200"
"http://www.fasterlouder.com.au:80/allabout/artist/2247/Wolf-Cub.htm","20080210072033","200"
"http://www.fasterlouder.com.au:80/allabout/artist/22470/the-dear-hunter.htm","20080627113606","200"
"http://www.fasterlouder.com.au:80/allabout/artist/22471/sugarcult.htm","20080325004231","200"
"http://www.fasterlouder.com.au:80/allabout/artist/22474/the-starting-line.htm","20080229080433","200"
"http://www.fasterlouder.com.au:80/allabout/artist/22497/Dappled-CIties.htm","20080205032821","200"
"http://www.fasterlouder.com.au:80/allabout/artist/2250/Hilltop-Hoods.htm","20080123105708","200"
"http://www.fasterlouder.com.au:80/allabout/artist/22503/The-Tongue.htm","20080619082346","200"
"http://www.fasterlouder.com.au:80/allabout/artist/22506/Kav-Temperley-Eskimo-Joe.htm","20080612195230","200"
"http://www.fasterlouder.com.au:80/allabout/artist/2250/?city=5","20080326211944","200"
"http://www.fasterlouder.com.au:80/allabout/artist/22516/secure-au.imrworldwide.com/","20080405231744","200"
"http://www.fasterlouder.com.au:80/allabout/artist/22516/?city=1","20080405234648","200"
"http://www.fasterlouder.com.au:80/allabout/artist/22516/?city=10","20080405234653","200"
"http://www.fasterlouder.com.au:80/allabout/artist/22516/?city=11","20080405235413","200"
"http://www.fasterlouder.com.au:80/allabout/artist/22516/?city=2","20080406004719","200"
"http://www.fasterlouder.com.au:80/allabout/artist/22516/?city=3","20080405235418","200"
"http://www.fasterlouder.com.au:80/allabout/artist/22516/?city=4","20080406004006","200"
"http://www.fasterlouder.com.au:80/allabout/artist/22516/?city=5","20080405221903","200"
"http://www.fasterlouder.com.au:80/allabout/artist/22516/?city=6","20080406004723","200"
"http://www.fasterlouder.com.au:80/allabout/artist/22516/?city=7","20080405222932","200"
"http://www.fasterlouder.com.au:80/allabout/artist/22516/?city=8","20080405235423","200"
"http://www.fasterlouder.com.au:80/allabout/artist/22516/?city=9","20080405235428","200"
"http://www.fasterlouder.com.au:80/allabout/artist/22536/Me-First-and-the-Gimme-Gimmes.htm","20080513161549","200"
"http://www.fasterlouder.com.au:80/allabout/artist/22539/DJ-knightlife.htm","20080406001720","200"
"http://www.fasterlouder.com.au:80/allabout/artist/22548/All-Shall-Perish.htm","20080331100213","200"
"http://www.fasterlouder.com.au:80/allabout/artist/22549/The-Red-Shore.htm","20080405235434","200"
"http://www.fasterlouder.com.au/allabout/artist/22569/Feist.htm","20080722234457","200"
"http://www.fasterlouder.com.au/allabout/artist/22571/Devastations.htm","20080722234347","200"
"http://www.fasterlouder.com.au:80/allabout/artist/22573/dan-deacon.htm","20080307020959","200"
"http://www.fasterlouder.com.au:80/allabout/artist/22582/PlugIn-City.htm","20080210063926","200"
"http://www.fasterlouder.com.au:80/allabout/artist/22599/Sneaky-Weasel-Gang.htm","20080323093354","200"
"http://www.fasterlouder.com.au:80/allabout/artist/22812/Kinko-Beloba.htm","20080127161622","200"
"http://www.fasterlouder.com.au:80/allabout/artist/2289/Boomtown-Records.htm","20080213065938","200"
"http://www.fasterlouder.com.au:80/allabout/artist/22930/Urthboy.htm","20080321135417","200"
"http://www.fasterlouder.com.au:80/allabout/artist/2294/Scare-The.htm","20080612195236","200"
"http://www.fasterlouder.com.au:80/allabout/artist/22976/Garreth-Liddiard.htm","20080405224154","200"
"http://www.fasterlouder.com.au:80/allabout/artist/22977/The-John-Steel-Singers.htm","20080406000951","200"
"http://www.fasterlouder.com.au:80/allabout/artist/22978/Skull-Squadron.htm","20080405222936","200"
"http://www.fasterlouder.com.au:80/allabout/artist/23025/ROOT.htm","20080602033120","200"
"http://www.fasterlouder.com.au/allabout/artist/23029/Kate-Nash.htm","20080722194129","200"
"http://www.fasterlouder.com.au:80/allabout/artist/2307/The-Drones.htm","20080210072038","200"
"http://www.fasterlouder.com.au:80/allabout/artist/23073/The-Nightwatchman.htm","20080205032825","200"
"http://www.fasterlouder.com.au:80/allabout/artist/23121/Kate-Nash.htm","20080331125314","200"
"http://www.fasterlouder.com.au:80/allabout/artist/23124/Aceyalone.htm","20080127113752","200"
"http://www.fasterlouder.com.au:80/allabout/artist/23145/Lacuna-Coil.htm","20080326203452","200"
"http://www.fasterlouder.com.au:80/allabout/artist/23145/secure-au.imrworldwide.com/","20080327133206","200"
"http://www.fasterlouder.com.au:80/allabout/artist/23145/?city=1","20080327132743","200"
"http://www.fasterlouder.com.au:80/allabout/artist/23145/?city=10","20080327132745","200"
"http://www.fasterlouder.com.au:80/allabout/artist/23145/?city=11","20080327132750","200"
"http://www.fasterlouder.com.au:80/allabout/artist/23145/?city=2","20080327133141","200"
"http://www.fasterlouder.com.au:80/allabout/artist/23145/?city=3","20080327133146","200"
"http://www.fasterlouder.com.au:80/allabout/artist/23145/?city=4","20080327133151","200"
"http://www.fasterlouder.com.au:80/allabout/artist/23145/?city=5","20080327132755","200"
"http://www.fasterlouder.com.au:80/allabout/artist/23145/?city=6","20080327132801","200"
"http://www.fasterlouder.com.au:80/allabout/artist/23145/?city=7","20080327133155","200"
"http://www.fasterlouder.com.au:80/allabout/artist/23145/?city=8","20080327133201","200"
"http://www.fasterlouder.com.au:80/allabout/artist/23145/?city=9","20080327132805","200"
"http://www.fasterlouder.com.au:80/allabout/artist/23159/De-Jah-Groove.htm","20080227021723","200"
"http://www.fasterlouder.com.au:80/allabout/artist/23160/Janny-From-Rastawookie.htm","20080227021729","200"
"http://www.fasterlouder.com.au:80/allabout/artist/23161/The-Dolly-Rocker-Movement.htm","20080227021733","200"
"http://www.fasterlouder.com.au:80/allabout/artist/23162/The-Laurels.htm","20080227021742","200"
"http://www.fasterlouder.com.au:80/allabout/artist/23163/Super-Florence-Jam.htm","20080227021746","200"
"http://www.fasterlouder.com.au:80/allabout/artist/23164/Lola-Flash.htm","20080227021750","200"
"http://www.fasterlouder.com.au:80/allabout/artist/23165/One-Flew-East.htm","20080227021756","200"
"http://www.fasterlouder.com.au:80/allabout/artist/23166/Lounge-Act.htm","20080227021801","200"
"http://www.fasterlouder.com.au:80/allabout/artist/23167/One-Jonathan.htm","20080227021806","200"
"http://www.fasterlouder.com.au:80/allabout/artist/23168/Billy-Goat-and-the-Mongrels.htm","20080227021811","200"
"http://www.fasterlouder.com.au:80/allabout/artist/23169/Ryan-Daley-and-the-Mavis-5.htm","20080227021816","200"
"http://www.fasterlouder.com.au:80/allabout/artist/23221/The-Tough-Alliance.htm","20080331113721","200"
"http://www.fasterlouder.com.au:80/allabout/artist/23228/secure-au.imrworldwide.com/","20080331113726","200"
"http://www.fasterlouder.com.au:80/allabout/artist/23228/Sven-Vath.htm","20080226210034","200"
"http://www.fasterlouder.com.au:80/allabout/artist/23228/?city=1","20080331095218","200"
"http://www.fasterlouder.com.au:80/allabout/artist/23228/?city=10","20080331112745","200"
"http://www.fasterlouder.com.au:80/allabout/artist/23228/?city=11","20080331125319","200"
"http://www.fasterlouder.com.au:80/allabout/artist/23228/?city=2","20080331125324","200"
"http://www.fasterlouder.com.au:80/allabout/artist/23228/?city=3","20080331095223","200"
"http://www.fasterlouder.com.au:80/allabout/artist/23228/?city=4","20080327083321","200"
"http://www.fasterlouder.com.au:80/allabout/artist/23228/?city=5","20080331125330","200"
"http://www.fasterlouder.com.au:80/allabout/artist/23228/?city=6","20080331101232","200"
"http://www.fasterlouder.com.au:80/allabout/artist/23228/?city=7","20080331111707","200"
"http://www.fasterlouder.com.au:80/allabout/artist/23228/?city=8","20080331101237","200"
"http://www.fasterlouder.com.au:80/allabout/artist/23228/?city=9","20080331095228","200"
"http://www.fasterlouder.com.au:80/allabout/artist/2327/Rise-Against.htm","20080313175139","200"
"http://www.fasterlouder.com.au:80/allabout/artist/2328/Mess-Hall-The.htm","20080317142810","200"
"http://www.fasterlouder.com.au:80/allabout/artist/23283/Maceo%20Parker","20080229113805","200"
"http://www.fasterlouder.com.au:80/allabout/artist/23316/Air.htm","20080331110720","200"
"http://www.fasterlouder.com.au:80/allabout/artist/23397/Hardcore-Superstar.htm","20080131224430","200"
"http://www.fasterlouder.com.au:80/allabout/artist/23459/Autopilot.htm","20080219134517","200"
"http://www.fasterlouder.com.au/allabout/artist/23461/The-John-Steel-Singers.htm","20080722175641","200"
"http://www.fasterlouder.com.au/allabout/artist/2349/Broken-Social-Scene.htm","20080722223455","200"
"http://www.fasterlouder.com.au:80/allabout/artist/23522/secure-au.imrworldwide.com/","20080218085055","200"
"http://www.fasterlouder.com.au:80/allabout/artist/23522/Vesper-White.htm?","20080214184228","200"
"http://www.fasterlouder.com.au:80/allabout/artist/23522/?city=1","20080218085022","200"
"http://www.fasterlouder.com.au:80/allabout/artist/23522/?city=10","20080218085029","200"
"http://www.fasterlouder.com.au:80/allabout/artist/23522/?city=11","20080218085231","200"
"http://www.fasterlouder.com.au:80/allabout/artist/23522/?city=2","20080218085033","200"
"http://www.fasterlouder.com.au:80/allabout/artist/23522/?city=3","20080218085236","200"
"http://www.fasterlouder.com.au:80/allabout/artist/23522/?city=4","20080218085038","200"
"http://www.fasterlouder.com.au:80/allabout/artist/23522/?city=5","20080218085045","200"
"http://www.fasterlouder.com.au:80/allabout/artist/23522/?city=6","20080218085245","200"
"http://www.fasterlouder.com.au:80/allabout/artist/23522/?city=7","20080218085248","200"
"http://www.fasterlouder.com.au:80/allabout/artist/23522/?city=8","20080218085255","200"
"http://www.fasterlouder.com.au:80/allabout/artist/23522/?city=9","20080218085049","200"
"http://www.fasterlouder.com.au:80/allabout/artist/2353/The-Faint.htm","20080531033429","200"
"http://www.fasterlouder.com.au:80/allabout/artist/23566/Hasil-Adkins.htm","20080125062644","200"
"http://www.fasterlouder.com.au/allabout/artist/23600/Dead-Popes-Of-The-Vatican.htm","20080724211437","200"
"http://www.fasterlouder.com.au:80/allabout/artist/23603/Hank-Williams-Jnr.htm","20080331102223","200"
"http://www.fasterlouder.com.au:80/allabout/artist/23611/Capeside.htm","20080315195557","200"
"http://www.fasterlouder.com.au/allabout/artist/23617/Alaska-Ratio.htm","20080724205615","200"
"http://www.fasterlouder.com.au:80/allabout/artist/23626/Muph.htm","20080315200338","200"
"http://www.fasterlouder.com.au:80/allabout/artist/23646/Mickey-P.htm","20080331101242","200"
"http://www.fasterlouder.com.au:80/allabout/artist/23647/Aphex-Twin.htm","20080331110722","200"
"http://www.fasterlouder.com.au:80/allabout/artist/23648/Skip-James.htm","20080331104148","200"
"http://www.fasterlouder.com.au:80/allabout/artist/23651/Burn-the-Drama.htm","20080219134522","200"
"http://www.fasterlouder.com.au:80/allabout/artist/23670/Daniel-Johns.htm","20080205032830","200"
"http://www.fasterlouder.com.au:80/allabout/artist/23704/Cut-Sic.htm","20080208222448","200"
"http://www.fasterlouder.com.au:80/allabout/artist/23705/The-Vanguarde.htm","20080208222750","200"
"http://www.fasterlouder.com.au:80/allabout/artist/23735/Kevin-Devine.htm","20080307150208","200"
"http://www.fasterlouder.com.au:80/allabout/artist/23751/The-Butcher.htm","20080219134529","200"
"http://www.fasterlouder.com.au:80/allabout/artist/23768/Glass-Ceiling.htm","20080408111502","200"
"http://www.fasterlouder.com.au:80/allabout/artist/23793/Red-Jumpsuit-Apparatus.htm","20080131225024","200"
"http://www.fasterlouder.com.au:80/allabout/artist/23794/Jim-Ward.htm","20080307154244","200"
"http://www.fasterlouder.com.au:80/allabout/artist/23795/City-and-Colour.htm","20080307150213","200"
"http://www.fasterlouder.com.au:80/allabout/artist/238/Various-Artists.htm","20080305061746","200"
"http://www.fasterlouder.com.au:80/allabout/artist/23816/Manchester-Orchestra.htm","20080307021006","200"
"http://www.fasterlouder.com.au:80/allabout/artist/23828/The-Jim-Rockfords.htm","20080123201354","200"
"http://www.fasterlouder.com.au/allabout/artist/23836/The-Wombats.htm","20080721052445","200"
"http://www.fasterlouder.com.au:80/allabout/artist/23842/The-Jezabels.htm","20080311120528","200"
"http://www.fasterlouder.com.au:80/allabout/artist/23882/Cats-Crash.htm","20080219134532","200"
"http://www.fasterlouder.com.au:80/allabout/artist/23890/Lucius-Borich.htm","20080208160157","200"
"http://www.fasterlouder.com.au:80/allabout/artist/23891/Sam-Joole.htm","20080208160203","200"
"http://www.fasterlouder.com.au:80/allabout/artist/23892/Harry-Brus.htm","20080208155828","200"
"http://www.fasterlouder.com.au:80/allabout/artist/2390/The-Beautiful-Girls.htm","20080129120228","200"
"http://www.fasterlouder.com.au:80/allabout/artist/2392/Even.htm","20080602123129","200"
"http://www.fasterlouder.com.au:80/allabout/artist/2394/De-La-Soul.htm","20080405222941","200"
"http://www.fasterlouder.com.au/allabout/artist/23941/Fire-Santa-Rosa-Fire.htm","20080724224656","200"
"http://www.fasterlouder.com.au:80/allabout/artist/2396/The%20White%20Stripes","20080418013949","200"
"http://www.fasterlouder.com.au:80/allabout/artist/23996/The-Vandolls.htm","20080519024057","200"
"http://www.fasterlouder.com.au:80/allabout/artist/24026/Cut-Chemist.htm","20080201093624","200"
"http://www.fasterlouder.com.au:80/allabout/artist/24066/The-Vandals.htm","20080125062649","200"
"http://www.fasterlouder.com.au:80/allabout/artist/24067/Bowling-For-Soup.htm","20080125063052","200"
"http://www.fasterlouder.com.au/allabout/artist/2409/Stars.htm","20080722223241","200"
"http://www.fasterlouder.com.au:80/allabout/artist/24108/Eluveitie.htm","20080213044240","200"
"http://www.fasterlouder.com.au:80/allabout/artist/24138/Beirut.htm","20080319070448","200"
"http://www.fasterlouder.com.au:80/allabout/artist/2418/Silverchair","20080418022630","200"
"http://www.fasterlouder.com.au:80/allabout/artist/2418/silverchair.htm","20080204015218","200"
"http://www.fasterlouder.com.au:80/allabout/artist/24232/Emigrate.htm","20080205000707","200"
"http://www.fasterlouder.com.au:80/allabout/artist/24235/The%20Vandals","20080510134827","200"
"http://www.fasterlouder.com.au:80/allabout/artist/2433/Rage-Against-The-Machine.htm","20080203000238","200"
"http://www.fasterlouder.com.au:80/allabout/artist/24337/The-Kooks.htm","20080503200130","200"
"http://www.fasterlouder.com.au/allabout/artist/24342/That-1-Guy.htm","20080723205814","200"
"http://www.fasterlouder.com.au:80/allabout/artist/2437/Jimi-Hendrix.htm","20080513182647","200"
"http://www.fasterlouder.com.au:80/allabout/artist/24397/-The-Galvatrons.htm","20080626081429","200"
"http://www.fasterlouder.com.au:80/allabout/artist/24397/secure-au.imrworldwide.com/","20080627141240","200"
"http://www.fasterlouder.com.au:80/allabout/artist/24397/?city=1","20080627141144","200"
"http://www.fasterlouder.com.au:80/allabout/artist/24397/?city=10","20080627141151","200"
"http://www.fasterlouder.com.au:80/allabout/artist/24397/?city=11","20080627141154","200"
"http://www.fasterlouder.com.au:80/allabout/artist/24397/?city=2","20080627141159","200"
"http://www.fasterlouder.com.au:80/allabout/artist/24397/?city=3","20080627141204","200"
"http://www.fasterlouder.com.au:80/allabout/artist/24397/?city=4","20080627141209","200"
"http://www.fasterlouder.com.au:80/allabout/artist/24397/?city=5","20080627141214","200"
"http://www.fasterlouder.com.au:80/allabout/artist/24397/?city=6","20080627141219","200"
"http://www.fasterlouder.com.au:80/allabout/artist/24397/?city=7","20080627141224","200"
"http://www.fasterlouder.com.au:80/allabout/artist/24397/?city=8","20080627141229","200"
"http://www.fasterlouder.com.au:80/allabout/artist/24397/?city=9","20080627141235","200"
"http://www.fasterlouder.com.au/allabout/artist/24398/Lover.htm","20080723195344","200"
"http://www.fasterlouder.com.au/allabout/artist/24399/Sacred-Stereos.htm","20080723195555","200"
"http://www.fasterlouder.com.au:80/allabout/artist/24400/The-Rocks.htm","20080219134538","200"
"http://www.fasterlouder.com.au/allabout/artist/24406/NeoKin.htm","20080724214901","200"
"http://www.fasterlouder.com.au:80/allabout/artist/2442/Tiger-Army.htm","20080323024626","200"
"http://www.fasterlouder.com.au:80/allabout/artist/24434/The-Cruel-Sea.htm","20080323093358","200"
"http://www.fasterlouder.com.au:80/allabout/artist/24504/WASP.htm","20080503212231","200"
"http://www.fasterlouder.com.au:80/allabout/artist/24505/The-Poor.htm","20080503212236","200"
"http://www.fasterlouder.com.au:80/allabout/artist/24529/Roisin-Murphy.htm","20080215012020","200"
"http://www.fasterlouder.com.au:80/allabout/artist/24530/Glass-Candy.htm","20080215012024","200"
"http://www.fasterlouder.com.au:80/allabout/artist/24550/Whitesnake.htm","20080325013827","200"
"http://www.fasterlouder.com.au:80/allabout/artist/24566/Lions-At-Your-Door.htm","20080311051806","200"
"http://www.fasterlouder.com.au:80/allabout/artist/24607/martinez-brothers.htm","20080312234807","200"
"http://www.fasterlouder.com.au:80/allabout/artist/24607/secure-au.imrworldwide.com/","20080313175245","200"
"http://www.fasterlouder.com.au:80/allabout/artist/24607/?city=1","20080313175140","200"
"http://www.fasterlouder.com.au:80/allabout/artist/24607/?city=10","20080313175146","200"
"http://www.fasterlouder.com.au:80/allabout/artist/24607/?city=11","20080313175151","200"
"http://www.fasterlouder.com.au:80/allabout/artist/24607/?city=2","20080313175155","200"
"http://www.fasterlouder.com.au:80/allabout/artist/24607/?city=3","20080313175201","200"
"http://www.fasterlouder.com.au:80/allabout/artist/24607/?city=4","20080313175206","200"
"http://www.fasterlouder.com.au:80/allabout/artist/24607/?city=5","20080313175211","200"
"http://www.fasterlouder.com.au:80/allabout/artist/24607/?city=6","20080313175217","200"
"http://www.fasterlouder.com.au:80/allabout/artist/24607/?city=7","20080313175223","200"
"http://www.fasterlouder.com.au:80/allabout/artist/24607/?city=8","20080313175234","200"
"http://www.fasterlouder.com.au:80/allabout/artist/24607/?city=9","20080313175241","200"
"http://www.fasterlouder.com.au:80/allabout/artist/24649/Amplive.htm","20080504012910","200"
"http://www.fasterlouder.com.au:80/allabout/artist/2465/Bjork","20080311185539","200"
"http://www.fasterlouder.com.au:80/allabout/artist/2465/Bjork.htm","20080307150243","200"
"http://www.fasterlouder.com.au:80/allabout/artist/24689/Tennis.htm","20080311093213","200"
"http://www.fasterlouder.com.au:80/allabout/artist/24690/Man-Ray.htm","20080311093218","200"
"http://www.fasterlouder.com.au/allabout/artist/24692/The-Grand-Atlantic.htm","20080722195439","200"
"http://www.fasterlouder.com.au:80/allabout/artist/24705/Death-Angel.htm","20080229075832","200"
"http://www.fasterlouder.com.au:80/allabout/artist/24745/Black-Francis.htm","20080305062003","200"
"http://www.fasterlouder.com.au/allabout/artist/24754/Roisin-Murphy.htm","20080721090513","200"
"http://www.fasterlouder.com.au:80/allabout/artist/24769/Biohazard.htm","20080307072144","200"
"http://www.fasterlouder.com.au:80/allabout/artist/24770/Bloodsimple.htm","20080307072851","200"
"http://www.fasterlouder.com.au:80/allabout/artist/24772/Mum.htm","20080319103853","200"
"http://www.fasterlouder.com.au:80/allabout/artist/2480/REM.htm","20080513162802","200"
"http://www.fasterlouder.com.au:80/allabout/artist/24805/Heroes-for-Hire.htm","20080311115252","200"
"http://www.fasterlouder.com.au:80/allabout/artist/24806/The-Fecks.htm","20080311120533","200"
"http://www.fasterlouder.com.au:80/allabout/artist/24807/Bass-Camp.htm","20080311120537","200"
"http://www.fasterlouder.com.au:80/allabout/artist/24808/Betty-Boston.htm","20080311115255","200"
"http://www.fasterlouder.com.au:80/allabout/artist/24809/Patrik-Carerra.htm","20080311115301","200"
"http://www.fasterlouder.com.au:80/allabout/artist/24826/Mutya-Buena.htm","20080416005301","200"
"http://www.fasterlouder.com.au:80/allabout/artist/24827/Sugarbabes.htm","20080416005308","200"
"http://www.fasterlouder.com.au:80/allabout/artist/24828/Girls-Aloud.htm","20080416005311","200"
"http://www.fasterlouder.com.au/allabout/artist/24830/the-transients.htm","20080722193843","200"
"http://www.fasterlouder.com.au:80/allabout/artist/24847/Barry-Adamson.htm","20080325001650","200"
"http://www.fasterlouder.com.au:80/allabout/artist/24858/Crime-In-Stereo.htm","20080305061750","200"
"http://www.fasterlouder.com.au:80/allabout/artist/24891/The-Ghost-Inside.htm","20080509051604","200"
"http://www.fasterlouder.com.au:80/allabout/artist/24902/Helloween.htm","20080607171715","200"
"http://www.fasterlouder.com.au:80/allabout/artist/24918/The-Holidays.htm","20080319103857","200"
"http://www.fasterlouder.com.au:80/allabout/artist/24919/Cassette-Kids.htm","20080319103904","200"
"http://www.fasterlouder.com.au:80/allabout/artist/24920/Bridgemary-Kiss.htm","20080319103908","200"
"http://www.fasterlouder.com.au:80/allabout/artist/24938/Man-Ray.htm","20080311022934","200"
"http://www.fasterlouder.com.au:80/allabout/artist/24939/Tennis.htm","20080311022939","200"
"http://www.fasterlouder.com.au:80/allabout/artist/2495/Infusion.htm","20080406005458","200"
"http://www.fasterlouder.com.au/allabout/artist/24952/Annuals.htm","20080721061037","200"
"http://www.fasterlouder.com.au/allabout/artist/24953/Oh-No-Ono.htm","20080721055507","200"
"http://www.fasterlouder.com.au/allabout/artist/24957/Luomo.htm","20080721060621","200"
"http://www.fasterlouder.com.au:80/allabout/artist/24959/The-Last-Shadow-Puppets.htm","20080604192316","200"
"http://www.fasterlouder.com.au:80/allabout/artist/24960/The-Rascals.htm","20080604192321","200"
"http://www.fasterlouder.com.au:80/allabout/artist/2502/Badly%20Drawn%20Boy","20080418022634","200"
"http://www.fasterlouder.com.au:80/allabout/artist/2507/Strike-Anywhere.htm","20080405231750","200"
"http://www.fasterlouder.com.au:80/allabout/artist/25094/Jarvis-Jay.htm?","20080606042826","200"
"http://www.fasterlouder.com.au:80/allabout/artist/25135/Crime-In-Stereo.htm","20080503105107","200"
"http://www.fasterlouder.com.au:80/allabout/artist/2518/Architecture-In-Helsinki.htm","20080210063932","200"
"http://www.fasterlouder.com.au:80/allabout/artist/2518/secure-au.imrworldwide.com/","20080612040449","200"
"http://www.fasterlouder.com.au:80/allabout/artist/2518/?city=1","20080612040253","200"
"http://www.fasterlouder.com.au:80/allabout/artist/2518/?city=10","20080612035846","200"
"http://www.fasterlouder.com.au:80/allabout/artist/2518/?city=11","20080612040022","200"
"http://www.fasterlouder.com.au:80/allabout/artist/2518/?city=2","20080612035850","200"
"http://www.fasterlouder.com.au:80/allabout/artist/2518/?city=3","20080612040410","200"
"http://www.fasterlouder.com.au:80/allabout/artist/2518/?city=4","20080612040424","200"
"http://www.fasterlouder.com.au:80/allabout/artist/2518/?city=5","20080612035900","200"
"http://www.fasterlouder.com.au:80/allabout/artist/2518/?city=6","20080612040030","200"
"http://www.fasterlouder.com.au:80/allabout/artist/2518/?city=7","20080612040047","200"
"http://www.fasterlouder.com.au:80/allabout/artist/2518/?city=8","20080612040434","200"
"http://www.fasterlouder.com.au:80/allabout/artist/2518/?city=9","20080612035907","200"
"http://www.fasterlouder.com.au/allabout/artist/25281/Soko.htm","20080722233328","200"
"http://www.fasterlouder.com.au:80/allabout/artist/25295/Micky-Gloss.htm","20080506200710","200"
"http://www.fasterlouder.com.au:80/allabout/artist/25296/Jesse-Redwing.htm","20080506200714","200"
"http://www.fasterlouder.com.au:80/allabout/artist/25297/Robot-Smith-DJs.htm","20080506200718","200"
"http://www.fasterlouder.com.au:80/allabout/artist/25302/Primus","20080418024922","200"
"http://www.fasterlouder.com.au:80/allabout/artist/25302/Primus.htm","20080418022638","200"
"http://www.fasterlouder.com.au:80/allabout/artist/25305/Short-Stack.htm","20080614145737","200"
"http://www.fasterlouder.com.au:80/allabout/artist/2536/Pink-Floyd.htm","20080513161558","200"
"http://www.fasterlouder.com.au:80/allabout/artist/2538/Maximo-Park.htm","20080416005320","200"
"http://www.fasterlouder.com.au:80/allabout/artist/2540/Coldplay","20080418020935","200"
"http://www.fasterlouder.com.au/allabout/artist/2541/The-Streets.htm","20080722231701","200"
"http://www.fasterlouder.com.au/allabout/artist/25421/Vampire-Weekend.htm","20080721052010","200"
"http://www.fasterlouder.com.au/allabout/artist/25422/Foals.htm","20080721052731","200"
"http://www.fasterlouder.com.au:80/allabout/artist/25465/The-Death-Set.htm","20080416005324","200"
"http://www.fasterlouder.com.au:80/allabout/artist/25466/Witch.htm","20080415182646","200"
"http://www.fasterlouder.com.au:80/allabout/artist/25469/Pete-Cornelius-And-The-Devilles.htm","20080527052435","200"
"http://www.fasterlouder.com.au:80/allabout/artist/255/Dallas-Crane.htm","20080124135729","200"
"http://www.fasterlouder.com.au:80/allabout/artist/25518/Seagull.htm","20080519024102","200"
"http://www.fasterlouder.com.au:80/allabout/artist/2556/Athlete.htm","20080305061756","200"
"http://www.fasterlouder.com.au:80/allabout/artist/25597/Bowerbirds.htm","20080602033848","200"
"http://www.fasterlouder.com.au:80/allabout/artist/25598/Killer-Birds.htm","20080602220200","200"
"http://www.fasterlouder.com.au:80/allabout/artist/25599/Tigernauts.htm","20080602033856","200"
"http://www.fasterlouder.com.au:80/allabout/artist/25605/Matchbox-20.htm","20080504012915","200"
"http://www.fasterlouder.com.au/allabout/artist/25619/An-Horse.htm","20080724235210","200"
"http://www.fasterlouder.com.au:80/allabout/artist/2566/Scribe.htm","20080503033027","200"
"http://www.fasterlouder.com.au:80/allabout/artist/25668/Jackson-United.htm","20080422223922","200"
"http://www.fasterlouder.com.au:80/allabout/artist/25669/Me-First-and-the-Gimme-Gimmes.htm","20080422223837","200"
"http://www.fasterlouder.com.au:80/allabout/artist/25683/Emily-Davis.htm","20080503212242","200"
"http://www.fasterlouder.com.au:80/allabout/artist/25703/Vampire-Weekend.htm","20080503033030","200"
"http://www.fasterlouder.com.au:80/allabout/artist/25704/Tricky.htm","20080503033035","200"
"http://www.fasterlouder.com.au:80/allabout/artist/25705/Laura-Marling.htm","20080503033040","200"
"http://www.fasterlouder.com.au:80/allabout/artist/25706/The-Brown-Birds-from-Windy-Hill.htm","20080503033045","200"
"http://www.fasterlouder.com.au/allabout/artist/2590/The-Dears.htm","20080722225410","200"
"http://www.fasterlouder.com.au:80/allabout/artist/26004/Muph-Plutonic.htm","20080602033859","200"
"http://www.fasterlouder.com.au:80/allabout/artist/26007/Death-Before-Dead-Gang.htm","20080626231959","200"
"http://www.fasterlouder.com.au:80/allabout/artist/26008/BoysBoysBoys.htm","20080626232005","200"
"http://www.fasterlouder.com.au:80/allabout/artist/26009/Judas-Priest.htm","20080602220212","200"
"http://www.fasterlouder.com.au:80/allabout/artist/26010/Cavalera-Conspiracy.htm","20080602033906","200"
"http://www.fasterlouder.com.au:80/allabout/artist/26105/Ben-Witt.htm","20080612195239","200"
"http://www.fasterlouder.com.au:80/allabout/artist/262/Universal-Music.htm","20080406000250","200"
"http://www.fasterlouder.com.au/allabout/artist/26225/Tyger-Tyger.htm","20080724214144","200"
"http://www.fasterlouder.com.au/allabout/artist/26236/Devilution.htm","20080724220030","200"
"http://www.fasterlouder.com.au:80/allabout/artist/2634/4-Dead.htm","20080307072856","200"
"http://www.fasterlouder.com.au/allabout/artist/2636/Parkway-Drive.htm","20080723000116","200"
"http://www.fasterlouder.com.au/allabout/artist/26445/Agency-Dub-Collective.htm","20080724201034","200"
"http://www.fasterlouder.com.au/allabout/artist/26446/Hieronymus-IX.htm","20080724200828","200"
"http://www.fasterlouder.com.au/allabout/artist/26447/Panama-Embassy-Tezzo.htm","20080724200957","200"
"http://www.fasterlouder.com.au/allabout/artist/26448/DJ-De-Cruze.htm","20080724200920","200"
"http://www.fasterlouder.com.au/allabout/artist/26459/Torn-Asunder.htm","20080724215842","200"
"http://www.fasterlouder.com.au/allabout/artist/26466/Eyes-Down-Fire.htm","20080724215007","200"
"http://www.fasterlouder.com.au/allabout/artist/26473/Dr-John.htm","20080724001541","200"
"http://www.fasterlouder.com.au/allabout/artist/26491/Tracy-Redhead.htm","20080724000900","200"
"http://www.fasterlouder.com.au/allabout/artist/26506/Jimmy-Stewart.htm","20080724215329","200"
"http://www.fasterlouder.com.au/allabout/artist/26523/Ricochet-Pete.htm","20080724211352","200"
"http://www.fasterlouder.com.au/allabout/artist/26524/Sianna-Lee.htm","20080724224816","200"
"http://www.fasterlouder.com.au/allabout/artist/26531/MOTO.htm","20080724203755","200"
"http://www.fasterlouder.com.au/allabout/artist/26532/King-Automatic.htm","20080724204012","200"
"http://www.fasterlouder.com.au/allabout/artist/26534/Deaf-Wish.htm","20080724204240","200"
"http://www.fasterlouder.com.au/allabout/artist/26539/Party-Bus.htm","20080724201818","200"
"http://www.fasterlouder.com.au:80/allabout/artist/2655/Mindsnare.htm","20080307072902","200"
"http://www.fasterlouder.com.au/allabout/artist/2681/The-Devastations.htm","20080722223012","200"
"http://www.fasterlouder.com.au:80/allabout/artist/2686/Mercury-Rev.htm","20080305062009","200"
"http://www.fasterlouder.com.au/allabout/artist/2702/Feeder.htm","20080721052922","200"
"http://www.fasterlouder.com.au:80/allabout/artist/2712/Dune.htm","20080615022019","200"
"http://www.fasterlouder.com.au:80/allabout/artist/2716/Dead-Inside-the-Chrysalis.htm","20080208222757","200"
"http://www.fasterlouder.com.au/allabout/artist/2725/Snowman.htm","20080724204820","200"
"http://www.fasterlouder.com.au:80/allabout/artist/2748/Karnivool","20080127113801","200"
"http://www.fasterlouder.com.au:80/allabout/artist/2748/Karnivool.htm","20080204013519","200"
"http://www.fasterlouder.com.au:80/allabout/artist/2756/VHS-Or-Beta.htm","20080615013705","200"
"http://www.fasterlouder.com.au:80/allabout/artist/276/Cog.htm","20080315195607","200"
"http://www.fasterlouder.com.au:80/allabout/artist/2764/My-Bloody-Valentine.htm","20080325174740","200"
"http://www.fasterlouder.com.au:80/allabout/artist/2795/The-Wrath.htm","20080218085311","200"
"http://www.fasterlouder.com.au:80/allabout/artist/2796/MSBI.htm","20080513174846","200"
"http://www.fasterlouder.com.au:80/allabout/artist/2804/The-Jesus-and-Mary-Chain.htm","20080215012030","200"
"http://www.fasterlouder.com.au:80/allabout/artist/2809/Kirk-Hammett.htm","20080513161600","200"
"http://www.fasterlouder.com.au:80/allabout/artist/2813/Deep-Purple.htm","20080513164957","200"
"http://www.fasterlouder.com.au:80/allabout/artist/2814/Alice-Cooper.htm","20080331112753","200"
"http://www.fasterlouder.com.au:80/allabout/artist/2815/Spinal-Tap.htm","20080513174851","200"
"http://www.fasterlouder.com.au:80/allabout/artist/2825/Ben%20Folds","20080418013957","200"
"http://www.fasterlouder.com.au:80/allabout/artist/283/Korn.htm","20080307072911","200"
"http://www.fasterlouder.com.au/allabout/artist/284/StaticX.htm","20080723223240","200"
"http://www.fasterlouder.com.au:80/allabout/artist/2846/Brian-Head-Welch.htm","20080418020938","200"
"http://www.fasterlouder.com.au:80/allabout/artist/285/Off-The-Hip.htm","20080502131959","200"
"http://www.fasterlouder.com.au:80/allabout/artist/2850/Beck.htm","20080309014518","200"
"http://www.fasterlouder.com.au:80/allabout/artist/2854/Millencolin.htm","20080410223516","200"
"http://www.fasterlouder.com.au:80/allabout/artist/2858/Dave-Mustaine.htm","20080513165001","200"
"http://www.fasterlouder.com.au/allabout/artist/2873/The-Sleepy-Jackson.htm","20080721073804","200"
"http://www.fasterlouder.com.au:80/allabout/artist/2888/Iggy-Pop.htm","20080620221256","200"
"http://www.fasterlouder.com.au:80/allabout/artist/2900/Sharon-Jones-the-DapKings.htm","20080319070454","200"
"http://www.fasterlouder.com.au:80/allabout/artist/2936/Expatriate.htm","20080214230609","200"
"http://www.fasterlouder.com.au:80/allabout/artist/2948/LCD-Soundsystem.htm","20080405215304","200"
"http://www.fasterlouder.com.au:80/allabout/artist/2958/Chris-Cornell.htm","20080323034329","200"
"http://www.fasterlouder.com.au:80/allabout/artist/2967/Irrelevant.htm","20080405224402","200"
"http://www.fasterlouder.com.au:80/allabout/artist/2985/Neil%20Finn","20080418014002","200"
"http://www.fasterlouder.com.au:80/allabout/artist/2994/Ian-Brown.htm","20080325174838","200"
"http://www.fasterlouder.com.au:80/allabout/artist/3020/Motorhead.htm","20080513162808","200"
"http://www.fasterlouder.com.au:80/allabout/artist/3068/A-Death-in-the-Family.htm","20080405225814","200"
"http://www.fasterlouder.com.au:80/allabout/artist/3071/Moby","20080418024930","200"
"http://www.fasterlouder.com.au:80/allabout/artist/3071/Moby.htm","20080307072915","200"
"http://www.fasterlouder.com.au:80/allabout/artist/309/The-Cat-Empire.htm","20080214230615","200"
"http://www.fasterlouder.com.au:80/allabout/artist/3114/KT-Tunstall.htm","20080323093405","200"
"http://www.fasterlouder.com.au:80/allabout/artist/3115/The-Vasco-Era.htm","20080315195614","200"
"http://www.fasterlouder.com.au:80/allabout/artist/312/The-Spazzys.htm","20080602033349","200"
"http://www.fasterlouder.com.au:80/allabout/artist/3121/Airbourne.htm","20080210063938","200"
"http://www.fasterlouder.com.au:80/allabout/artist/3148/Throwdown.htm","20080307072151","200"
"http://www.fasterlouder.com.au:80/allabout/artist/3156/Angelas-Dish.htm","20080503212252","200"
"http://www.fasterlouder.com.au:80/allabout/artist/317/Radiohead","20080418024937","200"
"http://www.fasterlouder.com.au:80/allabout/artist/317/Radiohead.htm","20080418020952","200"
"http://www.fasterlouder.com.au:80/allabout/artist/318/The%20Cure","20080311093231","200"
"http://www.fasterlouder.com.au:80/allabout/artist/3189/The-Mess-Hall.htm","20080129120239","200"
"http://www.fasterlouder.com.au:80/allabout/artist/3197/Horsell-Common.htm","20080331105844","200"
"http://www.fasterlouder.com.au:80/allabout/artist/3204/M83.htm","20080610161957","200"
"http://www.fasterlouder.com.au:80/allabout/artist/3208/Red%20Hot%20Chilli%20Peppers","20080229115941","200"
"http://www.fasterlouder.com.au:80/allabout/artist/3208/Red-Hot-Chilli-Peppers.htm","20080513181139","200"
"http://www.fasterlouder.com.au/allabout/artist/3215/Biffy-Clyro.htm","20080721051559","200"
"http://www.fasterlouder.com.au:80/allabout/artist/323/Slipknot.htm","20080124135736","200"
"http://www.fasterlouder.com.au:80/allabout/artist/3236/Meshuggah.htm","20080515230319","200"
"http://www.fasterlouder.com.au:80/allabout/artist/3237/Bleeding-Through.htm","20080227174045","200"
"http://www.fasterlouder.com.au:80/allabout/artist/3240/The-Go-Team.htm","20080325174745","200"
"http://www.fasterlouder.com.au:80/allabout/artist/3241/Andy-Kent.htm","20080526052637","200"
"http://www.fasterlouder.com.au:80/allabout/artist/3242/Simon-Carter.htm","20080526052643","200"
"http://www.fasterlouder.com.au:80/allabout/artist/3265/Motion-City-Soundtrack.htm","20080227203100","200"
"http://www.fasterlouder.com.au/allabout/artist/3271/Babyshambles.htm","20080721051812","200"
"http://www.fasterlouder.com.au:80/allabout/artist/3283/Led-Zeppelin.htm","20080205000717","200"
"http://www.fasterlouder.com.au/allabout/artist/3288/Kaiser-Chiefs.htm","20080722194216","200"
"http://www.fasterlouder.com.au:80/allabout/artist/329/Queens-Of-The-Stone-Age.htm","20080323093412","200"
"http://www.fasterlouder.com.au/allabout/artist/329/Queens-Of-The-Stone-Age.htm?city=1","20080721045928","200"
"http://www.fasterlouder.com.au/allabout/artist/329/Queens-Of-The-Stone-Age.htm?city=10","20080721062245","200"
"http://www.fasterlouder.com.au/allabout/artist/329/Queens-Of-The-Stone-Age.htm?city=11","20080721062320","200"
"http://www.fasterlouder.com.au/allabout/artist/329/Queens-Of-The-Stone-Age.htm?city=2","20080721050714","200"
"http://www.fasterlouder.com.au/allabout/artist/329/Queens-Of-The-Stone-Age.htm?city=3","20080721050016","200"
"http://www.fasterlouder.com.au/allabout/artist/329/Queens-Of-The-Stone-Age.htm?city=4","20080721061505","200"
"http://www.fasterlouder.com.au/allabout/artist/329/Queens-Of-The-Stone-Age.htm?city=5","20080721054803","200"
"http://www.fasterlouder.com.au/allabout/artist/329/Queens-Of-The-Stone-Age.htm?city=6","20080721062919","200"
"http://www.fasterlouder.com.au/allabout/artist/329/Queens-Of-The-Stone-Age.htm?city=7","20080721051041","200"
"http://www.fasterlouder.com.au/allabout/artist/329/Queens-Of-The-Stone-Age.htm?city=8","20080721063437","200"
"http://www.fasterlouder.com.au/allabout/artist/329/Queens-Of-The-Stone-Age.htm?city=9","20080721061826","200"
"http://www.fasterlouder.com.au:80/allabout/artist/3306/The-Matches.htm","20080227203113","200"
"http://www.fasterlouder.com.au:80/allabout/artist/3325/Midnight-Juggernauts.htm","20080317065702","200"
"http://www.fasterlouder.com.au:80/allabout/artist/3326/Hot-Hot-Heat.htm","20080215012035","200"
"http://www.fasterlouder.com.au:80/allabout/artist/3335/Behind-Crimson-Eyes.htm","20080315051403","200"
"http://www.fasterlouder.com.au:80/allabout/artist/3344/Devo.htm","20080503033053","200"
"http://www.fasterlouder.com.au/allabout/artist/3354/Domino.htm","20080704052247","200"
"http://www.fasterlouder.com.au:80/allabout/artist/3367/The%20Mountain%20Goats","20080418020957","200"
"http://www.fasterlouder.com.au/allabout/artist/3367/the-mountain-goats.htm","20080721073907","200"
"http://www.fasterlouder.com.au:80/allabout/artist/3369/Toxic-Lipstick.htm","20080331095238","200"
"http://www.fasterlouder.com.au:80/allabout/artist/3393/Dave-Grohl.htm","20080513174856","200"
"http://www.fasterlouder.com.au:80/allabout/artist/3410/Rancid","20080510134833","200"
"http://www.fasterlouder.com.au:80/allabout/artist/3410/Rancid.htm","20080513172350","200"
"http://www.fasterlouder.com.au:80/allabout/artist/3433/Brodie-Dalle.htm","20080509051606","200"
"http://www.fasterlouder.com.au:80/allabout/artist/345/Spiderbait.htm","20080124135743","200"
"http://www.fasterlouder.com.au:80/allabout/artist/3465/The-Used.htm","20080313175255","200"
"http://www.fasterlouder.com.au:80/allabout/artist/3469/Killswitch-Engage.htm","20080227203129","200"
"http://www.fasterlouder.com.au:80/allabout/artist/3470/Story-Of-The-Year.htm","20080313175258","200"
"http://www.fasterlouder.com.au:80/allabout/artist/3476/Amity-Affliction.htm","20080406005502","200"
"http://www.fasterlouder.com.au:80/allabout/artist/348/End-of-Fashion.htm","20080303174050","200"
"http://www.fasterlouder.com.au/allabout/artist/3488/Straitjacket-Fits.htm","20080704052209","200"
"http://www.fasterlouder.com.au:80/allabout/artist/3510/System-Of-The-Down.htm","20080513174901","200"
"http://www.fasterlouder.com.au:80/allabout/artist/3519/Darren%20Hanlon","20080418014042","200"
"http://www.fasterlouder.com.au/allabout/artist/3519/Darren-Hanlon.htm","20080722215954","200"
"http://www.fasterlouder.com.au:80/allabout/artist/3521/Josh-Pyke.htm","20080205032840","200"
"http://www.fasterlouder.com.au:80/allabout/artist/3521/secure-au.imrworldwide.com/","20080321135444","200"
"http://www.fasterlouder.com.au:80/allabout/artist/3521/?city=1","20080321135425","200"
"http://www.fasterlouder.com.au:80/allabout/artist/3521/?city=10","20080321134358","200"
"http://www.fasterlouder.com.au:80/allabout/artist/3521/?city=11","20080321134402","200"
"http://www.fasterlouder.com.au:80/allabout/artist/3521/?city=2","20080321134408","200"
"http://www.fasterlouder.com.au:80/allabout/artist/3521/?city=3","20080321134413","200"
"http://www.fasterlouder.com.au:80/allabout/artist/3521/?city=4","20080321135430","200"
"http://www.fasterlouder.com.au:80/allabout/artist/3521/?city=5","20080321134418","200"
"http://www.fasterlouder.com.au:80/allabout/artist/3521/?city=6","20080321134423","200"
"http://www.fasterlouder.com.au:80/allabout/artist/3521/?city=7","20080321135435","200"
"http://www.fasterlouder.com.au:80/allabout/artist/3521/?city=8","20080321135440","200"
"http://www.fasterlouder.com.au:80/allabout/artist/3521/?city=9","20080321134428","200"
"http://www.fasterlouder.com.au:80/allabout/artist/3527/Elliot%20Smith","20080418022657","200"
"http://www.fasterlouder.com.au:80/allabout/artist/3550/Ozzy-Osbourne.htm","20080513172356","200"
"http://www.fasterlouder.com.au:80/allabout/artist/3551/Soundgarden.htm","20080513160103","200"
"http://www.fasterlouder.com.au:80/allabout/artist/3563/Mudvayne","20080127121956","200"
"http://www.fasterlouder.com.au:80/allabout/artist/3563/Mudvayne.htm","20080218133148","200"
"http://www.fasterlouder.com.au:80/allabout/artist/3563/secure-au.imrworldwide.com/","20080219155950","200"
"http://www.fasterlouder.com.au:80/allabout/artist/3563/?city=1","20080219155851","200"
"http://www.fasterlouder.com.au:80/allabout/artist/3563/?city=10","20080219155853","200"
"http://www.fasterlouder.com.au:80/allabout/artist/3563/?city=11","20080219155900","200"
"http://www.fasterlouder.com.au:80/allabout/artist/3563/?city=2","20080219155909","200"
"http://www.fasterlouder.com.au:80/allabout/artist/3563/?city=3","20080219155916","200"
"http://www.fasterlouder.com.au:80/allabout/artist/3563/?city=4","20080219155919","200"
"http://www.fasterlouder.com.au:80/allabout/artist/3563/?city=5","20080219155925","200"
"http://www.fasterlouder.com.au:80/allabout/artist/3563/?city=6","20080219155930","200"
"http://www.fasterlouder.com.au:80/allabout/artist/3563/?city=7","20080219155936","200"
"http://www.fasterlouder.com.au:80/allabout/artist/3563/?city=8","20080219155943","200"
"http://www.fasterlouder.com.au:80/allabout/artist/3563/?city=9","20080219155946","200"
"http://www.fasterlouder.com.au:80/allabout/artist/3565/Me-First-The-Gimme-Gimmes.htm","20080513182649","200"
"http://www.fasterlouder.com.au:80/allabout/artist/3577/StFtHick.htm","20080513172357","200"
"http://www.fasterlouder.com.au:80/allabout/artist/3615/At-the-DriveIn.htm","20080307150303","200"
"http://www.fasterlouder.com.au:80/allabout/artist/3620/Caribou.htm","20080305061800","200"
"http://www.fasterlouder.com.au:80/allabout/artist/364/Cooking-Vinyl.htm","20080305061805","200"
"http://www.fasterlouder.com.au:80/allabout/artist/3653/Billy-Corgan.htm","20080513160109","200"
"http://www.fasterlouder.com.au:80/allabout/artist/3682/Ryan-Adams.htm","20080305061820","200"
"http://www.fasterlouder.com.au:80/allabout/artist/3698/Mikelangelo-And-The-Black-Sea-Gentlemen.htm","20080311093235","200"
"http://www.fasterlouder.com.au:80/allabout/artist/37/Pixies.htm","20080303173809","200"
"http://www.fasterlouder.com.au:80/allabout/artist/3700/Mikelangelo-And-The-Black-Sea-Gentlemen.htm","20080311093244","200"
"http://www.fasterlouder.com.au:80/allabout/artist/3704/secure-au.imrworldwide.com/","20080405224543","200"
"http://www.fasterlouder.com.au:80/allabout/artist/3704/?city=1","20080405231755","200"
"http://www.fasterlouder.com.au:80/allabout/artist/3704/?city=10","20080405234706","200"
"http://www.fasterlouder.com.au:80/allabout/artist/3704/?city=11","20080406004021","200"
"http://www.fasterlouder.com.au:80/allabout/artist/3704/?city=3","20080405235440","200"
"http://www.fasterlouder.com.au:80/allabout/artist/3704/?city=4","20080406000958","200"
"http://www.fasterlouder.com.au:80/allabout/artist/3704/?city=6","20080406005513","200"
"http://www.fasterlouder.com.au:80/allabout/artist/3704/?city=7","20080406000256","200"
"http://www.fasterlouder.com.au:80/allabout/artist/3704/?city=8","20080405235444","200"
"http://www.fasterlouder.com.au:80/allabout/artist/3704/?city=9","20080405225820","200"
"http://www.fasterlouder.com.au:80/allabout/artist/3746/Tambalane.htm","20080307072920","200"
"http://www.fasterlouder.com.au:80/allabout/artist/3772/Young-and-Restless.htm","20080315200346","200"
"http://www.fasterlouder.com.au:80/allabout/artist/3786/Jabba.htm","20080513162810","200"
"http://www.fasterlouder.com.au:80/allabout/artist/3836/Capitol-EMI.htm","20080602033918","200"
"http://www.fasterlouder.com.au:80/allabout/artist/3840/No%20Use%20For%20A%20Name","20080510134838","200"
"http://www.fasterlouder.com.au:80/allabout/artist/3840/No-Use-For-A-Name.htm","20080513181147","200"
"http://www.fasterlouder.com.au:80/allabout/artist/3843/Screamfeeder.htm","20080602033355","200"
"http://www.fasterlouder.com.au/allabout/artist/3845/Tegan-and-Sara.htm","20080722233249","200"
"http://www.fasterlouder.com.au:80/allabout/artist/3864/Iron-Maiden.htm","20080229075839","200"
"http://www.fasterlouder.com.au:80/allabout/artist/393/A-Perfect-Circle.htm","20080513160119","200"
"http://www.fasterlouder.com.au:80/allabout/artist/397/Beastie-Boys.htm","20080229122140","200"
"http://fasterlouder.com.au/allabout/artist/3974/Johnny-Rooks.htm","20080719170720","200"
"http://www.fasterlouder.com.au/allabout/artist/4005/Buffalo-Tom.htm","20080721055641","200"
"http://www.fasterlouder.com.au:80/allabout/artist/4012/Spoon.htm","20080205032847","200"
"http://www.fasterlouder.com.au:80/allabout/artist/4041/Drag.htm","20080305062014","200"
"http://www.fasterlouder.com.au/allabout/artist/4081/Jimmy-Barnes.htm","20080727090516","200"
"http://www.fasterlouder.com.au:80/allabout/artist/4099/Art-Brut.htm","20080618204929","200"
"http://www.fasterlouder.com.au:80/allabout/artist/4130/Pennywise","20080510134843","200"
"http://www.fasterlouder.com.au:80/allabout/artist/4130/Pennywise.htm","20080125062700","200"
"http://www.fasterlouder.com.au/allabout/artist/4134/Fountains-Of-Wayne.htm","20080727085308","200"
"http://www.fasterlouder.com.au:80/allabout/artist/4172/The-Getaway-Plan.htm","20080319103918","200"
"http://www.fasterlouder.com.au:80/allabout/artist/4209/secure-au.imrworldwide.com/","20080521214806","200"
"http://www.fasterlouder.com.au:80/allabout/artist/4209/?city=1","20080521214723","200"
"http://www.fasterlouder.com.au:80/allabout/artist/4209/?city=10","20080521214727","200"
"http://www.fasterlouder.com.au:80/allabout/artist/4209/?city=11","20080521214732","200"
"http://www.fasterlouder.com.au:80/allabout/artist/4209/?city=2","20080521214738","200"
"http://www.fasterlouder.com.au:80/allabout/artist/4209/?city=3","20080521215428","200"
"http://www.fasterlouder.com.au:80/allabout/artist/4209/?city=4","20080521214743","200"
"http://www.fasterlouder.com.au:80/allabout/artist/4209/?city=5","20080521214749","200"
"http://www.fasterlouder.com.au:80/allabout/artist/4209/?city=6","20080521214755","200"
"http://www.fasterlouder.com.au:80/allabout/artist/4209/?city=7","20080521215434","200"
"http://www.fasterlouder.com.au:80/allabout/artist/4209/?city=8","20080521215440","200"
"http://www.fasterlouder.com.au:80/allabout/artist/4209/?city=9","20080521214800","200"
"http://www.fasterlouder.com.au:80/allabout/artist/4226/Sex-Pistols.htm","20080513160129","200"
"http://www.fasterlouder.com.au:80/allabout/artist/4227/Black-Flag.htm","20080513174909","200"
"http://www.fasterlouder.com.au:80/allabout/artist/4236/Bon-Jovi.htm","20080327080333","200"
"http://www.fasterlouder.com.au:80/allabout/artist/424/Probot.htm","20080513160133","200"
"http://www.fasterlouder.com.au:80/allabout/artist/4245/The-Stooges.htm","20080620221326","200"
"http://www.fasterlouder.com.au:80/allabout/artist/4246/The%20Rapture","20080311093313","200"
"http://www.fasterlouder.com.au:80/allabout/artist/4246/The-Rapture.htm","20080303174056","200"
"http://www.fasterlouder.com.au:80/allabout/artist/427/The-Cops.htm","20080214230929","200"
"http://www.fasterlouder.com.au:80/allabout/artist/4298/Silverstein.htm","20080505093554","200"
"http://www.fasterlouder.com.au/allabout/artist/4341/Editors.htm","20080721051847","200"
"http://www.fasterlouder.com.au:80/allabout/artist/4367/The-Bloodhound-Gang.htm","20080513181150","200"
"http://www.fasterlouder.com.au:80/allabout/artist/4379/Madball.htm","20080327114344","200"
"http://www.fasterlouder.com.au:80/allabout/artist/439/Pacifier.htm","20080513161606","200"
"http://www.fasterlouder.com.au:80/allabout/artist/4410/Hermitude.htm","20080619082355","200"
"http://www.fasterlouder.com.au:80/allabout/artist/4419/Strung%20Out","20080510134848","200"
"http://www.fasterlouder.com.au:80/allabout/artist/4419/strung-out.htm","20080513160154","200"
"http://www.fasterlouder.com.au:80/allabout/artist/442/Mess-Hall.htm","20080219134549","200"
"http://www.fasterlouder.com.au:80/allabout/artist/4420/NOFX","20080510134852","200"
"http://www.fasterlouder.com.au:80/allabout/artist/4420/NOFX.htm","20080513174913","200"
"http://www.fasterlouder.com.au:80/allabout/artist/4427/Obituary.htm","20080331103209","200"
"http://www.fasterlouder.com.au/allabout/artist/443/Little-Birdy.htm","20080721081638","200"
"http://www.fasterlouder.com.au:80/allabout/artist/4430/From-Autumn-To-Ashes.htm","20080227203359","200"
"http://www.fasterlouder.com.au:80/allabout/artist/444/Foo%20Fighters","20080418024952","200"
"http://www.fasterlouder.com.au:80/allabout/artist/444/Foo-Fighters.htm","20080422212446","200"
"http://www.fasterlouder.com.au/allabout/artist/4453/The-Mares.htm","20080722225441","200"
"http://www.fasterlouder.com.au:80/allabout/artist/4458/The-Boat-People.htm","20080618022954","200"
"http://www.fasterlouder.com.au:80/allabout/artist/4473/Black-Sabbath.htm","20080513182659","200"
"http://www.fasterlouder.com.au:80/allabout/artist/4474/secure-au.imrworldwide.com/","20080321134507","200"
"http://www.fasterlouder.com.au:80/allabout/artist/4474/Trivium.htm","20080207123739","200"
"http://www.fasterlouder.com.au:80/allabout/artist/4474/?city=1","20080321135448","200"
"http://www.fasterlouder.com.au:80/allabout/artist/4474/?city=10","20080321135454","200"
"http://www.fasterlouder.com.au:80/allabout/artist/4474/?city=11","20080321135458","200"
"http://www.fasterlouder.com.au:80/allabout/artist/4474/?city=2","20080321134432","200"
"http://www.fasterlouder.com.au:80/allabout/artist/4474/?city=3","20080321134436","200"
"http://www.fasterlouder.com.au:80/allabout/artist/4474/?city=4","20080321134442","200"
"http://www.fasterlouder.com.au:80/allabout/artist/4474/?city=5","20080321135504","200"
"http://www.fasterlouder.com.au:80/allabout/artist/4474/?city=6","20080321134448","200"
"http://www.fasterlouder.com.au:80/allabout/artist/4474/?city=7","20080321135512","200"
"http://www.fasterlouder.com.au:80/allabout/artist/4474/?city=8","20080321134454","200"
"http://www.fasterlouder.com.au:80/allabout/artist/4474/?city=9","20080321134459","200"
"http://www.fasterlouder.com.au:80/allabout/artist/4521/Dukes-of-Windsor.htm","20080317142815","200"
"http://www.fasterlouder.com.au/allabout/artist/4527/Tommy-Lee.htm","20080723224505","200"
"http://www.fasterlouder.com.au:80/allabout/artist/4535/HardFi.htm","20080325174749","200"
"http://www.fasterlouder.com.au:80/allabout/artist/4539/Death-Cab-For-Cutie.htm","20080311093332","200"
"http://www.fasterlouder.com.au:80/allabout/artist/4565/The-Black-Keys.htm","20080626163228","200"
"http://www.fasterlouder.com.au:80/allabout/artist/4566/Fat-Possum-Records.htm","20080127120303","200"
"http://www.fasterlouder.com.au:80/allabout/artist/4599/I-Heart-Hiroshima.htm","20080307021015","200"
"http://www.fasterlouder.com.au:80/allabout/artist/460/The-Disables.htm","20080513174917","200"
"http://www.fasterlouder.com.au:80/allabout/artist/4633/Avalon-Drive.htm","20080408111507","200"
"http://www.fasterlouder.com.au:80/allabout/artist/4636/The-John-Butler-Trio.htm","20080319070500","200"
"http://www.fasterlouder.com.au:80/allabout/artist/465/Antiskeptic.htm","20080418024959","200"
"http://www.fasterlouder.com.au:80/allabout/artist/4674/Alice%20In%20Chains","20080510134857","200"
"http://www.fasterlouder.com.au:80/allabout/artist/4674/Alice-In-Chains.htm","20080513162817","200"
"http://www.fasterlouder.com.au:80/allabout/artist/4676/Pearl%20Jam","20080418022709","200"
"http://www.fasterlouder.com.au:80/allabout/artist/4698/Jakob.htm","20080414223644","200"
"http://www.fasterlouder.com.au:80/allabout/artist/4707/The-Exploders.htm","20080602033939","200"
"http://www.fasterlouder.com.au:80/allabout/artist/4737/Children-Collide.htm","20080317142824","200"
"http://www.fasterlouder.com.au:80/allabout/artist/476/Grinspoon.htm","20080321135523","200"
"http://www.fasterlouder.com.au:80/allabout/artist/477/Kiss.htm","20080303173816","200"
"http://www.fasterlouder.com.au:80/allabout/artist/478/Nick-Cave.htm","20080307072158","200"
"http://www.fasterlouder.com.au:80/allabout/artist/4828/Bernard%20Fanning","20080418021004","200"
"http://www.fasterlouder.com.au:80/allabout/artist/4839/The-Wireflys.htm","20080219134552","200"
"http://www.fasterlouder.com.au:80/allabout/artist/4857/secure-au.imrworldwide.com/","20080612040121","200"
"http://www.fasterlouder.com.au:80/allabout/artist/4857/Sepultura.htm","20080608022009","200"
"http://www.fasterlouder.com.au:80/allabout/artist/4857/?city=1","20080612035915","200"
"http://www.fasterlouder.com.au:80/allabout/artist/4857/?city=10","20080612040454","200"
"http://www.fasterlouder.com.au:80/allabout/artist/4857/?city=11","20080612040055","200"
"http://www.fasterlouder.com.au:80/allabout/artist/4857/?city=2","20080612061413","200"
"http://www.fasterlouder.com.au:80/allabout/artist/4857/?city=3","20080612040300","200"
"http://www.fasterlouder.com.au:80/allabout/artist/4857/?city=4","20080612040104","200"
"http://www.fasterlouder.com.au:80/allabout/artist/4857/?city=5","20080612040307","200"
"http://www.fasterlouder.com.au:80/allabout/artist/4857/?city=6","20080612061420","200"
"http://www.fasterlouder.com.au:80/allabout/artist/4857/?city=7","20080612040316","200"
"http://www.fasterlouder.com.au:80/allabout/artist/4857/?city=8","20080612035922","200"
"http://www.fasterlouder.com.au:80/allabout/artist/4857/?city=9","20080612040111","200"
"http://www.fasterlouder.com.au:80/allabout/artist/4868/Shadows-Fall.htm","20080227203403","200"
"http://www.fasterlouder.com.au/allabout/artist/4875/Soulwax.htm","20080721092103","200"
"http://www.fasterlouder.com.au:80/allabout/artist/4894/The-Black-Market.htm","20080513182701","200"
"http://www.fasterlouder.com.au:80/allabout/artist/4905/Feist.htm","20080307020800","200"
"http://www.fasterlouder.com.au:80/allabout/artist/4920/My-Disco.htm","20080210063942","200"
"http://www.fasterlouder.com.au/allabout/artist/4929/Pulp.htm","20080721095518","200"
"http://www.fasterlouder.com.au:80/allabout/artist/4948/Faith-No-More.htm","20080513174923","200"
"http://www.fasterlouder.com.au:80/allabout/artist/4959/Rod-Stewart.htm","20080327114349","200"
"http://www.fasterlouder.com.au/allabout/artist/500/the-bumblebeez.htm","20080722190115","200"
"http://www.fasterlouder.com.au:80/allabout/artist/5002/The-Rakes.htm","20080215013712","200"
"http://www.fasterlouder.com.au/allabout/artist/5052/Elbow.htm","20080722225612","200"
"http://www.fasterlouder.com.au:80/allabout/artist/507/Incubus.htm","20080227203155","200"
"http://www.fasterlouder.com.au:80/allabout/artist/5079/Rammstein.htm","20080205000720","200"
"http://www.fasterlouder.com.au:80/allabout/artist/51/Zombie-Ghost-Train.htm","20080218085317","200"
"http://www.fasterlouder.com.au:80/allabout/artist/510/Kisschasy.htm","20080331115648","200"
"http://www.fasterlouder.com.au:80/allabout/artist/5104/Modular-Records.htm","20080409022520","200"
"http://www.fasterlouder.com.au:80/allabout/artist/5112/Thursday.htm","20080307072926","200"
"http://www.fasterlouder.com.au:80/allabout/artist/5113/Avenged-Sevenfold.htm","20080525075142","200"
"http://www.fasterlouder.com.au:80/allabout/artist/5115/Saosin.htm","20080229075843","200"
"http://www.fasterlouder.com.au:80/allabout/artist/5125/Keith-Urban.htm","20080206122625","200"
"http://www.fasterlouder.com.au:80/allabout/artist/5125/secure-au.imrworldwide.com/","20080208025644","200"
"http://www.fasterlouder.com.au:80/allabout/artist/5125/?city=1","20080208025614","200"
"http://www.fasterlouder.com.au:80/allabout/artist/5125/?city=10","20080207230818","200"
"http://www.fasterlouder.com.au:80/allabout/artist/5125/?city=11","20080207230822","200"
"http://www.fasterlouder.com.au:80/allabout/artist/5125/?city=2","20080208025618","200"
"http://www.fasterlouder.com.au:80/allabout/artist/5125/?city=3","20080208025624","200"
"http://www.fasterlouder.com.au:80/allabout/artist/5125/?city=4","20080207230828","200"
"http://www.fasterlouder.com.au:80/allabout/artist/5125/?city=5","20080208025628","200"
"http://www.fasterlouder.com.au:80/allabout/artist/5125/?city=6","20080207230832","200"
"http://www.fasterlouder.com.au:80/allabout/artist/5125/?city=7","20080208025634","200"
"http://www.fasterlouder.com.au:80/allabout/artist/5125/?city=8","20080207230837","200"
"http://www.fasterlouder.com.au:80/allabout/artist/5125/?city=9","20080208025638","200"
"http://www.fasterlouder.com.au/allabout/artist/5146/Paul-Weller.htm","20080722183933","200"
"http://www.fasterlouder.com.au:80/allabout/artist/5151/Arch-Enemy.htm","20080207123745","200"
"http://www.fasterlouder.com.au:80/allabout/artist/5158/Lamb-Of-God.htm","20080525080215","200"
"http://www.fasterlouder.com.au:80/allabout/artist/5167/Kate-MillerHeidke.htm","20080130165054","200"
"http://www.fasterlouder.com.au:80/allabout/artist/5186/Its-All-Gone-Pete-Tong-Soundtrack.htm","20080127161628","200"
"http://www.fasterlouder.com.au:80/allabout/artist/5197/Kid-Confucious.htm","20080618022959","200"
"http://www.fasterlouder.com.au:80/allabout/artist/5204/Trial-Kennedy.htm","20080406004733","200"
"http://www.fasterlouder.com.au:80/allabout/artist/522/Gyroscope","20080418025020","200"
"http://www.fasterlouder.com.au:80/allabout/artist/522/Gyroscope.htm","20080406151018","200"
"http://www.fasterlouder.com.au:80/allabout/artist/5233/The-Raveonettes.htm","20080602033946","200"
"http://www.fasterlouder.com.au:80/allabout/artist/5240/Okkervil-River.htm","20080307020808","200"
"http://www.fasterlouder.com.au:80/allabout/artist/529/The-Dolly-Rocker-Movement.htm","20080502132227","200"
"http://www.fasterlouder.com.au:80/allabout/artist/53/Nine-Inch-Nails.htm","20080513182746","200"
"http://www.fasterlouder.com.au/allabout/artist/5309/Angels-Airwaves.htm","20080723214617","200"
"http://www.fasterlouder.com.au:80/allabout/artist/5323/The-Mercy-Arms.htm","20080502132009","200"
"http://www.fasterlouder.com.au:80/allabout/artist/535/Eskimo%20Joe","20080418022719","200"
"http://www.fasterlouder.com.au:80/allabout/artist/5353/Damn-Arms.htm","20080307021024","200"
"http://www.fasterlouder.com.au:80/allabout/artist/5374/New-York-Dolls.htm","20080303174100","200"
"http://www.fasterlouder.com.au:80/allabout/artist/5386/The-Brunettes.htm","20080311093342","200"
"http://www.fasterlouder.com.au:80/allabout/artist/54/Rob-Zombie.htm","20080513182750","200"
"http://www.fasterlouder.com.au:80/allabout/artist/545/Roadrunner-Records.htm","20080317065703","200"
"http://www.fasterlouder.com.au:80/allabout/artist/5479/Van-She.htm","20080408161809","200"
"http://www.fasterlouder.com.au:80/allabout/artist/5495/Custom-Kings.htm","20080315200349","200"
"http://www.fasterlouder.com.au:80/allabout/artist/5498/Claire-Bowditch.htm","20080303174104","200"
"http://www.fasterlouder.com.au:80/allabout/artist/55/Helmet.htm","20080513182758","200"
"http://www.fasterlouder.com.au:80/allabout/artist/5523/Tv-On-The-Radio.htm","20080408161815","200"
"http://www.fasterlouder.com.au/allabout/artist/5558/Basement-Jaxx.htm","20080721055308","200"
"http://www.fasterlouder.com.au:80/allabout/artist/5576/Opeth.htm","20080521215451","200"
"http://www.fasterlouder.com.au/allabout/artist/5585/The-Cribs.htm","20080721052249","200"
"http://www.fasterlouder.com.au:80/allabout/artist/5590/Dallas-Green.htm","20080307150312","200"
"http://www.fasterlouder.com.au:80/allabout/artist/5591/City-Colour.htm","20080307150321","200"
"http://www.fasterlouder.com.au:80/allabout/artist/560/Frenzal%20Rhomb","20080510134908","200"
"http://www.fasterlouder.com.au:80/allabout/artist/560/Frenzal-Rhomb.htm","20080131225033","200"
"http://www.fasterlouder.com.au:80/allabout/artist/5626/The-Zutons.htm","20080408161818","200"
"http://www.fasterlouder.com.au:80/allabout/artist/563/Smash-Music.htm","20080612213321","200"
"http://www.fasterlouder.com.au:80/allabout/artist/5630/McQueen.htm","20080403042333","200"
"http://www.fasterlouder.com.au:80/allabout/artist/5646/Bob-Log-III.htm","20080125063057","200"
"http://www.fasterlouder.com.au:80/allabout/artist/567/the-screaming-tribesman.htm","20080331171238","200"
"http://www.fasterlouder.com.au/allabout/artist/5706/We-Are-Scientists.htm","20080722184258","200"
"http://www.fasterlouder.com.au:80/allabout/artist/5753/Pnau.htm","20080406151020","200"
"http://www.fasterlouder.com.au:80/allabout/artist/5769/The%20Lucksmiths","20080418022722","200"
"http://www.fasterlouder.com.au:80/allabout/artist/5770/Anthony%20Atkinson","20080418021006","200"
"http://www.fasterlouder.com.au:80/allabout/artist/580/Mushroom-Records.htm","20080414223645","200"
"http://www.fasterlouder.com.au:80/allabout/artist/5812/Prince","20080229115946","200"
"http://www.fasterlouder.com.au:80/allabout/artist/582/Nirvana","20080510134913","200"
"http://www.fasterlouder.com.au:80/allabout/artist/582/Nirvana.htm","20080513162824","200"
"http://www.fasterlouder.com.au:80/allabout/artist/5825/Fall-Out-Boy.htm","20080619082409","200"
"http://www.fasterlouder.com.au:80/allabout/artist/584/Audioslave.htm","20080513161632","200"
"http://www.fasterlouder.com.au:80/allabout/artist/5842/Bridezilla.htm","20080219134559","200"
"http://www.fasterlouder.com.au:80/allabout/artist/5848/Bad-Religion.htm","20080406000302","200"
"http://www.fasterlouder.com.au:80/allabout/artist/5851/Coheed-Cambria.htm","20080227203203","200"
"http://www.fasterlouder.com.au/allabout/artist/5900/Clap-Your-Hands-Say-Yeah.htm","20080722223112","200"
"http://www.fasterlouder.com.au/allabout/artist/5912/Calexico.htm","20080723210919","200"
"http://www.fasterlouder.com.au:80/allabout/artist/5949/HIM.htm","20080208222455","200"
"http://www.fasterlouder.com.au:80/allabout/artist/5958/Richard-Clapton.htm","20080504012920","200"
"http://www.fasterlouder.com.au/allabout/artist/5964/The-Raconteurs.htm","20080721052133","200"
"http://www.fasterlouder.com.au:80/allabout/artist/5967/Fifty-Sixx.htm","20080422223935","200"
"http://www.fasterlouder.com.au:80/allabout/artist/6006/Bluejuice.htm","20080502132016","200"
"http://www.fasterlouder.com.au:80/allabout/artist/6015/secure-au.imrworldwide.com/","20080612012835","200"
"http://www.fasterlouder.com.au:80/allabout/artist/6015/The-Kooks.htm","20080607020658","200"
"http://www.fasterlouder.com.au:80/allabout/artist/6015/?city=1","20080612010903","200"
"http://www.fasterlouder.com.au:80/allabout/artist/6015/?city=10","20080612012819","200"
"http://www.fasterlouder.com.au:80/allabout/artist/6015/?city=11","20080612010907","200"
"http://www.fasterlouder.com.au:80/allabout/artist/6015/?city=2","20080612010911","200"
"http://www.fasterlouder.com.au:80/allabout/artist/6015/?city=3","20080612010917","200"
"http://www.fasterlouder.com.au:80/allabout/artist/6015/?city=4","20080612010923","200"
"http://www.fasterlouder.com.au:80/allabout/artist/6015/?city=5","20080612012825","200"
"http://www.fasterlouder.com.au:80/allabout/artist/6015/?city=6","20080612010926","200"
"http://www.fasterlouder.com.au:80/allabout/artist/6015/?city=7","20080612012831","200"
"http://www.fasterlouder.com.au:80/allabout/artist/6015/?city=8","20080612010932","200"
"http://www.fasterlouder.com.au:80/allabout/artist/6015/?city=9","20080612010938","200"
"http://www.fasterlouder.com.au:80/allabout/artist/6038/Sleep-Parade.htm","20080414223652","200"
"http://www.fasterlouder.com.au/allabout/artist/6068/The-Cardigans.htm","20080722183738","200"
"http://www.fasterlouder.com.au/allabout/artist/6069/Faithless.htm","20080722183651","200"
"http://www.fasterlouder.com.au:80/allabout/artist/6091/Bullet-For-My-Valentine.htm","20080229111638","200"
"http://www.fasterlouder.com.au:80/allabout/artist/6195/Ladytron.htm","20080608230927","200"
"http://www.fasterlouder.com.au/allabout/artist/6198/Zero-Degrees-and-Falling.htm","20080725011716","200"
"http://www.fasterlouder.com.au/allabout/artist/6220/Dirty-Pretty-Things.htm","20080721051719","200"
"http://www.fasterlouder.com.au:80/allabout/artist/6236/Jose-Gonzales.htm","20080317143027","200"
"http://www.fasterlouder.com.au/allabout/artist/6248/Pink.htm","20080721092457","200"
"http://www.fasterlouder.com.au:80/allabout/artist/6268/The-Crayon-Fields.htm","20080406001730","200"
"http://www.fasterlouder.com.au:80/allabout/artist/627/Sonic%20Youth","20080510134919","200"
"http://www.fasterlouder.com.au:80/allabout/artist/6311/The-Seabellies.htm","20080214230934","200"
"http://www.fasterlouder.com.au:80/allabout/artist/6314/Mary-Trembles.htm","20080602033952","200"
"http://www.fasterlouder.com.au:80/allabout/artist/6316/The-Young-The-Restless.htm","20080602033954","200"
"http://www.fasterlouder.com.au:80/allabout/artist/6405/Thom-Yorke.htm","20080521215456","200"
"http://www.fasterlouder.com.au:80/allabout/artist/6450/A-Sound-Mind.htm","20080406004024","200"
"http://www.fasterlouder.com.au:80/allabout/artist/6497/Mouthguard.htm","20080513160159","200"
"http://www.fasterlouder.com.au:80/allabout/artist/65/Rocket-Science.htm","20080210072041","200"
"http://www.fasterlouder.com.au:80/allabout/artist/6505/Ghosts-of-Television.htm?","20080612015013","200"
"http://www.fasterlouder.com.au:80/allabout/artist/6505/secure-au.imrworldwide.com/","20080612195358","200"
"http://www.fasterlouder.com.au:80/allabout/artist/6505/?city=1","20080612195257","200"
"http://www.fasterlouder.com.au:80/allabout/artist/6505/?city=10","20080612195303","200"
"http://www.fasterlouder.com.au:80/allabout/artist/6505/?city=11","20080612195307","200"
"http://www.fasterlouder.com.au:80/allabout/artist/6505/?city=2","20080612195312","200"
"http://www.fasterlouder.com.au:80/allabout/artist/6505/?city=3","20080612195319","200"
"http://www.fasterlouder.com.au:80/allabout/artist/6505/?city=4","20080612195323","200"
"http://www.fasterlouder.com.au:80/allabout/artist/6505/?city=5","20080612195329","200"
"http://www.fasterlouder.com.au:80/allabout/artist/6505/?city=6","20080612195336","200"
"http://www.fasterlouder.com.au:80/allabout/artist/6505/?city=7","20080612195339","200"
"http://www.fasterlouder.com.au:80/allabout/artist/6505/?city=8","20080612195345","200"
"http://www.fasterlouder.com.au:80/allabout/artist/6505/?city=9","20080612195350","200"
"http://www.fasterlouder.com.au:80/allabout/artist/6532/Delta-Goodrem.htm","20080406000305","200"
"http://www.fasterlouder.com.au:80/allabout/artist/6556/Jeff-Martin.htm","20080323093414","200"
"http://www.fasterlouder.com.au/allabout/artist/6560/Rogue-Traders.htm","20080723222812","200"
"http://www.fasterlouder.com.au/allabout/artist/6572/The-Audreys.htm","20080721081354","200"
"http://www.fasterlouder.com.au:80/allabout/artist/659/The-Dropkick-Murphys.htm","20080618002407","200"
"http://www.fasterlouder.com.au:80/allabout/artist/6601/Digitalism","20080311093354","200"
"http://www.fasterlouder.com.au:80/allabout/artist/6618/Bright-Yellow.htm","20080321110129","200"
"http://www.fasterlouder.com.au:80/allabout/artist/6626/Phoenix.htm","20080303173822","200"
"http://www.fasterlouder.com.au:80/allabout/artist/6639/The-BellRays.htm","20080327114355","200"
"http://www.fasterlouder.com.au:80/allabout/artist/664/Sick-Of-It-All.htm","20080618002410","200"
"http://www.fasterlouder.com.au:80/allabout/artist/6654/secure-au.imrworldwide.com/","20080606225342","200"
"http://www.fasterlouder.com.au:80/allabout/artist/6654/Underoath.htm","20080603052720","200"
"http://www.fasterlouder.com.au:80/allabout/artist/6654/?city=1","20080606234819","200"
"http://www.fasterlouder.com.au:80/allabout/artist/6654/?city=10","20080606224606","200"
"http://www.fasterlouder.com.au:80/allabout/artist/6654/?city=11","20080606234824","200"
"http://www.fasterlouder.com.au:80/allabout/artist/6654/?city=2","20080606233129","200"
"http://www.fasterlouder.com.au:80/allabout/artist/6654/?city=3","20080606233133","200"
"http://www.fasterlouder.com.au:80/allabout/artist/6654/?city=4","20080606233541","200"
"http://www.fasterlouder.com.au:80/allabout/artist/6654/?city=5","20080606234828","200"
"http://www.fasterlouder.com.au:80/allabout/artist/6654/?city=6","20080606225327","200"
"http://www.fasterlouder.com.au:80/allabout/artist/6654/?city=7","20080606225332","200"
"http://www.fasterlouder.com.au:80/allabout/artist/6654/?city=8","20080606224611","200"
"http://www.fasterlouder.com.au:80/allabout/artist/6654/?city=9","20080606225338","200"
"http://www.fasterlouder.com.au:80/allabout/artist/668/Intercooler.htm","20080331101255","200"
"http://www.fasterlouder.com.au:80/allabout/artist/6701/Clare-Bowditch-the-Feeding-Set.htm","20080323093421","200"
"http://www.fasterlouder.com.au:80/allabout/artist/671/Jebediah.htm","20080331183251","200"
"http://www.fasterlouder.com.au:80/allabout/artist/6718/Super-Best-Friends.htm","20080127132338","200"
"http://www.fasterlouder.com.au:80/allabout/artist/6753/Rodrigo-y-Gabriela.htm","20080325033522","200"
"http://www.fasterlouder.com.au/allabout/artist/6786/Matt-Costa.htm","20080721081739","200"
"http://www.fasterlouder.com.au:80/allabout/artist/6789/Angus-and-Julia-Stone.htm","20080131201544","200"
"http://www.fasterlouder.com.au:80/allabout/artist/679/Epicure.htm","20080602034015","200"
"http://www.fasterlouder.com.au:80/allabout/artist/6797/Acid-Eyeliner.htm","20080208222803","200"
"http://www.fasterlouder.com.au:80/allabout/artist/6808/Mew.htm","20080421022015","200"
"http://www.fasterlouder.com.au:80/allabout/artist/6859/Kid-Confucius.htm","20080311120544","200"
"http://www.fasterlouder.com.au:80/allabout/artist/6872/Speed-of-Purple.htm","20080130165057","200"
"http://www.fasterlouder.com.au:80/allabout/artist/6878/In-Fiction.htm","20080319070507","200"
"http://www.fasterlouder.com.au:80/allabout/artist/6883/Divinyls.htm","20080526181318","200"
"http://www.fasterlouder.com.au:80/allabout/artist/6883/secure-au.imrworldwide.com/","20080527093040","200"
"http://www.fasterlouder.com.au:80/allabout/artist/6883/?city=1","20080527092932","200"
"http://www.fasterlouder.com.au:80/allabout/artist/6883/?city=10","20080527092936","200"
"http://www.fasterlouder.com.au:80/allabout/artist/6883/?city=11","20080527092941","200"
"http://www.fasterlouder.com.au:80/allabout/artist/6883/?city=2","20080527092946","200"
"http://www.fasterlouder.com.au:80/allabout/artist/6883/?city=3","20080527092951","200"
"http://www.fasterlouder.com.au:80/allabout/artist/6883/?city=4","20080527093002","200"
"http://www.fasterlouder.com.au:80/allabout/artist/6883/?city=5","20080527093010","200"
"http://www.fasterlouder.com.au:80/allabout/artist/6883/?city=6","20080527093016","200"
"http://www.fasterlouder.com.au:80/allabout/artist/6883/?city=7","20080527093022","200"
"http://www.fasterlouder.com.au:80/allabout/artist/6883/?city=8","20080527093028","200"
"http://www.fasterlouder.com.au:80/allabout/artist/6883/?city=9","20080527093035","200"
"http://www.fasterlouder.com.au:80/allabout/artist/6910/Nouvelle-Vague.htm","20080411223356","200"
"http://www.fasterlouder.com.au:80/allabout/artist/692/Pantera","20080127124857","200"
"http://www.fasterlouder.com.au:80/allabout/artist/6949/The-Dirty-Secrets.htm","20080602033414","200"
"http://www.fasterlouder.com.au:80/allabout/artist/6969/Strong-Like-Sam.htm","20080406004735","200"
"http://www.fasterlouder.com.au:80/allabout/artist/6989/Gnarls-Barkley.htm","20080303173827","200"
"http://www.fasterlouder.com.au:80/allabout/artist/6995/Lord.htm","20080214174659","200"
"http://www.fasterlouder.com.au:80/allabout/artist/702/The-Dillinger-Escape-Plan.htm","20080416005339","200"
"http://www.fasterlouder.com.au:80/allabout/artist/7058/DJ-Shadow.htm","20080201093633","200"
"http://www.fasterlouder.com.au:80/allabout/artist/7120/CSS.htm","20080331115651","200"
"http://www.fasterlouder.com.au:80/allabout/artist/7136/Ray-Davies.htm","20080323093427","200"
"http://www.fasterlouder.com.au/allabout/artist/7139/The-Blackseeds.htm","20080721072812","200"
"http://www.fasterlouder.com.au/allabout/artist/7188/Blue-King-Brown.htm","20080704050909","200"
"http://www.fasterlouder.com.au:80/allabout/artist/7200/Sparkadia.htm","20080331105012","200"
"http://www.fasterlouder.com.au/allabout/artist/722/The-Brian-Jonestown-Massacre.htm","20080721055550","200"
"http://www.fasterlouder.com.au:80/allabout/artist/724/Dappled-Cities-Fly.htm","20080309034044","200"
"http://www.fasterlouder.com.au:80/allabout/artist/7250/The-Arctic-Monkeys.htm","20080604192329","200"
"http://www.fasterlouder.com.au:80/allabout/artist/726/Fiona%20Apple","20080418014049","200"
"http://www.fasterlouder.com.au:80/allabout/artist/7272/Lamexcuse.htm","20080406000310","200"
"http://www.fasterlouder.com.au:80/allabout/artist/7279/Beyonce.htm","20080331115655","200"
"http://www.fasterlouder.com.au:80/allabout/artist/7280/Kid-Kenobi.htm","20080226204309","200"
"http://www.fasterlouder.com.au:80/allabout/artist/7288/Soft-Tigers.htm","20080321110218","200"
"http://www.fasterlouder.com.au:80/allabout/artist/7295/Birds-of-Tokyo.htm","20080614145804","200"
"http://www.fasterlouder.com.au:80/allabout/artist/73/secure-au.imrworldwide.com/","20080621122238","200"
"http://www.fasterlouder.com.au:80/allabout/artist/73/The-Living-End.htm","20080305062026","200"
"http://www.fasterlouder.com.au:80/allabout/artist/7302/Taylor-Hawkins-and-the-Coattail-Riders.htm","20080513181154","200"
"http://www.fasterlouder.com.au/allabout/artist/7305/Bjorn-Again.htm","20080723000237","200"
"http://www.fasterlouder.com.au:80/allabout/artist/7343/Aerosmith.htm","20080531033439","200"
"http://www.fasterlouder.com.au:80/allabout/artist/7346/Jackass.htm","20080513172411","200"
"http://www.fasterlouder.com.au:80/allabout/artist/7348/Jess-McAvoy.htm","20080130165102","200"
"http://www.fasterlouder.com.au:80/allabout/artist/7382/Phil-Jamieson.htm","20080513172416","200"
"http://www.fasterlouder.com.au:80/allabout/artist/7390/At-the-Drive-In.htm","20080307150337","200"
"http://www.fasterlouder.com.au:80/allabout/artist/73/?city=1","20080621121950","200"
"http://www.fasterlouder.com.au:80/allabout/artist/73/?city=10","20080620031002","200"
"http://www.fasterlouder.com.au:80/allabout/artist/73/?city=11","20080621123037","200"
"http://www.fasterlouder.com.au:80/allabout/artist/73/?city=2","20080621122221","200"
"http://www.fasterlouder.com.au:80/allabout/artist/73/?city=3","20080620031012","200"
"http://www.fasterlouder.com.au:80/allabout/artist/73/?city=4","20080621123104","200"
"http://www.fasterlouder.com.au:80/allabout/artist/73/?city=5","20080621122226","200"
"http://www.fasterlouder.com.au:80/allabout/artist/73/?city=6","20080621121501","200"
"http://www.fasterlouder.com.au:80/allabout/artist/73/?city=7","20080620031020","200"
"http://www.fasterlouder.com.au:80/allabout/artist/73/?city=8","20080621122232","200"
"http://www.fasterlouder.com.au:80/allabout/artist/73/?city=9","20080620031030","200"
"http://www.fasterlouder.com.au:80/allabout/artist/74/The-Vines.htm","20080503033108","200"
"http://www.fasterlouder.com.au:80/allabout/artist/7420/The-Chuffs.htm","20080127120856","200"
"http://www.fasterlouder.com.au:80/allabout/artist/7427/The-Draft.htm","20080406001003","200"
"http://www.fasterlouder.com.au:80/allabout/artist/7448/Sugar-Army.htm","20080621024630","200"
"http://www.fasterlouder.com.au/allabout/artist/746/Dave-McCormack.htm","20080725003702","200"
"http://www.fasterlouder.com.au:80/allabout/artist/747/Dew-Process.htm","20080503114259","200"
"http://www.fasterlouder.com.au:80/allabout/artist/7485/Battles","20080311093406","200"
"http://www.fasterlouder.com.au/allabout/artist/749/Anton-Newcombe.htm","20080724000417","200"
"http://www.fasterlouder.com.au/allabout/artist/7501/Quiet-Child.htm","20080724211130","200"
"http://www.fasterlouder.com.au:80/allabout/artist/7526/Jack-Ladder.htm","20080327083326","200"
"http://www.fasterlouder.com.au/allabout/artist/7539/Grizzly-Bear.htm","20080721060142","200"
"http://www.fasterlouder.com.au:80/allabout/artist/7543/Gotye.htm","20080323093436","200"
"http://www.fasterlouder.com.au/allabout/artist/7588/Albert-Hammond-Jr.htm","20080724225010","200"
"http://www.fasterlouder.com.au:80/allabout/artist/7604/Epic-Flagon.htm","20080405223037","200"
"http://www.fasterlouder.com.au:80/allabout/artist/7642/Famous-by-Association.htm","20080315195617","200"
"http://www.fasterlouder.com.au/allabout/artist/7650/Devil-Driver.htm","20080723223148","200"
"http://www.fasterlouder.com.au/allabout/artist/7684/Michael-Franti-Spearhead.htm","20080721074017","200"
"http://www.fasterlouder.com.au/allabout/artist/7716/Aviator-Lane.htm","20080723001525","200"
"http://www.fasterlouder.com.au/allabout/artist/772/The-Who.htm","20080721055952","200"
"http://www.fasterlouder.com.au:80/allabout/artist/7811/Yann-Tiersen.htm","20080611180601","200"
"http://www.fasterlouder.com.au:80/allabout/artist/7824/Grant-LeePhillips.htm","20080127132340","200"
"http://www.fasterlouder.com.au:80/allabout/artist/7828/The-Ghosts.htm","20080303173830","200"
"http://www.fasterlouder.com.au:80/allabout/artist/7860/Juke-Kartel.htm","20080214230618","200"
"http://www.fasterlouder.com.au:80/allabout/artist/7874/Jack-Nasty-Face.htm","20080218085323","200"
"http://www.fasterlouder.com.au:80/allabout/artist/7894/Panic-At-The-Disco.htm","20080608230933","200"
"http://www.fasterlouder.com.au:80/allabout/artist/7904/secure-au.imrworldwide.com/","20080616111041","200"
"http://www.fasterlouder.com.au:80/allabout/artist/7904/?city=1","20080616114229","200"
"http://www.fasterlouder.com.au:80/allabout/artist/7904/?city=10","20080616111008","200"
"http://www.fasterlouder.com.au:80/allabout/artist/7904/?city=11","20080616114235","200"
"http://www.fasterlouder.com.au:80/allabout/artist/7904/?city=2","20080616114239","200"
"http://www.fasterlouder.com.au:80/allabout/artist/7904/?city=3","20080616114245","200"
"http://www.fasterlouder.com.au:80/allabout/artist/7904/?city=4","20080616111012","200"
"http://www.fasterlouder.com.au:80/allabout/artist/7904/?city=5","20080616111017","200"
"http://www.fasterlouder.com.au:80/allabout/artist/7904/?city=6","20080616111023","200"
"http://www.fasterlouder.com.au:80/allabout/artist/7904/?city=7","20080616111032","200"
"http://www.fasterlouder.com.au:80/allabout/artist/7904/?city=8","20080616111035","200"
"http://www.fasterlouder.com.au:80/allabout/artist/7904/?city=9","20080616114252","200"
"http://www.fasterlouder.com.au:80/allabout/artist/7909/The-Basics.htm","20080307021034","200"
"http://www.fasterlouder.com.au:80/allabout/artist/791/Franz-Ferdinand.htm","20080127132350","200"
"http://www.fasterlouder.com.au:80/allabout/artist/7942/The-Dukes-of-Windsor.htm","20080602033419","200"
"http://www.fasterlouder.com.au:80/allabout/artist/7944/Violent-Soho.htm","20080123201402","200"
"http://www.fasterlouder.com.au/allabout/artist/7954/Regina-Spektor.htm","20080723200810","200"
"http://www.fasterlouder.com.au:80/allabout/artist/80/Red%20Hot%20Chili%20Peppers","20080510134923","200"
"http://www.fasterlouder.com.au:80/allabout/artist/80/Red-Hot-Chili-Peppers.htm","20080513162830","200"
"http://www.fasterlouder.com.au:80/allabout/artist/8007/Dardanelles.htm","20080602034024","200"
"http://www.fasterlouder.com.au:80/allabout/artist/8016/Carpathian.htm","20080405221916","200"
"http://www.fasterlouder.com.au:80/allabout/artist/8023/Melodyssey.htm","20080414223658","200"
"http://www.fasterlouder.com.au:80/allabout/artist/8069/Her-Nightmare.htm","20080319103921","200"
"http://www.fasterlouder.com.au:80/allabout/artist/8079/Jason-Newsted.htm","20080513165013","200"
"http://www.fasterlouder.com.au:80/allabout/artist/8147/The-Rivalry.htm","20080207123749","200"
"http://www.fasterlouder.com.au:80/allabout/artist/816/The%20Offspring","20080510134927","200"
"http://www.fasterlouder.com.au:80/allabout/artist/816/The-Offspring.htm","20080227203416","200"
"http://www.fasterlouder.com.au:80/allabout/artist/8205/Pendulum.htm?","20080403023956","200"
"http://www.fasterlouder.com.au/allabout/artist/8239/Lupe-Fiasco.htm","20080722231815","200"
"http://www.fasterlouder.com.au/allabout/artist/8240/Diplo.htm","20080722231857","200"
"http://www.fasterlouder.com.au/allabout/artist/8242/Love-Tattoo.htm","20080722231302","200"
"http://www.fasterlouder.com.au:80/allabout/artist/8254/Klaxons","20080210063949","200"
"http://www.fasterlouder.com.au:80/allabout/artist/8254/Klaxons.htm","20080519084300","200"
"http://www.fasterlouder.com.au:80/allabout/artist/8277/Eddy-Current-Suppression-Ring.htm","20080601062946","200"
"http://www.fasterlouder.com.au:80/allabout/artist/8316/Kylie-Minogue.htm","20080415182703","200"
"http://www.fasterlouder.com.au:80/allabout/artist/8357/Operator-Please.htm","20080205032859","200"
"http://www.fasterlouder.com.au:80/allabout/artist/836/Faker.htm","20080315051411","200"
"http://www.fasterlouder.com.au:80/allabout/artist/837/The-Tongues.htm","20080331100229","200"
"http://www.fasterlouder.com.au:80/allabout/artist/8394/Arcade-Fire.htm","20080205032908","200"
"http://www.fasterlouder.com.au:80/allabout/artist/841/Horrorpops.htm","20080208222812","200"
"http://www.fasterlouder.com.au:80/allabout/artist/8422/Band-of-Horses.htm","20080503033112","200"
"http://www.fasterlouder.com.au:80/allabout/artist/843/Hellcat-Records.htm","20080208222457","200"
"http://www.fasterlouder.com.au:80/allabout/artist/8445/Bum-Creek.htm","20080319002008","200"
"http://www.fasterlouder.com.au:80/allabout/artist/8445/secure-au.imrworldwide.com/","20080321135601","200"
"http://www.fasterlouder.com.au:80/allabout/artist/8445/?city=1","20080321135525","200"
"http://www.fasterlouder.com.au:80/allabout/artist/8445/?city=10","20080321135531","200"
"http://www.fasterlouder.com.au:80/allabout/artist/8445/?city=11","20080321134511","200"
"http://www.fasterlouder.com.au:80/allabout/artist/8445/?city=2","20080321135537","200"
"http://www.fasterlouder.com.au:80/allabout/artist/8445/?city=3","20080321134519","200"
"http://www.fasterlouder.com.au:80/allabout/artist/8445/?city=4","20080321134522","200"
"http://www.fasterlouder.com.au:80/allabout/artist/8445/?city=5","20080321135541","200"
"http://www.fasterlouder.com.au:80/allabout/artist/8445/?city=6","20080321135547","200"
"http://www.fasterlouder.com.au:80/allabout/artist/8445/?city=7","20080321135551","200"
"http://www.fasterlouder.com.au:80/allabout/artist/8445/?city=8","20080321134526","200"
"http://www.fasterlouder.com.au:80/allabout/artist/8445/?city=9","20080321135557","200"
"http://www.fasterlouder.com.au:80/allabout/artist/8455/Noel-Gallagher.htm","20080315195622","200"
"http://www.fasterlouder.com.au:80/allabout/artist/8463/Groove-Armada.htm","20080307204135","200"
"http://www.fasterlouder.com.au:80/allabout/artist/8495/Sub-Audible-Hum.htm","20080618023237","200"
"http://www.fasterlouder.com.au/allabout/artist/8507/Cuthbert-the-Nightwalkers.htm","20080719171811","200"
"http://www.fasterlouder.com.au/allabout/artist/8507/Cuthbert-the-Nightwalkers.htm?city=1","20080725013533","200"
"http://www.fasterlouder.com.au/allabout/artist/8507/Cuthbert-the-Nightwalkers.htm?city=10","20080725012118","200"
"http://www.fasterlouder.com.au/allabout/artist/8507/Cuthbert-the-Nightwalkers.htm?city=11","20080725014126","200"
"http://www.fasterlouder.com.au/allabout/artist/8507/Cuthbert-the-Nightwalkers.htm?city=2","20080725011102","200"
"http://www.fasterlouder.com.au/allabout/artist/8507/Cuthbert-the-Nightwalkers.htm?city=3","20080725013249","200"
"http://www.fasterlouder.com.au/allabout/artist/8507/Cuthbert-the-Nightwalkers.htm?city=4","20080725013936","200"
"http://www.fasterlouder.com.au/allabout/artist/8507/Cuthbert-the-Nightwalkers.htm?city=5","20080725012210","200"
"http://www.fasterlouder.com.au/allabout/artist/8507/Cuthbert-the-Nightwalkers.htm?city=6","20080725012241","200"
"http://www.fasterlouder.com.au/allabout/artist/8507/Cuthbert-the-Nightwalkers.htm?city=7","20080725014204","200"
"http://www.fasterlouder.com.au/allabout/artist/8507/Cuthbert-the-Nightwalkers.htm?city=8","20080725012145","200"
"http://www.fasterlouder.com.au/allabout/artist/8507/Cuthbert-the-Nightwalkers.htm?city=9","20080725012045","200"
"http://www.fasterlouder.com.au:80/allabout/artist/8538/MM9.htm","20080614145809","200"
"http://www.fasterlouder.com.au:80/allabout/artist/8542/44.htm","20080405223046","200"
"http://www.fasterlouder.com.au/allabout/artist/8546/Softlightes.htm","20080722190044","200"
"http://www.fasterlouder.com.au/allabout/artist/8603/Stick-Figures.htm","20080722225339","200"
"http://www.fasterlouder.com.au:80/allabout/artist/8693/Baseball.htm","20080321110137","200"
"http://www.fasterlouder.com.au:80/allabout/artist/8701/Self-is-a-Seed.htm","20080331094312","200"
"http://www.fasterlouder.com.au:80/allabout/artist/8705/Art-Vanderlay.htm","20080513161635","200"
"http://www.fasterlouder.com.au:80/allabout/artist/8724/Yves-Klein-Blue.htm","20080307020813","200"
"http://www.fasterlouder.com.au:80/allabout/artist/873/Tom-Waits.htm","20080125063108","200"
"http://www.fasterlouder.com.au/allabout/artist/8743/The-Police.htm","20080722181407","200"
"http://www.fasterlouder.com.au:80/allabout/artist/8770/Fumes-The.htm","20080618023241","200"
"http://www.fasterlouder.com.au:80/allabout/artist/884/Ramones.htm","20080513165021","200"
"http://www.fasterlouder.com.au:80/allabout/artist/8854/Tokyo-Police-Club.htm","20080503105111","200"
"http://www.fasterlouder.com.au/allabout/artist/8894/Mr-Scruff.htm","20080723210959","200"
"http://www.fasterlouder.com.au/allabout/artist/8905/Tim-Steward.htm","20080724215119","200"
"http://www.fasterlouder.com.au:80/allabout/artist/8912/Whitley.htm","20080418025027","200"
"http://www.fasterlouder.com.au/allabout/artist/8920/Joel-Plaskett.htm","20080725013754","200"
"http://www.fasterlouder.com.au:80/allabout/artist/8935/Richard-in-Your-mind.htm","20080321110144","200"
"http://www.fasterlouder.com.au:80/allabout/artist/8984/The-Breeders.htm","20080416005342","200"
"http://www.fasterlouder.com.au:80/allabout/artist/8998/The-Tigers.htm","20080319070510","200"
"http://www.fasterlouder.com.au:80/allabout/artist/90/The-Mars-Volta.htm","20080416005354","200"
"http://www.fasterlouder.com.au:80/allabout/artist/901/Portishead.htm","20080622151031","200"
"http://www.fasterlouder.com.au/allabout/artist/914/The-Dissociatives.htm","20080722230518","200"
"http://www.fasterlouder.com.au:80/allabout/artist/9156/Guttermouth.htm","20080513161643","200"
"http://www.fasterlouder.com.au:80/allabout/artist/918/Electric-Six.htm","20080615022025","200"
"http://www.fasterlouder.com.au:80/allabout/artist/9191/New-Young-Pony-Club.htm","20080307072204","200"
"http://www.fasterlouder.com.au:80/allabout/artist/9197/New-Found-Glory.htm","20080602123138","200"
"http://www.fasterlouder.com.au:80/allabout/artist/9210/Drive-By.htm","20080406004029","200"
"http://www.fasterlouder.com.au/allabout/artist/9228/Nucleus.htm","20080724205431","200"
"http://www.fasterlouder.com.au/allabout/artist/9240/Deepchild.htm","20080722225300","200"
"http://www.fasterlouder.com.au:80/allabout/artist/9282/Del-Toro.htm","20080406004034","200"
"http://www.fasterlouder.com.au:80/allabout/artist/9286/Slowburn.htm","20080307072929","200"
"http://www.fasterlouder.com.au:80/allabout/artist/9293/As-Tall-As-Lions.htm","20080307154249","200"
"http://www.fasterlouder.com.au:80/allabout/artist/93/Janes-Addiction.htm","20080513174927","200"
"http://www.fasterlouder.com.au/allabout/artist/9324/Escape-Syndrome.htm","20080724200442","200"
"http://www.fasterlouder.com.au:80/allabout/artist/9326/Gasma.htm","20080127125856","200"
"http://www.fasterlouder.com.au:80/allabout/artist/9337/Grinderman.htm","20080229122146","200"
"http://www.fasterlouder.com.au:80/allabout/artist/9375/The-Fratellis.htm","20080503033116","200"
"http://www.fasterlouder.com.au:80/allabout/artist/9437/Cold-War-Kids.htm","20080503033122","200"
"http://www.fasterlouder.com.au:80/allabout/artist/948/The-Follow.htm","20080219134604","200"
"http://www.fasterlouder.com.au/allabout/artist/9482/Aleks-and-the-Ramps.htm","20080722175851","200"
"http://www.fasterlouder.com.au/allabout/artist/9531/The-City-Watch.htm","20080725011532","200"
"http://www.fasterlouder.com.au:80/allabout/artist/9566/Rockstar-Supernova.htm","20080214230622","200"
"http://www.fasterlouder.com.au:80/allabout/artist/9572/Looking-Glass.htm","20080127113803","200"
"http://www.fasterlouder.com.au:80/allabout/artist/958/The-Panics.htm","20080317143048","200"
"http://www.fasterlouder.com.au:80/allabout/artist/9599/Mark-Chopper-Read.htm","20080513165023","200"
"http://www.fasterlouder.com.au:80/allabout/artist/9603/Van-Halen.htm","20080331094318","200"
"http://www.fasterlouder.com.au/allabout/artist/9604/The-Leap-Year.htm","20080722180410","200"
"http://www.fasterlouder.com.au:80/allabout/artist/967/Gomez.htm","20080125062707","200"
"http://www.fasterlouder.com.au:80/allabout/artist/9670/Nuclear-BlastRiot.htm","20080229080435","200"
"http://www.fasterlouder.com.au:80/allabout/artist/9687/Hopeless-RecordsShock.htm","20080327114358","200"
"http://www.fasterlouder.com.au:80/allabout/artist/9688/SPVRiot.htm","20080213065541","200"
"http://www.fasterlouder.com.au:80/allabout/artist/969/Butterfingers.htm","20080124135749","200"
"http://www.fasterlouder.com.au:80/allabout/artist/97/Dave-Navarro.htm","20080513174932","200"
"http://www.fasterlouder.com.au:80/allabout/artist/9706/Tba.htm","20080213065546","200"
"http://www.fasterlouder.com.au:80/allabout/artist/9715/Bleed-Records.htm","20080131224434","200"
"http://www.fasterlouder.com.au:80/allabout/artist/9719/Just-Say-Rock-Records.htm","20080321134532","200"
"http://www.fasterlouder.com.au:80/allabout/artist/9729/Only-Blues-Music.htm","20080527052441","200"
"http://www.fasterlouder.com.au:80/allabout/artist/977/Henry-Rollins.htm","20080229080450","200"
"http://www.fasterlouder.com.au:80/allabout/artist/9787/Bad-Day-Down.htm","20080513182800","200"
"http://www.fasterlouder.com.au:80/allabout/artist/979/Powderfinger","20080418022734","200"
"http://www.fasterlouder.com.au:80/allabout/artist/979/Powderfinger.htm","20080124135758","200"
"http://www.fasterlouder.com.au:80/allabout/artist/9819/Mercy-Arms.htm","20080502132022","200"
"http://www.fasterlouder.com.au:80/allabout/artist/9883/Dead-Letter-Circus.htm","20080315200356","200"
"http://www.fasterlouder.com.au/allabout/artist/9891/Armen-Firman.htm","20080722195806","200"
"http://www.fasterlouder.com.au/allabout/artist/9921/The-Holidays.htm","20080722224432","200"
"http://www.fasterlouder.com.au/allabout/artist/9931/The-John-Steel-Singers.htm","20080722175611","200"
"http://www.fasterlouder.com.au:80/allabout/artist/A","20080229042517","200"
"http://www.fasterlouder.com.au:80/allabout/artist/air","20080414161646","200"
"http://www.fasterlouder.com.au:80/allabout/artist/Sonic","20080224165407","200"
"http://www.fasterlouder.com.au/allabout/distributor//.htm","20080704052231","200"
"http://www.fasterlouder.com.au:80/allabout/distributor/4050/Only-Blues-Music.htm","20080527052444","200"
"http://www.fasterlouder.com.au:80/allabout/distributor/4055/Riot-Entertainment.htm","20080319070715","200"
"http://www.fasterlouder.com.au:80/allabout/distributor/4057/Universal.htm","20080408111121","200"
"http://www.fasterlouder.com.au/allabout/eventname/10051/Emergenza-International-Band-Comp.htm","20080724212727","200"
"http://www.fasterlouder.com.au/allabout/eventname/10052/Juke-Joint-at-Queens.htm","20080724212017","200"
"http://www.fasterlouder.com.au/allabout/eventname/1539/Homebake.htm","20080723000528","200"
"http://www.fasterlouder.com.au:80/allabout/eventname/1579/Stonefest.htm","20080616111050","200"
"http://www.fasterlouder.com.au:80/allabout/eventname/2077/Falls-Festival.htm","20080123151526","200"
"http://www.fasterlouder.com.au:80/allabout/eventname/2077/secure-au.imrworldwide.com/","20080331103249","200"
"http://www.fasterlouder.com.au:80/allabout/eventname/2077/?city=1","20080331171625","200"
"http://www.fasterlouder.com.au:80/allabout/eventname/2077/?city=10","20080331110738","200"
"http://www.fasterlouder.com.au:80/allabout/eventname/2077/?city=11","20080331114713","200"
"http://www.fasterlouder.com.au:80/allabout/eventname/2077/?city=2","20080331094327","200"
"http://www.fasterlouder.com.au:80/allabout/eventname/2077/?city=3","20080331094334","200"
"http://www.fasterlouder.com.au:80/allabout/eventname/2077/?city=4","20080331103239","200"
"http://www.fasterlouder.com.au:80/allabout/eventname/2077/?city=5","20080327083350","200"
"http://www.fasterlouder.com.au:80/allabout/eventname/2077/?city=6","20080327083400","200"
"http://www.fasterlouder.com.au:80/allabout/eventname/2077/?city=7","20080331105851","200"
"http://www.fasterlouder.com.au:80/allabout/eventname/2077/?city=9","20080331105856","200"
"http://www.fasterlouder.com.au:80/allabout/eventname/2078/Big-Day-Out.htm","20080124135807","200"
"http://www.fasterlouder.com.au:80/allabout/eventname/3053/Glastonbury.htm","20080424011823","200"
"http://www.fasterlouder.com.au:80/allabout/eventname/316/Coachella.htm","20080229080458","200"
"http://www.fasterlouder.com.au:80/allabout/eventname/3243/Purple-Sneakers.htm","20080327083404","200"
"http://www.fasterlouder.com.au:80/allabout/eventname/3370/Toxic-Lipstick-CD-Launch.htm","20080331110740","200"
"http://www.fasterlouder.com.au:80/allabout/eventname/3466/Taste-of-Chaos.htm","20080313191914","200"
"http://www.fasterlouder.com.au:80/allabout/eventname/4687/Southbound-Festival.htm","20080129134558","200"
"http://www.fasterlouder.com.au/allabout/eventname/4782/Feelgood-Festival.htm","20080723215609","200"
"http://www.fasterlouder.com.au:80/allabout/eventname/4990/Festival-Of-The-Sun.htm","20080618023251","200"
"http://www.fasterlouder.com.au:80/allabout/eventname/5373/Great-Escape-Festival.htm","20080406004743","200"
"http://www.fasterlouder.com.au:80/allabout/eventname/5686/Groovin-The-Moo-Festival.htm","20080303173836","200"
"http://www.fasterlouder.com.au:80/allabout/eventname/5755/V-Festival.htm","20080215013719","200"
"http://www.fasterlouder.com.au/allabout/eventname/6730/Roskilde-Festival.htm","20080721061233","200"
"http://www.fasterlouder.com.au/allabout/eventname/6921/Glastonbury-Festival.htm","20080722182318","200"
"http://www.fasterlouder.com.au/allabout/eventname/7265/Groovin-the-Moo.htm","20080723210113","200"
"http://www.fasterlouder.com.au/allabout/eventname/7583/Reading-Festival.htm","20080722182807","200"
"http://www.fasterlouder.com.au:80/allabout/eventname/7661/Summadayze.htm","20080405215313","200"
"http://www.fasterlouder.com.au/allabout/eventname/8090/In-the-City.htm","20080727104230","200"
"http://www.fasterlouder.com.au:80/allabout/eventname/8249/V-Festival-2007.htm","20080305124311","200"
"http://www.fasterlouder.com.au:80/allabout/eventname/8275/secure-au.imrworldwide.com/","20080229113832","200"
"http://www.fasterlouder.com.au:80/allabout/eventname/8275/Soundwave-Festival.htm","20080226123433","200"
"http://www.fasterlouder.com.au:80/allabout/eventname/8275/?city=1","20080229113811","200"
"http://www.fasterlouder.com.au:80/allabout/eventname/8275/?city=10","20080229113818","200"
"http://www.fasterlouder.com.au:80/allabout/eventname/8275/?city=11","20080229113820","200"
"http://www.fasterlouder.com.au:80/allabout/eventname/8275/?city=2","20080229121228","200"
"http://www.fasterlouder.com.au:80/allabout/eventname/8275/?city=3","20080229115952","200"
"http://www.fasterlouder.com.au:80/allabout/eventname/8275/?city=4","20080229114820","200"
"http://www.fasterlouder.com.au:80/allabout/eventname/8275/?city=5","20080229113826","200"
"http://www.fasterlouder.com.au:80/allabout/eventname/8275/?city=6","20080229121233","200"
"http://www.fasterlouder.com.au:80/allabout/eventname/8275/?city=7","20080229114823","200"
"http://www.fasterlouder.com.au:80/allabout/eventname/8275/?city=8","20080229121239","200"
"http://www.fasterlouder.com.au:80/allabout/eventname/8275/?city=9","20080229115956","200"
"http://www.fasterlouder.com.au:80/allabout/eventname/840/Splendour-in-the-Grass.htm","20080127113822","200"
"http://www.fasterlouder.com.au:80/allabout/eventname/840/Splendour_in_the_Grass","20080511120941","200"
"http://www.fasterlouder.com.au:80/allabout/eventname/8552/Garage-to-V.htm","20080311001943","200"
"http://www.fasterlouder.com.au/allabout/eventname/8892/Playground-Weekender.htm","20080722230009","200"
"http://www.fasterlouder.com.au:80/allabout/eventname/8979/youth-group.htm","20080408153715","200"
"http://www.fasterlouder.com.au:80/allabout/eventname/9038/St-Jeromes-Laneway-Festival.htm","20080307020821","200"
"http://www.fasterlouder.com.au:80/allabout/eventname/9113/Smirnoff-Experience.htm","20080718032834","200"
"http://www.fasterlouder.com.au:80/allabout/eventname/9224/WOMadelaide.htm","20080319103927","200"
"http://www.fasterlouder.com.au/allabout/eventname/9398/Rockwerchter.htm","20080722182642","200"
"http://www.fasterlouder.com.au/allabout/eventname/9399/Pinkpop.htm","20080722182155","200"
"http://www.fasterlouder.com.au/allabout/eventname/9401/Download.htm","20080722182548","200"
"http://www.fasterlouder.com.au/allabout/eventname/9402/Leeds-Festival.htm","20080722182429","200"
"http://www.fasterlouder.com.au/allabout/eventname/9403/Oxegen.htm","20080722182509","200"
"http://www.fasterlouder.com.au/allabout/eventname/9404/Hurricane.htm","20080722182356","200"
"http://www.fasterlouder.com.au:80/allabout/eventname/9765/Chill-Island.htm","20080531052701","200"
"http://www.fasterlouder.com.au:80/allabout/eventname/9783/Vodafone-Live-At-The-Chapel.htm","20080616114258","200"
"http://www.fasterlouder.com.au:80/allabout/eventname/9790/Big-Day-Out-2008.htm","20080131180208","200"
"http://www.fasterlouder.com.au:80/allabout/eventname/9790/secure-au.imrworldwide.com/","20080204011448","200"
"http://www.fasterlouder.com.au:80/allabout/eventname/9790/?city=1","20080204014601","200"
"http://www.fasterlouder.com.au:80/allabout/eventname/9790/?city=10","20080204014607","200"
"http://www.fasterlouder.com.au:80/allabout/eventname/9790/?city=11","20080204011947","200"
"http://www.fasterlouder.com.au:80/allabout/eventname/9790/?city=2","20080204011418","200"
"http://www.fasterlouder.com.au:80/allabout/eventname/9790/?city=3","20080204013526","200"
"http://www.fasterlouder.com.au:80/allabout/eventname/9790/?city=4","20080204011424","200"
"http://www.fasterlouder.com.au:80/allabout/eventname/9790/?city=5","20080204012530","200"
"http://www.fasterlouder.com.au:80/allabout/eventname/9790/?city=6","20080204011434","200"
"http://www.fasterlouder.com.au:80/allabout/eventname/9790/?city=7","20080204011443","200"
"http://www.fasterlouder.com.au:80/allabout/eventname/9790/?city=8","20080204013533","200"
"http://www.fasterlouder.com.au:80/allabout/eventname/9790/?city=9","20080204012952","200"
"http://www.fasterlouder.com.au:80/allabout/eventname/9799/Big-Day-Out-2008.htm","20080207040033","200"
"http://www.fasterlouder.com.au:80/allabout/eventname/9858/V-Festival-2008.htm","20080215012040","200"
"http://www.fasterlouder.com.au:80/allabout/eventname/9862/WOMADelaide-2008.htm","20080319103931","200"
"http://www.fasterlouder.com.au:80/allabout/eventname/A","20080229042524","200"
"http://www.fasterlouder.com.au/allabout/label/1062/Sony.htm","20080721065651","200"
"http://www.fasterlouder.com.au:80/allabout/label/1186/Apell-Music.htm","20080218133150","200"
"http://www.fasterlouder.com.au:80/allabout/label/1186/secure-au.imrworldwide.com/","20080219160054","200"
"http://www.fasterlouder.com.au:80/allabout/label/1186/?city=1","20080219155955","200"
"http://www.fasterlouder.com.au:80/allabout/label/1186/?city=10","20080219160000","200"
"http://www.fasterlouder.com.au:80/allabout/label/1186/?city=11","20080219160006","200"
"http://www.fasterlouder.com.au:80/allabout/label/1186/?city=2","20080219160015","200"
"http://www.fasterlouder.com.au:80/allabout/label/1186/?city=3","20080219160020","200"
"http://www.fasterlouder.com.au:80/allabout/label/1186/?city=4","20080219160023","200"
"http://www.fasterlouder.com.au:80/allabout/label/1186/?city=5","20080219160029","200"
"http://www.fasterlouder.com.au:80/allabout/label/1186/?city=6","20080219160033","200"
"http://www.fasterlouder.com.au:80/allabout/label/1186/?city=7","20080219160039","200"
"http://www.fasterlouder.com.au:80/allabout/label/1186/?city=8","20080219160042","200"
"http://www.fasterlouder.com.au:80/allabout/label/1186/?city=9","20080219160050","200"
"http://www.fasterlouder.com.au:80/allabout/label/1249/Remote-Control.htm","20080513165030","200"
"http://www.fasterlouder.com.au/allabout/label/127/Sony-Music.htm","20080720150528","200"
"http://www.fasterlouder.com.au:80/allabout/label/140/Epitaph.htm","20080127122001","200"
"http://www.fasterlouder.com.au/allabout/label/1411/XL-Recordings.htm","20080723213814","200"
"http://www.fasterlouder.com.au:80/allabout/label/157/Chatterbox-Records.htm","20080205032914","200"
"http://www.fasterlouder.com.au:80/allabout/label/1632/Warner-Music-Australia.htm","20080415182717","200"
"http://www.fasterlouder.com.au:80/allabout/label/1689/Dot-Dash.htm","20080513172422","200"
"http://www.fasterlouder.com.au:80/allabout/label/1760/Chatterbox.htm","20080205032916","200"
"http://www.fasterlouder.com.au:80/allabout/label/1778/Shock-Records.htm","20080415182731","200"
"http://www.fasterlouder.com.au:80/allabout/label/1872/Independent-Release.htm","20080612012843","200"
"http://www.fasterlouder.com.au/allabout/label/210/Epic.htm","20080721065721","200"
"http://www.fasterlouder.com.au:80/allabout/label/223/Universal.htm","20080606224615","200"
"http://www.fasterlouder.com.au:80/allabout/label/2289/Boomtown-Records.htm","20080213065947","200"
"http://www.fasterlouder.com.au:80/allabout/label/285/Off-The-Hip.htm","20080513172427","200"
"http://www.fasterlouder.com.au:80/allabout/label/364/Cooking-Vinyl.htm","20080305122326","200"
"http://www.fasterlouder.com.au:80/allabout/label/3700/Mikelangelo-And-The-Black-Sea-Gentlemen.htm","20080311115305","200"
"http://www.fasterlouder.com.au:80/allabout/label/3836/Capitol-EMI.htm","20080606234834","200"
"http://www.fasterlouder.com.au:80/allabout/label/4566/Fat-Possum-Records.htm","20080127122004","200"
"http://www.fasterlouder.com.au/allabout/label/473/modular.htm","20080722230722","200"
"http://www.fasterlouder.com.au/allabout/label/5038/Modular-People.htm","20080722190509","200"
"http://www.fasterlouder.com.au:80/allabout/label/5104/Modular-Records.htm","20080408161824","200"
"http://www.fasterlouder.com.au/allabout/label/5225/Dew-ProcessUniversal-Music.htm","20080723234429","200"
"http://www.fasterlouder.com.au:80/allabout/label/545/Roadrunner-Records.htm","20080219134611","200"
"http://www.fasterlouder.com.au:80/allabout/label/563/Smash-Music.htm","20080613204603","200"
"http://www.fasterlouder.com.au/allabout/label/5754/Modular-Recordings.htm","20080721095107","200"
"http://www.fasterlouder.com.au:80/allabout/label/580/Mushroom-Records.htm","20080415182738","200"
"http://www.fasterlouder.com.au/allabout/label/6434/Red-Label.htm","20080721071230","200"
"http://www.fasterlouder.com.au:80/allabout/label/747/Dew-Process.htm","20080504012928","200"
"http://www.fasterlouder.com.au:80/allabout/label/843/Hellcat-Records.htm","20080210072045","200"
"http://www.fasterlouder.com.au/allabout/label/8551/ABC-Music.htm","20080722233212","200"
"http://www.fasterlouder.com.au/allabout/label/94/Capitol.htm","20080724194425","200"
"http://www.fasterlouder.com.au:80/allabout/label/9670/Nuclear-BlastRiot.htm","20080229113837","200"
"http://www.fasterlouder.com.au:80/allabout/label/9673/Boomtown-RecordsShock.htm","20080616072019","200"
"http://www.fasterlouder.com.au:80/allabout/label/9687/Hopeless-RecordsShock.htm","20080327133214","200"
"http://www.fasterlouder.com.au:80/allabout/label/9688/SPVRiot.htm","20080213065551","200"
"http://www.fasterlouder.com.au:80/allabout/label/9699/Resist-RecordsShock.htm","20080319103935","200"
"http://www.fasterlouder.com.au:80/allabout/label/9715/Bleed-Records.htm","20080204012533","200"
"http://www.fasterlouder.com.au:80/allabout/label/9719/Just-Say-Rock-Records.htm","20080319103940","200"
"http://www.fasterlouder.com.au/allabout/label/975/4AD.htm","20080722180559","200"
"http://www.fasterlouder.com.au/allabout/label/9766/429records.htm","20080724001720","200"
"http://www.fasterlouder.com.au/allabout/label/9771/Pefect-Sun.htm","20080724001039","200"
"http://www.fasterlouder.com.au:80/allabout/label/A","20080229042555","200"
"http://www.fasterlouder.com.au:80/allabout/promoter/10026/secure-au.imrworldwide.com/","20080621024727","200"
"http://www.fasterlouder.com.au:80/allabout/promoter/10026/Zhenya-Records.htm","20080619214729","200"
"http://www.fasterlouder.com.au:80/allabout/promoter/10026/?city=1","20080621024648","200"
"http://www.fasterlouder.com.au:80/allabout/promoter/10026/?city=10","20080621024656","200"
"http://www.fasterlouder.com.au:80/allabout/promoter/10026/?city=11","20080621024332","200"
"http://www.fasterlouder.com.au:80/allabout/promoter/10026/?city=2","20080621024337","200"
"http://www.fasterlouder.com.au:80/allabout/promoter/10026/?city=3","20080621024346","200"
"http://www.fasterlouder.com.au:80/allabout/promoter/10026/?city=4","20080621024351","200"
"http://www.fasterlouder.com.au:80/allabout/promoter/10026/?city=5","20080621024700","200"
"http://www.fasterlouder.com.au:80/allabout/promoter/10026/?city=6","20080621024707","200"
"http://www.fasterlouder.com.au:80/allabout/promoter/10026/?city=7","20080621024713","200"
"http://www.fasterlouder.com.au:80/allabout/promoter/10026/?city=8","20080621024718","200"
"http://www.fasterlouder.com.au:80/allabout/promoter/10026/?city=9","20080621024723","200"
"http://www.fasterlouder.com.au/allabout/promoter/10075/Capital-Dub-Style.htm","20080724200757","200"
"http://www.fasterlouder.com.au:80/allabout/promoter/1076/Fasterloudercomau","20080613014754","200"
"http://www.fasterlouder.com.au/allabout/promoter/1143/Level-One-Agency.htm","20080724193104","200"
"http://www.fasterlouder.com.au:80/allabout/promoter/1227/secure-au.imrworldwide.com/","20080405231825","200"
"http://www.fasterlouder.com.au:80/allabout/promoter/1227/?city=1","20080405215318","200"
"http://www.fasterlouder.com.au:80/allabout/promoter/1227/?city=11","20080406005548","200"
"http://www.fasterlouder.com.au:80/allabout/promoter/1227/?city=2","20080406000322","200"
"http://www.fasterlouder.com.au:80/allabout/promoter/1227/?city=3","20080405225834","200"
"http://www.fasterlouder.com.au:80/allabout/promoter/1227/?city=4","20080405234709","200"
"http://www.fasterlouder.com.au:80/allabout/promoter/1227/?city=6","20080405231820","200"
"http://www.fasterlouder.com.au:80/allabout/promoter/1227/?city=7","20080406001736","200"
"http://www.fasterlouder.com.au:80/allabout/promoter/1227/?city=8","20080406000327","200"
"http://www.fasterlouder.com.au:80/allabout/promoter/1227/?city=9","20080405235448","200"
"http://www.fasterlouder.com.au:80/allabout/promoter/1261/Self-Promoted.htm","20080615022029","200"
"http://www.fasterlouder.com.au:80/allabout/promoter/1334/Resist-Records.htm","20080602033433","200"
"http://www.fasterlouder.com.au:80/allabout/promoter/155/na.htm","20080125062714","200"
"http://www.fasterlouder.com.au:80/allabout/promoter/2198/secure-au.imrworldwide.com/","20080305121859","200"
"http://www.fasterlouder.com.au:80/allabout/promoter/2198/Village-Sounds.htm","20080303025942","200"
"http://www.fasterlouder.com.au:80/allabout/promoter/2198/?city=1","20080305122331","200"
"http://www.fasterlouder.com.au:80/allabout/promoter/2198/?city=10","20080305122336","200"
"http://www.fasterlouder.com.au:80/allabout/promoter/2198/?city=11","20080305124314","200"
"http://www.fasterlouder.com.au:80/allabout/promoter/2198/?city=2","20080305124902","200"
"http://www.fasterlouder.com.au:80/allabout/promoter/2198/?city=3","20080305124321","200"
"http://www.fasterlouder.com.au:80/allabout/promoter/2198/?city=4","20080305122340","200"
"http://www.fasterlouder.com.au:80/allabout/promoter/2198/?city=5","20080305124909","200"
"http://www.fasterlouder.com.au:80/allabout/promoter/2198/?city=6","20080305122346","200"
"http://www.fasterlouder.com.au:80/allabout/promoter/2198/?city=7","20080305122351","200"
"http://www.fasterlouder.com.au:80/allabout/promoter/2198/?city=8","20080305121854","200"
"http://www.fasterlouder.com.au:80/allabout/promoter/2198/?city=9","20080305122357","200"
"http://www.fasterlouder.com.au:80/allabout/promoter/2871/The-Frontier-Touring-Company.htm","20080327114405","200"
"http://www.fasterlouder.com.au/allabout/promoter/3317/Luna-Park.htm","20080722192829","200"
"http://www.fasterlouder.com.au/allabout/promoter/3976/Triple-J-and-Faster-Louder.htm","20080704050950","200"
"http://www.fasterlouder.com.au:80/allabout/promoter/4175/Destroy-All-Lines.htm","20080331102229","200"
"http://www.fasterlouder.com.au/allabout/promoter/419/Blue-Murder.htm","20080723231249","200"
"http://www.fasterlouder.com.au/allabout/promoter/5705/Modular.htm","20080722185926","200"
"http://www.fasterlouder.com.au:80/allabout/promoter/59/Big-Day-Out.htm","20080124135811","200"
"http://www.fasterlouder.com.au:80/allabout/promoter/606/Michael-Chugg-Entertainment.htm","20080208222511","200"
"http://www.fasterlouder.com.au:80/allabout/promoter/6320/Cattleyard-Promotions.htm","20080303174108","200"
"http://www.fasterlouder.com.au:80/allabout/promoter/633/Mothership-Music.htm","20080307072935","200"
"http://www.fasterlouder.com.au:80/allabout/promoter/6364/Boundary-Sounds.htm","20080327080339","200"
"http://www.fasterlouder.com.au:80/allabout/promoter/639/Michael-Coppel.htm","20080516105611","200"
"http://www.fasterlouder.com.au:80/allabout/promoter/639/Michael_Coppel","20080227043049","200"
"http://www.fasterlouder.com.au:80/allabout/promoter/640/Frontier-Touring-Co.htm","20080313175328","200"
"http://www.fasterlouder.com.au:80/allabout/promoter/650/Falls-Festival.htm","20080405095406","200"
"http://www.fasterlouder.com.au:80/allabout/promoter/7064/Modular-Touring.htm","20080602221357","200"
"http://www.fasterlouder.com.au:80/allabout/promoter/7064/Modular_Touring","20080513160207","200"
"http://www.fasterlouder.com.au:80/allabout/promoter/7227/KMW-and-Chugg-Entertainment.htm","20080610031247","200"
"http://www.fasterlouder.com.au:80/allabout/promoter/7309/Chugg-Entertainment.htm","20080405231831","200"
"http://www.fasterlouder.com.au:80/allabout/promoter/7350/Jess-McAvoy.htm","20080130165106","200"
"http://www.fasterlouder.com.au:80/allabout/promoter/736/PES-Presents.htm","20080615022034","200"
"http://www.fasterlouder.com.au:80/allabout/promoter/743/secure-au.imrworldwide.com/","20080513172437","200"
"http://www.fasterlouder.com.au:80/allabout/promoter/743/Sunset-Events.htm","20080323093439","200"
"http://www.fasterlouder.com.au:80/allabout/promoter/743/?city=1","20080513181214","200"
"http://www.fasterlouder.com.au:80/allabout/promoter/743/?city=10","20080513182807","200"
"http://www.fasterlouder.com.au:80/allabout/promoter/743/?city=11","20080513160215","200"
"http://www.fasterlouder.com.au:80/allabout/promoter/743/?city=2","20080513175245","200"
"http://www.fasterlouder.com.au:80/allabout/promoter/743/?city=3","20080513172431","200"
"http://www.fasterlouder.com.au:80/allabout/promoter/743/?city=4","20080513161647","200"
"http://www.fasterlouder.com.au:80/allabout/promoter/743/?city=5","20080513182812","200"
"http://www.fasterlouder.com.au:80/allabout/promoter/743/?city=6","20080513160223","200"
"http://www.fasterlouder.com.au:80/allabout/promoter/743/?city=7","20080513160231","200"
"http://www.fasterlouder.com.au:80/allabout/promoter/743/?city=8","20080513175248","200"
"http://www.fasterlouder.com.au:80/allabout/promoter/743/?city=9","20080513161650","200"
"http://www.fasterlouder.com.au:80/allabout/promoter/7649/Remote-Control.htm","20080319070717","200"
"http://www.fasterlouder.com.au:80/allabout/promoter/819/Handsome_Tours","20080319103952","200"
"http://www.fasterlouder.com.au:80/allabout/promoter/8327/myspacecom.htm","20080123105710","200"
"http://www.fasterlouder.com.au:80/allabout/promoter/8343/Civil_Society","20080325001656","200"
"http://www.fasterlouder.com.au:80/allabout/promoter/8644/MCM-Entertainment.htm","20080414223701","200"
"http://www.fasterlouder.com.au/allabout/promoter/9674/V-Festival.htm","20080721091614","200"
"http://www.fasterlouder.com.au:80/allabout/promoter/9674/V_Festival","20080227043816","200"
"http://www.fasterlouder.com.au:80/allabout/promoter/986/Triple-J.htm","20080416005402","200"
"http://www.fasterlouder.com.au:80/allabout/promoter/9897/KMW-Productions.htm","20080307072943","200"
"http://www.fasterlouder.com.au:80/allabout/promoter/9897/KMW_Productions","20080325033547","200"
"http://www.fasterlouder.com.au/allabout/promoter/9980/Circus-Entertainment.htm","20080723224430","200"
"http://www.fasterlouder.com.au:80/allabout/promoter/9981/KMW-Productions.htm","20080214174702","200"
"http://www.fasterlouder.com.au:80/allabout/venue/","20080229121241","200"
"http://www.fasterlouder.com.au:80/allabout/venue/1145/Manning-Bar.htm","20080327083411","200"
"http://www.fasterlouder.com.au:80/allabout/venue/1145/Manning_Bar","20080309100839","200"
"http://www.fasterlouder.com.au:80/allabout/venue/1254/Brisbane-Riverstage.htm","20080502141734","200"
"http://www.fasterlouder.com.au:80/allabout/venue/1254/Brisbane_Riverstage","20080213123353","200"
"http://www.fasterlouder.com.au:80/allabout/venue/1254/secure-au.imrworldwide.com/","20080215013755","200"
"http://www.fasterlouder.com.au:80/allabout/venue/1254/?city=1","20080215013724","200"
"http://www.fasterlouder.com.au:80/allabout/venue/1254/?city=10","20080215012047","200"
"http://www.fasterlouder.com.au:80/allabout/venue/1254/?city=11","20080215013729","200"
"http://www.fasterlouder.com.au:80/allabout/venue/1254/?city=2","20080215012050","200"
"http://www.fasterlouder.com.au:80/allabout/venue/1254/?city=3","20080215012056","200"
"http://www.fasterlouder.com.au:80/allabout/venue/1254/?city=4","20080215013733","200"
"http://www.fasterlouder.com.au:80/allabout/venue/1254/?city=5","20080215013742","200"
"http://www.fasterlouder.com.au:80/allabout/venue/1254/?city=6","20080215013745","200"
"http://www.fasterlouder.com.au:80/allabout/venue/1254/?city=7","20080215012101","200"
"http://www.fasterlouder.com.au:80/allabout/venue/1254/?city=8","20080215012106","200"
"http://www.fasterlouder.com.au:80/allabout/venue/1254/?city=9","20080215013751","200"
"http://www.fasterlouder.com.au/allabout/venue/1268/Manly-Pacific-Hotel.htm","20080723213730","200"
"http://www.fasterlouder.com.au:80/allabout/venue/1307/The-Green-Room.htm","20080503105117","200"
"http://www.fasterlouder.com.au:80/allabout/venue/1307/The_Green_Room","20080503105121","200"
"http://www.fasterlouder.com.au:80/allabout/venue/1442/The_Palace","20080505083732","200"
"http://www.fasterlouder.com.au:80/allabout/venue/1558/secure-au.imrworldwide.com/","20080226192915","200"
"http://www.fasterlouder.com.au:80/allabout/venue/1558/Spectrum","20080225142011","200"
"http://www.fasterlouder.com.au:80/allabout/venue/1558/Spectrum.htm","20080311055306","200"
"http://www.fasterlouder.com.au:80/allabout/venue/1558/?city=1","20080226192823","200"
"http://www.fasterlouder.com.au:80/allabout/venue/1558/?city=10","20080226192825","200"
"http://www.fasterlouder.com.au:80/allabout/venue/1558/?city=11","20080226192830","200"
"http://www.fasterlouder.com.au:80/allabout/venue/1558/?city=2","20080226192835","200"
"http://www.fasterlouder.com.au:80/allabout/venue/1558/?city=3","20080226192840","200"
"http://www.fasterlouder.com.au:80/allabout/venue/1558/?city=4","20080226192845","200"
"http://www.fasterlouder.com.au:80/allabout/venue/1558/?city=5","20080226192850","200"
"http://www.fasterlouder.com.au:80/allabout/venue/1558/?city=6","20080226192855","200"
"http://www.fasterlouder.com.au:80/allabout/venue/1558/?city=7","20080226192900","200"
"http://www.fasterlouder.com.au:80/allabout/venue/1558/?city=8","20080226192905","200"
"http://www.fasterlouder.com.au:80/allabout/venue/1558/?city=9","20080226192911","200"
"http://www.fasterlouder.com.au:80/allabout/venue/17/Metro-Theatre.htm","20080214230647","200"
"http://www.fasterlouder.com.au:80/allabout/venue/17/Metro_Theatre","20080307072215","200"
"http://www.fasterlouder.com.au:80/allabout/venue/1828/Candys_Apartment","20080307154300","200"
"http://www.fasterlouder.com.au:80/allabout/venue/1880/The_Basement","20080319103956","200"
"http://www.fasterlouder.com.au:80/allabout/venue/1916/The-Troubadour.htm","20080123201408","200"
"http://www.fasterlouder.com.au:80/allabout/venue/1916/The_Troubadour","20080123201412","200"
"http://www.fasterlouder.com.au:80/allabout/venue/1956/The_Zoo_Nightclub","20080307150343","200"
"http://www.fasterlouder.com.au:80/allabout/venue/2195/The_Domain","20080319104000","200"
"http://www.fasterlouder.com.au:80/allabout/venue/2285/Metro_City","20080325095214","200"
"http://www.fasterlouder.com.au:80/allabout/venue/2386/Sir-Stewart-Bovell-Park.htm","20080129120243","200"
"http://www.fasterlouder.com.au:80/allabout/venue/2386/Sir_Stewart_Bovell_Park","20080129134602","200"
"http://www.fasterlouder.com.au/allabout/venue/2511/Hopetoun-The.htm","20080719171533","200"
"http://www.fasterlouder.com.au/allabout/venue/2511/Hopetoun-The.htm?city=1","20080725004625","200"
"http://www.fasterlouder.com.au/allabout/venue/2511/Hopetoun-The.htm?city=10","20080725004807","200"
"http://www.fasterlouder.com.au/allabout/venue/2511/Hopetoun-The.htm?city=11","20080725004601","200"
"http://www.fasterlouder.com.au/allabout/venue/2511/Hopetoun-The.htm?city=2","20080725004735","200"
"http://www.fasterlouder.com.au/allabout/venue/2511/Hopetoun-The.htm?city=3","20080725004337","200"
"http://www.fasterlouder.com.au/allabout/venue/2511/Hopetoun-The.htm?city=4","20080725004005","200"
"http://www.fasterlouder.com.au/allabout/venue/2511/Hopetoun-The.htm?city=5","20080725004501","200"
"http://www.fasterlouder.com.au/allabout/venue/2511/Hopetoun-The.htm?city=6","20080725004311","200"
"http://www.fasterlouder.com.au/allabout/venue/2511/Hopetoun-The.htm?city=7","20080725004240","200"
"http://www.fasterlouder.com.au/allabout/venue/2511/Hopetoun-The.htm?city=8","20080725003524","200"
"http://www.fasterlouder.com.au/allabout/venue/2511/Hopetoun-The.htm?city=9","20080725004837","200"
"http://www.fasterlouder.com.au/allabout/venue/2511/Hopetoun_The","20080725000943","200"
"http://www.fasterlouder.com.au:80/allabout/venue/2521/Sydney-Showground.htm","20080124135815","200"
"http://www.fasterlouder.com.au:80/allabout/venue/2521/Sydney_Showground","20080204012539","200"
"http://www.fasterlouder.com.au:80/allabout/venue/2534/Sydney_Opera_House","20080319104011","200"
"http://www.fasterlouder.com.au:80/allabout/venue/2658/University-of-Canberra-Refractory.htm","20080325004236","200"
"http://www.fasterlouder.com.au:80/allabout/venue/2658/University_of_Canberra_Refractory","20080325013832","200"
"http://www.fasterlouder.com.au:80/allabout/venue/302/The-Gaelic-Club.htm","20080602034044","200"
"http://www.fasterlouder.com.au:80/allabout/venue/302/The_Gaelic_Club","20080307150403","200"
"http://www.fasterlouder.com.au:80/allabout/venue/3200/UNSW-Roundhouse.htm","20080410223546","200"
"http://www.fasterlouder.com.au:80/allabout/venue/3200/UNSW_Roundhouse","20080411004644","200"
"http://www.fasterlouder.com.au:80/allabout/venue/3380/Wollongong_Entertainment_Centre","20080319104014","200"
"http://www.fasterlouder.com.au:80/allabout/venue/3437/The_Excelsior_Hotel","20080319104019","200"
"http://www.fasterlouder.com.au:80/allabout/venue/3445/610-Studios.htm","20080331101311","200"
"http://www.fasterlouder.com.au:80/allabout/venue/352/Heaven_Night_Club","20080129073102","200"
"http://www.fasterlouder.com.au:80/allabout/venue/3744/Melbourne-Festival-Hall.htm","20080407200553","200"
"http://www.fasterlouder.com.au:80/allabout/venue/3744/Melbourne_Festival_Hall","20080407022545","200"
"http://www.fasterlouder.com.au:80/allabout/venue/3744/secure-au.imrworldwide.com/","20080408160018","200"
"http://www.fasterlouder.com.au:80/allabout/venue/3744/?city=1","20080408153719","200"
"http://www.fasterlouder.com.au:80/allabout/venue/3744/?city=11","20080408161837","200"
"http://www.fasterlouder.com.au:80/allabout/venue/3744/?city=3","20080408160010","200"
"http://www.fasterlouder.com.au:80/allabout/venue/3744/?city=4","20080408154626","200"
"http://www.fasterlouder.com.au:80/allabout/venue/3744/?city=5","20080408154632","200"
"http://www.fasterlouder.com.au:80/allabout/venue/3744/?city=6","20080408161840","200"
"http://www.fasterlouder.com.au:80/allabout/venue/3744/?city=7","20080408154636","200"
"http://www.fasterlouder.com.au:80/allabout/venue/3744/?city=8","20080408154641","200"
"http://www.fasterlouder.com.au:80/allabout/venue/3744/?city=9","20080408154647","200"
"http://www.fasterlouder.com.au:80/allabout/venue/3936/The_Tivoli","20080307072953","200"
"http://www.fasterlouder.com.au:80/allabout/venue/394/Brisbane_Convention_Exhibition_Centre","20080307154305","200"
"http://www.fasterlouder.com.au:80/allabout/venue/409/The-Hopetoun-Hotel.htm","20080311093415","200"
"http://www.fasterlouder.com.au:80/allabout/venue/409/The_Hopetoun_Hotel","20080307072959","200"
"http://www.fasterlouder.com.au:80/allabout/venue/4104/Belongil-Fields-Byron-Bay.htm","20080305061824","200"
"http://www.fasterlouder.com.au:80/allabout/venue/4154/Shepherds-Bush-Empire.htm","20080214230937","200"
"http://www.fasterlouder.com.au:80/allabout/venue/4216/Club_77","20080305223032","200"
"http://www.fasterlouder.com.au:80/allabout/venue/44/Annandale-Hotel.htm","20080208222527","200"
"http://www.fasterlouder.com.au:80/allabout/venue/44/Annandale_Hotel","20080210072059","200"
"http://www.fasterlouder.com.au:80/allabout/venue/440/The-Metro-Theatre.htm","20080607171725","200"
"http://www.fasterlouder.com.au:80/allabout/venue/440/The_Metro_Theatre","20080224210642","200"
"http://www.fasterlouder.com.au:80/allabout/venue/4612/The-Corner-Hotel.htm","20080125063120","200"
"http://www.fasterlouder.com.au:80/allabout/venue/4612/The_Corner_Hotel","20080405224613","200"
"http://www.fasterlouder.com.au:80/allabout/venue/463/The-Zoo.htm","20080307020837","200"
"http://www.fasterlouder.com.au:80/allabout/venue/463/The_Zoo","20080307092111","200"
"http://www.fasterlouder.com.au:80/allabout/venue/4702/Governor-Hindmarsh.htm","20080503212324","200"
"http://www.fasterlouder.com.au:80/allabout/venue/4702/Governor_Hindmarsh","20080513160250","200"
"http://www.fasterlouder.com.au:80/allabout/venue/48/Bar_Broadway","20080319070723","200"
"http://www.fasterlouder.com.au:80/allabout/venue/5419/The_Empire","20080319070728","200"
"http://www.fasterlouder.com.au:80/allabout/venue/5424/The-Zoo-Alleyway.htm","20080307020840","200"
"http://www.fasterlouder.com.au:80/allabout/venue/5424/The_Zoo_Alleyway","20080307003252","200"
"http://www.fasterlouder.com.au:80/allabout/venue/543219112/Camberwell-Civic-Centre.htm","20080315051414","200"
"http://www.fasterlouder.com.au:80/allabout/venue/543219112/Camberwell_Civic_Centre","20080315195628","200"
"http://www.fasterlouder.com.au:80/allabout/venue/5432280/Mojos_Bar","20080325091311","200"
"http://www.fasterlouder.com.au:80/allabout/venue/54324677/Fowlers_Live_68_North_Tce","20080129065024","200"
"http://www.fasterlouder.com.au:80/allabout/venue/5453/Newtown_RSL","20080319104024","200"
"http://www.fasterlouder.com.au/allabout/venue/5469/Greenroom.htm","20080724200412","200"
"http://www.fasterlouder.com.au:80/allabout/venue/5499/Pyramid_Rock","20080319104029","200"
"http://www.fasterlouder.com.au:80/allabout/venue/5689/Rosemount_Hotel","20080325091319","200"
"http://www.fasterlouder.com.au:80/allabout/venue/5696/Foundry_Pub","20080325091322","200"
"http://www.fasterlouder.com.au:80/allabout/venue/57/Enmore_Theatre","20080319014530","200"
"http://www.fasterlouder.com.au:80/allabout/venue/5821/Home","20080307154311","200"
"http://www.fasterlouder.com.au:80/allabout/venue/5950/Luna-Park-Big-Top.htm","20080208222532","200"
"http://www.fasterlouder.com.au/allabout/venue/5950/Luna-Park-Big-Top.htm?city=1","20080723223431","200"
"http://www.fasterlouder.com.au/allabout/venue/5950/Luna-Park-Big-Top.htm?city=10","20080723224530","200"
"http://www.fasterlouder.com.au/allabout/venue/5950/Luna-Park-Big-Top.htm?city=11","20080723223622","200"
"http://www.fasterlouder.com.au/allabout/venue/5950/Luna-Park-Big-Top.htm?city=2","20080723222839","200"
"http://www.fasterlouder.com.au/allabout/venue/5950/Luna-Park-Big-Top.htm?city=3","20080723224128","200"
"http://www.fasterlouder.com.au/allabout/venue/5950/Luna-Park-Big-Top.htm?city=4","20080723214309","200"
"http://www.fasterlouder.com.au/allabout/venue/5950/Luna-Park-Big-Top.htm?city=5","20080723215310","200"
"http://www.fasterlouder.com.au/allabout/venue/5950/Luna-Park-Big-Top.htm?city=6","20080723215833","200"
"http://www.fasterlouder.com.au/allabout/venue/5950/Luna-Park-Big-Top.htm?city=7","20080723224601","200"
"http://www.fasterlouder.com.au/allabout/venue/5950/Luna-Park-Big-Top.htm?city=8","20080723215909","200"
"http://www.fasterlouder.com.au/allabout/venue/5950/Luna-Park-Big-Top.htm?city=9","20080723214934","200"
"http://www.fasterlouder.com.au:80/allabout/venue/5950/Luna_Park_Big_Top","20080319104035","200"
"http://www.fasterlouder.com.au:80/allabout/venue/6272/The_Vanguard","20080307154314","200"
"http://www.fasterlouder.com.au:80/allabout/venue/6296/Revolver-Upstairs.htm","20080319070735","200"
"http://www.fasterlouder.com.au:80/allabout/venue/6319/Maitland-Showground.htm","20080303174114","200"
"http://www.fasterlouder.com.au:80/allabout/venue/6346/Lansdowne_Hotel","20080319014535","200"
"http://www.fasterlouder.com.au:80/allabout/venue/6376/Adelaide-Entertainment-Centre.htm","20080504013012","200"
"http://www.fasterlouder.com.au:80/allabout/venue/6376/Adelaide_Entertainment_Centre","20080125063127","200"
"http://www.fasterlouder.com.au:80/allabout/venue/638/Hordern_Pavilion","20080307154323","200"
"http://www.fasterlouder.com.au:80/allabout/venue/6394/The-Governor-Hindmarsh.htm","20080123105719","200"
"http://www.fasterlouder.com.au:80/allabout/venue/6394/The_Governor_Hindmarsh","20080127162638","200"
"http://www.fasterlouder.com.au:80/allabout/venue/6461/Hyde_Park_Barracks","20080319104040","200"
"http://www.fasterlouder.com.au/allabout/venue/654319843/","20080720095758","200"
"http://www.fasterlouder.com.au/allabout/venue/654319843/.htm","20080724223206","200"
"http://www.fasterlouder.com.au/allabout/venue/654320859/The_Espy","20080724210644","200"
"http://www.fasterlouder.com.au:80/allabout/venue/654320987/Electric_Light_Hotel","20080129065028","200"
"http://www.fasterlouder.com.au:80/allabout/venue/654320987/secure-au.imrworldwide.com/","20080613204647","200"
"http://www.fasterlouder.com.au:80/allabout/venue/654320987/?city=1","20080613214207","200"
"http://www.fasterlouder.com.au:80/allabout/venue/654320987/?city=10","20080613214212","200"
"http://www.fasterlouder.com.au:80/allabout/venue/654320987/?city=11","20080613204618","200"
"http://www.fasterlouder.com.au:80/allabout/venue/654320987/?city=2","20080613204623","200"
"http://www.fasterlouder.com.au:80/allabout/venue/654320987/?city=3","20080613204626","200"
"http://www.fasterlouder.com.au:80/allabout/venue/654320987/?city=4","20080613204633","200"
"http://www.fasterlouder.com.au:80/allabout/venue/654320987/?city=5","20080613214217","200"
"http://www.fasterlouder.com.au:80/allabout/venue/654320987/?city=6","20080613214221","200"
"http://www.fasterlouder.com.au:80/allabout/venue/654320987/?city=7","20080613204637","200"
"http://www.fasterlouder.com.au:80/allabout/venue/654320987/?city=8","20080613214226","200"
"http://www.fasterlouder.com.au:80/allabout/venue/654320987/?city=9","20080613204644","200"
"http://www.fasterlouder.com.au:80/allabout/venue/654321027/Club_Phoenix","20080307154326","200"
"http://www.fasterlouder.com.au:80/allabout/venue/654321224/Peninsula-Lounge.htm","20080405221922","200"
"http://www.fasterlouder.com.au:80/allabout/venue/654321224/Peninsula_Lounge","20080406004040","200"
"http://www.fasterlouder.com.au/allabout/venue/654321318/The-Toff-In-Town.htm","20080725013352","200"
"http://www.fasterlouder.com.au:80/allabout/venue/654321526/fasterloudercomau","20080311093422","200"
"http://www.fasterlouder.com.au:80/allabout/venue/654321666/Rubys-Lounge.htm","20080331111735","200"
"http://www.fasterlouder.com.au:80/allabout/venue/654321666/Rubys_Lounge","20080405231836","200"
"http://www.fasterlouder.com.au:80/allabout/venue/654321740/Festival-hall.htm","20080407163012","200"
"http://www.fasterlouder.com.au/allabout/venue/654321740/Festival-hall.htm?city=1","20080723233114","200"
"http://www.fasterlouder.com.au/allabout/venue/654321740/Festival-hall.htm?city=11","20080723233213","200"
"http://www.fasterlouder.com.au/allabout/venue/654321740/Festival-hall.htm?city=2","20080723231734","200"
"http://www.fasterlouder.com.au/allabout/venue/654321740/Festival-hall.htm?city=3","20080723231701","200"
"http://www.fasterlouder.com.au/allabout/venue/654321740/Festival-hall.htm?city=4","20080723231802","200"
"http://www.fasterlouder.com.au/allabout/venue/654321740/Festival-hall.htm?city=5","20080723233143","200"
"http://www.fasterlouder.com.au/allabout/venue/654321740/Festival-hall.htm?city=6","20080723232934","200"
"http://www.fasterlouder.com.au/allabout/venue/654321740/Festival-hall.htm?city=7","20080723232601","200"
"http://www.fasterlouder.com.au/allabout/venue/654321740/Festival-hall.htm?city=9","20080723232136","200"
"http://www.fasterlouder.com.au:80/allabout/venue/654321759/The_Metro","20080307154331","200"
"http://www.fasterlouder.com.au:80/allabout/venue/654321820/The-Hifi-Bar.htm","20080615013710","200"
"http://www.fasterlouder.com.au:80/allabout/venue/654321957/Abercrombie_Hotel","20080307154337","200"
"http://www.fasterlouder.com.au:80/allabout/venue/654322035/south_sydney_juniors","20080319104044","200"
"http://www.fasterlouder.com.au/allabout/venue/654322049/The-Island-Party-Boat.htm","20080724214754","200"
"http://www.fasterlouder.com.au:80/allabout/venue/654322050/Bar_Soma","20080307154341","200"
"http://www.fasterlouder.com.au:80/allabout/venue/654322077/Gaelic_Theatre","20080319104049","200"
"http://www.fasterlouder.com.au:80/allabout/venue/654322105/Rubys-Lounge.htm","20080331103252","200"
"http://www.fasterlouder.com.au:80/allabout/venue/654322105/Rubys_Lounge","20080405223128","200"
"http://www.fasterlouder.com.au:80/allabout/venue/654322149/The_Step_Inn","20080307150409","200"
"http://www.fasterlouder.com.au:80/allabout/venue/654322183/Camberwell-Civic-Centre.htm","20080319070738","200"
"http://www.fasterlouder.com.au:80/allabout/venue/654322183/Camberwell_Civic_Centre","20080319104054","200"
"http://www.fasterlouder.com.au:80/allabout/venue/654322183/secure-au.imrworldwide.com/","20080514154706","200"
"http://www.fasterlouder.com.au:80/allabout/venue/654322183/?city=1","20080514154733","200"
"http://www.fasterlouder.com.au:80/allabout/venue/654322183/?city=10","20080514154737","200"
"http://www.fasterlouder.com.au:80/allabout/venue/654322183/?city=11","20080514154635","200"
"http://www.fasterlouder.com.au:80/allabout/venue/654322183/?city=2","20080514154742","200"
"http://www.fasterlouder.com.au:80/allabout/venue/654322183/?city=3","20080514154747","200"
"http://www.fasterlouder.com.au:80/allabout/venue/654322183/?city=4","20080514154640","200"
"http://www.fasterlouder.com.au:80/allabout/venue/654322183/?city=5","20080514154645","200"
"http://www.fasterlouder.com.au:80/allabout/venue/654322183/?city=6","20080514154650","200"
"http://www.fasterlouder.com.au:80/allabout/venue/654322183/?city=7","20080514154656","200"
"http://www.fasterlouder.com.au:80/allabout/venue/654322183/?city=8","20080514154753","200"
"http://www.fasterlouder.com.au:80/allabout/venue/654322183/?city=9","20080514154701","200"
"http://www.fasterlouder.com.au/allabout/venue/654322225/Phoenix","20080720104006","200"
"http://www.fasterlouder.com.au/allabout/venue/654322225/Phoenix.htm","20080721093236","200"
"http://www.fasterlouder.com.au:80/allabout/venue/654322332/Rosemount_Hotel","20080325033604","200"
"http://www.fasterlouder.com.au:80/allabout/venue/654322334/The-Oxford-Art-Factory.htm","20080506200730","200"
"http://www.fasterlouder.com.au:80/allabout/venue/654322334/The_Oxford_Art_Factory","20080319014540","200"
"http://www.fasterlouder.com.au:80/allabout/venue/654322335/Oxford_Art_Factory","20080319104100","200"
"http://www.fasterlouder.com.au:80/allabout/venue/654322357/Amplifier_Bar","20080325033631","200"
"http://www.fasterlouder.com.au:80/allabout/venue/654322446/Manning_Bar_Sydney_UNI","20080307073006","200"
"http://www.fasterlouder.com.au:80/allabout/venue/654322446/secure-au.imrworldwide.com/","20080627143156","200"
"http://www.fasterlouder.com.au:80/allabout/venue/654322446/?city=1","20080627141247","200"
"http://www.fasterlouder.com.au:80/allabout/venue/654322446/?city=10","20080627141250","200"
"http://www.fasterlouder.com.au:80/allabout/venue/654322446/?city=11","20080627141255","200"
"http://www.fasterlouder.com.au:80/allabout/venue/654322446/?city=2","20080627141300","200"
"http://www.fasterlouder.com.au:80/allabout/venue/654322446/?city=3","20080627141305","200"
"http://www.fasterlouder.com.au:80/allabout/venue/654322446/?city=4","20080627141311","200"
"http://www.fasterlouder.com.au:80/allabout/venue/654322446/?city=5","20080627141316","200"
"http://www.fasterlouder.com.au:80/allabout/venue/654322446/?city=6","20080627141321","200"
"http://www.fasterlouder.com.au:80/allabout/venue/654322446/?city=7","20080627141327","200"
"http://www.fasterlouder.com.au:80/allabout/venue/654322446/?city=8","20080627141332","200"
"http://www.fasterlouder.com.au:80/allabout/venue/654322446/?city=9","20080627143147","200"
"http://www.fasterlouder.com.au:80/allabout/venue/654322460/The_Beach_Rd_Hotel","20080319070743","200"
"http://www.fasterlouder.com.au:80/allabout/venue/654322461/Lorne","20080317065712","200"
"http://www.fasterlouder.com.au:80/allabout/venue/654322461/Lorne.htm","20080317142827","200"
"http://www.fasterlouder.com.au:80/allabout/venue/654322495/Capitol_Perth","20080325091327","200"
"http://www.fasterlouder.com.au:80/allabout/venue/654322509/Night-Train.htm","20080503212329","200"
"http://www.fasterlouder.com.au:80/allabout/venue/654322509/Night_Train","20080125062717","200"
"http://www.fasterlouder.com.au:80/allabout/venue/654322530/Melbourne_Showgrounds","20080311213520","200"
"http://www.fasterlouder.com.au:80/allabout/venue/654322562/Club-Capitol.htm","20080519084444","200"
"http://www.fasterlouder.com.au:80/allabout/venue/654322562/Club_Capitol","20080325095219","200"
"http://www.fasterlouder.com.au/allabout/venue/654322575/The-Bakery.htm","20080722180121","200"
"http://www.fasterlouder.com.au:80/allabout/venue/654322575/The_Bakery","20080325095229","200"
"http://www.fasterlouder.com.au:80/allabout/venue/654322576/Newport_Hotel","20080325095233","200"
"http://www.fasterlouder.com.au:80/allabout/venue/654322594/The-Evelyn-Hotel.htm","20080331094342","200"
"http://www.fasterlouder.com.au:80/allabout/venue/654322594/The_Evelyn_Hotel","20080331115710","200"
"http://www.fasterlouder.com.au:80/allabout/venue/654322607/Beach_Road_Hotel","20080319104105","200"
"http://www.fasterlouder.com.au:80/allabout/venue/654322645/Oxford-Arts-Factory.htm","20080408111127","200"
"http://www.fasterlouder.com.au:80/allabout/venue/654322645/Oxford_Arts_Factory","20080407175958","200"
"http://www.fasterlouder.com.au/allabout/venue/654322648/Perth-Esplanade.htm","20080722212204","200"
"http://www.fasterlouder.com.au:80/allabout/venue/654322720/The_Factory_Theatre","20080319104111","200"
"http://www.fasterlouder.com.au:80/allabout/venue/654322722/_The_Abercrombie_hotel","20080319104115","200"
"http://www.fasterlouder.com.au:80/allabout/venue/654322772/Brisbane_Jazz_Club","20080307150416","200"
"http://www.fasterlouder.com.au:80/allabout/venue/654322823/Swan-Hotel-Basement.htm","20080619082413","200"
"http://www.fasterlouder.com.au:80/allabout/venue/654322892/Supreme_Court_Gardens","20080325095240","200"
"http://www.fasterlouder.com.au:80/allabout/venue/654322974/Fly_by_Night_Musicians_Club","20080325095244","200"
"http://www.fasterlouder.com.au:80/allabout/venue/654322975/Fremantle_Arts_Centre","20080325095249","200"
"http://www.fasterlouder.com.au:80/allabout/venue/654323021/The-Prince-of-Wales.htm","20080615022044","200"
"http://www.fasterlouder.com.au:80/allabout/venue/654323116/Railway_Hotel","20080630055757","200"
"http://www.fasterlouder.com.au:80/allabout/venue/654323155/Sydney-Park.htm","20080511120946","200"
"http://www.fasterlouder.com.au:80/allabout/venue/654323155/Sydney_Park","20080307150419","200"
"http://www.fasterlouder.com.au:80/allabout/venue/654323189/Metro_Melbourne","20080405231841","200"
"http://www.fasterlouder.com.au:80/allabout/venue/654323256/Mojos_Bar","20080325095253","200"
"http://www.fasterlouder.com.au/allabout/venue/654323389/Sonar_Luna_Park","20080720103702","200"
"http://www.fasterlouder.com.au:80/allabout/venue/654323418/Empire_Hotel","20080319104122","200"
"http://www.fasterlouder.com.au:80/allabout/venue/654323443/Famous_Spiegeltent","20080319104126","200"
"http://www.fasterlouder.com.au:80/allabout/venue/654323742/Shark_Bar_Miami_Tavern","20080307154345","200"
"http://www.fasterlouder.com.au:80/allabout/venue/654323759/Fowlers_Live","20080129073109","200"
"http://www.fasterlouder.com.au:80/allabout/venue/654323768/Sunbury-Memorial-Hall.htm","20080511011059","200"
"http://www.fasterlouder.com.au:80/allabout/venue/654323768/Sunbury_Memorial_Hall","20080511061641","200"
"http://www.fasterlouder.com.au:80/allabout/venue/654323809/The_Ed_Castle","20080127120351","200"
"http://www.fasterlouder.com.au:80/allabout/venue/654323871/Bronte_Surf_Life_Saving_Club","20080319104130","200"
"http://www.fasterlouder.com.au:80/allabout/venue/654323956/Rocket_Bar","20080129065033","200"
"http://www.fasterlouder.com.au:80/allabout/venue/654324206/Devils_Kitchen_2008","20080307154351","200"
"http://www.fasterlouder.com.au:80/allabout/venue/654324338/Rocket_Bar","20080421011223","200"
"http://www.fasterlouder.com.au:80/allabout/venue/654324338/secure-au.imrworldwide.com/","20080422024635","200"
"http://www.fasterlouder.com.au:80/allabout/venue/654324338/?city=1","20080422024621","200"
"http://www.fasterlouder.com.au:80/allabout/venue/654324338/?city=10","20080422024625","200"
"http://www.fasterlouder.com.au:80/allabout/venue/654324338/?city=11","20080422024725","200"
"http://www.fasterlouder.com.au:80/allabout/venue/654324338/?city=2","20080422024732","200"
"http://www.fasterlouder.com.au:80/allabout/venue/654324338/?city=3","20080422024736","200"
"http://www.fasterlouder.com.au:80/allabout/venue/654324338/?city=4","20080422024740","200"
"http://www.fasterlouder.com.au:80/allabout/venue/654324338/?city=5","20080422024746","200"
"http://www.fasterlouder.com.au:80/allabout/venue/654324338/?city=6","20080422024751","200"
"http://www.fasterlouder.com.au:80/allabout/venue/654324338/?city=7","20080422024755","200"
"http://www.fasterlouder.com.au:80/allabout/venue/654324338/?city=8","20080422024802","200"
"http://www.fasterlouder.com.au:80/allabout/venue/654324338/?city=9","20080422024629","200"
"http://www.fasterlouder.com.au/allabout/venue/654324412/Palace-Theatre-formerly-Metro.htm","20080721080324","200"
"http://www.fasterlouder.com.au:80/allabout/venue/654324472/University_of_Canberra_Refectory","20080325033636","200"
"http://www.fasterlouder.com.au:80/allabout/venue/654324489/The_Forum","20080307154356","200"
"http://www.fasterlouder.com.au:80/allabout/venue/654324704/secure-au.imrworldwide.com/","20080513162838","200"
"http://www.fasterlouder.com.au:80/allabout/venue/654324704/The_Evelyn_Hotel","20080420061101","200"
"http://www.fasterlouder.com.au:80/allabout/venue/654324704/?city=1","20080513172442","200"
"http://www.fasterlouder.com.au:80/allabout/venue/654324704/?city=10","20080513162835","200"
"http://www.fasterlouder.com.au:80/allabout/venue/654324704/?city=11","20080507234457","200"
"http://www.fasterlouder.com.au:80/allabout/venue/654324704/?city=2","20080513175257","200"
"http://www.fasterlouder.com.au:80/allabout/venue/654324704/?city=3","20080513181256","200"
"http://www.fasterlouder.com.au:80/allabout/venue/654324704/?city=4","20080513182824","200"
"http://www.fasterlouder.com.au:80/allabout/venue/654324704/?city=5","20080513172445","200"
"http://www.fasterlouder.com.au:80/allabout/venue/654324704/?city=6","20080513165035","200"
"http://www.fasterlouder.com.au:80/allabout/venue/654324704/?city=7","20080513172450","200"
"http://www.fasterlouder.com.au:80/allabout/venue/654324704/?city=8","20080513182827","200"
"http://www.fasterlouder.com.au:80/allabout/venue/654324704/?city=9","20080507234502","200"
"http://www.fasterlouder.com.au:80/allabout/venue/654325276/Q_Bar","20080610023437","200"
"http://www.fasterlouder.com.au:80/allabout/venue/654325276/secure-au.imrworldwide.com/","20080612011029","200"
"http://www.fasterlouder.com.au:80/allabout/venue/654325276/?city=1","20080612010943","200"
"http://www.fasterlouder.com.au:80/allabout/venue/654325276/?city=10","20080612010947","200"
"http://www.fasterlouder.com.au:80/allabout/venue/654325276/?city=11","20080612010952","200"
"http://www.fasterlouder.com.au:80/allabout/venue/654325276/?city=2","20080612012849","200"
"http://www.fasterlouder.com.au:80/allabout/venue/654325276/?city=3","20080612010957","200"
"http://www.fasterlouder.com.au:80/allabout/venue/654325276/?city=4","20080612011003","200"
"http://www.fasterlouder.com.au:80/allabout/venue/654325276/?city=5","20080612011009","200"
"http://www.fasterlouder.com.au:80/allabout/venue/654325276/?city=6","20080612011014","200"
"http://www.fasterlouder.com.au:80/allabout/venue/654325276/?city=7","20080612012853","200"
"http://www.fasterlouder.com.au:80/allabout/venue/654325276/?city=8","20080612011019","200"
"http://www.fasterlouder.com.au:80/allabout/venue/654325276/?city=9","20080612011025","200"
"http://www.fasterlouder.com.au:80/allabout/venue/654325285/ACDC-Lane.htm","20080613063533","200"
"http://www.fasterlouder.com.au:80/allabout/venue/654325285/ACDC_Lane","20080613191812","200"
"http://www.fasterlouder.com.au:80/allabout/venue/654325440/Live-on-Light-Square.htm","20080618002415","200"
"http://www.fasterlouder.com.au:80/allabout/venue/654325440/Live_on_Light_Square","20080618023039","200"
"http://www.fasterlouder.com.au:80/allabout/venue/654325853/The-Rocket-Room.htm","20080612195408","200"
"http://www.fasterlouder.com.au:80/allabout/venue/654325853/The_Rocket_Room","20080612083801","200"
"http://www.fasterlouder.com.au/allabout/venue/654326715/Albert-Hall.htm","20080724194616","200"
"http://www.fasterlouder.com.au/allabout/venue/654326793/The-Palms-at-Crown.htm","20080724205949","200"
"http://www.fasterlouder.com.au/allabout/venue/654326793/The_Palms_at_Crown","20080724210606","200"
"http://www.fasterlouder.com.au/allabout/venue/654326816/Bar-32.htm","20080724201744","200"
"http://www.fasterlouder.com.au:80/allabout/venue/6650/Artrage_Bakery","20080325091333","200"
"http://www.fasterlouder.com.au/allabout/venue/6781/The-Agincourt.htm","20080723213650","200"
"http://www.fasterlouder.com.au:80/allabout/venue/6781/The_Agincourt","20080319104136","200"
"http://www.fasterlouder.com.au:80/allabout/venue/68/Becks_Festival_Bar","20080319104140","200"
"http://www.fasterlouder.com.au:80/allabout/venue/687/Ding_Dong_Lounge","20080406001016","200"
"http://www.fasterlouder.com.au:80/allabout/venue/7151/Thebarton-Theatre.htm","20080503212338","200"
"http://www.fasterlouder.com.au:80/allabout/venue/7151/Thebarton_Theatre","20080125063139","200"
"http://www.fasterlouder.com.au:80/allabout/venue/7273/The-Transit-Bar.htm","20080321110225","200"
"http://www.fasterlouder.com.au/allabout/venue/737/ANU-Refectory.htm","20080723202545","200"
"http://www.fasterlouder.com.au:80/allabout/venue/7419/Jive","20080127125905","200"
"http://www.fasterlouder.com.au/allabout/venue/7419/Jive.htm","20080724213426","200"
"http://www.fasterlouder.com.au:80/allabout/venue/7486/The_Grace_Emily","20080129065225","200"
"http://www.fasterlouder.com.au:80/allabout/venue/7516/Rocket_Bar","20080129063715","200"
"http://www.fasterlouder.com.au/allabout/venue/7521/ANU-Bar.htm","20080725011748","200"
"http://www.fasterlouder.com.au:80/allabout/venue/7521/ANU_Bar","20080406010410","200"
"http://www.fasterlouder.com.au:80/allabout/venue/7521/secure-au.imrworldwide.com/","20080408160035","200"
"http://www.fasterlouder.com.au:80/allabout/venue/7521/?city=1","20080408154654","200"
"http://www.fasterlouder.com.au:80/allabout/venue/7521/?city=10","20080408161851","200"
"http://www.fasterlouder.com.au:80/allabout/venue/7521/?city=11","20080408161855","200"
"http://www.fasterlouder.com.au:80/allabout/venue/7521/?city=4","20080408161900","200"
"http://www.fasterlouder.com.au:80/allabout/venue/7521/?city=5","20080408161904","200"
"http://www.fasterlouder.com.au:80/allabout/venue/7521/?city=6","20080408161909","200"
"http://www.fasterlouder.com.au:80/allabout/venue/7521/?city=9","20080408154700","200"
"http://www.fasterlouder.com.au:80/allabout/venue/7686/Chapel-Off-Chapel.htm","20080414223709","200"
"http://www.fasterlouder.com.au/allabout/venue/7700/Jade-Monkey.htm","20080724224515","200"
"http://www.fasterlouder.com.au:80/allabout/venue/7700/Jade_Monkey","20080129065041","200"
"http://www.fasterlouder.com.au:80/allabout/venue/7815/Enigma_Bar","20080129065048","200"
"http://www.fasterlouder.com.au:80/allabout/venue/7928/Acer-Arena.htm","20080229080505","200"
"http://www.fasterlouder.com.au/allabout/venue/7963/Sidney-Myer-Music-Bowl.htm","20080721093413","200"
"http://www.fasterlouder.com.au:80/allabout/venue/7980/Club_Capitol","20080325091340","200"
"http://www.fasterlouder.com.au:80/allabout/venue/8371/The_Gov","20080125062722","200"
"http://www.fasterlouder.com.au:80/allabout/venue/8435/Sandrigham_Hotel","20080319104145","200"
"http://www.fasterlouder.com.au:80/allabout/venue/8473/secure-au.imrworldwide.com/","20080215013831","200"
"http://www.fasterlouder.com.au:80/allabout/venue/8473/The-Enmore-Theatre.htm","20080213132806","200"
"http://www.fasterlouder.com.au:80/allabout/venue/8473/The_Enmore_Theatre","20080214191339","200"
"http://www.fasterlouder.com.au:80/allabout/venue/8473/?city=1","20080215013804","200"
"http://www.fasterlouder.com.au:80/allabout/venue/8473/?city=10","20080215013809","200"
"http://www.fasterlouder.com.au:80/allabout/venue/8473/?city=11","20080215012115","200"
"http://www.fasterlouder.com.au:80/allabout/venue/8473/?city=2","20080215012119","200"
"http://www.fasterlouder.com.au:80/allabout/venue/8473/?city=3","20080215013814","200"
"http://www.fasterlouder.com.au:80/allabout/venue/8473/?city=4","20080215012124","200"
"http://www.fasterlouder.com.au:80/allabout/venue/8473/?city=5","20080215013820","200"
"http://www.fasterlouder.com.au:80/allabout/venue/8473/?city=6","20080215013825","200"
"http://www.fasterlouder.com.au:80/allabout/venue/8473/?city=7","20080215012130","200"
"http://www.fasterlouder.com.au:80/allabout/venue/8473/?city=8","20080215012134","200"
"http://www.fasterlouder.com.au:80/allabout/venue/8473/?city=9","20080215012140","200"
"http://www.fasterlouder.com.au:80/allabout/venue/8535/Coolangatta_Hotel","20080307154403","200"
"http://www.fasterlouder.com.au:80/allabout/venue/866/Hi_Fi_Bar_The","20080406001743","200"
"http://www.fasterlouder.com.au:80/allabout/venue/872/Sydney-Entertainment-Centre.htm","20080203000247","200"
"http://www.fasterlouder.com.au:80/allabout/venue/872/Sydney_Entertainment_Centre","20080203073914","200"
"http://www.fasterlouder.com.au:80/allabout/venue/8856/Challenge_Stadium","20080325033646","200"
"http://www.fasterlouder.com.au:80/allabout/venue/9018/Robinson-Pavilion.htm","20080207123755","200"
"http://www.fasterlouder.com.au:80/allabout/venue/9018/Robinson_Pavilion","20080207190332","200"
"http://www.fasterlouder.com.au:80/allabout/venue/9083/The_State_Theatre","20080307154406","200"
"http://www.fasterlouder.com.au/allabout/venue/9098/Utopia_Records","20080720105207","200"
"http://www.fasterlouder.com.au:80/allabout/venue/9165/Factory_Theatre","20080319070751","200"
"http://www.fasterlouder.com.au/allabout/venue/919/Corner-Hotel.htm","20080724203836","200"
"http://www.fasterlouder.com.au:80/allabout/venue/919/Corner_Hotel","20080405221937","200"
"http://www.fasterlouder.com.au:80/allabout/venue/9220/The_Globe_Theatre","20080307150428","200"
"http://www.fasterlouder.com.au:80/allabout/venue/9223/Crown_and_Anchor","20080127125908","200"
"http://www.fasterlouder.com.au:80/allabout/venue/9295/River-Stage.htm","20080406001018","200"
"http://www.fasterlouder.com.au:80/allabout/venue/9385/Billboard.htm","20080323034332","200"
"http://www.fasterlouder.com.au:80/allabout/venue/A","20080229042614","200"
"http://www.fasterlouder.com.au/arcade","20080720093953","200"
"http://www.fasterlouder.com.au:80/article/13374/new_news_item","20080606052916","200"
"http://www.fasterlouder.com.au:80/bands/","20080221165721","200"
"http://www.fasterlouder.com.au:80/bands/0046motherfukkers","20080229112137","200"
"http://www.fasterlouder.com.au/bands/0046motherfukkers/join","20080722205518","200"
"http://www.fasterlouder.com.au:80/bands/A_Farewell_Momento","20080323034336","200"
"http://www.fasterlouder.com.au:80/bands/Acid_Eyeliner","20080127125914","200"
"http://www.fasterlouder.com.au/bands/Acid_Eyeliner/join","20080722193324","200"
"http://www.fasterlouder.com.au/bands/Almacknjack","20080722232215","200"
"http://www.fasterlouder.com.au/bands/Amity_Affliction","20080723234737","200"
"http://www.fasterlouder.com.au/bands/Amity_Affliction/join","20080723234807","200"
"http://www.fasterlouder.com.au/bands/Amy_Vee_and_The_Virtues/join","20080726021416","200"
"http://www.fasterlouder.com.au/bands/Analog_Mouse","20080720142835","200"
"http://www.fasterlouder.com.au:80/bands/Andi_and_George","20080326203457","200"
"http://www.fasterlouder.com.au:80/bands/Andi_and_George/gallery","20080327132809","200"
"http://www.fasterlouder.com.au/bands/Andrew_Swift","20080720120224","200"
"http://www.fasterlouder.com.au:80/bands/Anomaly","20080614204439","200"
"http://www.fasterlouder.com.au:80/bands/Another_Day_Down","20080606025311","200"
"http://www.fasterlouder.com.au:80/bands/Another_Day_Down/gallery","20080606052920","200"
"http://www.fasterlouder.com.au/bands/Anthem/join","20080723194537","200"
"http://www.fasterlouder.com.au/bands/Aphras_Cat","20080720134314","200"
"http://www.fasterlouder.com.au:80/bands/Architecture_In_Helsinki","20080229080513","200"
"http://www.fasterlouder.com.au/bands/Architecture_In_Helsinki/join","20080724212933","200"
"http://www.fasterlouder.com.au:80/bands/Arkiah","20080219160103","200"
"http://www.fasterlouder.com.au:80/bands/Arlington","20080616114312","200"
"http://www.fasterlouder.com.au/bands/Army_Ant","20080721050050","200"
"http://www.fasterlouder.com.au/bands/Army_Ant/join","20080721050141","200"
"http://www.fasterlouder.com.au:80/bands/Art_Of_Fighting","20080129065230","200"
"http://www.fasterlouder.com.au/bands/AT/join","20080723194930","200"
"http://www.fasterlouder.com.au:80/bands/Avalon_Drive","20080210063952","200"
"http://www.fasterlouder.com.au/bands/Avalon_Drive/join","20080724200306","200"
"http://www.fasterlouder.com.au:80/bands/Beautiful_World","20080614204445","200"
"http://www.fasterlouder.com.au:80/bands/Bellusira","20080327114411","200"
"http://www.fasterlouder.com.au:80/bands/bernee","20080414210409","200"
"http://www.fasterlouder.com.au/bands/BIFF_co_","20080721070649","200"
"http://www.fasterlouder.com.au/bands/BIFF_co_/join","20080721070800","200"
"http://www.fasterlouder.com.au:80/bands/BIT_BY_BATS","20080131224440","200"
"http://www.fasterlouder.com.au:80/bands/bjjkm","20080229180035","200"
"http://www.fasterlouder.com.au/bands/bjjkm/join","20080721074947","200"
"http://www.fasterlouder.com.au:80/bands/blackbelt","20080405235459","200"
"http://www.fasterlouder.com.au:80/bands/Blatherskite","20080609054010","200"
"http://www.fasterlouder.com.au:80/bands/Blood_Union","20080323175258","200"
"http://www.fasterlouder.com.au:80/bands/BloodFist","20080219160117","200"
"http://www.fasterlouder.com.au/bands/bluejuice","20080724210333","200"
"http://www.fasterlouder.com.au/bands/bluejuice/join","20080724210528","200"
"http://www.fasterlouder.com.au/bands/BoWsER","20080721064340","200"
"http://www.fasterlouder.com.au/bands/BoWsER/join","20080721064526","200"
"http://www.fasterlouder.com.au/bands/browse/youlllike","20080720094842","200"
"http://www.fasterlouder.com.au:80/bands/browse/Z","20080226211315","200"
"http://www.fasterlouder.com.au:80/bands/browse/?city=1","20080127120416","200"
"http://www.fasterlouder.com.au:80/bands/browse/?city=10","20080127124910","200"
"http://www.fasterlouder.com.au:80/bands/browse/?city=11","20080127132410","200"
"http://www.fasterlouder.com.au:80/bands/browse/?city=2","20080127132416","200"
"http://www.fasterlouder.com.au:80/bands/browse/?city=3","20080127125933","200"
"http://www.fasterlouder.com.au:80/bands/browse/?city=4","20080127125941","200"
"http://www.fasterlouder.com.au:80/bands/browse/?city=5","20080127124917","200"
"http://www.fasterlouder.com.au:80/bands/browse/?city=6","20080127125948","200"
"http://www.fasterlouder.com.au:80/bands/browse/?city=7","20080127120427","200"
"http://www.fasterlouder.com.au:80/bands/browse/?city=8","20080127132423","200"
"http://www.fasterlouder.com.au:80/bands/browse/?city=9","20080127124923","200"
"http://www.fasterlouder.com.au:80/bands/Bull_Fight_In_Mexico","20080621024356","200"
"http://www.fasterlouder.com.au/bands/Bull_Fight_In_Mexico/join","20080721061622","200"
"http://www.fasterlouder.com.au/bands/Bunniboiler_Music","20080722234114","200"
"http://www.fasterlouder.com.au/bands/Bunniboiler_Music/join","20080722234148","200"
"http://www.fasterlouder.com.au/bands/Butcher_Birds/join","20080722200531","200"
"http://www.fasterlouder.com.au:80/bands/Cassette_Kids","20080309190710","200"
"http://www.fasterlouder.com.au:80/bands/Cassette_Kids/gallery","20080311093425","200"
"http://www.fasterlouder.com.au:80/bands/Cassette_Kids/join","20080309201649","200"
"http://www.fasterlouder.com.au:80/bands/Cassette_Kids/secure-au.imrworldwide.com/","20080311120626","200"
"http://www.fasterlouder.com.au:80/bands/Cassette_Kids/?city=1","20080311120546","200"
"http://www.fasterlouder.com.au:80/bands/Cassette_Kids/?city=10","20080311115309","200"
"http://www.fasterlouder.com.au:80/bands/Cassette_Kids/?city=11","20080311120551","200"
"http://www.fasterlouder.com.au:80/bands/Cassette_Kids/?city=2","20080311120556","200"
"http://www.fasterlouder.com.au:80/bands/Cassette_Kids/?city=3","20080311120601","200"
"http://www.fasterlouder.com.au:80/bands/Cassette_Kids/?city=4","20080311120606","200"
"http://www.fasterlouder.com.au:80/bands/Cassette_Kids/?city=5","20080311115314","200"
"http://www.fasterlouder.com.au:80/bands/Cassette_Kids/?city=6","20080311120611","200"
"http://www.fasterlouder.com.au:80/bands/Cassette_Kids/?city=7","20080311120616","200"
"http://www.fasterlouder.com.au:80/bands/Cassette_Kids/?city=8","20080311120621","200"
"http://www.fasterlouder.com.au:80/bands/Cassette_Kids/?city=9","20080311115319","200"
"http://www.fasterlouder.com.au/bands/Cast___Crew","20080721050433","200"
"http://www.fasterlouder.com.au/bands/Cast___Crew/join","20080721050633","200"
"http://www.fasterlouder.com.au:80/bands/Chamberland","20080609054016","200"
"http://www.fasterlouder.com.au/bands/Chamberland/join","20080721062632","200"
"http://www.fasterlouder.com.au/bands/Children_Collide/join","20080726021104","200"
"http://www.fasterlouder.com.au:80/bands/Clockwork","20080616114318","200"
"http://www.fasterlouder.com.au/bands/Colourblind","20080720145714","200"
"http://www.fasterlouder.com.au:80/bands/Colt_45","20080616111053","200"
"http://www.fasterlouder.com.au:80/bands/Cool_Weapon","20080127124900","200"
"http://www.fasterlouder.com.au:80/bands/Corrie_James","20080207190337","200"
"http://www.fasterlouder.com.au:80/bands/create","20080224165416","200"
"http://www.fasterlouder.com.au:80/bands/CREECH","20080331095307","200"
"http://www.fasterlouder.com.au:80/bands/Da_Shaun","20080321134536","200"
"http://www.fasterlouder.com.au:80/bands/Damian_K_Sheiles","20080311022944","200"
"http://www.fasterlouder.com.au:80/bands/debbie","20080327132817","200"
"http://www.fasterlouder.com.au/bands/debbie/join","20080723194855","200"
"http://www.fasterlouder.com.au:80/bands/Decipher","20080609054020","200"
"http://www.fasterlouder.com.au:80/bands/Decrepit_Sun","20080609054024","200"
"http://www.fasterlouder.com.au:80/bands/Die_Magic_Band","20080621024403","200"
"http://www.fasterlouder.com.au:80/bands/Drop_Forged","20080321135900","200"
"http://www.fasterlouder.com.au/bands/Dukes_of_Windsor","20080724223410","200"
"http://www.fasterlouder.com.au/bands/Dukes_of_Windsor/join","20080724223450","200"
"http://www.fasterlouder.com.au:80/bands/El_Honeyflood","20080331101316","200"
"http://www.fasterlouder.com.au/bands/Eldest_Son/join","20080722202822","200"
"http://www.fasterlouder.com.au:80/bands/Emma_Davis","20080607171732","200"
"http://www.fasterlouder.com.au:80/bands/Entropy","20080219160122","200"
"http://www.fasterlouder.com.au:80/bands/Escaping_Vaudeville","20080604031936","200"
"http://www.fasterlouder.com.au/bands/Expatriate/join","20080722203142","200"
"http://www.fasterlouder.com.au:80/bands/FALLACY","20080331114721","200"
"http://www.fasterlouder.com.au/bands/Falling_Short/join","20080722195957","200"
"http://www.fasterlouder.com.au/bands/Finabah/join","20080726021015","200"
"http://www.fasterlouder.com.au/bands/Fire_Santa_Rosa_Fire/join","20080722194323","200"
"http://www.fasterlouder.com.au/bands/Fire_Underground/join","20080722204642","200"
"http://www.fasterlouder.com.au:80/bands/Flames_Go_Higher","20080219160127","200"
"http://www.fasterlouder.com.au:80/bands/Flames_Go_Higher__Sydney_Chapter_","20080219160132","200"
"http://www.fasterlouder.com.au:80/bands/Floating_Roach","20080609054029","200"
"http://www.fasterlouder.com.au/bands/Forgotten_Splendor","20080720135950","200"
"http://www.fasterlouder.com.au:80/bands/Franklin_For_Short","20080227203418","200"
"http://www.fasterlouder.com.au/bands/future_love","20080720144721","200"
"http://www.fasterlouder.com.au/bands/gonzo_press","20080720135834","200"
"http://www.fasterlouder.com.au:80/bands/good_little_fox","20080612012857","200"
"http://www.fasterlouder.com.au:80/bands/Goodbye_Fiction","20080604031941","200"
"http://www.fasterlouder.com.au/bands/Gotye","20080724233753","200"
"http://www.fasterlouder.com.au/bands/Gotye/join","20080724233830","200"
"http://www.fasterlouder.com.au/bands/Grubenstyle/join","20080722211436","200"
"http://www.fasterlouder.com.au:80/bands/Gyroscope","20080128155439","200"
"http://www.fasterlouder.com.au:80/bands/Gyroscope/gallery","20080204011455","200"
"http://www.fasterlouder.com.au:80/bands/Gyroscope/join","20080128195804","200"
"http://www.fasterlouder.com.au:80/bands/Gyroscope/secure-au.imrworldwide.com/","20080204015231","200"
"http://www.fasterlouder.com.au:80/bands/Gyroscope/?city=1","20080204011948","200"
"http://www.fasterlouder.com.au:80/bands/Gyroscope/?city=10","20080204011449","200"
"http://www.fasterlouder.com.au:80/bands/Gyroscope/?city=11","20080204012953","200"
"http://www.fasterlouder.com.au:80/bands/Gyroscope/?city=2","20080204015219","200"
"http://www.fasterlouder.com.au:80/bands/Gyroscope/?city=3","20080204014608","200"
"http://www.fasterlouder.com.au:80/bands/Gyroscope/?city=4","20080204012958","200"
"http://www.fasterlouder.com.au:80/bands/Gyroscope/?city=5","20080204011953","200"
"http://www.fasterlouder.com.au:80/bands/Gyroscope/?city=6","20080204014613","200"
"http://www.fasterlouder.com.au:80/bands/Gyroscope/?city=7","20080204015224","200"
"http://www.fasterlouder.com.au:80/bands/Gyroscope/?city=8","20080204013004","200"
"http://www.fasterlouder.com.au:80/bands/Gyroscope/?city=9","20080204013009","200"
"http://www.fasterlouder.com.au/bands/Hancock_Basement/join","20080722210348","200"
"http://www.fasterlouder.com.au/bands/HAZMAT/join","20080722210007","200"
"http://www.fasterlouder.com.au/bands/HEAD_OF_STATE/join","20080723194505","200"
"http://www.fasterlouder.com.au:80/bands/Highway_Outlaw/gallery","20080226210036","200"
"http://www.fasterlouder.com.au/bands/HorsellCommon/join","20080723194224","200"
"http://www.fasterlouder.com.au:80/bands/HOT_BOX","20080229080516","200"
"http://www.fasterlouder.com.au:80/bands/I_Heart_Hiroshima","20080331105913","200"
"http://www.fasterlouder.com.au:80/bands/ill_prepared","20080527061333","200"
"http://www.fasterlouder.com.au:80/bands/Jack_Nasty_Face","20080621024738","200"
"http://www.fasterlouder.com.au:80/bands/Jetty_Road","20080207190341","200"
"http://www.fasterlouder.com.au/bands/Kelly_Ophel","20080720145832","200"
"http://www.fasterlouder.com.au/bands/KILL_THE_CAPITOL/join","20080726021302","200"
"http://www.fasterlouder.com.au:80/bands/Killstar/gallery","20080125062726","200"
"http://www.fasterlouder.com.au:80/bands/Killstar/join","20080229113407","200"
"http://www.fasterlouder.com.au:80/bands/Killstar/secure-au.imrworldwide.com/","20080127131807","200"
"http://www.fasterlouder.com.au:80/bands/Killstar/?city=1","20080127131752","200"
"http://www.fasterlouder.com.au:80/bands/Killstar/?city=10","20080127131757","200"
"http://www.fasterlouder.com.au:80/bands/Killstar/?city=11","20080127125916","200"
"http://www.fasterlouder.com.au:80/bands/Killstar/?city=2","20080127120858","200"
"http://www.fasterlouder.com.au:80/bands/Killstar/?city=3","20080127120354","200"
"http://www.fasterlouder.com.au:80/bands/Killstar/?city=4","20080127120903","200"
"http://www.fasterlouder.com.au:80/bands/Killstar/?city=5","20080127120908","200"
"http://www.fasterlouder.com.au:80/bands/Killstar/?city=6","20080127131802","200"
"http://www.fasterlouder.com.au:80/bands/Killstar/?city=7","20080127122008","200"
"http://www.fasterlouder.com.au:80/bands/Killstar/?city=8","20080127125921","200"
"http://www.fasterlouder.com.au:80/bands/Killstar/?city=9","20080127113823","200"
"http://www.fasterlouder.com.au:80/bands/King_Farook","20080331105029","200"
"http://www.fasterlouder.com.au/bands/Lemonsmile","20080720142023","200"
"http://www.fasterlouder.com.au:80/bands/lifelessalar,","20080604031952","200"
"http://www.fasterlouder.com.au:80/bands/Light_At_Days_End","20080331110750","200"
"http://www.fasterlouder.com.au/bands/Little_Red/join","20080726021520","200"
"http://www.fasterlouder.com.au/bands/LORD/join","20080726020917","200"
"http://www.fasterlouder.com.au:80/bands/Los_Alamos","20080614013915","200"
"http://www.fasterlouder.com.au:80/bands/Los_Alamos/secure-au.imrworldwide.com/","20080616114400","200"
"http://www.fasterlouder.com.au:80/bands/Los_Alamos/?city=1","20080616114320","200"
"http://www.fasterlouder.com.au:80/bands/Los_Alamos/?city=10","20080616114325","200"
"http://www.fasterlouder.com.au:80/bands/Los_Alamos/?city=11","20080616114333","200"
"http://www.fasterlouder.com.au:80/bands/Los_Alamos/?city=2","20080616114335","200"
"http://www.fasterlouder.com.au:80/bands/Los_Alamos/?city=3","20080616111056","200"
"http://www.fasterlouder.com.au:80/bands/Los_Alamos/?city=4","20080616114340","200"
"http://www.fasterlouder.com.au:80/bands/Los_Alamos/?city=5","20080616111101","200"
"http://www.fasterlouder.com.au:80/bands/Los_Alamos/?city=6","20080616114345","200"
"http://www.fasterlouder.com.au:80/bands/Los_Alamos/?city=7","20080616114350","200"
"http://www.fasterlouder.com.au:80/bands/Los_Alamos/?city=8","20080616114355","200"
"http://www.fasterlouder.com.au:80/bands/Los_Alamos/?city=9","20080616111106","200"
"http://www.fasterlouder.com.au/bands/Lost_Models","20080704051550","200"
"http://www.fasterlouder.com.au/bands/Man_Bites_God","20080516075315","200"
"http://www.fasterlouder.com.au:80/bands/MARY_TREMbLES","20080127122015","200"
"http://www.fasterlouder.com.au/bands/MARY_TREMbLES/join","20080722200157","200"
"http://www.fasterlouder.com.au:80/bands/Me_vs__You","20080331125400","200"
"http://www.fasterlouder.com.au:80/bands/Memorandom","20080616114410","200"
"http://www.fasterlouder.com.au:80/bands/Memoriam","20080718032848","200"
"http://www.fasterlouder.com.au/bands/mercurial","20080722230323","200"
"http://www.fasterlouder.com.au/bands/mercurial/join","20080722230350","200"
"http://www.fasterlouder.com.au:80/bands/Modern_Joy","20080627195621","200"
"http://www.fasterlouder.com.au/bands/Mojorising","20080704052146","200"
"http://www.fasterlouder.com.au:80/bands/Monster_Gale","20080228001430","200"
"http://www.fasterlouder.com.au/bands/Mt_Augustus","20080721075534","200"
"http://www.fasterlouder.com.au/bands/Mt_Augustus/join","20080721075617","200"
"http://www.fasterlouder.com.au:80/bands/Mushroom_Giant","20080227203208","200"
"http://www.fasterlouder.com.au:80/bands/National_Airlines","20080125062732","200"
"http://www.fasterlouder.com.au/bands/National_Airlines/join","20080722194848","200"
"http://www.fasterlouder.com.au:80/bands/Neon_Dreams","20080616111114","200"
"http://www.fasterlouder.com.au/bands/never","20080721054504","200"
"http://www.fasterlouder.com.au/bands/NUCLEUS/join","20080722192453","200"
"http://www.fasterlouder.com.au/bands/Ol_Bouginvillea","20080721053815","200"
"http://www.fasterlouder.com.au:80/bands/One_Bud_Wiser","20080508195634","200"
"http://www.fasterlouder.com.au:80/bands/One_Bud_Wiser/gallery","20080510060351","200"
"http://www.fasterlouder.com.au:80/bands/Ooh_La_La","20080311142905","200"
"http://www.fasterlouder.com.au:80/bands/Our_Last_Enemy","20080321135905","200"
"http://www.fasterlouder.com.au:80/bands/Panorama","20080607171735","200"
"http://www.fasterlouder.com.au/bands/Panorama/join","20080721080608","200"
"http://www.fasterlouder.com.au:80/bands/Paper_Champion","20080614204451","200"
"http://www.fasterlouder.com.au/bands/Paper_Champion/join","20080723194426","200"
"http://www.fasterlouder.com.au:80/bands/Parkway_Drive","20080125190634","200"
"http://www.fasterlouder.com.au:80/bands/pleasant_valley","20080405234719","200"
"http://www.fasterlouder.com.au:80/bands/Pomomofo","20080127132354","200"
"http://www.fasterlouder.com.au/bands/Pomomofo/join","20080722211107","200"
"http://www.fasterlouder.com.au/bands/quiet_the_few","20080720134532","200"
"http://www.fasterlouder.com.au/bands/Reflector/join","20080722194018","200"
"http://www.fasterlouder.com.au:80/bands/Repeat_Offender","20080529001001","200"
"http://www.fasterlouder.com.au/bands/Repeat_Offender/join","20080722203957","200"
"http://www.fasterlouder.com.au/bands/Returns","20080720135248","200"
"http://www.fasterlouder.com.au:80/bands/RobotVsBird","20080621024410","200"
"http://www.fasterlouder.com.au/bands/Rocket_Science","20080724202645","200"
"http://www.fasterlouder.com.au/bands/Rocket_Science/join","20080722212136","200"
"http://www.fasterlouder.com.au:80/bands/Rocketsmiths","20080616114415","200"
"http://www.fasterlouder.com.au/bands/Rooftop_Nightwatch","20080721071905","200"
"http://www.fasterlouder.com.au/bands/Rooftop_Nightwatch/join","20080721071939","200"
"http://www.fasterlouder.com.au:80/bands/Sanctity_in_Chaos","20080219160142","200"
"http://www.fasterlouder.com.au/bands/Sargent_Sapphire","20080721070828","200"
"http://www.fasterlouder.com.au/bands/Sargent_Sapphire/join","20080721070937","200"
"http://www.fasterlouder.com.au:80/bands/Scattered_the_band","20080604031946","200"
"http://www.fasterlouder.com.au:80/bands/Schadenfreude","20080319070755","200"
"http://www.fasterlouder.com.au/bands/search","20080720092109","200"
"http://www.fasterlouder.com.au:80/bands/search/interests/each%20other.%20Andi's%20influences%20are%20Mihirangi.%20Clare%20Bowditch.%20Jill%20Scott.%20Aretha%20Franklin.","20080327133216","200"
"http://www.fasterlouder.com.au:80/bands/search/interests/Greenday","20080510134931","200"
"http://www.fasterlouder.com.au:80/bands/search/interests/Living%20End","20080418022735","200"
"http://www.fasterlouder.com.au:80/bands/search/interests/Millencollin","20080510134936","200"
"http://www.fasterlouder.com.au:80/bands/search/interests/No%20Fun%20At%20All","20080510134941","200"
"http://www.fasterlouder.com.au:80/bands/search/interests/Randy%20Newman","20080418021025","200"
"http://www.fasterlouder.com.au:80/bands/search/interests/Skunk%20Anansie","20080127120914","200"
"http://www.fasterlouder.com.au:80/bands/search/interests/Soul%20Fly","20080510134946","200"
"http://www.fasterlouder.com.au:80/bands/search/interests/Stevie%20Ray%20Vaughn","20080229120004","200"
"http://www.fasterlouder.com.au:80/bands/search/interests/Stevie%20Wonder","20080229121251","200"
"http://www.fasterlouder.com.au:80/bands/secure-au.imrworldwide.com/","20080221165742","200"
"http://www.fasterlouder.com.au/bands/Seneki","20080720135550","200"
"http://www.fasterlouder.com.au:80/bands/shake","20080621024429","200"
"http://www.fasterlouder.com.au/bands/shake/join","20080721054051","200"
"http://www.fasterlouder.com.au:80/bands/shiftlock","20080219160146","200"
"http://www.fasterlouder.com.au:80/bands/Shihad","20080227233135","200"
"http://www.fasterlouder.com.au:80/bands/Shoebox","20080227203214","200"
"http://www.fasterlouder.com.au/bands/Skybombers","20080704051157","200"
"http://www.fasterlouder.com.au:80/bands/Snowman","20080319104151","200"
"http://www.fasterlouder.com.au/bands/Snowman/join","20080722212423","200"
"http://www.fasterlouder.com.au:80/bands/spaceticket","20080717042316","200"
"http://www.fasterlouder.com.au/bands/Stealing_Oneal","20080723235010","200"
"http://www.fasterlouder.com.au/bands/Stealing_Oneal/join","20080723235105","200"
"http://www.fasterlouder.com.au/bands/Super_Massive","20080720145206","200"
"http://www.fasterlouder.com.au/bands/Swipe_Inc/join","20080726021132","200"
"http://www.fasterlouder.com.au/bands/Sydonia/join","20080726021230","200"
"http://www.fasterlouder.com.au/bands/Taberah/join","20080722201257","200"
"http://www.fasterlouder.com.au:80/bands/Table_And_Chair","20080406004804","200"
"http://www.fasterlouder.com.au:80/bands/The_Arrogance","20080612011035","200"
"http://www.fasterlouder.com.au/bands/The_Black_Arts/join","20080722201813","200"
"http://www.fasterlouder.com.au/bands/The_Black_Stars","20080720134501","200"
"http://www.fasterlouder.com.au/bands/The_Blush_Foundation","20080723203827","200"
"http://www.fasterlouder.com.au/bands/The_Blush_Foundation/join","20080723203909","200"
"http://www.fasterlouder.com.au:80/bands/The_Borderland","20080331102248","200"
"http://www.fasterlouder.com.au/bands/THE_BRAIN_STUDIOS","20080723234017","200"
"http://www.fasterlouder.com.au/bands/THE_BRAIN_STUDIOS/join","20080723234101","200"
"http://www.fasterlouder.com.au:80/bands/The_Bullet_Holes","20080616114424","200"
"http://www.fasterlouder.com.au:80/bands/The_Cheats","20080621024419","200"
"http://www.fasterlouder.com.au/bands/The_Filthy_Steppers","20080723000644","200"
"http://www.fasterlouder.com.au/bands/The_Filthy_Steppers/join","20080723000721","200"
"http://www.fasterlouder.com.au/bands/The_Foreign_Electric","20080720134110","200"
"http://www.fasterlouder.com.au/bands/The_Greenmatics","20080720142306","200"
"http://www.fasterlouder.com.au:80/bands/The_Living_End","20080620031044","200"
"http://www.fasterlouder.com.au/bands/The_Living_End/join","20080723194606","200"
"http://www.fasterlouder.com.au/bands/The_Magic_Hands","20080720142720","200"
"http://www.fasterlouder.com.au/bands/The_Mania/join","20080722211901","200"
"http://www.fasterlouder.com.au:80/bands/The_Mark_Of_Cain","20080227233144","200"
"http://www.fasterlouder.com.au/bands/The_Mark_Of_Cain/join","20080724233114","200"
"http://www.fasterlouder.com.au/bands/The_Mask_Of_God","20080721070024","200"
"http://www.fasterlouder.com.au/bands/The_Mask_Of_God/join","20080721070224","200"
"http://www.fasterlouder.com.au/bands/The_Matchless_Armada","20080720140033","200"
"http://www.fasterlouder.com.au/bands/The_Medicated","20080720145520","200"
"http://www.fasterlouder.com.au:80/bands/The_Red_Book_Comics","20080607171741","200"
"http://www.fasterlouder.com.au:80/bands/The_Red_Paintings","20080227233154","200"
"http://www.fasterlouder.com.au:80/bands/The_Rex_Wicked","20080616114432","200"
"http://www.fasterlouder.com.au:80/bands/The_Seks","20080226123438","200"
"http://www.fasterlouder.com.au:80/bands/The_Seks/gallery","20080229114826","200"
"http://www.fasterlouder.com.au/bands/The_Self-Harmonisers","20080724000732","200"
"http://www.fasterlouder.com.au/bands/The_Self-Harmonisers/gallery","20080724193719","200"
"http://www.fasterlouder.com.au/bands/The_Self-Harmonisers/join","20080727095311","200"
"http://www.fasterlouder.com.au/bands/The_Stukas","20080721050808","200"
"http://www.fasterlouder.com.au:80/bands/The_Sweats","20080621024423","200"
"http://www.fasterlouder.com.au/bands/The_Transients","20080720142755","200"
"http://www.fasterlouder.com.au:80/bands/The_Turpentiners","20080607171745","200"
"http://www.fasterlouder.com.au/bands/The_Vans","20080720135617","200"
"http://www.fasterlouder.com.au/bands/The_Vans/join","20080723194656","200"
"http://www.fasterlouder.com.au/bands/The_Vasco_Era","20080724201513","200"
"http://www.fasterlouder.com.au/bands/The_Vasco_Era/join","20080724201632","200"
"http://www.fasterlouder.com.au:80/bands/The_Villainares","20080319070758","200"
"http://www.fasterlouder.com.au/bands/The_Villains_Of_Wilhelm/join","20080722191426","200"
"http://www.fasterlouder.com.au:80/bands/The_Vines","20080229120001","200"
"http://www.fasterlouder.com.au/bands/The_Vines/join","20080724215537","200"
"http://www.fasterlouder.com.au/bands/The_Waithering/join","20080722212912","200"
"http://www.fasterlouder.com.au:80/bands/The_Watt_Riot","20080527084735","200"
"http://www.fasterlouder.com.au:80/bands/The_Zerg","20080621024742","200"
"http://www.fasterlouder.com.au/bands/throwingknives","20080721055125","200"
"http://www.fasterlouder.com.au/bands/throwingknives/join","20080721055156","200"
"http://www.fasterlouder.com.au/bands/Tiff_and_The_Kids","20080723235432","200"
"http://www.fasterlouder.com.au/bands/Tiff_and_The_Kids/gallery","20080724224314","200"
"http://www.fasterlouder.com.au/bands/Tiff_and_The_Kids/join","20080720005705","200"
"http://www.fasterlouder.com.au/bands/Tiff_and_The_Kids/join?city=1","20080727103936","200"
"http://www.fasterlouder.com.au/bands/Tiff_and_The_Kids/join?city=10","20080727103723","200"
"http://www.fasterlouder.com.au/bands/Tiff_and_The_Kids/join?city=11","20080727103604","200"
"http://www.fasterlouder.com.au/bands/Tiff_and_The_Kids/join?city=2","20080727103824","200"
"http://www.fasterlouder.com.au/bands/Tiff_and_The_Kids/join?city=3","20080727103227","200"
"http://www.fasterlouder.com.au/bands/Tiff_and_The_Kids/join?city=4","20080727103337","200"
"http://www.fasterlouder.com.au/bands/Tiff_and_The_Kids/join?city=5","20080727103412","200"
"http://www.fasterlouder.com.au/bands/Tiff_and_The_Kids/join?city=6","20080727103454","200"
"http://www.fasterlouder.com.au/bands/Tiff_and_The_Kids/join?city=7","20080727103858","200"
"http://www.fasterlouder.com.au/bands/Tiff_and_The_Kids/join?city=8","20080727103652","200"
"http://www.fasterlouder.com.au/bands/Tiff_and_The_Kids/join?city=9","20080727104006","200"
"http://www.fasterlouder.com.au:80/bands/Tilly_and_the_Wall","20080229113842","200"
"http://www.fasterlouder.com.au/bands/Tom_Ugly","20080723001151","200"
"http://www.fasterlouder.com.au/bands/Tom_Ugly/join","20080723001341","200"
"http://www.fasterlouder.com.au/bands/tree","20080724195137","200"
"http://www.fasterlouder.com.au/bands/tree/join","20080724195212","200"
"http://www.fasterlouder.com.au:80/bands/Trepanning","20080229080523","200"
"http://www.fasterlouder.com.au:80/bands/Varliiba","20080331105035","200"
"http://www.fasterlouder.com.au/bands/Varliiba/join","20080721062137","200"
"http://www.fasterlouder.com.au/bands/Vaudeville/join","20080723194726","200"
"http://www.fasterlouder.com.au:80/bands/VelvetMojo","20080331103302","200"
"http://www.fasterlouder.com.au:80/bands/Winterun","20080609054040","200"
"http://www.fasterlouder.com.au:80/bands/Wolf_and_Cub","20080311022953","200"
"http://www.fasterlouder.com.au/bands/Words_to_That_Effect","20080723234314","200"
"http://www.fasterlouder.com.au/bands/Words_to_That_Effect/join","20080723234336","200"
"http://www.fasterlouder.com.au/bands/WOW_Sydney","20080720142231","200"
"http://www.fasterlouder.com.au:80/bands/Written_In_Ink","20080229175729","200"
"http://www.fasterlouder.com.au:80/bands/Young_and_Restless","20080127132359","200"
"http://www.fasterlouder.com.au/bands/Young_and_Restless/join","20080722194503","200"
"http://www.fasterlouder.com.au/bands/Yves_Klein_Blue","20080724195706","200"
"http://www.fasterlouder.com.au/bands/Yves_Klein_Blue/join","20080724195835","200"
"http://www.fasterlouder.com.au:80/bands/?city=1","20080221083639","200"
"http://www.fasterlouder.com.au:80/bands/?city=10","20080221083644","200"
"http://www.fasterlouder.com.au:80/bands/?city=11","20080221165741","200"
"http://www.fasterlouder.com.au:80/bands/?city=2","20080221083648","200"
"http://www.fasterlouder.com.au:80/bands/?city=3","20080221083656","200"
"http://www.fasterlouder.com.au:80/bands/?city=4","20080221083710","200"
"http://www.fasterlouder.com.au:80/bands/?city=5","20080221083716","200"
"http://www.fasterlouder.com.au:80/bands/?city=6","20080221083720","200"
"http://www.fasterlouder.com.au:80/bands/?city=7","20080221083726","200"
"http://www.fasterlouder.com.au:80/bands/?city=8","20080221083740","200"
"http://www.fasterlouder.com.au:80/bands/?city=9","20080221083756","200"
"http://www.fasterlouder.com.au:80/blogs/","20080323120902","200"
"http://www.fasterlouder.com.au:80/blogs/?module=Content&action=Homepage&theme=blogs","20080224165421","200"
"http://www.fasterlouder.com.au/blogs/?city=1","20080720113343","200"
"http://www.fasterlouder.com.au/blogs/?city=10","20080720113444","200"
"http://www.fasterlouder.com.au/blogs/?city=11","20080720113852","200"
"http://www.fasterlouder.com.au/blogs/?city=2","20080720113245","200"
"http://www.fasterlouder.com.au/blogs/?city=3","20080720113625","200"
"http://www.fasterlouder.com.au/blogs/?city=4","20080720112605","200"
"http://www.fasterlouder.com.au/blogs/?city=5","20080720112414","200"
"http://www.fasterlouder.com.au/blogs/?city=6","20080720111743","200"
"http://www.fasterlouder.com.au/blogs/?city=7","20080720113547","200"
"http://www.fasterlouder.com.au/blogs/?city=8","20080720113931","200"
"http://www.fasterlouder.com.au/blogs/?city=9","20080720113701","200"
"http://www.fasterlouder.com.au/buddies/add/abbbey","20080727130026","200"
"http://www.fasterlouder.com.au/buddies/add/abelmmz","20080730234309","200"
"http://www.fasterlouder.com.au/buddies/add/ace_kiss_77","20080727103149","200"
"http://www.fasterlouder.com.au/buddies/add/adamweathered","20080724232000","200"
"http://www.fasterlouder.com.au/buddies/add/Adwho","20080727112346","200"
"http://www.fasterlouder.com.au/buddies/add/afterimage2","20080721063135","200"
"http://www.fasterlouder.com.au/buddies/add/ajay","20080730010306","200"
"http://www.fasterlouder.com.au/buddies/add/Alexphotosite","20080722184738","200"
"http://www.fasterlouder.com.au/buddies/add/andre","20080719202031","200"
"http://www.fasterlouder.com.au/buddies/add/andre?city=1","20080727092308","200"
"http://www.fasterlouder.com.au/buddies/add/andre?city=10","20080727092208","200"
"http://www.fasterlouder.com.au/buddies/add/andre?city=11","20080727092542","200"
"http://www.fasterlouder.com.au/buddies/add/andre?city=2","20080727092659","200"
"http://www.fasterlouder.com.au/buddies/add/andre?city=3","20080727092132","200"
"http://www.fasterlouder.com.au/buddies/add/andre?city=4","20080727092508","200"
"http://www.fasterlouder.com.au/buddies/add/andre?city=5","20080727092743","200"
"http://www.fasterlouder.com.au/buddies/add/andre?city=6","20080727092057","200"
"http://www.fasterlouder.com.au/buddies/add/andre?city=7","20080727092352","200"
"http://www.fasterlouder.com.au/buddies/add/andre?city=8","20080727092612","200"
"http://www.fasterlouder.com.au/buddies/add/andre?city=9","20080727092823","200"
"http://www.fasterlouder.com.au/buddies/add/andricongirl","20080722175422","200"
"http://www.fasterlouder.com.au/buddies/add/anixxx1","20080731151424","200"
"http://www.fasterlouder.com.au/buddies/add/AnnieFanny","20080723231432","200"
"http://www.fasterlouder.com.au/buddies/add/Anton","20080723215759","200"
"http://www.fasterlouder.com.au/buddies/add/anton199","20080729175856","200"
"http://www.fasterlouder.com.au/buddies/add/Atomic","20080724225854","200"
"http://www.fasterlouder.com.au/buddies/add/auntychopchop","20080721063358","200"
"http://www.fasterlouder.com.au/buddies/add/AuSqueezer","20080724213207","200"
"http://www.fasterlouder.com.au/buddies/add/aussie_mark","20080730231139","200"
"http://www.fasterlouder.com.au/buddies/add/awallis","20080727090944","200"
"http://www.fasterlouder.com.au/buddies/add/b3kyb00","20080723222950","200"
"http://www.fasterlouder.com.au/buddies/add/babejh","20080727124907","200"
"http://www.fasterlouder.com.au/buddies/add/Bananaphone","20080721072333","200"
"http://www.fasterlouder.com.au/buddies/add/bandbabe","20080723224752","200"
"http://www.fasterlouder.com.au/buddies/add/BCains","20080731234109","200"
"http://www.fasterlouder.com.au/buddies/add/benjaminsway","20080727114618","200"
"http://www.fasterlouder.com.au/buddies/add/Biodagar","20080724213736","200"
"http://www.fasterlouder.com.au/buddies/add/blackcherry","20080720150353","200"
"http://www.fasterlouder.com.au/buddies/add/BlackThorn138","20080731125321","200"
"http://www.fasterlouder.com.au/buddies/add/bratha","20080722205134","200"
"http://www.fasterlouder.com.au/buddies/add/camillemcd","20080721094544","200"
"http://www.fasterlouder.com.au/buddies/add/cathy_022","20080731142629","200"
"http://www.fasterlouder.com.au/buddies/add/cd123","20080722204513","200"
"http://www.fasterlouder.com.au/buddies/add/Ch3ls","20080727112159","200"
"http://www.fasterlouder.com.au/buddies/add/charlene_is_i","20080724211800","200"
"http://www.fasterlouder.com.au/buddies/add/Chaz86","20080731132306","200"
"http://www.fasterlouder.com.au/buddies/add/chickenman","20080730070629","200"
"http://www.fasterlouder.com.au/buddies/add/ChrisBrimstone","20080725004106","200"
"http://www.fasterlouder.com.au/buddies/add/christopher1","20080727115154","200"
"http://www.fasterlouder.com.au/buddies/add/Craicwhore","20080724002046","200"
"http://www.fasterlouder.com.au/buddies/add/craig123","20080730072803","200"
"http://www.fasterlouder.com.au/buddies/add/crash","20080727091159","200"
"http://www.fasterlouder.com.au/buddies/add/Cruedevil","20080728031640","200"
"http://www.fasterlouder.com.au/buddies/add/CureMe","20080722205344","200"
"http://www.fasterlouder.com.au/buddies/add/CutThatCity","20080722194531","200"
"http://www.fasterlouder.com.au/buddies/add/Damage","20080723233356","200"
"http://www.fasterlouder.com.au/buddies/add/Dan09","20080728031809","200"
"http://www.fasterlouder.com.au/buddies/add/DandB","20080723211448","200"
"http://www.fasterlouder.com.au/buddies/add/daniiii","20080730104329","200"
"http://www.fasterlouder.com.au/buddies/add/dannyvapid","20080731234637","200"
"http://www.fasterlouder.com.au/buddies/add/DekarTyphon","20080722205628","200"
"http://www.fasterlouder.com.au/buddies/add/Demosthenes","20080724222209","200"
"http://www.fasterlouder.com.au/buddies/add/ditzy_daisy","20080730013559","200"
"http://www.fasterlouder.com.au/buddies/add/dmckimm","20080723205334","200"
"http://www.fasterlouder.com.au/buddies/add/Doctor_No","20080725004211","200"
"http://www.fasterlouder.com.au/buddies/add/donttouchmether","20080730231015","200"
"http://www.fasterlouder.com.au/buddies/add/dream_brother","20080731144213","200"
"http://www.fasterlouder.com.au/buddies/add/drummer93","20080724213318","200"
"http://www.fasterlouder.com.au/buddies/add/dusk2dawn_music","20080724230335","200"
"http://www.fasterlouder.com.au/buddies/add/EastEndBoy","20080723203219","200"
"http://www.fasterlouder.com.au/buddies/add/el_boxer181","20080729021521","200"
"http://www.fasterlouder.com.au/buddies/add/emmawheatley","20080725020641","200"
"http://www.fasterlouder.com.au/buddies/add/estyaguilar","20080727091941","200"
"http://www.fasterlouder.com.au/buddies/add/fever","20080724224941","200"
"http://www.fasterlouder.com.au/buddies/add/fireit","20080722213443","200"
"http://www.fasterlouder.com.au/buddies/add/flippinbeans","20080731164207","200"
"http://www.fasterlouder.com.au/buddies/add/flungabunga","20080727085808","200"
"http://www.fasterlouder.com.au/buddies/add/FoghornLeghorn","20080727104721","200"
"http://www.fasterlouder.com.au/buddies/add/fonziethelegend","20080731165138","200"
"http://www.fasterlouder.com.au/buddies/add/fortyone","20080729030355","200"
"http://www.fasterlouder.com.au/buddies/add/geeewocka","20080731180301","200"
"http://www.fasterlouder.com.au/buddies/add/ghostofbarry","20080729174423","200"
"http://www.fasterlouder.com.au/buddies/add/gluedtothagroove","20080728153600","200"
"http://www.fasterlouder.com.au/buddies/add/Gman","20080721075104","200"
"http://www.fasterlouder.com.au/buddies/add/godblesblocprty","20080731163256","200"
"http://www.fasterlouder.com.au/buddies/add/GonzosAegis","20080731133816","200"
"http://www.fasterlouder.com.au/buddies/add/goony","20080731002405","200"
"http://www.fasterlouder.com.au/buddies/add/GOREWHORE","20080724001943","200"
"http://www.fasterlouder.com.au/buddies/add/Grangles","20080725014956","200"
"http://www.fasterlouder.com.au/buddies/add/gumbuoy","20080721050321","200"
"http://www.fasterlouder.com.au/buddies/add/guso","20080730103143","200"
"http://www.fasterlouder.com.au/buddies/add/hale1974","20080727085526","200"
"http://www.fasterlouder.com.au/buddies/add/Hamishi","20080719202318","200"
"http://www.fasterlouder.com.au/buddies/add/Hamishi?city=1","20080727094616","200"
"http://www.fasterlouder.com.au/buddies/add/Hamishi?city=10","20080727094642","200"
"http://www.fasterlouder.com.au/buddies/add/Hamishi?city=11","20080727094946","200"
"http://www.fasterlouder.com.au/buddies/add/Hamishi?city=2","20080727095214","200"
"http://www.fasterlouder.com.au/buddies/add/Hamishi?city=3","20080727094907","200"
"http://www.fasterlouder.com.au/buddies/add/Hamishi?city=4","20080727094421","200"
"http://www.fasterlouder.com.au/buddies/add/Hamishi?city=5","20080727094452","200"
"http://www.fasterlouder.com.au/buddies/add/Hamishi?city=6","20080727095146","200"
"http://www.fasterlouder.com.au/buddies/add/Hamishi?city=7","20080727094823","200"
"http://www.fasterlouder.com.au/buddies/add/Hamishi?city=8","20080727094724","200"
"http://www.fasterlouder.com.au/buddies/add/Hamishi?city=9","20080727094542","200"
"http://www.fasterlouder.com.au/buddies/add/harriet","20080727085132","200"
"http://www.fasterlouder.com.au/buddies/add/hermacita","20080723235227","200"
"http://www.fasterlouder.com.au/buddies/add/HieronymusIX","20080727114815","200"
"http://www.fasterlouder.com.au/buddies/add/hiphoptv","20080724193842","200"
"http://www.fasterlouder.com.au/buddies/add/Hobietje","20080719201722","200"
"http://www.fasterlouder.com.au/buddies/add/Hobietje?city=1","20080727081221","200"
"http://www.fasterlouder.com.au/buddies/add/Hobietje?city=10","20080726172322","200"
"http://www.fasterlouder.com.au/buddies/add/Hobietje?city=11","20080727080934","200"
"http://www.fasterlouder.com.au/buddies/add/Hobietje?city=2","20080727081154","200"
"http://www.fasterlouder.com.au/buddies/add/Hobietje?city=3","20080727081411","200"
"http://www.fasterlouder.com.au/buddies/add/Hobietje?city=4","20080727080815","200"
"http://www.fasterlouder.com.au/buddies/add/Hobietje?city=5","20080727080902","200"
"http://www.fasterlouder.com.au/buddies/add/Hobietje?city=6","20080727081040","200"
"http://www.fasterlouder.com.au/buddies/add/Hobietje?city=7","20080727081255","200"
"http://www.fasterlouder.com.au/buddies/add/Hobietje?city=8","20080727081113","200"
"http://www.fasterlouder.com.au/buddies/add/Hobietje?city=9","20080727081323","200"
"http://www.fasterlouder.com.au/buddies/add/home_spun","20080727090316","200"
"http://www.fasterlouder.com.au/buddies/add/Houseboy","20080722185157","200"
"http://www.fasterlouder.com.au/buddies/add/Huggz","20080724230511","200"
"http://www.fasterlouder.com.au/buddies/add/humanrug","20080730234008","200"
"http://www.fasterlouder.com.au/buddies/add/Humm","20080724193234","200"
"http://www.fasterlouder.com.au/buddies/add/hwct","20080729171244","200"
"http://www.fasterlouder.com.au/buddies/add/icutmyownhair","20080723215036","200"
"http://www.fasterlouder.com.au/buddies/add/indiie","20080727111254","200"
"http://www.fasterlouder.com.au/buddies/add/iNegro","20080731165930","200"
"http://www.fasterlouder.com.au/buddies/add/inkc","20080730020859","200"
"http://www.fasterlouder.com.au/buddies/add/inthewolf","20080722201429","200"
"http://www.fasterlouder.com.au/buddies/add/invadercee","20080721072212","200"
"http://www.fasterlouder.com.au/buddies/add/iPood","20080730103627","200"
"http://www.fasterlouder.com.au/buddies/add/iSean","20080721072545","200"
"http://www.fasterlouder.com.au/buddies/add/ish4269","20080721061420","200"
"http://www.fasterlouder.com.au/buddies/add/itat2u","20080727113325","200"
"http://www.fasterlouder.com.au/buddies/add/Jade","20080723205544","200"
"http://www.fasterlouder.com.au/buddies/add/jadeybby01","20080727104334","200"
"http://www.fasterlouder.com.au/buddies/add/Jame","20080722230939","200"
"http://www.fasterlouder.com.au/buddies/add/JMK_Designs","20080731151126","200"
"http://www.fasterlouder.com.au/buddies/add/JMsmith1981","20080730004016","200"
"http://www.fasterlouder.com.au/buddies/add/joannac","20080725003923","200"
"http://www.fasterlouder.com.au/buddies/add/joebyrnes","20080724224419","200"
"http://www.fasterlouder.com.au/buddies/add/joko","20080721083426","200"
"http://www.fasterlouder.com.au/buddies/add/jonnoseidler","20080723203657","200"
"http://www.fasterlouder.com.au/buddies/add/jsrain80","20080724225306","200"
"http://www.fasterlouder.com.au/buddies/add/jumbolkna","20080725013220","200"
"http://www.fasterlouder.com.au/buddies/add/k-rad","20080724002627","200"
"http://www.fasterlouder.com.au/buddies/add/katehole","20080730012513","200"
"http://www.fasterlouder.com.au/buddies/add/kelh","20080724215739","200"
"http://www.fasterlouder.com.au/buddies/add/kill","20080722234004","200"
"http://www.fasterlouder.com.au/buddies/add/killacelebrity","20080728033251","200"
"http://www.fasterlouder.com.au/buddies/add/KingBrissy","20080721084216","200"
"http://www.fasterlouder.com.au/buddies/add/kingfloozy","20080723214417","200"
"http://www.fasterlouder.com.au/buddies/add/Kinnoz","20080725013630","200"
"http://www.fasterlouder.com.au/buddies/add/Kirk1","20080729173126","200"
"http://www.fasterlouder.com.au/buddies/add/kit_kat55","20080721063756","200"
"http://www.fasterlouder.com.au/buddies/add/kitsune","20080721044602","200"
"http://www.fasterlouder.com.au/buddies/add/kloverband","20080728031257","200"
"http://www.fasterlouder.com.au/buddies/add/kno80k","20080721051315","200"
"http://www.fasterlouder.com.au/buddies/add/lachywheeler","20080730020023","200"
"http://www.fasterlouder.com.au/buddies/add/ladyluck666","20080730022228","200"
"http://www.fasterlouder.com.au/buddies/add/lambchop4444","20080727082350","200"
"http://www.fasterlouder.com.au/buddies/add/lanesra23","20080721043258","200"
"http://www.fasterlouder.com.au/buddies/add/Lauzipan","20080721044428","200"
"http://www.fasterlouder.com.au/buddies/add/leni_t","20080722185325","200"
"http://www.fasterlouder.com.au/buddies/add/libby","20080726171612","200"
"http://www.fasterlouder.com.au/buddies/add/libertine","20080723224054","200"
"http://www.fasterlouder.com.au/buddies/add/lithium19","20080727114505","200"
"http://www.fasterlouder.com.au/buddies/add/Logarithm","20080724002706","200"
"http://www.fasterlouder.com.au/buddies/add/luanaaa","20080729171603","200"
"http://www.fasterlouder.com.au/buddies/add/magikmoon1","20080723212632","200"
"http://www.fasterlouder.com.au/buddies/add/Malachi_777","20080723232529","200"
"http://www.fasterlouder.com.au/buddies/add/mampt","20080731234757","200"
"http://www.fasterlouder.com.au/buddies/add/MandaBear","20080730095114","200"
"http://www.fasterlouder.com.au/buddies/add/Manic","20080725011220","200"
"http://www.fasterlouder.com.au/buddies/add/maree1003","20080722204307","200"
"http://www.fasterlouder.com.au/buddies/add/mark2712","20080721064840","200"
"http://www.fasterlouder.com.au/buddies/add/markars","20080730085116","200"
"http://www.fasterlouder.com.au/buddies/add/markislav","20080719201849","200"
"http://www.fasterlouder.com.au/buddies/add/markislav?city=1","20080727084113","200"
"http://www.fasterlouder.com.au/buddies/add/markislav?city=10","20080727084531","200"
"http://www.fasterlouder.com.au/buddies/add/markislav?city=11","20080727084620","200"
"http://www.fasterlouder.com.au/buddies/add/markislav?city=2","20080727084328","200"
"http://www.fasterlouder.com.au/buddies/add/markislav?city=3","20080727083951","200"
"http://www.fasterlouder.com.au/buddies/add/markislav?city=5","20080727084458","200"
"http://www.fasterlouder.com.au/buddies/add/markislav?city=6","20080727084256","200"
"http://www.fasterlouder.com.au/buddies/add/markislav?city=8","20080727083856","200"
"http://www.fasterlouder.com.au/buddies/add/markislav?city=9","20080727084401","200"
"http://www.fasterlouder.com.au/buddies/add/Marshall","20080723215236","200"
"http://www.fasterlouder.com.au/buddies/add/Mashi","20080727111521","200"
"http://www.fasterlouder.com.au/buddies/add/Masteryodes","20080723223548","200"
"http://www.fasterlouder.com.au/buddies/add/MegX","20080730012313","200"
"http://www.fasterlouder.com.au/buddies/add/melan1","20080724222802","200"
"http://www.fasterlouder.com.au/buddies/add/melodic_fleaway","20080730233740","200"
"http://www.fasterlouder.com.au/buddies/add/Melody","20080723210213","200"
"http://www.fasterlouder.com.au/buddies/add/metal_purist","20080724002146","200"
"http://www.fasterlouder.com.au/buddies/add/michael_tones","20080728030830","200"
"http://www.fasterlouder.com.au/buddies/add/michelle85","20080723204022","200"
"http://www.fasterlouder.com.au/buddies/add/MikeOwnsYourFace","20080723223948","200"
"http://www.fasterlouder.com.au/buddies/add/mikezero","20080723214513","200"
"http://www.fasterlouder.com.au/buddies/add/MissB","20080726171947","200"
"http://www.fasterlouder.com.au/buddies/add/mooney88","20080729023312","200"
"http://www.fasterlouder.com.au/buddies/add/MrBlue","20080728034222","200"
"http://www.fasterlouder.com.au/buddies/add/muckguppy","20080724002345","200"
"http://www.fasterlouder.com.au/buddies/add/MurmuR","20080730003138","200"
"http://www.fasterlouder.com.au/buddies/add/n1ck","20080729175357","200"
"http://www.fasterlouder.com.au/buddies/add/nadia-louise","20080724210133","200"
"http://www.fasterlouder.com.au/buddies/add/nat_salvo","20080722215750","200"
"http://www.fasterlouder.com.au/buddies/add/ncraig","20080722230240","200"
"http://www.fasterlouder.com.au/buddies/add/ndheath","20080724210236","200"
"http://www.fasterlouder.com.au/buddies/add/nim_chimpsky","20080728150923","200"
"http://www.fasterlouder.com.au/buddies/add/NiteShok","20080723205143","200"
"http://www.fasterlouder.com.au/buddies/add/Nowland","20080721081028","200"
"http://www.fasterlouder.com.au/buddies/add/olddog","20080728150407","200"
"http://www.fasterlouder.com.au/buddies/add/Oliver","20080727120236","200"
"http://www.fasterlouder.com.au/buddies/add/oneillcj","20080729171047","200"
"http://www.fasterlouder.com.au/buddies/add/pat2488","20080730073000","200"
"http://www.fasterlouder.com.au/buddies/add/Patto","20080731131628","200"
"http://www.fasterlouder.com.au/buddies/add/paulholio","20080730230335","200"
"http://www.fasterlouder.com.au/buddies/add/Petebix","20080730091833","200"
"http://www.fasterlouder.com.au/buddies/add/Phen","20080722211710","200"
"http://www.fasterlouder.com.au/buddies/add/Philippa_A","20080721083545","200"
"http://www.fasterlouder.com.au/buddies/add/Photo_man","20080728031937","200"
"http://www.fasterlouder.com.au/buddies/add/phreak","20080729173935","200"
"http://www.fasterlouder.com.au/buddies/add/pirateninjasaur","20080730090637","200"
"http://www.fasterlouder.com.au/buddies/add/POF13","20080721054927","200"
"http://www.fasterlouder.com.au/buddies/add/popeandkinginc","20080721071832","200"
"http://www.fasterlouder.com.au/buddies/add/RaccoonRockette","20080725011019","200"
"http://www.fasterlouder.com.au/buddies/add/radical_man","20080729015856","200"
"http://www.fasterlouder.com.au/buddies/add/rakle","20080731151920","200"
"http://www.fasterlouder.com.au/buddies/add/raptinmuddle","20080728153253","200"
"http://www.fasterlouder.com.au/buddies/add/rawlights","20080731132021","200"
"http://www.fasterlouder.com.au/buddies/add/rebbecca","20080729172047","200"
"http://www.fasterlouder.com.au/buddies/add/riff","20080730015051","200"
"http://www.fasterlouder.com.au/buddies/add/ro_ur_boat","20080721044847","200"
"http://www.fasterlouder.com.au/buddies/add/robmilne","20080727091516","200"
"http://www.fasterlouder.com.au/buddies/add/rocknrolleddie","20080721075940","200"
"http://www.fasterlouder.com.au/buddies/add/Rodney","20080725003453","200"
"http://www.fasterlouder.com.au/buddies/add/Ronny","20080722200853","200"
"http://www.fasterlouder.com.au/buddies/add/s2tilda","20080730075433","200"
"http://www.fasterlouder.com.au/buddies/add/Sabi_11","20080727122250","200"
"http://www.fasterlouder.com.au/buddies/add/saimagizzle","20080724201434","200"
"http://www.fasterlouder.com.au/buddies/add/sam_milford","20080722203931","200"
"http://www.fasterlouder.com.au/buddies/add/scastricum","20080729174936","200"
"http://www.fasterlouder.com.au/buddies/add/schache","20080723231629","200"
"http://www.fasterlouder.com.au/buddies/add/schmakka","20080723223052","200"
"http://www.fasterlouder.com.au/buddies/add/sean4dec","20080721054357","200"
"http://www.fasterlouder.com.au/buddies/add/Sellaband","20080730020537","200"
"http://www.fasterlouder.com.au/buddies/add/seshoo","20080730110517","200"
"http://www.fasterlouder.com.au/buddies/add/SezziLovesMusic","20080731130054","200"
"http://www.fasterlouder.com.au/buddies/add/shanti_lttl","20080723224249","200"
"http://www.fasterlouder.com.au/buddies/add/shelluva","20080721045419","200"
"http://www.fasterlouder.com.au/buddies/add/sillykitty","20080725012512","200"
"http://www.fasterlouder.com.au/buddies/add/Skeeta","20080730011530","200"
"http://www.fasterlouder.com.au/buddies/add/Snelvis","20080724222943","200"
"http://www.fasterlouder.com.au/buddies/add/spoon14me","20080727120821","200"
"http://www.fasterlouder.com.au/buddies/add/Spoz","20080724212502","200"
"http://www.fasterlouder.com.au/buddies/add/Squil","20080731134010","200"
"http://www.fasterlouder.com.au/buddies/add/Starbucker","20080727124621","200"
"http://www.fasterlouder.com.au/buddies/add/Stegs","20080721054735","200"
"http://www.fasterlouder.com.au/buddies/add/Stumbleine","20080719045532","200"
"http://www.fasterlouder.com.au/buddies/add/Stumbleine?city=1","20080720131848","200"
"http://www.fasterlouder.com.au/buddies/add/Stumbleine?city=10","20080720132414","200"
"http://www.fasterlouder.com.au/buddies/add/Stumbleine?city=11","20080720132137","200"
"http://www.fasterlouder.com.au/buddies/add/Stumbleine?city=2","20080720132321","200"
"http://www.fasterlouder.com.au/buddies/add/Stumbleine?city=3","20080720132250","200"
"http://www.fasterlouder.com.au/buddies/add/Stumbleine?city=4","20080720132222","200"
"http://www.fasterlouder.com.au/buddies/add/Stumbleine?city=5","20080720132349","200"
"http://www.fasterlouder.com.au/buddies/add/Stumbleine?city=6","20080720132112","200"
"http://www.fasterlouder.com.au/buddies/add/Stumbleine?city=7","20080720131918","200"
"http://www.fasterlouder.com.au/buddies/add/Stumbleine?city=8","20080720132519","200"
"http://www.fasterlouder.com.au/buddies/add/Stumbleine?city=9","20080720132045","200"
"http://www.fasterlouder.com.au/buddies/add/sugartits","20080730090841","200"
"http://www.fasterlouder.com.au/buddies/add/super-fantastich","20080721084021","200"
"http://www.fasterlouder.com.au/buddies/add/SusanMunro","20080723223405","200"
"http://www.fasterlouder.com.au/buddies/add/tamosaurus","20080730011820","200"
"http://www.fasterlouder.com.au/buddies/add/TANDRGHOST","20080729032122","200"
"http://www.fasterlouder.com.au/buddies/add/ThatDude123","20080724225638","200"
"http://www.fasterlouder.com.au/buddies/add/The_ImmortaL","20080729235444","200"
"http://www.fasterlouder.com.au/buddies/add/TheBuddhaofsuburbia","20080729172447","200"
"http://www.fasterlouder.com.au/buddies/add/theEstate","20080730233234","200"
"http://www.fasterlouder.com.au/buddies/add/thefuryiswithin","20080730230204","200"
"http://www.fasterlouder.com.au/buddies/add/theRoute777","20080722212643","200"
"http://www.fasterlouder.com.au/buddies/add/ThiagoTrinsi","20080727122425","200"
"http://www.fasterlouder.com.au/buddies/add/thispillowfight","20080725004434","200"
"http://www.fasterlouder.com.au/buddies/add/Thommo","20080724200117","200"
"http://www.fasterlouder.com.au/buddies/add/threedirtybirds","20080730225413","200"
"http://www.fasterlouder.com.au/buddies/add/timdavis","20080725014048","200"
"http://www.fasterlouder.com.au/buddies/add/TinTin","20080729174310","200"
"http://www.fasterlouder.com.au/buddies/add/tom_slater1","20080721080112","200"
"http://www.fasterlouder.com.au/buddies/add/toycar","20080730064942","200"
"http://www.fasterlouder.com.au/buddies/add/Trail_of_Ink","20080723235647","200"
"http://www.fasterlouder.com.au/buddies/add/TrevGhettoblast","20080730231424","200"
"http://www.fasterlouder.com.au/buddies/add/Turismo","20080727105637","200"
"http://www.fasterlouder.com.au/buddies/add/Wonky","20080725012347","200"
"http://www.fasterlouder.com.au/buddies/add/x_Braddles_x","20080730233012","200"
"http://www.fasterlouder.com.au:80/buddies/add/xkentx","20080226202013","200"
"http://www.fasterlouder.com.au/buddies/add/xtay","20080727090723","200"
"http://www.fasterlouder.com.au/buddies/add/Xx_cal_xX2","20080727120353","200"
"http://www.fasterlouder.com.au/buddies/add/zululord","20080722211935","200"
"http://www.fasterlouder.com.au:80/competitions","20080229004433","200"
"http://www.fasterlouder.com.au:80/competitions/show/599/Win_a_Sony_Ericsson_Walkman_Phone","20080228001438","200"
"http://www.fasterlouder.com.au:80/competitions/show/608/Maximo_Park_Cd_Poster","20080228001455","200"
"http://www.fasterlouder.com.au:80/competitions/show/615/Win_tix_to_Hostel_II","20080228001500","200"
"http://www.fasterlouder.com.au:80/competitions/show/623/RAGE_turns_20_","20080227233155","200"
"http://www.fasterlouder.com.au:80/competitions/show/628/Win_one_of_two_Bonde_Do_Role_Prize_Pack","20080227233200","200"
"http://www.fasterlouder.com.au:80/competitions/show/633/Win_Live_at_The_Wireless","20080228001514","200"
"http://www.fasterlouder.com.au:80/competitions/show/634/Win_1_of_6_LG_MP3_Players","20080228001518","200"
"http://www.fasterlouder.com.au:80/competitions/show/646/Activision_wants_you_to_win_1_of_5_wireless_guitars_and_Guitar_Hero_Encore_Rock_the_80s_games_on_PlayStation_2","20080228001526","200"
"http://www.fasterlouder.com.au:80/competitions/show/693/WIN_one_of_5_Nikki_Sixx_autobiographies","20080228001529","200"
"http://www.fasterlouder.com.au:80/competitions/show/704/Win_a_double_pass_to_My_Chemical_Romance","20080226202017","200"
"http://www.fasterlouder.com.au:80/competitions/show/713","20080226204312","200"
"http://www.fasterlouder.com.au:80/competitions/show/713/WIN_a_Guitar_Hero_III_Legends_of_Rock_pack_including_a_game_console_either_PS2_PS3_Wii_or_Xbox_360","20080227233208","200"
"http://www.fasterlouder.com.au:80/competitions/show/717/Want-to-have-the-Purple-Sneakers-DJ-at-your-party.htm","20080229114623","200"
"http://www.fasterlouder.com.au:80/competitions/show/721/Win-a-Dew-Process-prize-pack-consisting-of-all-of-the-labels-recent-releases.htm","20080226204054","200"
"http://www.fasterlouder.com.au:80/competitions/show/724/1-of-5-copies-of-the-Wombats-debut-album.htm","20080213065554","200"
"http://www.fasterlouder.com.au:80/competitions/show/727","20080226202023","200"
"http://www.fasterlouder.com.au:80/competitions/show/730/secure-au.imrworldwide.com/","20080327083411","200"
"http://www.fasterlouder.com.au:80/competitions/show/731/5-OClock-Heroes-Design-Comp.htm","20080229122147","200"
"http://www.fasterlouder.com.au:80/competitions/show/731/secure-au.imrworldwide.com/","20080331105928","200"
"http://www.fasterlouder.com.au:80/competitions/show/731/secure-au.imrworldwide.com/secure-au.imrworldwide.com/","20080405095417","200"
"http://www.fasterlouder.com.au:80/competitions/show/731/secure-au.imrworldwide.com/secure-au.imrworldwide.com/secure-au.imrworldwide.com/","20080409114346","200"
"http://www.fasterlouder.com.au:80/competitions/show/735/Win-an-amazing-Mars-Volta-pack.htm","20080227194340","200"
"http://www.fasterlouder.com.au:80/competitions/show/736/Win_Tickets_and_an_a_side_of_stage_experience_at_Corinbank_Festival","20080227233211","200"
"http://www.fasterlouder.com.au:80/competitions/show/739","20080209162226","200"
"http://www.fasterlouder.com.au:80/competitions/show/739/WIN-ROCK-MEMORABILIA.htm","20080227194345","200"
"http://www.fasterlouder.com.au:80/competitions/show/740/Win_a_VIP_tickets_to_Newtons_Playground","20080228001536","200"
"http://www.fasterlouder.com.au:80/competitions/show/742","20080227233216","200"
"http://www.fasterlouder.com.au:80/competitions/show/743","20080225153408","200"
"http://www.fasterlouder.com.au:80/competitions/show/744","20080325144950","200"
"http://www.fasterlouder.com.au:80/competitions/show/744/G2V-Wildcard-Competition.htm","20080311093428","200"
"http://www.fasterlouder.com.au:80/competitions/show/744/secure-au.imrworldwide.com/","20080313211755","200"
"http://www.fasterlouder.com.au:80/competitions/show/744/secure-au.imrworldwide.com/secure-au.imrworldwide.com/","20080317191325","200"
"http://www.fasterlouder.com.au:80/competitions/show/744/secure-au.imrworldwide.com/secure-au.imrworldwide.com/secure-au.imrworldwide.com/","20080321182411","200"
"http://www.fasterlouder.com.au:80/competitions/show/744/secure-au.imrworldwide.com/secure-au.imrworldwide.com/secure-au.imrworldwide.com/secure-au.imrworldwide.com/","20080325141003","200"
"http://www.fasterlouder.com.au:80/competitions/show/744/secure-au.imrworldwide.com/secure-au.imrworldwide.com/secure-au.imrworldwide.com/secure-au.imrworldwide.com/secure-au.imrworldwide.com/","20080327152456","200"
"http://www.fasterlouder.com.au:80/competitions/show/744/secure-au.imrworldwide.com/secure-au.imrworldwide.com/secure-au.imrworldwide.com/secure-au.imrworldwide.com/secure-au.imrworldwide.com/secure-au.imrworldwide.com/","20080329154507","200"
"http://www.fasterlouder.com.au:80/competitions/show/744/secure-au.imrworldwide.com/secure-au.imrworldwide.com/secure-au.imrworldwide.com/secure-au.imrworldwide.com/secure-au.imrworldwide.com/secure-au.imrworldwide.com/secure-au.imrworldwide.com/","20080331153728","200"
"http://www.fasterlouder.com.au:80/competitions/show/744/secure-au.imrworldwide.com/secure-au.imrworldwide.com/secure-au.imrworldwide.com/secure-au.imrworldwide.com/secure-au.imrworldwide.com/secure-au.imrworldwide.com/secure-au.imrworldwide.com/secure-au.imrworldwide.com/","20080403153624","200"
"http://www.fasterlouder.com.au:80/competitions/show/744/secure-au.imrworldwide.com/secure-au.imrworldwide.com/secure-au.imrworldwide.com/secure-au.imrworldwide.com/secure-au.imrworldwide.com/secure-au.imrworldwide.com/secure-au.imrworldwide.com/secure-au.imrworldwide.com/secure-au.imrworldwide.com/","20080405173732","200"
"http://www.fasterlouder.com.au:80/competitions/show/744/secure-au.imrworldwide.com/secure-au.imrworldwide.com/secure-au.imrworldwide.com/secure-au.imrworldwide.com/secure-au.imrworldwide.com/secure-au.imrworldwide.com/secure-au.imrworldwide.com/secure-au.imrworldwide.com/secure-au.imrworldwide.com/secure-au.imrworldwide.com/","20080408110916","200"
"http://www.fasterlouder.com.au:80/competitions/show/744/secure-au.imrworldwide.com/secure-au.imrworldwide.com/secure-au.imrworldwide.com/secure-au.imrworldwide.com/secure-au.imrworldwide.com/secure-au.imrworldwide.com/secure-au.imrworldwide.com/secure-au.imrworldwide.com/secure-au.imrworldwide.com/secure-au.imrworldwide.com/secure-au.imrworldwide.com/","20080412000217","200"
"http://www.fasterlouder.com.au:80/competitions/show/744/secure-au.imrworldwide.com/secure-au.imrworldwide.com/secure-au.imrworldwide.com/secure-au.imrworldwide.com/secure-au.imrworldwide.com/secure-au.imrworldwide.com/secure-au.imrworldwide.com/secure-au.imrworldwide.com/secure-au.imrworldwide.com/secure-au.imrworldwide.com/secure-au.imrworldwide.com/secure-au.imrworldwide.com/","20080419071313","200"
"http://www.fasterlouder.com.au:80/competitions/show/745","20080226123442","200"
"http://www.fasterlouder.com.au:80/competitions/show/746","20080303173838","200"
"http://www.fasterlouder.com.au:80/competitions/show/748/secure-au.imrworldwide.com/","20080405095407","200"
"http://www.fasterlouder.com.au:80/competitions/show/748/secure-au.imrworldwide.com/secure-au.imrworldwide.com/","20080409114350","200"
"http://www.fasterlouder.com.au:80/competitions/show/748/Win-Viewing-platform-tickets-to-V-Festival.htm","20080311093434","200"
"http://www.fasterlouder.com.au:80/competitions/show/749/Win-a-ESP-LM-50-electric-guitar-signed-by-Page-Hamilton.htm","20080311093439","200"
"http://www.fasterlouder.com.au:80/competitions/show/753","20080313043516","200"
"http://www.fasterlouder.com.au:80/competitions/show/754","20080311022955","200"
"http://www.fasterlouder.com.au:80/competitions/show/755/Win-vol-115-of-Triple-Js-Hottest-100-CDs.htm","20080323165840","200"
"http://www.fasterlouder.com.au:80/competitions/show/757/Win-1-of-5-Coheed-Cambria-No-World-For-Tomorrow-Albums.htm","20080323121210","200"
"http://www.fasterlouder.com.au:80/competitions/show/758/Win-an-Australian-Music-Prize-CD-pack.htm","20080323121211","200"
"http://www.fasterlouder.com.au:80/competitions/show/760/Win-a-copy-of-The-Kills-new-album-and-a-bunch-of-merchandise.htm","20080323121216","200"
"http://www.fasterlouder.com.au:80/competitions/show/761/1-of-5-MOS-MP3-Players.htm","20080323121221","200"
"http://www.fasterlouder.com.au:80/competitions/show/761/secure-au.imrworldwide.com/","20080501174010","200"
"http://www.fasterlouder.com.au:80/competitions/show/762/Meet-Juliette-and-the-Licks-backstage.htm","20080323121227","200"
"http://www.fasterlouder.com.au:80/competitions/show/767/1-of-10-copies-of-the-Shine-A-Light-soundtrack-featuring-all-of-the-Rolling-Stones-hits-and-exclusive-live-recordings.htm","20080415182739","200"
"http://www.fasterlouder.com.au:80/competitions/show/768/Win-Henry-Rollins-DVDs.htm","20080415182743","200"
"http://www.fasterlouder.com.au:80/competitions/show/778/SPLENDOUR-CAMPING-SITE.htm","20080626220858","200"
"http://www.fasterlouder.com.au:80/competitions/show/780","20080508190230","200"
"http://www.fasterlouder.com.au:80/competitions/show/780/Win-a-Gibson-Les-Paul-Studio-guitar-worth-3000.htm","20080613060412","200"
"http://www.fasterlouder.com.au:80/competitions/show/781","20080617103357","200"
"http://www.fasterlouder.com.au:80/competitions/show/781/secure-au.imrworldwide.com/","20080618235609","200"
"http://www.fasterlouder.com.au:80/competitions/show/781/Slates-Awesome-Splendour-Giveaway.htm","20080626220904","200"
"http://www.fasterlouder.com.au:80/competitions/show/781/Slates_Awesome_Splendour_Giveaway","20080618160857","200"
"http://www.fasterlouder.com.au:80/competitions/show/785/Judas-Priest-Win-a-night-with-the-metal-gods.htm","20080626220909","200"
"http://www.fasterlouder.com.au:80/competitions/show/789/secure-au.imrworldwide.com/","20080601114729","200"
"http://www.fasterlouder.com.au:80/competitions/show/789/Win_a_Yves_Klein_Blue_John_Steel_Singers_prize_pack","20080601034834","200"
"http://www.fasterlouder.com.au:80/competitions/show/790","20080601170619","200"
"http://www.fasterlouder.com.au:80/competitions/show/790/secure-au.imrworldwide.com/","20080601230344","200"
"http://www.fasterlouder.com.au:80/competitions/show/790/Win-a-soundcheck-party-with-Shihad.htm","20080601094925","200"
"http://www.fasterlouder.com.au:80/competitions/show/793/How-Rock-is-your-cock.htm","20080626220914","200"
"http://www.fasterlouder.com.au/competitions/show/798/Interview-Vampire-weekend.htm","20080723234845","200"
"http://www.fasterlouder.com.au:80/competitions/show/799","20080725021046","200"
"http://www.fasterlouder.com.au/competitions/show/799/Madams-Open-Mic.htm","20080723235544","200"
"http://www.fasterlouder.com.au:80/competitions/show/800","20080725003838","200"
"http://www.fasterlouder.com.au:80/competitions/winnerslist/","20080224165426","200"
"http://www.fasterlouder.com.au:80/competitions/?city=1","20080229080528","200"
"http://www.fasterlouder.com.au:80/competitions/?city=10","20080229075846","200"
"http://www.fasterlouder.com.au:80/competitions/?city=11","20080229075851","200"
"http://www.fasterlouder.com.au:80/competitions/?city=2","20080229075859","200"
"http://www.fasterlouder.com.au:80/competitions/?city=3","20080229080531","200"
"http://www.fasterlouder.com.au:80/competitions/?city=4","20080229075907","200"
"http://www.fasterlouder.com.au:80/competitions/?city=5","20080229075911","200"
"http://www.fasterlouder.com.au:80/competitions/?city=6","20080229075917","200"
"http://www.fasterlouder.com.au:80/competitions/?city=7","20080229080535","200"
"http://www.fasterlouder.com.au:80/competitions/?city=8","20080229075921","200"
"http://www.fasterlouder.com.au:80/competitions/?city=9","20080229075926","200"
"http://www.fasterlouder.com.au:80/errordocs/404.html","20080129073237","200"
"http://www.fasterlouder.com.au:80/errordocs/dbdown.html","20080511120921","200"
"http://www.fasterlouder.com.au/features","20080720091723","200"
"http://www.fasterlouder.com.au:80/features/10024/Switch-3-shift-it-up-a-notch.htm","20080317065716","200"
"http://www.fasterlouder.com.au:80/features/10030/Video-FasterLouder-Live-at-The-Powerhouse.htm","20080417064335","200"
"http://www.fasterlouder.com.au:80/features/1005/From-Here-On-In-With-The-Living-End.htm","20080621122415","200"
"http://www.fasterlouder.com.au:80/features/10067/Video-The-Horrors.htm","20080319014544","200"
"http://www.fasterlouder.com.au:80/features/10104/Video-Tilly-and-the-Wall.htm","20080325091347","200"
"http://www.fasterlouder.com.au:80/features/10105/Video-Hot-Chip-generate-a-riot.htm","20080325091350","200"
"http://www.fasterlouder.com.au:80/features/10106/Video-Josh-Pyke-splendours-wandering-minstrel.htm","20080321135911","200"
"http://www.fasterlouder.com.au:80/features/10123/Dialling-up-the-Academy-is.htm","20080307150435","200"
"http://www.fasterlouder.com.au:80/features/10125/Cobra-Starship-The-church-of-hot-addiction.htm","20080307150441","200"
"http://www.fasterlouder.com.au:80/features/10135/Editors-slowly-but-surely.htm","20080325091355","200"
"http://www.fasterlouder.com.au:80/features/10145/Liars-It-Fit-When-I-Was-a-Kid.htm","20080618214042","200"
"http://www.fasterlouder.com.au:80/features/10172/Ryan-Adams-Revelations-and-rapture.htm","20080602023739","200"
"http://www.fasterlouder.com.au:80/features/10172/secure-au.imrworldwide.com/","20080606234849","200"
"http://www.fasterlouder.com.au:80/features/10172/?city=1","20080606225358","200"
"http://www.fasterlouder.com.au:80/features/10172/?city=10","20080606234846","200"
"http://www.fasterlouder.com.au:80/features/10172/?city=11","20080606233548","200"
"http://www.fasterlouder.com.au:80/features/10172/?city=2","20080606225402","200"
"http://www.fasterlouder.com.au:80/features/10172/?city=3","20080606225407","200"
"http://www.fasterlouder.com.au:80/features/10172/?city=4","20080606233551","200"
"http://www.fasterlouder.com.au:80/features/10172/?city=5","20080606233556","200"
"http://www.fasterlouder.com.au:80/features/10172/?city=6","20080606225413","200"
"http://www.fasterlouder.com.au:80/features/10172/?city=7","20080606224621","200"
"http://www.fasterlouder.com.au:80/features/10172/?city=8","20080606225416","200"
"http://www.fasterlouder.com.au:80/features/10172/?city=9","20080606224625","200"
"http://www.fasterlouder.com.au:80/features/10214/Less-talk-more-Paper-Scissors.htm","20080414161657","200"
"http://www.fasterlouder.com.au:80/features/10238/Architecture-in-Helsinki-unusual-experiences-and-satisfying-results.htm","20080612012905","200"
"http://www.fasterlouder.com.au:80/features/10278/Kings-of-Leon-No-more-heartbreak.htm","20080331105102","200"
"http://www.fasterlouder.com.au:80/features/10304/Cut-Off-Your-Hands-shake-it.htm","20080421130244","200"
"http://www.fasterlouder.com.au:80/features/10341/Something-For-Kate-the-best-Oz-rock-around.htm","20080127120922","200"
"http://www.fasterlouder.com.au:80/features/10428/The-Cops-drop-it.htm","20080421130307","200"
"http://www.fasterlouder.com.au:80/features/10438/The-Drones-live-and-rocking.htm","20080421130314","200"
"http://www.fasterlouder.com.au:80/features/10723/Serj-Tankian-the-power-in-his-own-hands.htm","20080229111641","200"
"http://www.fasterlouder.com.au:80/features/10928/Free-78-Saab-to-good-home.htm","20080406001031","200"
"http://www.fasterlouder.com.au:80/features/11053/Dardanelles-mirror-success.htm","20080229112412","200"
"http://www.fasterlouder.com.au:80/features/11067/Machine-Head-Rising-Again-From-The-Ashes.htm","20080219134614","200"
"http://www.fasterlouder.com.au:80/features/11117/How-To-Get-What-You-Want.htm","20080226204320","200"
"http://fasterlouder.com.au/features/11145/Video-Justin-from-End-of-Fashion-talks-the-new-album-and-Legs-11.htm","20080719170445","200"
"http://www.fasterlouder.com.au:80/features/11160/Video-Missy-Higgins-talks-life-on-the-road-her-new-album-and-supporting-a-good-cause.htm","20080403024010","200"
"http://www.fasterlouder.com.au:80/features/11162/BRMC-speak-through-their-music.htm","20080331114745","200"
"http://www.fasterlouder.com.au:80/features/11204/Video-FasterLouder-Live-2-at-the-Gaelic-with-78-Saab.htm","20080226204328","200"
"http://www.fasterlouder.com.au:80/features/11220/Soft-Tigers-Unbridled-sound.htm","20080321134542","200"
"http://www.fasterlouder.com.au:80/features/11234/Im-with-the-band.htm","20080215013836","200"
"http://www.fasterlouder.com.au:80/features/11234/secure-au.imrworldwide.com/","20080524221251","200"
"http://www.fasterlouder.com.au:80/features/11234/?city=1","20080524220543","200"
"http://www.fasterlouder.com.au:80/features/11234/?city=10","20080524220554","200"
"http://www.fasterlouder.com.au:80/features/11234/?city=2","20080524220606","200"
"http://www.fasterlouder.com.au:80/features/11234/?city=5","20080524221247","200"
"http://www.fasterlouder.com.au:80/features/11356/The-Pipettes-More-than-the-everyday.htm","20080331101349","200"
"http://www.fasterlouder.com.au:80/features/11391/Punks-Not-Dead-its-just-gone-to-bed.htm","20080131180211","200"
"http://www.fasterlouder.com.au:80/features/11391/secure-au.imrworldwide.com/","20080204015246","200"
"http://www.fasterlouder.com.au:80/features/11391/?city=1","20080204014622","200"
"http://www.fasterlouder.com.au:80/features/11391/?city=10","20080204015236","200"
"http://www.fasterlouder.com.au:80/features/11391/?city=11","20080204014625","200"
"http://www.fasterlouder.com.au:80/features/11391/?city=2","20080204012002","200"
"http://www.fasterlouder.com.au:80/features/11391/?city=3","20080204015243","200"
"http://www.fasterlouder.com.au:80/features/11391/?city=4","20080204013019","200"
"http://www.fasterlouder.com.au:80/features/11391/?city=5","20080204011501","200"
"http://www.fasterlouder.com.au:80/features/11391/?city=6","20080204011509","200"
"http://www.fasterlouder.com.au:80/features/11391/?city=7","20080204014631","200"
"http://www.fasterlouder.com.au:80/features/11391/?city=8","20080204010845","200"
"http://www.fasterlouder.com.au:80/features/11391/?city=9","20080204010849","200"
"http://www.fasterlouder.com.au:80/features/11395/Hermitude-poppin-freshys-and-movin-hips.htm","20080619160243","200"
"http://www.fasterlouder.com.au:80/features/11409/Tripod-a-three-armed-musical-machine.htm","20080331110756","200"
"http://www.fasterlouder.com.au:80/features/11487/Justin-Hamilton-comedy-rocks.htm","20080210063958","200"
"http://www.fasterlouder.com.au:80/features/11511/Dappled-Cities-Fly-home.htm","20080321134549","200"
"http://www.fasterlouder.com.au:80/features/11525/Wolf-Cub-come-up-for-AIR.htm","20080513175304","200"
"http://www.fasterlouder.com.au/features/11540/Best-Of-British-V-Festival.htm","20080722184818","200"
"http://www.fasterlouder.com.au:80/features/11614/secure-au.imrworldwide.com/","20080229120031","200"
"http://www.fasterlouder.com.au:80/features/11614/Shihad-warming-up-at-Pyramid-Rock.htm","20080226123450","200"
"http://www.fasterlouder.com.au:80/features/11614/?city=1","20080229121257","200"
"http://www.fasterlouder.com.au:80/features/11614/?city=10","20080229120012","200"
"http://www.fasterlouder.com.au:80/features/11614/?city=11","20080229113847","200"
"http://www.fasterlouder.com.au:80/features/11614/?city=2","20080229113852","200"
"http://www.fasterlouder.com.au:80/features/11614/?city=3","20080229113859","200"
"http://www.fasterlouder.com.au:80/features/11614/?city=4","20080229114833","200"
"http://www.fasterlouder.com.au:80/features/11614/?city=5","20080229114838","200"
"http://www.fasterlouder.com.au:80/features/11614/?city=6","20080229120017","200"
"http://www.fasterlouder.com.au:80/features/11614/?city=7","20080229121303","200"
"http://www.fasterlouder.com.au:80/features/11614/?city=8","20080229120024","200"
"http://www.fasterlouder.com.au:80/features/11614/?city=9","20080229120029","200"
"http://www.fasterlouder.com.au:80/features/11632/King-Brothers-Japanese-punk-royalty.htm","20080218085330","200"
"http://www.fasterlouder.com.au:80/features/11634/You-Am-I-rockin-the-new-year-at-Pyramid.htm","20080526052701","200"
"http://www.fasterlouder.com.au:80/features/11690/Plain-White-Ts.htm","20080229121307","200"
"http://www.fasterlouder.com.au:80/features/11691/Video-FL-Live-The-Factory-with-The-King-Brothers.htm","20080218085334","200"
"http://www.fasterlouder.com.au:80/features/11736/The-Panics.htm","20080421130330","200"
"http://www.fasterlouder.com.au:80/features/11767/Boys-Like-Girls.htm","20080204010853","200"
"http://www.fasterlouder.com.au:80/features/11785/VIDEO-Gotye.htm","20080331110801","200"
"http://www.fasterlouder.com.au:80/features/11786/VIDEO-The-Mess-Hall.htm","20080331101352","200"
"http://www.fasterlouder.com.au:80/features/11790/VIDEO-Groove-Armada.htm","20080327083419","200"
"http://www.fasterlouder.com.au:80/features/11793/VIDEO-The-Pipettes.htm","20080331114750","200"
"http://www.fasterlouder.com.au:80/features/11794/VIDEO-Paul-Kelly.htm","20080331105935","200"
"http://www.fasterlouder.com.au:80/features/11818/Silverstein-ReTelling-The-Story.htm","20080331100319","200"
"http://www.fasterlouder.com.au:80/features/11876/Video-Regurgitator-wax-lyrical-on-life-after-the-bubble.htm","20080208222818","200"
"http://www.fasterlouder.com.au:80/features/11878/Video-Operator-Please.htm","20080208222822","200"
"http://www.fasterlouder.com.au:80/features/11891/All-Time-Low-prepare-for-Soundwave-2008.htm","20080204015251","200"
"http://www.fasterlouder.com.au:80/features/11891/secure-au.imrworldwide.com/","20080229120103","200"
"http://www.fasterlouder.com.au:80/features/11891/?city=1","20080229120045","200"
"http://www.fasterlouder.com.au:80/features/11891/?city=10","20080229113907","200"
"http://www.fasterlouder.com.au:80/features/11891/?city=11","20080229121313","200"
"http://www.fasterlouder.com.au:80/features/11891/?city=2","20080229113910","200"
"http://www.fasterlouder.com.au:80/features/11891/?city=3","20080229114846","200"
"http://www.fasterlouder.com.au:80/features/11891/?city=4","20080229120052","200"
"http://www.fasterlouder.com.au:80/features/11891/?city=5","20080229120058","200"
"http://www.fasterlouder.com.au:80/features/11891/?city=6","20080229113916","200"
"http://www.fasterlouder.com.au:80/features/11891/?city=7","20080229114849","200"
"http://www.fasterlouder.com.au:80/features/11891/?city=8","20080229114854","200"
"http://www.fasterlouder.com.au:80/features/11891/?city=9","20080229113922","200"
"http://www.fasterlouder.com.au:80/features/11905/Red-Jumpsuit-Apparatus.htm","20080317142837","200"
"http://www.fasterlouder.com.au:80/features/11923/Battles-Paving-a-different-road.htm","20080202042157","200"
"http://www.fasterlouder.com.au:80/features/11979/Tales-from-the-Big-Day-Out-1992-2007-part-one.htm","20080323175309","200"
"http://www.fasterlouder.com.au:80/features/11982/Tales-from-the-Big-Day-Out-part-two.htm","20080125062743","200"
"http://www.fasterlouder.com.au:80/features/11997/AntiFlag-War-sucks-lets-party.htm","20080123201416","200"
"http://www.fasterlouder.com.au:80/features/12003/Scouting-for-GirlsSeriously-fun-Seriously-cool.htm","20080123162126","200"
"http://www.fasterlouder.com.au:80/features/12013/A-full-circle-for-Drowning-Pool.htm","20080129065050","200"
"http://www.fasterlouder.com.au:80/features/12014/Hardcore-Superstar-debut-in-Australia.htm","20080129111405","200"
"http://www.fasterlouder.com.au:80/features/12014/secure-au.imrworldwide.com/","20080204014644","200"
"http://www.fasterlouder.com.au:80/features/12014/?city=1","20080204010900","200"
"http://www.fasterlouder.com.au:80/features/12014/?city=10","20080204014636","200"
"http://www.fasterlouder.com.au:80/features/12014/?city=11","20080204013535","200"
"http://www.fasterlouder.com.au:80/features/12014/?city=2","20080204013540","200"
"http://www.fasterlouder.com.au:80/features/12014/?city=3","20080204015257","200"
"http://www.fasterlouder.com.au:80/features/12014/?city=4","20080204012010","200"
"http://www.fasterlouder.com.au:80/features/12014/?city=5","20080204012544","200"
"http://www.fasterlouder.com.au:80/features/12014/?city=6","20080204015301","200"
"http://www.fasterlouder.com.au:80/features/12014/?city=7","20080204014640","200"
"http://www.fasterlouder.com.au:80/features/12014/?city=8","20080204012547","200"
"http://www.fasterlouder.com.au:80/features/12014/?city=9","20080204015307","200"
"http://www.fasterlouder.com.au:80/features/12019/BDO-LOCALS-Lady-Strangelove.htm","20080204012555","200"
"http://www.fasterlouder.com.au:80/features/12020/BDO-LOCALS-New-Season-Black.htm","20080204010909","200"
"http://www.fasterlouder.com.au:80/features/12021/BDO-LOCALS-King-Daddy.htm","20080204013023","200"
"http://www.fasterlouder.com.au:80/features/12023/BDO-LOCALS-Soft-White-Machine.htm","20080204012017","200"
"http://www.fasterlouder.com.au:80/features/12025/BDO-LOCALS-The-City-Riots.htm","20080204013031","200"
"http://www.fasterlouder.com.au:80/features/12026/BDO-LOCALS-Johnwoodsband.htm","20080204010915","200"
"http://www.fasterlouder.com.au:80/features/12056/BDO-LOCALS-The-Beards.htm","20080202042202","200"
"http://www.fasterlouder.com.au:80/features/12074/Black-Guns-sweaty-riffs-and-beer.htm","20080204013545","200"
"http://www.fasterlouder.com.au:80/features/12115/Cavalera-Conspiracy-not-so-secret.htm","20080205032927","200"
"http://www.fasterlouder.com.au:80/features/12119/Richard-Z-Kruspe-saves-Rammstein-with-Emigrate-side-project.htm","20080203133032","200"
"http://www.fasterlouder.com.au:80/features/12119/secure-au.imrworldwide.com/","20080205033432","200"
"http://www.fasterlouder.com.au:80/features/12119/?city=1","20080205032934","200"
"http://www.fasterlouder.com.au:80/features/12119/?city=10","20080205032937","200"
"http://www.fasterlouder.com.au:80/features/12119/?city=11","20080205032942","200"
"http://www.fasterlouder.com.au:80/features/12119/?city=2","20080205032947","200"
"http://www.fasterlouder.com.au:80/features/12119/?city=3","20080205032953","200"
"http://www.fasterlouder.com.au:80/features/12119/?city=4","20080205032957","200"
"http://www.fasterlouder.com.au:80/features/12119/?city=5","20080205033005","200"
"http://www.fasterlouder.com.au:80/features/12119/?city=6","20080205033012","200"
"http://www.fasterlouder.com.au:80/features/12119/?city=7","20080205033017","200"
"http://www.fasterlouder.com.au:80/features/12119/?city=8","20080205033021","200"
"http://www.fasterlouder.com.au:80/features/12119/?city=9","20080205033026","200"
"http://www.fasterlouder.com.au:80/features/12120/White-Summer-local-Chill-Island-heroes.htm","20080531052706","200"
"http://www.fasterlouder.com.au:80/features/12146/Nightwish-tell-tales-of-Dark-Passion.htm?","20080218124515","200"
"http://www.fasterlouder.com.au:80/features/12146/secure-au.imrworldwide.com/","20080219134729","200"
"http://www.fasterlouder.com.au:80/features/12146/?city=1","20080219134621","200"
"http://www.fasterlouder.com.au:80/features/12146/?city=10","20080219134624","200"
"http://www.fasterlouder.com.au:80/features/12146/?city=11","20080219134636","200"
"http://www.fasterlouder.com.au:80/features/12146/?city=2","20080219134641","200"
"http://www.fasterlouder.com.au:80/features/12146/?city=3","20080219134647","200"
"http://www.fasterlouder.com.au:80/features/12146/?city=4","20080219134651","200"
"http://www.fasterlouder.com.au:80/features/12146/?city=5","20080219134656","200"
"http://www.fasterlouder.com.au:80/features/12146/?city=6","20080219134702","200"
"http://www.fasterlouder.com.au:80/features/12146/?city=7","20080219134708","200"
"http://www.fasterlouder.com.au:80/features/12146/?city=8","20080219134713","200"
