original,timestamp,statuscode
"http://www.inthemix.com.au:80/","20070925051728","200"
"http://www.inthemix.com.au:80/50/","20071006013904","200"
"http://www.inthemix.com.au:80/50/2003/","20071012022934","200"
"http://www.inthemix.com.au:80/50/2005/","20071218212721","200"
"http://www.inthemix.com.au:80/50/2005/pages/cd/","20071221004755","200"
"http://www.inthemix.com.au:80/50/2005/pages/contactus/","20071221004800","200"
"http://www.inthemix.com.au:80/50/2005/pages/terms/","20071221004805","200"
"http://www.inthemix.com.au:80/50/2005/tour/","20071221004810","200"
"http://www.inthemix.com.au/50/2006/","20070930155108","200"
"http://www.inthemix.com.au:80/50/2007/","20071011122345","200"
"http://www.inthemix.com.au/50/2007/_css/core.css","20071012171107","200"
"http://www.inthemix.com.au/50/2007/_images/+_bullet.gif","20071012171249","200"
"http://www.inthemix.com.au/50/2007/_images/_headings/columnTitle_IntheMixDJPoll.gif","20071012171144","200"
"http://www.inthemix.com.au/50/2007/_images/_headings/heading_InthemixDJPoll.gif","20071012171121","200"
"http://www.inthemix.com.au/50/2007/_images/assets/down.gif","20071012170859","200"
"http://www.inthemix.com.au/50/2007/_images/assets/new.gif","20071012170854","200"
"http://www.inthemix.com.au/50/2007/_images/assets/results/070911_Results-Club_1.gif","20071012170921","200"
"http://www.inthemix.com.au/50/2007/_images/assets/results/070911_Results-Event_1.gif","20071012171049","200"
"http://www.inthemix.com.au/50/2007/_images/assets/results/070911_Results-Homepage_01.jpg","20071012170843","200"
"http://www.inthemix.com.au/50/2007/_images/assets/results/070911_Results-Internat_1.gif","20071012171031","200"
"http://www.inthemix.com.au/50/2007/_images/assets/results/070911_Results-Producer_1.gif","20071012171210","200"
"http://www.inthemix.com.au/50/2007/_images/assets/results/070911_Results-States_1.gif","20071012171152","200"
"http://www.inthemix.com.au/50/2007/_images/assets/results/070911_Results-Winner_1.gif","20071012170947","200"
"http://www.inthemix.com.au/50/2007/_images/assets/results/names/dirtySouth.gif","20071012171040","200"
"http://www.inthemix.com.au/50/2007/_images/assets/results/names/johnCourse.gif","20071012171116","200"
"http://www.inthemix.com.au/50/2007/_images/assets/results/names/pic_dirtySouth.jpg","20071012170849","200"
"http://www.inthemix.com.au/50/2007/_images/assets/results/names/pic_johnCourse.jpg","20071012171133","200"
"http://www.inthemix.com.au/50/2007/_images/assets/results/names/pic_staffordBrothers.jpg","20071012171012","200"
"http://www.inthemix.com.au/50/2007/_images/assets/results/names/pic_tydi.jpg","20071012171204","200"
"http://www.inthemix.com.au/50/2007/_images/assets/results/names/staffordBrothers.gif","20071012171221","200"
"http://www.inthemix.com.au/50/2007/_images/assets/results/names/tydi.gif","20071012171227","200"
"http://www.inthemix.com.au/50/2007/_images/assets/results_51-100.gif","20071012171045","200"
"http://www.inthemix.com.au/50/2007/_images/assets/same.gif","20071012170928","200"
"http://www.inthemix.com.au/50/2007/_images/assets/up.gif","20071012170836","200"
"http://www.inthemix.com.au/50/2007/_images/background_spacer_black.jpg","20071012171318","200"
"http://www.inthemix.com.au/50/2007/_images/background_spacer_greyGrad.jpg","20071012171313","200"
"http://www.inthemix.com.au/50/2007/_images/background_spacer_yellow.jpg","20071012171237","200"
"http://www.inthemix.com.au/50/2007/_images/background_spacer_yellowGra.jpg","20071012171259","200"
"http://www.inthemix.com.au/50/2007/_images/buttons/us_180x150.gif","20071013112202","200"
"http://www.inthemix.com.au/50/2007/_images/core_contentBG.jpg","20071012171332","200"
"http://www.inthemix.com.au/50/2007/_images/core_DJmixes.jpg","20071012170914","200"
"http://www.inthemix.com.au/50/2007/_images/core_heading.jpg","20071012171002","200"
"http://www.inthemix.com.au/50/2007/_images/core_legal.gif","20071012171022","200"
"http://www.inthemix.com.au/50/2007/_images/core_navigation.jpg","20071012170907","200"
"http://www.inthemix.com.au/50/2007/_images/core_Sponsors.gif","20071012171054","200"
"http://www.inthemix.com.au/50/2007/_images/input_bg.jpg","20071012171307","200"
"http://www.inthemix.com.au:80/50/2007/c/(removed_email_address)/secure-au.imrworldwide.com/secure-au.imrworldwide.com/secure-au.imrworldwide.com/secure-au.imrworldwide.com/","20070917234935","200"
"http://www.inthemix.com.au:80/50/2007/c/secure-au.imrworldwide.com/secure-au.imrworldwide.com/secure-au.imrworldwide.com/secure-au.imrworldwide.com/","20070917234907","200"
"http://www.inthemix.com.au:80/50/2007/c/secure-au.imrworldwide.com/secure-au.imrworldwide.com/secure-au.imrworldwide.com/secure-au.imrworldwide.com/secure-au.imrworldwide.com/","20070922100716","200"
"http://www.inthemix.com.au:80/50/2007/c/secure-au.imrworldwide.com/secure-au.imrworldwide.com/secure-au.imrworldwide.com/secure-au.imrworldwide.com/secure-au.imrworldwide.com/secure-au.imrworldwide.com/","20071001224236","200"
"http://www.inthemix.com.au:80/50/2007/djcode/1740/secure-au.imrworldwide.com/","20070917143944","200"
"http://www.inthemix.com.au:80/50/2007/djcode/2815/secure-au.imrworldwide.com/","20070917143915","200"
"http://www.inthemix.com.au:80/50/2007/djcode/2951/secure-au.imrworldwide.com/secure-au.imrworldwide.com/secure-au.imrworldwide.com/","20070917234845","200"
"http://www.inthemix.com.au:80/50/2007/djcode/538/secure-au.imrworldwide.com/secure-au.imrworldwide.com/secure-au.imrworldwide.com/secure-au.imrworldwide.com/","20070917234824","200"
"http://www.inthemix.com.au:80/50/2007/djlist/","20071011120940","200"
"http://www.inthemix.com.au:80/50/2007/djlist/secure-au.imrworldwide.com/","20071028093558","200"
"http://www.inthemix.com.au:80/50/2007/djlist/secure-au.imrworldwide.com/secure-au.imrworldwide.com/secure-au.imrworldwide.com/secure-au.imrworldwide.com/secure-au.imrworldwide.com/secure-au.imrworldwide.com/secure-au.imrworldwide.com/secure-au.imrworldwide.com/secure-au.imrworldwide.com/secure-au.imrworldwide.com/secure-au.imrworldwide.com/secure-au.imrworldwide.com/secure-au.imrworldwide.com/secure-au.imrworldwide.com/","20070917234946","200"
"http://www.inthemix.com.au:80/50/2007/myvote/159/","20071125202128","200"
"http://www.inthemix.com.au:80/50/2007/myvote/221/","20071027075642","200"
"http://www.inthemix.com.au:80/50/2007/myvote/2726/secure-au.imrworldwide.com/secure-au.imrworldwide.com/","20070917235011","200"
"http://www.inthemix.com.au:80/50/2007/myvote/3397/secure-au.imrworldwide.com/secure-au.imrworldwide.com/secure-au.imrworldwide.com/secure-au.imrworldwide.com/secure-au.imrworldwide.com/","20070917235039","200"
"http://www.inthemix.com.au:80/50/2007/myvote/3545/","20071014010926","200"
"http://www.inthemix.com.au:80/50/2007/myvote/393/secure-au.imrworldwide.com/","20070916192603","200"
"http://www.inthemix.com.au:80/50/2007/myvote/40/","20071001211032","200"
"http://www.inthemix.com.au:80/50/2007/myvote/40/secure-au.imrworldwide.com/","20070917055125","200"
"http://www.inthemix.com.au:80/50/2007/myvote/831/secure-au.imrworldwide.com/secure-au.imrworldwide.com/secure-au.imrworldwide.com/secure-au.imrworldwide.com/secure-au.imrworldwide.com/","20070917235001","200"
"http://www.inthemix.com.au:80/50/2007/results/51-100/","20071022102022","200"
"http://www.inthemix.com.au:80/50/2007/results/51-100/secure-au.imrworldwide.com/","20071027075248","200"
"http://www.inthemix.com.au:80/50/2007/secure-au.imrworldwide.com/","20071022102028","200"
"http://www.inthemix.com.au:80/?city=6","20071105152446","200"
"http://www.inthemix.com.au/_css/compiled.css","20071004165054","200"
"http://www.inthemix.com.au/_css/core.css","20071015144930","200"
"http://www.inthemix.com.au/_css/coreExtender.css","20071011003538","200"
"http://www.inthemix.com.au/_css/elements/ajaxArea.css","20071004165108","200"
"http://www.inthemix.com.au/_css/elements/articleTools.css","20071004165210","200"
"http://www.inthemix.com.au/_css/elements/authorBlock.css","20071011002546","200"
"http://www.inthemix.com.au/_css/elements/blueArea.css","20071011004341","200"
"http://www.inthemix.com.au/_css/elements/buddies.css","20071004164944","200"
"http://www.inthemix.com.au/_css/elements/comments.css","20071011003034","200"
"http://www.inthemix.com.au/_css/elements/communityArticles.css","20071004164922","200"
"http://www.inthemix.com.au/_css/elements/contentBar.css","20071011005624","200"
"http://www.inthemix.com.au/_css/elements/expander.css","20071010234623","200"
"http://www.inthemix.com.au/_css/elements/profileTools.css","20071012160210","200"
"http://www.inthemix.com.au/_css/elements/rating.css","20071011003138","200"
"http://www.inthemix.com.au/_css/elements/resultBar.css","20071011004251","200"
"http://www.inthemix.com.au/_css/elements/shop.css","20071004165219","200"
"http://www.inthemix.com.au/_css/elements/shopProducts.css","20071015144745","200"
"http://www.inthemix.com.au/_css/elements/sideBar.css","20071011005344","200"
"http://www.inthemix.com.au/_css/elements/syndication.css","20071011002916","200"
"http://www.inthemix.com.au/_css/elements/toolbar.css","20071004165030","200"
"http://www.inthemix.com.au/_css/elements/userBar.css","20071004165002","200"
"http://www.inthemix.com.au/_css/elements/weather.css","20071004165241","200"
"http://www.inthemix.com.au/_css/form.css","20071004165223","200"
"http://www.inthemix.com.au/_css/text.css","20071015144551","200"
"http://www.inthemix.com.au/_css/themes/musicDownloads.css","20071004165026","200"
"http://www.inthemix.com.au/_css/themes/whatson.css","20071004165237","200"
"http://www.inthemix.com.au/_flash/coke/preroll_150_1.swf?imageURL=/imagecache/graphics/graphics_5a741214a82c3fe167db8fbd872916c4.jpg","20070919042523","200"
"http://www.inthemix.com.au/_flash/coke/preroll_150_1.swf?imageURL=/imagecache/graphics/graphics_8219c67e5b103b58696874a077e4439d.jpg","20070920182405","200"
"http://www.inthemix.com.au/_flash/coke/preroll_150_1.swf?imageURL=/imagecache/graphics/graphics_fadf9937ce5cb29b44b634a6e1ddc25f.jpg","20070921084033","200"
"http://www.inthemix.com.au/_flash/coke/preroll_150_2.swf?imageURL=/imagecache/graphics/graphics_5a741214a82c3fe167db8fbd872916c4.jpg","20070919043437","200"
"http://www.inthemix.com.au/_flash/coke/preroll_150_2.swf?imageURL=/imagecache/graphics/graphics_7224f0abf5475b86c9539026ceb8cd11.jpg","20070920205051","200"
"http://www.inthemix.com.au/_flash/coke/preroll_150_2.swf?imageURL=/imagecache/graphics/graphics_7b1810efe575102dce0b43e367162e7c.jpg","20070919192110","200"
"http://www.inthemix.com.au/_flash/coke/preroll_150_2.swf?imageURL=/imagecache/graphics/graphics_87ad760854306c8e958a8dd867245ebf.jpg","20070920023636","200"
"http://www.inthemix.com.au/_flash/coke/preroll_150_2.swf?imageURL=/imagecache/graphics/graphics_fadf9937ce5cb29b44b634a6e1ddc25f.jpg","20070921085253","200"
"http://www.inthemix.com.au/_flash/coke/preroll_150_3.swf?imageURL=/imagecache/graphics/graphics_7224f0abf5475b86c9539026ceb8cd11.jpg","20070920205339","200"
"http://www.inthemix.com.au/_flash/coke/preroll_150_3.swf?imageURL=/imagecache/graphics/graphics_7b1810efe575102dce0b43e367162e7c.jpg","20070919190428","200"
"http://www.inthemix.com.au/_flash/coke/preroll_150_3.swf?imageURL=/imagecache/graphics/graphics_8219c67e5b103b58696874a077e4439d.jpg","20070920181216","200"
"http://www.inthemix.com.au/_flash/coke/preroll_150_3.swf?imageURL=/imagecache/graphics/graphics_fadf9937ce5cb29b44b634a6e1ddc25f.jpg","20070921075003","200"
"http://www.inthemix.com.au/_flash/coke/preroll_250_1.swf?imageURL=/imagecache/graphics/graphics_78721c76a349a6318c4bd1ac8767c260.jpg","20070920012630","200"
"http://www.inthemix.com.au/_flash/coke/preroll_250_1.swf?imageURL=/imagecache/graphics/graphics_cba993e39f9682f562c7503fe83dd8a9.jpg","20070919024438","200"
"http://www.inthemix.com.au/_flash/coke/preroll_250_2.swf?imageURL=/imagecache/graphics/graphics_cba993e39f9682f562c7503fe83dd8a9.jpg","20070919015003","200"
"http://www.inthemix.com.au/_flash/coke/preroll_250_3.swf?imageURL=/imagecache/graphics/graphics_78721c76a349a6318c4bd1ac8767c260.jpg","20070920005602","200"
"http://www.inthemix.com.au/_flash/player/ITM_Player.swf?itemID=33379","20070920051649","200"
"http://www.inthemix.com.au/_flash/player/ITM_Player.swf?itemID=33665","20070920071250","200"
"http://www.inthemix.com.au/_flash/player/ITM_Player.swf?itemID=33771","20070920072925","200"
"http://www.inthemix.com.au/_flash/rayban/preroll_1_150.swf?imageURL=/imagecache/graphics/graphics_3607213bc65bfdd93bab763611002b55.jpg","20070919055335","200"
"http://www.inthemix.com.au/_flash/rayban/preroll_1_150.swf?imageURL=/imagecache/graphics/graphics_ba1bd1e4761d00cbe5457865408ec48a.jpg","20070919103001","200"
"http://www.inthemix.com.au/_flash/rayban/preroll_1_150.swf?imageURL=/imagecache/graphics/graphics_d041f9a7de0c88c07c24d33b3d1cb1e9.jpg","20071011201059","200"
"http://www.inthemix.com.au/_flash/rayban/preroll_2_150.swf?imageURL=/imagecache/graphics/graphics_3f51a9ed7a8d5aaea1796dd861dd69ee.jpg","20070919124253","200"
"http://www.inthemix.com.au/_flash/rayban/preroll_2_150.swf?imageURL=/imagecache/graphics/graphics_6124aa6ef16a4d1872a72f5437debafc.jpg","20070919053923","200"
"http://www.inthemix.com.au/_flash/rayban/preroll_2_150.swf?imageURL=/imagecache/graphics/graphics_f2553885d1ee336df741848ff5b5efc0.jpg","20070919040004","200"
"http://www.inthemix.com.au/_flash/rayban/preroll_2_150.swf?imageURL=/imagecache/graphics/graphics_f32572f17bdd77890a2cd5733b4cb721.jpg","20071012112149","200"
"http://www.inthemix.com.au/_images/_assets/bannerSpecs/bannerSpecs_emailIsland.gif","20071011141101","200"
"http://www.inthemix.com.au/_images/_assets/bannerSpecs/bannerSpecs_emailSuper.gif","20071011141027","200"
"http://www.inthemix.com.au/_images/_assets/bannerSpecs/bannerSpecs_expIsland.gif","20071011141014","200"
"http://www.inthemix.com.au/_images/_assets/bannerSpecs/bannerSpecs_expSuper.gif","20071011140948","200"
"http://www.inthemix.com.au/_images/_assets/bannerSpecs/bannerSpecs_island.gif","20071011141051","200"
"http://www.inthemix.com.au/_images/_assets/bannerSpecs/bannerSpecs_otp.gif","20071011140958","200"
"http://www.inthemix.com.au/_images/_assets/bannerSpecs/bannerSpecs_super.gif","20071011141037","200"
"http://www.inthemix.com.au/_images/_core/Banner_BG.jpg","20071004170636","200"
"http://www.inthemix.com.au/_images/_core/Banner_BG_Headphone.jpg","20071004170742","200"
"http://www.inthemix.com.au/_images/_core/bg_dot_black.gif","20070920120619","200"
"http://www.inthemix.com.au/_images/_core/bg_dot_blue.gif","20070920120718","200"
"http://www.inthemix.com.au/_images/_core/bg_ITM_head_grey.gif","20071004170746","200"
"http://www.inthemix.com.au/_images/_core/bg_ITM_head_white.gif","20071004170816","200"
"http://www.inthemix.com.au/_images/_core/bg_line_black.gif","20071004165254","200"
"http://www.inthemix.com.au/_images/_core/bg_line_close_black.gif","20071004170737","200"
"http://www.inthemix.com.au/_images/_core/bg_line_grey.gif","20071004170653","200"
"http://www.inthemix.com.au/_images/_core/bg_line_white.gif","20071004170720","200"
"http://www.inthemix.com.au/_images/_core/bullets/Arrow_black_east.gif","20070919030533","200"
"http://www.inthemix.com.au/_images/_core/bullets/arrow_db_east.gif","20071004170640","200"
"http://www.inthemix.com.au/_images/_core/bullets/Arrow_ibiza_east.gif","20070920120926","200"
"http://www.inthemix.com.au/_images/_core/bullets/Arrow_white_east.gif","20071004170812","200"
"http://www.inthemix.com.au/_images/_core/bullets/dot_black.gif","20071004170733","200"
"http://www.inthemix.com.au/_images/_core/bullets/link_do_east.gif","20070919030451","200"
"http://www.inthemix.com.au/_images/_core/bullets/link_grey_east.gif","20070919025722","200"
"http://www.inthemix.com.au/_images/_core/bullets/link_white_east.gif","20071004170715","200"
"http://www.inthemix.com.au/_images/_core/email/emailHeader.jpg","20071004170822","200"
"http://www.inthemix.com.au/_images/_core/footerBar_BG.gif","20071004170724","200"
"http://www.inthemix.com.au/_images/_core/frames/buyticket_button.gif","20071004170909","200"
"http://www.inthemix.com.au/_images/_core/frames/buyticket_forum.gif","20071012055306","200"
"http://www.inthemix.com.au/_images/_core/frames/chat_large.gif","20070920175842","200"
"http://www.inthemix.com.au/_images/_core/frames/myEvents.gif","20071004170918","200"
"http://www.inthemix.com.au/_images/_core/frames/rating_large.gif","20071011120540","200"
"http://www.inthemix.com.au/_images/_core/frames/roll_call_button.gif","20071004170031","200"
"http://www.inthemix.com.au/_images/_core/frames/roll_call_large_button.gif","20070920204321","200"
"http://www.inthemix.com.au/_images/_core/frames/roll_call_list_button.gif","20071015145739","200"
"http://www.inthemix.com.au/_images/_core/frames/toolbar_large.gif","20071004170533","200"
"http://www.inthemix.com.au/_images/_core/frames/toolbar_large_over.gif","20071004170524","200"
"http://www.inthemix.com.au/_images/_core/frames/toolbar_small.gif","20071004170528","200"
"http://www.inthemix.com.au/_images/_core/frames/toolbar_small_over.gif","20071004170519","200"
"http://www.inthemix.com.au/_images/_core/frames/validation.gif","20071004170913","200"
"http://www.inthemix.com.au/_images/_core/graphicBar_BG.gif","20071004170702","200"
"http://www.inthemix.com.au/_images/_core/graphicBar_BG_WhatsOn.gif","20071004165201","200"
"http://www.inthemix.com.au/_images/_core/graphicBars/AboutITM.jpg","20071011003321","200"
"http://www.inthemix.com.au/_images/_core/graphicBars/Adelaide.jpg","20070923054814","200"
"http://www.inthemix.com.au/_images/_core/graphicBars/AllAbout.jpg","20071011004219","200"
"http://www.inthemix.com.au/_images/_core/graphicBars/banner_AllAbout.jpg","20071011004503","200"
"http://www.inthemix.com.au/_images/_core/graphicBars/banner_Forum.jpg","20071012055637","200"
"http://www.inthemix.com.au/_images/_core/graphicBars/banner_Membership.jpg","20071011011729","200"
"http://www.inthemix.com.au/_images/_core/graphicBars/banner_Music.jpg","20071011002928","200"
"http://www.inthemix.com.au/_images/_core/graphicBars/banner_Shop.jpg","20071015145039","200"
"http://www.inthemix.com.au/_images/_core/graphicBars/banner_WhatsOn.jpg","20071004165129","200"
"http://www.inthemix.com.au/_images/_core/graphicBars/Brisbane.jpg","20070923055602","200"
"http://www.inthemix.com.au/_images/_core/graphicBars/Canberra.jpg","20070923055207","200"
"http://www.inthemix.com.au/_images/_core/graphicBars/Competitions.jpg","20070920123612","200"
"http://www.inthemix.com.au/_images/_core/graphicBars/Forum.jpg","20071012055141","200"
"http://www.inthemix.com.au/_images/_core/graphicBars/LocalNews.jpg","20071011200728","200"
"http://www.inthemix.com.au/_images/_core/graphicBars/location_AllAbout.jpg","20071011004417","200"
"http://www.inthemix.com.au/_images/_core/graphicBars/location_Forum.jpg","20071012055712","200"
"http://www.inthemix.com.au/_images/_core/graphicBars/location_Membership.jpg","20071011010223","200"
"http://www.inthemix.com.au/_images/_core/graphicBars/location_Music.jpg","20071011003129","200"
"http://www.inthemix.com.au/_images/_core/graphicBars/location_Shop.jpg","20071015144907","200"
"http://www.inthemix.com.au/_images/_core/graphicBars/location_WhatsOn.jpg","20071004165011","200"
"http://www.inthemix.com.au/_images/_core/graphicBars/Membership.jpg","20071011005742","200"
"http://www.inthemix.com.au/_images/_core/graphicBars/Music.jpg","20071010234453","200"
"http://www.inthemix.com.au/_images/_core/graphicBars/Perth.jpg","20071004172155","200"
"http://www.inthemix.com.au/_images/_core/graphicBars/Shop.jpg","20071015144848","200"
"http://www.inthemix.com.au/_images/_core/graphicBars/Subscriptions.jpg","20071011005447","200"
"http://www.inthemix.com.au/_images/_core/graphicBars/WhatsOn.jpg","20071004165156","200"
"http://www.inthemix.com.au/_images/_core/headings/advertisment.gif","20071015145152","200"
"http://www.inthemix.com.au/_images/_core/headings/ap_+aboutTheAuthor.gif","20071011002416","200"
"http://www.inthemix.com.au/_images/_core/headings/ap_+allAbout.gif","20071010234801","200"
"http://www.inthemix.com.au/_images/_core/headings/ap_+artists.gif","20071012054409","200"
"http://www.inthemix.com.au/_images/_core/headings/ap_+audience.gif","20071004165133","200"
"http://www.inthemix.com.au/_images/_core/headings/ap_+contact.gif","20071012062129","200"
"http://www.inthemix.com.au/_images/_core/headings/ap_+date_time.gif","20071004164953","200"
"http://www.inthemix.com.au/_images/_core/headings/ap_+details.gif","20071012055924","200"
"http://www.inthemix.com.au/_images/_core/headings/ap_+DigitalDownloads.gif","20071010234505","200"
"http://www.inthemix.com.au/_images/_core/headings/ap_+Format.gif","20071010234331","200"
"http://www.inthemix.com.au/_images/_core/headings/ap_+forumStats.gif","20071012062158","200"
"http://www.inthemix.com.au/_images/_core/headings/ap_+ItemPrice.gif","20071015144706","200"
"http://www.inthemix.com.au/_images/_core/headings/ap_+Label.gif","20071010234615","200"
"http://www.inthemix.com.au/_images/_core/headings/ap_+location.gif","20071004165232","200"
"http://www.inthemix.com.au/_images/_core/headings/ap_+music_styles.gif","20071004165006","200"
"http://www.inthemix.com.au/_images/_core/headings/ap_+NotAvailable.gif","20071015145135","200"
"http://www.inthemix.com.au/_images/_core/headings/ap_+outlets.gif","20071004165142","200"
"http://www.inthemix.com.au/_images/_core/headings/ap_+presented_by.gif","20071004165215","200"
"http://www.inthemix.com.au/_images/_core/headings/ap_+ticketCosts.gif","20071004165034","200"
"http://www.inthemix.com.au/_images/_core/headings/ap_+websites.gif","20071004165104","200"
"http://www.inthemix.com.au/_images/_core/headings/ap_+WhereWhen.gif","20071012054452","200"
"http://www.inthemix.com.au/_images/_core/headings/ap_action_addBuddyList.gif","20070919111937","200"
"http://www.inthemix.com.au/_images/_core/headings/ap_action_addIgnoreList.gif","20070919111916","200"
"http://www.inthemix.com.au/_images/_core/headings/ap_action_articleChangeLog.gif","20071004170905","200"
"http://www.inthemix.com.au/_images/_core/headings/ap_action_articleStats.gif","20071004170900","200"
"http://www.inthemix.com.au/_images/_core/headings/ap_action_editThisItem.gif","20071004170834","200"
"http://www.inthemix.com.au/_images/_core/headings/ap_action_goFullscreen.gif","20071004170838","200"
"http://www.inthemix.com.au/_images/_core/headings/ap_action_iHeartThis.gif","20071004170850","200"
"http://www.inthemix.com.au/_images/_core/headings/ap_action_printThisPage.gif","20071004170855","200"
"http://www.inthemix.com.au/_images/_core/headings/ap_action_sendEmail.gif","20070919112025","200"
"http://www.inthemix.com.au/_images/_core/headings/ap_action_sendEventToFriend.gif","20071004170829","200"
"http://www.inthemix.com.au/_images/_core/headings/ap_action_sendForumPM.gif","20070919112002","200"
"http://www.inthemix.com.au/_images/_core/headings/ap_action_sendMeReminder.gif","20071004170843","200"
"http://www.inthemix.com.au/_images/_core/headings/ap_action_viewProfileStats.gif","20070919111855","200"
"http://www.inthemix.com.au/_images/_core/headings/cs_AboutOurSubscriptions.gif","20071011005521","200"
"http://www.inthemix.com.au/_images/_core/headings/cs_AboutUs.gif","20071011003307","200"
"http://www.inthemix.com.au/_images/_core/headings/cs_AccountTools.gif","20071013015058","200"
"http://www.inthemix.com.au/_images/_core/headings/cs_AdvertisingWithUs.gif","20071011003819","200"
"http://www.inthemix.com.au/_images/_core/headings/cs_Artists.gif","20071004165228","200"
"http://www.inthemix.com.au/_images/_core/headings/cs_AvaliableProducts.gif","20070919025119","200"
"http://www.inthemix.com.au/_images/_core/headings/cs_b_BuyTicketsFor.gif","20070919150559","200"
"http://www.inthemix.com.au/_images/_core/headings/cs_BuyMusic.gif","20071010234358","200"
"http://www.inthemix.com.au/_images/_core/headings/cs_BuyTickets.gif","20071004164949","200"
"http://www.inthemix.com.au/_images/_core/headings/cs_Comments.gif","20071011002647","200"
"http://www.inthemix.com.au/_images/_core/headings/cs_Competitions.gif","20071004172046","200"
"http://www.inthemix.com.au/_images/_core/headings/cs_DigitalDownloads.gif","20071004172301","200"
"http://www.inthemix.com.au/_images/_core/headings/cs_Error.gif","20071011142507","200"
"http://www.inthemix.com.au/_images/_core/headings/cs_EventReviews.gif","20071011005147","200"
"http://www.inthemix.com.au/_images/_core/headings/cs_EventsImGoingTo.gif","20071012062233","200"
"http://www.inthemix.com.au/_images/_core/headings/cs_FeatureArticles.gif","20071011004833","200"
"http://www.inthemix.com.au/_images/_core/headings/cs_FindProducts.gif","20071015145116","200"
"http://www.inthemix.com.au/_images/_core/headings/cs_FormAssistant.gif","20071011141558","200"
"http://www.inthemix.com.au/_images/_core/headings/cs_ForumPosts.gif","20071004165059","200"
"http://www.inthemix.com.au/_images/_core/headings/cs_FreeDownload.gif","20071004171951","200"
"http://www.inthemix.com.au/_images/_core/headings/cs_g_AddYourComment.gif","20071011003048","200"
"http://www.inthemix.com.au/_images/_core/headings/cs_Help.gif","20071011005415","200"
"http://www.inthemix.com.au/_images/_core/headings/cs_HotForums.gif","20071004172222","200"
"http://www.inthemix.com.au/_images/_core/headings/cs_HotGoodies.gif","20070919025224","200"
"http://www.inthemix.com.au/_images/_core/headings/cs_HowToRegister.gif","20071011005719","200"
"http://www.inthemix.com.au/_images/_core/headings/cs_Ibiza_TopGalleries.gif","20070920090230","200"
"http://www.inthemix.com.au/_images/_core/headings/cs_IbizaGuideArticles.gif","20070920031324","200"
"http://www.inthemix.com.au/_images/_core/headings/cs_IbizaITMGuide.gif","20071004172208","200"
"http://www.inthemix.com.au/_images/_core/headings/cs_Instructions.gif","20071011005728","200"
"http://www.inthemix.com.au/_images/_core/headings/cs_InternationalNews.gif","20071004172332","200"
"http://www.inthemix.com.au/_images/_core/headings/cs_ITMCodeOfConduct.gif","20071011005709","200"
"http://www.inthemix.com.au/_images/_core/headings/cs_ITMFM.gif","20071004172345","200"
"http://www.inthemix.com.au/_images/_core/headings/cs_ITMTV.gif","20071004172253","200"
"http://www.inthemix.com.au/_images/_core/headings/cs_ITMVIP.gif","20071013015115","200"
"http://www.inthemix.com.au/_images/_core/headings/cs_Legal.gif","20071011003259","200"
"http://www.inthemix.com.au/_images/_core/headings/cs_Life.gif","20071004172425","200"
"http://www.inthemix.com.au/_images/_core/headings/cs_LocalNews.gif","20071004172349","200"
"http://www.inthemix.com.au/_images/_core/headings/cs_ManageAccount.gif","20071011010247","200"
"http://www.inthemix.com.au/_images/_core/headings/cs_MusicReviews.gif","20071004172323","200"
"http://www.inthemix.com.au/_images/_core/headings/cs_News.gif","20071011005026","200"
"http://www.inthemix.com.au/_images/_core/headings/cs_OurCommunity.gif","20071011003949","200"
"http://www.inthemix.com.au/_images/_core/headings/cs_PaymentMethods.gif","20071015145125","200"
"http://www.inthemix.com.au/_images/_core/headings/cs_Photos.gif","20071004172416","200"
"http://www.inthemix.com.au/_images/_core/headings/cs_Podcasts.gif","20071004172358","200"
"http://www.inthemix.com.au/_images/_core/headings/cs_Poll.gif","20071004172146","200"
"http://www.inthemix.com.au/_images/_core/headings/cs_ProfileSearch.gif","20071011233030","200"
"http://www.inthemix.com.au/_images/_core/headings/cs_PromotingYourEvent.gif","20071011004035","200"
"http://www.inthemix.com.au/_images/_core/headings/cs_Rating.gif","20071010234441","200"
"http://www.inthemix.com.au/_images/_core/headings/cs_RecentBlogEntries.gif","20071012062255","200"
"http://www.inthemix.com.au/_images/_core/headings/cs_Releases.gif","20071011004434","200"
"http://www.inthemix.com.au/_images/_core/headings/cs_Reviews.gif","20071004172036","200"
"http://www.inthemix.com.au/_images/_core/headings/cs_RollCall.gif","20071004165250","200"
"http://www.inthemix.com.au/_images/_core/headings/cs_RSVPs.gif","20070920123738","200"
"http://www.inthemix.com.au/_images/_core/headings/cs_ShippingOptions.gif","20071015144730","200"
"http://www.inthemix.com.au/_images/_core/headings/cs_shopTerms.gif","20070919025343","200"
"http://www.inthemix.com.au/_images/_core/headings/cs_Tickets.gif","20071004172314","200"
"http://www.inthemix.com.au/_images/_core/headings/cs_TopDownloads.gif","20071011002758","200"
"http://www.inthemix.com.au/_images/_core/headings/cs_WhatsHot.gif","20071011004238","200"
"http://www.inthemix.com.au/_images/_core/headings/cs_WhatsOn.gif","20071004172340","200"
"http://www.inthemix.com.au/_images/_core/headings/cs_YourShoppingCart.gif","20071015145120","200"
"http://www.inthemix.com.au/_images/_core/icons/creditcards/cc_anz_debit.jpg","20071015145023","200"
"http://www.inthemix.com.au/_images/_core/icons/creditcards/ecs_seal.gif","20071015144612","200"
"http://www.inthemix.com.au/_images/_core/icons/heart.gif","20071011002217","200"
"http://www.inthemix.com.au/_images/_core/icons/star.gif","20071010234603","200"
"http://www.inthemix.com.au/_images/_core/icons/star.png","20071012054441","200"
"http://www.inthemix.com.au/_images/_core/icons/swizel.gif","20071004165147","200"
"http://www.inthemix.com.au/_images/_core/icons/syndication_delicious.gif","20071011114306","200"
"http://www.inthemix.com.au/_images/_core/icons/syndication_digg.gif","20071011114253","200"
"http://www.inthemix.com.au/_images/_core/icons/syndication_rss.gif","20071011114318","200"
"http://www.inthemix.com.au/_images/_core/icons/weather/rain.gif","20071004165246","200"
"http://www.inthemix.com.au/_images/_core/Location_BG_Headphone.jpg","20071004172150","200"
"http://www.inthemix.com.au/_images/_core/main_ITM_headercomau.jpg","20071004165124","200"
"http://www.inthemix.com.au/_images/_core/placeholder.jpg","20071011003059","200"
"http://www.inthemix.com.au/_images/_core/siteTools_BG.gif","20071004170644","200"
"http://www.inthemix.com.au/_images/_core/transparentSpacer.gif","20071011013053","200"
"http://www.inthemix.com.au/_images/_sponsors/Smirnoff/SE_Spot_Home.gif","20071004172009","200"
"http://www.inthemix.com.au/_images/_sponsors/sonyEricsson/itm_homepage_spot_left.jpg","20071004172124","200"
"http://www.inthemix.com.au/_images/_sponsors/sonyEricsson/itm_homepage_spot_right.jpg","20071004172022","200"
"http://www.inthemix.com.au/_images/_theme/buymusic/logo_play4me.gif","20071011003025","200"
"http://www.inthemix.com.au/_images/_theme/buymusic/logo_play4me_blue.gif","20071011200232","200"
"http://www.inthemix.com.au/_images/_theme/cityselect/cityselect_Footer.gif","20071004170728","200"
"http://www.inthemix.com.au/_images/_theme/freedownloads/corner_white.gif","20071004170510","200"
"http://www.inthemix.com.au/_images/_theme/freedownloads/freedownloads_pattern.gif","20071004170514","200"
"http://www.inthemix.com.au/_images/_theme/ibiza/background_featureArt.gif","20070920120750","200"
"http://www.inthemix.com.au/_images/_theme/ibiza/background_ibiza.jpg","20070920120651","200"
"http://www.inthemix.com.au/_images/_theme/ibiza/background_ibiza_articles.jpg","20070920120818","200"
"http://www.inthemix.com.au/_images/_theme/ibiza/background_ibiza_photos.jpg","20070920120904","200"
"http://www.inthemix.com.au/_images/_theme/ibiza/ibiza_graphicBar_BG.gif","20070920120842","200"
"http://www.inthemix.com.au/_images/_theme/vip/background_vip.jpg","20070920175931","200"
"http://www.inthemix.com.au/_images/_theme/vip/vip_graphicBar_BG.gif","20070920175905","200"
"http://www.inthemix.com.au/_images/placeHolder_music.gif","20071004172000","200"
"http://www.inthemix.com.au/_javascript/compiled.js","20071004165151","200"
"http://www.inthemix.com.au/_javascript/framework/Ajax.js","20071004165043","200"
"http://www.inthemix.com.au/_javascript/framework/Callback.js","20071011005512","200"
"http://www.inthemix.com.au/_javascript/framework/DataSource.js","20071011005548","200"
"http://www.inthemix.com.au/_javascript/framework/Debugger.js","20071011005500","200"
"http://www.inthemix.com.au/_javascript/framework/FormData.js","20071015144641","200"
"http://www.inthemix.com.au/_javascript/framework/FormFiller.js","20071011010312","200"
"http://www.inthemix.com.au/_javascript/framework/Framework.js","20071011005400","200"
"http://www.inthemix.com.au/_javascript/framework/Notify.js","20071011005638","200"
"http://www.inthemix.com.au/_javascript/framework/ReplicatingWidget.js","20071011141904","200"
"http://www.inthemix.com.au/_javascript/framework/TextCounter.js","20071011010045","200"
"http://www.inthemix.com.au/_javascript/framework/toggleZones.js","20071011005310","200"
"http://www.inthemix.com.au/_javascript/framework/TwoColumnToggle.js","20071011005329","200"
"http://www.inthemix.com.au/_javascript/framework/User.js","20071011005604","200"
"http://www.inthemix.com.au/_javascript/framework/Validation.js","20071011005831","200"
"http://www.inthemix.com.au/_javascript/framework/Widget.js","20071011141633","200"
"http://www.inthemix.com.au/_javascript/framework/WidgetManager.js","20071011141547","200"
"http://www.inthemix.com.au/_javascript/pngFix.js","20071015144756","200"
"http://www.inthemix.com.au/_javascript/Rating.js","20071010234409","200"
"http://www.inthemix.com.au/_javascript/RollCall.js","20071004165112","200"
"http://www.inthemix.com.au/_javascript/tabBar.js","20071011142204","200"
"http://www.inthemix.com.au/_javascript/Ticker.js","20071011004540","200"
"http://www.inthemix.com.au/_javascript/userTools.js","20071004164933","200"
"http://www.inthemix.com.au:80/_xsl/feed.xsl","20071030010233","200"
"http://www.inthemix.com.au:80/allabout/","20071006013702","200"
"http://www.inthemix.com.au:80/allabout/artist/10007/Array","20071123075517","200"
"http://www.inthemix.com.au:80/allabout/artist/10022/Jaytech","20071116014402","200"
"http://www.inthemix.com.au:80/allabout/artist/10025/Array","20071124091510","200"
"http://www.inthemix.com.au:80/allabout/artist/1007/Richie_Rich","20071017231851","200"
"http://www.inthemix.com.au:80/allabout/artist/10080/Boy_George","20071024175634","200"
"http://www.inthemix.com.au:80/allabout/artist/10084/Funktrust_DJs","20071023002338","200"
"http://www.inthemix.com.au:80/allabout/artist/1009/Jeff_Mills","20071222024028","200"
"http://www.inthemix.com.au:80/allabout/artist/10106/Brendan_Fing","20071124091515","200"
"http://www.inthemix.com.au:80/allabout/artist/10107/Trix","20071105152448","200"
"http://www.inthemix.com.au:80/allabout/artist/1014/Lyrics_Born","20071012213038","200"
"http://www.inthemix.com.au:80/allabout/artist/10153/Vandalism","20071219223047","200"
"http://www.inthemix.com.au:80/allabout/artist/10162/Fatali","20071016175542","200"
"http://www.inthemix.com.au:80/allabout/artist/1017/Martin_Solveig","20071224053132","200"
"http://www.inthemix.com.au/allabout/artist/1020/dropdown/arrow.gif","20071011005103","200"
"http://www.inthemix.com.au/allabout/artist/1020/image=/_images/_core/bullets/blocArrow_white_south.gif;text=ARTIST;showmenu=allAboutCategories;itemwidth=240px;separatorsize=0","20071011004907","200"
"http://www.inthemix.com.au/allabout/artist/1020/image=/_images/_core/bullets/dropdown/arrow.gif","20071012205937","200"
"http://www.inthemix.com.au/allabout/artist/1020/image=/_images/_core/bullets/image=/_images/_core/bullets/blocArrow_white_south.gif;text=ARTIST;showmenu=allAboutCategories;itemwidth=240px;separatorsize=0","20071012210356","200"
"http://www.inthemix.com.au/allabout/artist/1020/image=/_images/_core/bullets/text=&nbsp;Adelaide;url=/gallery/?city=5;;status=Adelaide;separatorsize=1","20071012205921","200"
"http://www.inthemix.com.au/allabout/artist/1020/image=/_images/_core/bullets/text=&nbsp;Adelaide;url=/whatson/?city=5;;status=Adelaide;separatorsize=1","20071012210019","200"
"http://www.inthemix.com.au/allabout/artist/1020/image=/_images/_core/bullets/text=&nbsp;Brisbane;url=/gallery/?city=4;;status=Brisbane;separatorsize=1","20071012210736","200"
"http://www.inthemix.com.au/allabout/artist/1020/image=/_images/_core/bullets/text=&nbsp;Brisbane;url=/whatson/?city=4;;status=Brisbane;separatorsize=1","20071012210115","200"
"http://www.inthemix.com.au/allabout/artist/1020/image=/_images/_core/bullets/text=&nbsp;Canberra;url=/gallery/?city=3;;status=Canberra;separatorsize=1","20071012210511","200"
"http://www.inthemix.com.au/allabout/artist/1020/image=/_images/_core/bullets/text=&nbsp;Canberra;url=/whatson/?city=3;;status=Canberra;separatorsize=1","20071012210807","200"
"http://www.inthemix.com.au/allabout/artist/1020/image=/_images/_core/bullets/text=&nbsp;DVD;url=/life/film/dvd/;;separatorsize=1","20071012210654","200"
"http://www.inthemix.com.au/allabout/artist/1020/image=/_images/_core/bullets/text=&nbsp;Features;url=/features/;separatorsize=1","20071012210310","200"
"http://www.inthemix.com.au/allabout/artist/1020/image=/_images/_core/bullets/text=&nbsp;Film;url=/life/film/cinema/;;separatorsize=1","20071012205750","200"
"http://www.inthemix.com.au/allabout/artist/1020/image=/_images/_core/bullets/text=&nbsp;Game;url=/life/game/;;separatorsize=1","20071013014121","200"
"http://www.inthemix.com.au/allabout/artist/1020/image=/_images/_core/bullets/text=&nbsp;Gear;url=/life/gear/;;separatorsize=1","20071012210548","200"
"http://www.inthemix.com.au/allabout/artist/1020/image=/_images/_core/bullets/text=&nbsp;Home;url=/;separatorsize=0","20071012210609","200"
"http://www.inthemix.com.au/allabout/artist/1020/image=/_images/_core/bullets/text=&nbsp;Home;url=/life/;;separatorsize=1","20071012205832","200"
"http://www.inthemix.com.au/allabout/artist/1020/image=/_images/_core/bullets/text=&nbsp;inthemix50;url=/50/;separatorsize=1","20071012210138","200"
"http://www.inthemix.com.au/allabout/artist/1020/image=/_images/_core/bullets/text=&nbsp;ITMShop;url=/shop/;;separatorsize=1","20071012205812","200"
"http://www.inthemix.com.au/allabout/artist/1020/image=/_images/_core/bullets/text=&nbsp;Melbourne;url=/gallery/?city=2;;status=Melbourne;separatorsize=1","20071012210633","200"
"http://www.inthemix.com.au/allabout/artist/1020/image=/_images/_core/bullets/text=&nbsp;Melbourne;url=/whatson/?city=2;;status=Melbourne;separatorsize=1","20071012210201","200"
"http://www.inthemix.com.au/allabout/artist/1020/image=/_images/_core/bullets/text=&nbsp;News;showmenu=news;url=/news/;separatorsize=1","20071012210716","200"
"http://www.inthemix.com.au/allabout/artist/1020/image=/_images/_core/bullets/text=&nbsp;Perth;url=/gallery/?city=6;;status=Perth;separatorsize=1","20071012210248","200"
"http://www.inthemix.com.au/allabout/artist/1020/image=/_images/_core/bullets/text=&nbsp;Perth;url=/whatson/?city=6;;status=Perth;separatorsize=1","20071012210034","200"
"http://www.inthemix.com.au/allabout/artist/1020/image=/_images/_core/bullets/text=&nbsp;Sydney;url=/gallery/?city=1;;status=Sydney;separatorsize=1","20071012210332","200"
"http://www.inthemix.com.au/allabout/artist/1020/image=/_images/_core/bullets/text=&nbsp;Sydney;url=/whatson/?city=1;;status=Sydney;separatorsize=1","20071012205958","200"
"http://www.inthemix.com.au/allabout/artist/1020/image=/_images/_core/bullets/text=&nbsp;Tickets;url=/shop/customer/home.php?cat=249;;separatorsize=1","20071012210448","200"
"http://www.inthemix.com.au/allabout/artist/1020/image=/_images/_core/bullets/text=Australia;url=/news/aust/","20071012210222","200"
"http://www.inthemix.com.au/allabout/artist/1020/image=/_images/_core/bullets/text=Broadband;showmenu=broadband;url=/broadband/;separatorsize=0","20071012205854","200"
"http://www.inthemix.com.au/allabout/artist/1020/image=/_images/_core/bullets/text=International;url=/news/intl/","20071012210056","200"
"http://www.inthemix.com.au/allabout/artist/1020/image=/_images/_core/bullets/text=Life;showmenu=life;url=/life/;separatorsize=0","20071013014104","200"
"http://www.inthemix.com.au/allabout/artist/1020/image=/_images/_core/bullets/text=Music;url=/reviews/music/","20071012210533","200"
"http://www.inthemix.com.au/allabout/artist/1020/image=/_images/_core/bullets/www.inthemix.com.au","20071012210423","200"
"http://www.inthemix.com.au/allabout/artist/1020/text=&nbsp;Home;url=/;separatorsize=0","20071011004845","200"
"http://www.inthemix.com.au/allabout/artist/1020/text=&nbsp;Home;url=/dropdown/arrow.gif","20071012204837","200"
"http://www.inthemix.com.au/allabout/artist/1020/text=&nbsp;Home;url=/image=/_images/_core/bullets/blocArrow_white_south.gif;text=ARTIST;showmenu=allAboutCategories;itemwidth=240px;separatorsize=0","20071012204753","200"
"http://www.inthemix.com.au/allabout/artist/1020/text=&nbsp;Home;url=/text=&nbsp;Adelaide;url=/gallery/?city=5;;status=Adelaide;separatorsize=1","20071012205635","200"
"http://www.inthemix.com.au/allabout/artist/1020/text=&nbsp;Home;url=/text=&nbsp;Adelaide;url=/whatson/?city=5;;status=Adelaide;separatorsize=1","20071012205723","200"
"http://www.inthemix.com.au/allabout/artist/1020/text=&nbsp;Home;url=/text=&nbsp;Brisbane;url=/gallery/?city=4;;status=Brisbane;separatorsize=1","20071012205702","200"
"http://www.inthemix.com.au/allabout/artist/1020/text=&nbsp;Home;url=/text=&nbsp;Brisbane;url=/whatson/?city=4;;status=Brisbane;separatorsize=1","20071012205532","200"
"http://www.inthemix.com.au/allabout/artist/1020/text=&nbsp;Home;url=/text=&nbsp;Canberra;url=/gallery/?city=3;;status=Canberra;separatorsize=1","20071012204902","200"
"http://www.inthemix.com.au/allabout/artist/1020/text=&nbsp;Home;url=/text=&nbsp;Canberra;url=/whatson/?city=3;;status=Canberra;separatorsize=1","20071012205552","200"
"http://www.inthemix.com.au/allabout/artist/1020/text=&nbsp;Home;url=/text=&nbsp;DVD;url=/life/film/dvd/;;separatorsize=1","20071012205410","200"
"http://www.inthemix.com.au/allabout/artist/1020/text=&nbsp;Home;url=/text=&nbsp;Features;url=/features/;separatorsize=1","20071012205043","200"
"http://www.inthemix.com.au/allabout/artist/1020/text=&nbsp;Home;url=/text=&nbsp;Film;url=/life/film/cinema/;;separatorsize=1","20071012205429","200"
"http://www.inthemix.com.au/allabout/artist/1020/text=&nbsp;Home;url=/text=&nbsp;Game;url=/life/game/;;separatorsize=1","20071012205155","200"
"http://www.inthemix.com.au/allabout/artist/1020/text=&nbsp;Home;url=/text=&nbsp;Gear;url=/life/gear/;;separatorsize=1","20071012205330","200"
"http://www.inthemix.com.au/allabout/artist/1020/text=&nbsp;Home;url=/text=&nbsp;Home;url=/life/;;separatorsize=1","20071012205220","200"
"http://www.inthemix.com.au/allabout/artist/1020/text=&nbsp;Home;url=/text=&nbsp;inthemix50;url=/50/;separatorsize=1","20071012205449","200"
"http://www.inthemix.com.au/allabout/artist/1020/text=&nbsp;Home;url=/text=&nbsp;ITMShop;url=/shop/;;separatorsize=1","20071012204706","200"
"http://www.inthemix.com.au/allabout/artist/1020/text=&nbsp;Home;url=/text=&nbsp;Melbourne;url=/gallery/?city=2;;status=Melbourne;separatorsize=1","20071012205356","200"
"http://www.inthemix.com.au/allabout/artist/1020/text=&nbsp;Home;url=/text=&nbsp;Melbourne;url=/whatson/?city=2;;status=Melbourne;separatorsize=1","20071012205107","200"
"http://www.inthemix.com.au/allabout/artist/1020/text=&nbsp;Home;url=/text=&nbsp;Perth;url=/gallery/?city=6;;status=Perth;separatorsize=1","20071012204922","200"
"http://www.inthemix.com.au/allabout/artist/1020/text=&nbsp;Home;url=/text=&nbsp;Perth;url=/whatson/?city=6;;status=Perth;separatorsize=1","20071012204640","200"
"http://www.inthemix.com.au/allabout/artist/1020/text=&nbsp;Home;url=/text=&nbsp;Sydney;url=/gallery/?city=1;;status=Sydney;separatorsize=1","20071012205243","200"
"http://www.inthemix.com.au/allabout/artist/1020/text=&nbsp;Home;url=/text=&nbsp;Sydney;url=/whatson/?city=1;;status=Sydney;separatorsize=1","20071012205305","200"
"http://www.inthemix.com.au/allabout/artist/1020/text=&nbsp;Home;url=/text=&nbsp;Tickets;url=/shop/customer/home.php?cat=249;;separatorsize=1","20071012204731","200"
"http://www.inthemix.com.au/allabout/artist/1020/text=&nbsp;Home;url=/text=Australia;url=/news/aust/","20071012205129","200"
"http://www.inthemix.com.au/allabout/artist/1020/text=&nbsp;Home;url=/text=Broadband;showmenu=broadband;url=/broadband/;separatorsize=0","20071012205610","200"
"http://www.inthemix.com.au/allabout/artist/1020/text=&nbsp;Home;url=/text=International;url=/news/intl/","20071012205510","200"
"http://www.inthemix.com.au/allabout/artist/1020/text=&nbsp;Home;url=/text=Life;showmenu=life;url=/life/;separatorsize=0","20071012204817","200"
"http://www.inthemix.com.au/allabout/artist/1020/text=&nbsp;Home;url=/text=Music;url=/reviews/music/","20071012205015","200"
"http://www.inthemix.com.au/allabout/artist/1020/text=&nbsp;Home;url=/www.inthemix.com.au","20071012204945","200"
"http://www.inthemix.com.au/allabout/artist/1020/text=Broadband;showmenu=broadband;url=/broadband/;separatorsize=0","20071011004813","200"
"http://www.inthemix.com.au/allabout/artist/1020/text=Broadband;showmenu=broadband;url=/broadband/dropdown/arrow.gif","20071012204457","200"
"http://www.inthemix.com.au/allabout/artist/1020/text=Broadband;showmenu=broadband;url=/broadband/image=/_images/_core/bullets/blocArrow_white_south.gif;text=ARTIST;showmenu=allAboutCategories;itemwidth=240px;separatorsize=0","20071012204423","200"
"http://www.inthemix.com.au/allabout/artist/1020/text=Broadband;showmenu=broadband;url=/broadband/text=&nbsp;Home;url=/;separatorsize=0","20071012204406","200"
"http://www.inthemix.com.au/allabout/artist/1020/text=Broadband;showmenu=broadband;url=/broadband/text=Broadband;showmenu=broadband;url=/broadband/;separatorsize=0","20071012204536","200"
"http://www.inthemix.com.au/allabout/artist/1020/text=Broadband;showmenu=broadband;url=/broadband/text=Life;showmenu=life;url=/life/;separatorsize=0","20071012204513","200"
"http://www.inthemix.com.au/allabout/artist/1020/text=Broadband;showmenu=broadband;url=/broadband/www.inthemix.com.au","20071012204439","200"
"http://www.inthemix.com.au/allabout/artist/1020/text=Life;showmenu=life;url=/life/;separatorsize=0","20071011004703","200"
"http://www.inthemix.com.au/allabout/artist/1020/text=Life;showmenu=life;url=/life/image=/_images/_core/bullets/blocArrow_white_south.gif;text=ARTIST;showmenu=allAboutCategories;itemwidth=240px;separatorsize=0","20071012204313","200"
"http://www.inthemix.com.au/allabout/artist/1020/text=Life;showmenu=life;url=/life/text=&nbsp;Home;url=/;separatorsize=0","20071012204212","200"
"http://www.inthemix.com.au/allabout/artist/1020/text=Life;showmenu=life;url=/life/text=Life;showmenu=life;url=/life/;separatorsize=0","20071012204337","200"
"http://www.inthemix.com.au/allabout/artist/1020/text=Life;showmenu=life;url=/life/www.inthemix.com.au","20071012204254","200"
"http://www.inthemix.com.au/allabout/artist/1020/The_Nextmen","20071011004643","200"
"http://www.inthemix.com.au/allabout/artist/1020/www.inthemix.com.au","20071011004741","200"
"http://www.inthemix.com.au:80/allabout/artist/1023/UNKLE","20071017231856","200"
"http://www.inthemix.com.au:80/allabout/artist/10235/Slyde","20071121085902","200"
"http://www.inthemix.com.au:80/allabout/artist/10256/Bodyrockers","20071023024944","200"
"http://www.inthemix.com.au:80/allabout/artist/1031/Stacey_Pullen","20071117065249","200"
"http://www.inthemix.com.au:80/allabout/artist/10346/Guru","20071114045421","200"
"http://www.inthemix.com.au:80/allabout/artist/10347/Dan_Mangan","20071017231901","200"
"http://www.inthemix.com.au:80/allabout/artist/10348/Tom_Neville","20071230181441","200"
"http://www.inthemix.com.au:80/allabout/artist/1036/Christopher_Lawrence","20071012185050","200"
"http://www.inthemix.com.au:80/allabout/artist/1036/secure-au.imrworldwide.com/","20071023023346","200"
"http://www.inthemix.com.au:80/allabout/artist/1038/Jeff_Drake","20071222124046","200"
"http://www.inthemix.com.au:80/allabout/artist/1040/Krafty_Kuts","20071123173930","200"
"http://www.inthemix.com.au:80/allabout/artist/10403/The_Prophet","20071015192333","200"
"http://www.inthemix.com.au:80/allabout/artist/10490/Sarah_Main","20071116105510","200"
"http://www.inthemix.com.au:80/allabout/artist/10500/Unkle_Ho","20071011122352","200"
"http://www.inthemix.com.au:80/allabout/artist/1051/Tom_Middleton","20071109220954","200"
"http://www.inthemix.com.au:80/allabout/artist/1055/Andy_Farley","20071015192340","200"
"http://www.inthemix.com.au:80/allabout/artist/10554/Mr_S","20071225064204","200"
"http://www.inthemix.com.au:80/allabout/artist/1056/Lanithium","20071011115354","200"
"http://www.inthemix.com.au:80/allabout/artist/10582/Whitey","20071124091520","200"
"http://www.inthemix.com.au/allabout/artist/1059/Goldie","20070927195520","200"
"http://www.inthemix.com.au:80/allabout/artist/10594/Sam_La_More","20071124091525","200"
"http://www.inthemix.com.au:80/allabout/artist/10597/Kate_Moss","20071208035724","200"
"http://www.inthemix.com.au:80/allabout/artist/1060/Aphex_Twin","20071224061237","200"
"http://www.inthemix.com.au:80/allabout/artist/10608/Bang_Gang_DJs","20071014223622","200"
"http://www.inthemix.com.au:80/allabout/artist/10608/secure-au.imrworldwide.com/","20071225205848","200"
"http://www.inthemix.com.au:80/allabout/artist/1061/Armin_van_Buuren","20071116220353","200"
"http://www.inthemix.com.au:80/allabout/artist/1063/Big_Bud","20071012213044","200"
"http://www.inthemix.com.au:80/allabout/artist/10636/kos","20071202012506","200"
"http://www.inthemix.com.au:80/allabout/artist/10654/Paul_Harris","20071023024949","200"
"http://www.inthemix.com.au:80/allabout/artist/1066/Matt_Kitshon","20071024182421","200"
"http://www.inthemix.com.au:80/allabout/artist/10702/Marcos","20071015192345","200"
"http://www.inthemix.com.au:80/allabout/artist/10703/Matrix","20071116042726","200"
"http://www.inthemix.com.au:80/allabout/artist/10738/Andy_J","20071118100506","200"
"http://www.inthemix.com.au:80/allabout/artist/10738/secure-au.imrworldwide.com/","20071121091026","200"
"http://www.inthemix.com.au:80/allabout/artist/1081/Cosmic_Gate","20071023002342","200"
"http://www.inthemix.com.au:80/allabout/artist/1081/secure-au.imrworldwide.com/","20071224072838","200"
"http://www.inthemix.com.au:80/allabout/artist/1081/USA%20vs%20M.I.A;%20who%20will%20win?+Fight,+fight,+fight!","20071222124052","200"
"http://www.inthemix.com.au:80/allabout/artist/10817/Angu","20071124091530","200"
"http://www.inthemix.com.au:80/allabout/artist/1084/Norman_Jay_MBE","20071219020300","200"
"http://www.inthemix.com.au:80/allabout/artist/10840/Radio_Slave","20071210230603","200"
"http://www.inthemix.com.au:80/allabout/artist/10873/Hentai","20071011115359","200"
"http://www.inthemix.com.au:80/allabout/artist/1090/Gilles_Peterson","20071219150440","200"
"http://www.inthemix.com.au:80/allabout/artist/10900/Husky","20071124083200","200"
"http://www.inthemix.com.au:80/allabout/artist/1091/Gangstarr","20071114044908","200"
"http://www.inthemix.com.au:80/allabout/artist/1093/Afrika_Bambaataa","20071224053136","200"
"http://www.inthemix.com.au:80/allabout/artist/10958/Ctrix","20071015202719","200"
"http://www.inthemix.com.au:80/allabout/artist/1097/Carl_Kennedy","20071106052320","200"
"http://www.inthemix.com.au:80/allabout/artist/1099/Elroy","20071031084337","200"
"http://www.inthemix.com.au:80/allabout/artist/11018/secure-au.imrworldwide.com/","20071210230615","200"
"http://www.inthemix.com.au:80/allabout/artist/11018/Serge_Santiago","20071015202726","200"
"http://www.inthemix.com.au:80/allabout/artist/11037/Graham_Cordery","20071011115405","200"
"http://www.inthemix.com.au:80/allabout/artist/11048/Colette","20071124083207","200"
"http://www.inthemix.com.au:80/allabout/artist/11067/MANDY","20071013124241","200"
"http://www.inthemix.com.au:80/allabout/artist/1108/Jonathan_Wall","20071224050553","200"
"http://www.inthemix.com.au:80/allabout/artist/1111/Resin_Dogs","20071224053143","200"
"http://www.inthemix.com.au:80/allabout/artist/1119/Tiga","20071016174820","200"
"http://www.inthemix.com.au:80/allabout/artist/11239/The_Stafford_Brothers","20071030224852","200"
"http://www.inthemix.com.au:80/allabout/artist/1125/Rennie_Pilgrem","20071224072843","200"
"http://www.inthemix.com.au:80/allabout/artist/1127/Nick_Warren","20071224061243","200"
"http://www.inthemix.com.au:80/allabout/artist/1128/Groove_Armada","20071014174134","200"
"http://www.inthemix.com.au:80/allabout/artist/1128/It%5Cu2019s%20been%20labeled%20by%20the%20NSW%20Police%20as%20a%20way%20of%20reducing%20alcohol-related%20crime%20in%20the%20city,%20and%20for%20six%20months%20the%20trial%20will%20see%20a%203am%20lockout%20in%20place%20on%20the%20weekends.%20There%5Cu2019s%20a%20statewide%203am%20lockout%20in%20Queensland,%20could%20Sydney%20be%20next?","20071222024033","200"
"http://www.inthemix.com.au:80/allabout/artist/11286/Noel_Boogie","20071024182428","200"
"http://www.inthemix.com.au:80/allabout/artist/1133/Mark_Farina","20071117085928","200"
"http://www.inthemix.com.au/allabout/artist/1134/dropdown/arrow.gif","20070919032914","200"
"http://www.inthemix.com.au/allabout/artist/1134/image=/_images/_core/bullets/blocArrow_white_south.gif;text=ARTIST;showmenu=allAboutCategories;itemwidth=240px;separatorsize=0","20070919033207","200"
"http://www.inthemix.com.au/allabout/artist/1134/Roger_Sanchez","20070919032843","200"
"http://www.inthemix.com.au:80/allabout/artist/1134/secure-au.imrworldwide.com/","20071115021924","200"
"http://www.inthemix.com.au/allabout/artist/1134/text=&nbsp;Adelaide;url=/gallery/?city=5;;status=Adelaide;separatorsize=1","20070919034847","200"
"http://www.inthemix.com.au/allabout/artist/1134/text=&nbsp;Adelaide;url=/whatson/?city=5;;status=Adelaide;separatorsize=1","20070919033551","200"
"http://www.inthemix.com.au/allabout/artist/1134/text=&nbsp;Brisbane;url=/gallery/?city=4;;status=Brisbane;separatorsize=1","20070919033917","200"
"http://www.inthemix.com.au/allabout/artist/1134/text=&nbsp;Brisbane;url=/whatson/?city=4;;status=Brisbane;separatorsize=1","20070919034535","200"
"http://www.inthemix.com.au/allabout/artist/1134/text=&nbsp;Canberra;url=/gallery/?city=3;;status=Canberra;separatorsize=1","20070919034914","200"
"http://www.inthemix.com.au/allabout/artist/1134/text=&nbsp;Canberra;url=/whatson/?city=3;;status=Canberra;separatorsize=1","20070919033717","200"
"http://www.inthemix.com.au/allabout/artist/1134/text=&nbsp;DVD;url=/life/film/dvd/;;separatorsize=1","20070919033035","200"
"http://www.inthemix.com.au/allabout/artist/1134/text=&nbsp;Features;url=/features/;separatorsize=1","20070919034749","200"
"http://www.inthemix.com.au/allabout/artist/1134/text=&nbsp;Film;url=/life/film/cinema/;;separatorsize=1","20070919033312","200"
"http://www.inthemix.com.au/allabout/artist/1134/text=&nbsp;Game;url=/life/game/;;separatorsize=1","20070919034718","200"
"http://www.inthemix.com.au/allabout/artist/1134/text=&nbsp;Gear;url=/life/gear/;;separatorsize=1","20070919034651","200"
"http://www.inthemix.com.au/allabout/artist/1134/text=&nbsp;Home;url=/;separatorsize=0","20070919034246","200"
"http://www.inthemix.com.au/allabout/artist/1134/text=&nbsp;Home;url=/life/;;separatorsize=1","20070919034605","200"
"http://www.inthemix.com.au/allabout/artist/1134/text=&nbsp;Ibiza;url=/ibiza;separatorsize=1","20070919034200","200"
"http://www.inthemix.com.au/allabout/artist/1134/text=&nbsp;ITMShop;url=/shop/;;separatorsize=1","20070919033823","200"
"http://www.inthemix.com.au/allabout/artist/1134/text=&nbsp;Melbourne;url=/gallery/?city=2;;status=Melbourne;separatorsize=1","20070919034311","200"
"http://www.inthemix.com.au/allabout/artist/1134/text=&nbsp;Melbourne;url=/whatson/?city=2;;status=Melbourne;separatorsize=1","20070919033947","200"
"http://www.inthemix.com.au/allabout/artist/1134/text=&nbsp;News;showmenu=news;url=/news/;separatorsize=1","20070919034036","200"
"http://www.inthemix.com.au/allabout/artist/1134/text=&nbsp;Perth;url=/gallery/?city=6;;status=Perth;separatorsize=1","20070919034817","200"
"http://www.inthemix.com.au/allabout/artist/1134/text=&nbsp;Perth;url=/whatson/?city=6;;status=Perth;separatorsize=1","20070919034506","200"
"http://www.inthemix.com.au/allabout/artist/1134/text=&nbsp;Sydney;url=/gallery/?city=1;;status=Sydney;separatorsize=1","20070919034337","200"
"http://www.inthemix.com.au/allabout/artist/1134/text=&nbsp;Sydney;url=/whatson/?city=1;;status=Sydney;separatorsize=1","20070919033651","200"
"http://www.inthemix.com.au/allabout/artist/1134/text=&nbsp;Tickets;url=/shop/customer/home.php?cat=249;;separatorsize=1","20070919033621","200"
"http://www.inthemix.com.au/allabout/artist/1134/text=Australia;url=/news/aust/","20070919033339","200"
"http://www.inthemix.com.au/allabout/artist/1134/text=Broadband;showmenu=broadband;url=/broadband/;separatorsize=0","20070919033237","200"
"http://www.inthemix.com.au/allabout/artist/1134/text=Events;url=/reviews/events/","20070919034941","200"
"http://www.inthemix.com.au/allabout/artist/1134/text=International;url=/news/intl/","20070919033144","200"
"http://www.inthemix.com.au/allabout/artist/1134/text=Life;showmenu=life;url=/life/;separatorsize=0","20070919033850","200"
"http://www.inthemix.com.au/allabout/artist/1134/text=Music;url=/reviews/music/","20070919034405","200"
"http://www.inthemix.com.au/allabout/artist/1134/www.inthemix.com.au","20070919034105","200"
"http://www.inthemix.com.au:80/allabout/artist/11346/Grooveyard","20071116203638","200"
"http://www.inthemix.com.au:80/allabout/artist/1136/Infusion","20071023024953","200"
"http://www.inthemix.com.au:80/allabout/artist/1136/secure-au.imrworldwide.com/","20071224061248","200"
"http://www.inthemix.com.au:80/allabout/artist/11362/Phrase","20071023023350","200"
"http://www.inthemix.com.au:80/allabout/artist/1137/Adam_Freeland","20071012213050","200"
"http://www.inthemix.com.au:80/allabout/artist/1139/Yousef","20071109220959","200"
"http://www.inthemix.com.au:80/allabout/artist/1140/Monolake","20071105231707","200"
"http://www.inthemix.com.au:80/allabout/artist/1143/Bob_Sinclar","20071021031745","200"
"http://www.inthemix.com.au:80/allabout/artist/1143/secure-au.imrworldwide.com/","20071023023405","200"
"http://www.inthemix.com.au:80/allabout/artist/11434/NFX","20071106052326","200"
"http://www.inthemix.com.au:80/allabout/artist/1144/DJ_Dan","20071013095842","200"
"http://www.inthemix.com.au:80/allabout/artist/11449/Jesse","20071016175547","200"
"http://www.inthemix.com.au:80/allabout/artist/1145/Kaskade","20071219020307","200"
"http://www.inthemix.com.au:80/allabout/artist/1146/Jacques_Lu_Cont","20071109221003","200"
"http://www.inthemix.com.au:80/allabout/artist/1147/Stanton_Warriors","20071104042323","200"
"http://www.inthemix.com.au:80/allabout/artist/1149/Skool_of_Thought","20071224050557","200"
"http://www.inthemix.com.au:80/allabout/artist/1151/DJ_Sneak","20071224072848","200"
"http://www.inthemix.com.au/allabout/artist/1153/Scissor_Sisters","20070927200518","200"
"http://www.inthemix.com.au:80/allabout/artist/11619/Spherix","20071107174026","200"
"http://www.inthemix.com.au:80/allabout/artist/1162/Scratch_Perverts","20071012213054","200"
"http://www.inthemix.com.au:80/allabout/artist/11623/Safire","20071116042732","200"
"http://www.inthemix.com.au:80/allabout/artist/11648/Fort_Knox_Five","20071023002346","200"
"http://www.inthemix.com.au:80/allabout/artist/11700/dJCB","20071017231906","200"
"http://www.inthemix.com.au:80/allabout/artist/11724/JLive","20071114044913","200"
"http://www.inthemix.com.au:80/allabout/artist/11730/Shpongle","20071109222809","200"
"http://www.inthemix.com.au:80/allabout/artist/11774/DJ_Kentaro","20071023024959","200"
"http://www.inthemix.com.au:80/allabout/artist/11807/Dirty_South","20071013211916","200"
"http://www.inthemix.com.au:80/allabout/artist/11816/HBomb","20071225064209","200"
"http://www.inthemix.com.au:80/allabout/artist/1182/Junior_Senior","20071212052143","200"
"http://www.inthemix.com.au:80/allabout/artist/1183/TZU","20071012192220","200"
"http://www.inthemix.com.au:80/allabout/artist/1184/Spellbound","20071015192352","200"
"http://www.inthemix.com.au:80/allabout/artist/11864/Gavin_Martin","20071013124249","200"
"http://www.inthemix.com.au:80/allabout/artist/11878/Nitro","20071015192356","200"
"http://www.inthemix.com.au:80/allabout/artist/11887/Jase","20071017153415","200"
"http://www.inthemix.com.au:80/allabout/artist/11894/The_Glimmers","20071014114325","200"
"http://www.inthemix.com.au:80/allabout/artist/11898/secure-au.imrworldwide.com/","20071202012512","200"
"http://www.inthemix.com.au:80/allabout/artist/11898/The_Knife","20071130183732","200"
"http://www.inthemix.com.au:80/allabout/artist/1191/Anthony_Pappa","20071102194937","200"
"http://www.inthemix.com.au:80/allabout/artist/1192/Michael_Jackson","20071112000101","200"
"http://www.inthemix.com.au:80/allabout/artist/1193/The_Streets","20071012192226","200"
"http://www.inthemix.com.au:80/allabout/artist/12008/Charlie_Z","20071023002351","200"
"http://www.inthemix.com.au:80/allabout/artist/12017/Dopamine","20070922143554","200"
"http://www.inthemix.com.au:80/allabout/artist/12017/secure-au.imrworldwide.com/","20071109001125","200"
"http://www.inthemix.com.au:80/allabout/artist/1207/Luke_Vibert","20071105154537","200"
"http://www.inthemix.com.au:80/allabout/artist/1208/Freq_Nasty","20071012213059","200"
"http://www.inthemix.com.au:80/allabout/artist/1210/Underworld","20071104004605","200"
"http://www.inthemix.com.au:80/allabout/artist/12135/Sub_Focus","20071212052148","200"
"http://www.inthemix.com.au:80/allabout/artist/12141/Breeze_Styles","20071011104044","200"
"http://www.inthemix.com.au:80/allabout/artist/12198/Soulwax","20071014114937","200"
"http://www.inthemix.com.au:80/allabout/artist/1221/Public_Enemy","20071219014303","200"
"http://www.inthemix.com.au:80/allabout/artist/12222/Tommie_Sunshine","20071117062806","200"
"http://www.inthemix.com.au:80/allabout/artist/1232/Array","20071123075523","200"
"http://www.inthemix.com.au:80/allabout/artist/1232/Simon_Dunmore","20071102153129","200"
"http://www.inthemix.com.au:80/allabout/artist/1235/SWAG","20071116214726","200"
"http://www.inthemix.com.au:80/allabout/artist/12353/MYNC_Project","20071124091535","200"
"http://www.inthemix.com.au:80/allabout/artist/12413/Jason_Herd","20071124083210","200"
"http://www.inthemix.com.au:80/allabout/artist/12443/Smash_n_Grab","20071121085904","200"
"http://www.inthemix.com.au:80/allabout/artist/12444/Sgt_Slick","20071121085909","200"
"http://www.inthemix.com.au:80/allabout/artist/12459/John_OCallaghan","20071012192230","200"
"http://www.inthemix.com.au:80/allabout/artist/1246/Benny_Benassi","20071012185053","200"
"http://www.inthemix.com.au:80/allabout/artist/12461/Paul_Woolford","20071219150446","200"
"http://www.inthemix.com.au:80/allabout/artist/12497/T_Funk_feat_Inaya_Day","20071012154457","200"
"http://www.inthemix.com.au:80/allabout/artist/12525/Perplex","20071024025209","200"
"http://www.inthemix.com.au:80/allabout/artist/12535/TV_Rock","20070923005940","200"
"http://www.inthemix.com.au:80/allabout/artist/12634/Datarock","20071210020347","200"
"http://www.inthemix.com.au:80/allabout/artist/12644/Fiction","20071124091541","200"
"http://www.inthemix.com.au:80/allabout/artist/12661/A_Man_Called_Adam","20071110030105","200"
"http://www.inthemix.com.au:80/allabout/artist/12679/Anyo","20071017153419","200"
"http://www.inthemix.com.au:80/allabout/artist/12684/Caged_Baby","20071105152453","200"
"http://www.inthemix.com.au:80/allabout/artist/12760/General_Knowledge","20071118173726","200"
"http://www.inthemix.com.au:80/allabout/artist/1284/Tipper","20071109222815","200"
"http://www.inthemix.com.au:80/allabout/artist/12853/Saeed_Younan","20070918224644","200"
"http://www.inthemix.com.au:80/allabout/artist/12870/Hook_N_Sling","20071025053503","200"
"http://www.inthemix.com.au:80/allabout/artist/12870/secure-au.imrworldwide.com/","20071106052331","200"
"http://www.inthemix.com.au:80/allabout/artist/12872/secure-au.imrworldwide.com/","20071211094859","200"
"http://www.inthemix.com.au:80/allabout/artist/12872/Van_She","20071024142505","200"
"http://www.inthemix.com.au:80/allabout/artist/1288/Hess","20071011112548","200"
"http://www.inthemix.com.au:80/allabout/artist/12881/Bill_Fragos","20071124091545","200"
"http://www.inthemix.com.au:80/allabout/artist/1289/Derrick_May","20071201092805","200"
"http://www.inthemix.com.au:80/allabout/artist/12895/Destiny","20071015202729","200"
"http://www.inthemix.com.au:80/allabout/artist/12964/Raziel","20071124083215","200"
"http://www.inthemix.com.au:80/allabout/artist/1298/Steve_Lawler","20071222124057","200"
"http://www.inthemix.com.au:80/allabout/artist/12989/Nathan_McLay","20071013211920","200"
"http://www.inthemix.com.au/allabout/artist/1299/Princess_Superstar","20070930154837","200"
"http://www.inthemix.com.au:80/allabout/artist/1299/secure-au.imrworldwide.com/","20071123173934","200"
"http://www.inthemix.com.au:80/allabout/artist/1302/Sander_Kleinenberg","20071017231912","200"
"http://www.inthemix.com.au:80/allabout/artist/1302/secure-au.imrworldwide.com/","20071023015730","200"
"http://www.inthemix.com.au:80/allabout/artist/1303/Kaz_James","20071027075533","200"
"http://www.inthemix.com.au:80/allabout/artist/1303/secure-au.imrworldwide.com/","20071031084341","200"
"http://www.inthemix.com.au:80/allabout/artist/1304/Ronald_van_Gelderen","20071105154541","200"
"http://www.inthemix.com.au/allabout/artist/13042/Booka_Shade","20070920015442","200"
"http://www.inthemix.com.au/allabout/artist/13042/dropdown/arrow.gif","20070920020710","200"
"http://www.inthemix.com.au/allabout/artist/13042/image=/_images/_core/bullets/blocArrow_white_south.gif;text=ARTIST;showmenu=allAboutCategories;itemwidth=240px;separatorsize=0","20070920020326","200"
"http://www.inthemix.com.au/allabout/artist/13042/text=&nbsp;Adelaide;url=/gallery/?city=5;;status=Adelaide;separatorsize=1","20070920020901","200"
"http://www.inthemix.com.au/allabout/artist/13042/text=&nbsp;Adelaide;url=/whatson/?city=5;;status=Adelaide;separatorsize=1","20070920020548","200"
"http://www.inthemix.com.au/allabout/artist/13042/text=&nbsp;Brisbane;url=/gallery/?city=4;;status=Brisbane;separatorsize=1","20070920020221","200"
"http://www.inthemix.com.au/allabout/artist/13042/text=&nbsp;Brisbane;url=/whatson/?city=4;;status=Brisbane;separatorsize=1","20070920020820","200"
"http://www.inthemix.com.au/allabout/artist/13042/text=&nbsp;Canberra;url=/gallery/?city=3;;status=Canberra;separatorsize=1","20070920021042","200"
"http://www.inthemix.com.au/allabout/artist/13042/text=&nbsp;Canberra;url=/whatson/?city=3;;status=Canberra;separatorsize=1","20070920015741","200"
"http://www.inthemix.com.au/allabout/artist/13042/text=&nbsp;DVD;url=/life/film/dvd/;;separatorsize=1","20070920021341","200"
"http://www.inthemix.com.au/allabout/artist/13042/text=&nbsp;Features;url=/features/;separatorsize=1","20070920015715","200"
"http://www.inthemix.com.au/allabout/artist/13042/text=&nbsp;Film;url=/life/film/cinema/;;separatorsize=1","20070920020404","200"
"http://www.inthemix.com.au/allabout/artist/13042/text=&nbsp;Game;url=/life/game/;;separatorsize=1","20070920021129","200"
"http://www.inthemix.com.au/allabout/artist/13042/text=&nbsp;Gear;url=/life/gear/;;separatorsize=1","20070920021520","200"
"http://www.inthemix.com.au/allabout/artist/13042/text=&nbsp;Home;url=/;separatorsize=0","20070920020523","200"
"http://www.inthemix.com.au/allabout/artist/13042/text=&nbsp;Home;url=/life/;;separatorsize=1","20070920020450","200"
"http://www.inthemix.com.au/allabout/artist/13042/text=&nbsp;Ibiza;url=/ibiza;separatorsize=1","20070920020155","200"
"http://www.inthemix.com.au/allabout/artist/13042/text=&nbsp;ITMShop;url=/shop/;;separatorsize=1","20070920015602","200"
"http://www.inthemix.com.au/allabout/artist/13042/text=&nbsp;Melbourne;url=/gallery/?city=2;;status=Melbourne;separatorsize=1","20070920021451","200"
"http://www.inthemix.com.au/allabout/artist/13042/text=&nbsp;Melbourne;url=/whatson/?city=2;;status=Melbourne;separatorsize=1","20070920021235","200"
"http://www.inthemix.com.au/allabout/artist/13042/text=&nbsp;News;showmenu=news;url=/news/;separatorsize=1","20070920020257","200"
"http://www.inthemix.com.au/allabout/artist/13042/text=&nbsp;Perth;url=/gallery/?city=6;;status=Perth;separatorsize=1","20070920015949","200"
"http://www.inthemix.com.au/allabout/artist/13042/text=&nbsp;Perth;url=/whatson/?city=6;;status=Perth;separatorsize=1","20070920015528","200"
"http://www.inthemix.com.au/allabout/artist/13042/text=&nbsp;Sydney;url=/gallery/?city=1;;status=Sydney;separatorsize=1","20070920021414","200"
"http://www.inthemix.com.au/allabout/artist/13042/text=&nbsp;Sydney;url=/whatson/?city=1;;status=Sydney;separatorsize=1","20070920021159","200"
"http://www.inthemix.com.au/allabout/artist/13042/text=&nbsp;Tickets;url=/shop/customer/home.php?cat=249;;separatorsize=1","20070920021314","200"
"http://www.inthemix.com.au/allabout/artist/13042/text=Australia;url=/news/aust/","20070920015912","200"
"http://www.inthemix.com.au/allabout/artist/13042/text=Broadband;showmenu=broadband;url=/broadband/;separatorsize=0","20070920015635","200"
"http://www.inthemix.com.au/allabout/artist/13042/text=Events;url=/reviews/events/","20070920021622","200"
"http://www.inthemix.com.au/allabout/artist/13042/text=International;url=/news/intl/","20070920020928","200"
"http://www.inthemix.com.au/allabout/artist/13042/text=Life;showmenu=life;url=/life/;separatorsize=0","20070920015819","200"
"http://www.inthemix.com.au/allabout/artist/13042/text=Music;url=/reviews/music/","20070920021014","200"
"http://www.inthemix.com.au/allabout/artist/13042/www.inthemix.com.au","20070920020022","200"
"http://www.inthemix.com.au:80/allabout/artist/13065/Odyssey","20071225064214","200"
"http://www.inthemix.com.au:80/allabout/artist/13069/Tocadisco","20071023002356","200"
"http://www.inthemix.com.au:80/allabout/artist/13072/Impact","20071015192402","200"
"http://www.inthemix.com.au:80/allabout/artist/1312/The_Presets","20071102094410","200"
"http://www.inthemix.com.au:80/allabout/artist/13123/TRek","20071029203040","200"
"http://www.inthemix.com.au:80/allabout/artist/13125/Zombie_Nation","20071224050602","200"
"http://www.inthemix.com.au:80/allabout/artist/1315/Jono_Fernandez","20071013124253","200"
"http://www.inthemix.com.au:80/allabout/artist/13153/Ben_Watt","20070918224313","200"
"http://www.inthemix.com.au:80/allabout/artist/13196/Chuck_Love","20071104004610","200"
"http://www.inthemix.com.au:80/allabout/artist/13200/Alex_Mac","20071123075528","200"
"http://www.inthemix.com.au:80/allabout/artist/13201/Derek_K","20071028094450","200"
"http://www.inthemix.com.au:80/allabout/artist/13263/Jamie_Lidell","20071224072852","200"
"http://www.inthemix.com.au:80/allabout/artist/13286/Bag_Raiders","20071118174721","200"
"http://www.inthemix.com.au:80/allabout/artist/13289/Saul_Williams","20071109222819","200"
"http://www.inthemix.com.au:80/allabout/artist/13315/Lucas_Chan","20071017153017","200"
"http://www.inthemix.com.au:80/allabout/artist/13317/Reelax","20071124091551","200"
"http://www.inthemix.com.au:80/allabout/artist/13322/Jon_Doe","20071015192409","200"
"http://www.inthemix.com.au:80/allabout/artist/13340/Magoo","20071105154546","200"
"http://www.inthemix.com.au:80/allabout/artist/1346/The_Jungle_Brothers","20071109221009","200"
"http://www.inthemix.com.au:80/allabout/artist/13541/Dave_Miller","20071124083220","200"
"http://www.inthemix.com.au:80/allabout/artist/13560/Kanye_West","20071015192421","200"
"http://www.inthemix.com.au:80/allabout/artist/13604/DJ_Damage","20071014223448","200"
"http://www.inthemix.com.au:80/allabout/artist/13622/The_Freemasons","20071105152457","200"
"http://www.inthemix.com.au:80/allabout/artist/13646/Meck","20071124091555","200"
"http://www.inthemix.com.au:80/allabout/artist/13652/The_Go_Team","20071124083226","200"
"http://www.inthemix.com.au:80/allabout/artist/13693/Acid_Jacks","20071114040348","200"
"http://www.inthemix.com.au/allabout/artist/13703/dropdown/arrow.gif","20070920023039","200"
"http://www.inthemix.com.au/allabout/artist/13703/image=/_images/_core/bullets/blocArrow_white_south.gif;text=ARTIST;showmenu=allAboutCategories;itemwidth=240px;separatorsize=0","20070920023113","200"
"http://www.inthemix.com.au:80/allabout/artist/13703/secure-au.imrworldwide.com/","20071024175638","200"
"http://www.inthemix.com.au/allabout/artist/13703/text=&nbsp;Adelaide;url=/gallery/?city=5;;status=Adelaide;separatorsize=1","20070920023008","200"
"http://www.inthemix.com.au/allabout/artist/13703/text=&nbsp;Adelaide;url=/whatson/?city=5;;status=Adelaide;separatorsize=1","20070920022921","200"
"http://www.inthemix.com.au/allabout/artist/13703/text=&nbsp;Brisbane;url=/gallery/?city=4;;status=Brisbane;separatorsize=1","20070920022729","200"
"http://www.inthemix.com.au/allabout/artist/13703/text=&nbsp;Brisbane;url=/whatson/?city=4;;status=Brisbane;separatorsize=1","20070920022304","200"
"http://www.inthemix.com.au/allabout/artist/13703/text=&nbsp;Canberra;url=/gallery/?city=3;;status=Canberra;separatorsize=1","20070920022121","200"
"http://www.inthemix.com.au/allabout/artist/13703/text=&nbsp;Canberra;url=/whatson/?city=3;;status=Canberra;separatorsize=1","20070920022408","200"
"http://www.inthemix.com.au/allabout/artist/13703/text=&nbsp;DVD;url=/life/film/dvd/;;separatorsize=1","20070920022823","200"
"http://www.inthemix.com.au/allabout/artist/13703/text=&nbsp;Features;url=/features/;separatorsize=1","20070920022849","200"
"http://www.inthemix.com.au/allabout/artist/13703/text=&nbsp;Film;url=/life/film/cinema/;;separatorsize=1","20070920023410","200"
"http://www.inthemix.com.au/allabout/artist/13703/text=&nbsp;Game;url=/life/game/;;separatorsize=1","20070920023325","200"
"http://www.inthemix.com.au/allabout/artist/13703/text=&nbsp;Gear;url=/life/gear/;;separatorsize=1","20070920022706","200"
"http://www.inthemix.com.au/allabout/artist/13703/text=&nbsp;Home;url=/;separatorsize=0","20070920022759","200"
"http://www.inthemix.com.au/allabout/artist/13703/text=&nbsp;Home;url=/life/;;separatorsize=1","20070920022217","200"
"http://www.inthemix.com.au/allabout/artist/13703/text=&nbsp;Ibiza;url=/ibiza;separatorsize=1","20070920022537","200"
"http://www.inthemix.com.au/allabout/artist/13703/text=&nbsp;ITMShop;url=/shop/;;separatorsize=1","20070920022240","200"
"http://www.inthemix.com.au/allabout/artist/13703/text=&nbsp;Melbourne;url=/gallery/?city=2;;status=Melbourne;separatorsize=1","20070920023211","200"
"http://www.inthemix.com.au/allabout/artist/13703/text=&nbsp;Melbourne;url=/whatson/?city=2;;status=Melbourne;separatorsize=1","20070920022332","200"
"http://www.inthemix.com.au/allabout/artist/13703/text=&nbsp;News;showmenu=news;url=/news/;separatorsize=1","20070920021949","200"
"http://www.inthemix.com.au/allabout/artist/13703/text=&nbsp;Perth;url=/gallery/?city=6;;status=Perth;separatorsize=1","20070920023145","200"
"http://www.inthemix.com.au/allabout/artist/13703/text=&nbsp;Perth;url=/whatson/?city=6;;status=Perth;separatorsize=1","20070920023510","200"
"http://www.inthemix.com.au/allabout/artist/13703/text=&nbsp;Sydney;url=/gallery/?city=1;;status=Sydney;separatorsize=1","20070920022604","200"
"http://www.inthemix.com.au/allabout/artist/13703/text=&nbsp;Sydney;url=/whatson/?city=1;;status=Sydney;separatorsize=1","20070920022635","200"
"http://www.inthemix.com.au/allabout/artist/13703/text=&nbsp;Tickets;url=/shop/customer/home.php?cat=249;;separatorsize=1","20070920022025","200"
"http://www.inthemix.com.au/allabout/artist/13703/text=Australia;url=/news/aust/","20070920022056","200"
"http://www.inthemix.com.au/allabout/artist/13703/text=Broadband;showmenu=broadband;url=/broadband/;separatorsize=0","20070920022151","200"
"http://www.inthemix.com.au/allabout/artist/13703/text=Events;url=/reviews/events/","20070920023535","200"
"http://www.inthemix.com.au/allabout/artist/13703/text=International;url=/news/intl/","20070920022453","200"
"http://www.inthemix.com.au/allabout/artist/13703/text=Life;showmenu=life;url=/life/;separatorsize=0","20070920021912","200"
"http://www.inthemix.com.au/allabout/artist/13703/text=Music;url=/reviews/music/","20070920023438","200"
"http://www.inthemix.com.au/allabout/artist/13703/Trentemoller","20070920021830","200"
"http://www.inthemix.com.au/allabout/artist/13703/www.inthemix.com.au","20070920023248","200"
"http://www.inthemix.com.au/allabout/artist/13732/dropdown/arrow.gif","20070920010738","200"
"http://www.inthemix.com.au/allabout/artist/13732/Echoplex","20070920005840","200"
"http://www.inthemix.com.au/allabout/artist/13732/image=/_images/_core/bullets/blocArrow_white_south.gif;text=ARTIST;showmenu=allAboutCategories;itemwidth=240px;separatorsize=0","20070920010136","200"
"http://www.inthemix.com.au/allabout/artist/13732/text=&nbsp;Adelaide;url=/gallery/?city=5;;status=Adelaide;separatorsize=1","20070920011332","200"
"http://www.inthemix.com.au/allabout/artist/13732/text=&nbsp;Adelaide;url=/whatson/?city=5;;status=Adelaide;separatorsize=1","20070920011625","200"
"http://www.inthemix.com.au/allabout/artist/13732/text=&nbsp;Brisbane;url=/gallery/?city=4;;status=Brisbane;separatorsize=1","20070920011009","200"
"http://www.inthemix.com.au/allabout/artist/13732/text=&nbsp;Brisbane;url=/whatson/?city=4;;status=Brisbane;separatorsize=1","20070920011232","200"
"http://www.inthemix.com.au/allabout/artist/13732/text=&nbsp;Canberra;url=/gallery/?city=3;;status=Canberra;separatorsize=1","20070920010600","200"
"http://www.inthemix.com.au/allabout/artist/13732/text=&nbsp;Canberra;url=/whatson/?city=3;;status=Canberra;separatorsize=1","20070920010816","200"
"http://www.inthemix.com.au/allabout/artist/13732/text=&nbsp;DVD;url=/life/film/dvd/;;separatorsize=1","20070920010206","200"
"http://www.inthemix.com.au/allabout/artist/13732/text=&nbsp;Features;url=/features/;separatorsize=1","20070920005937","200"
"http://www.inthemix.com.au/allabout/artist/13732/text=&nbsp;Film;url=/life/film/cinema/;;separatorsize=1","20070920010320","200"
"http://www.inthemix.com.au/allabout/artist/13732/text=&nbsp;Game;url=/life/game/;;separatorsize=1","20070920010349","200"
"http://www.inthemix.com.au/allabout/artist/13732/text=&nbsp;Gear;url=/life/gear/;;separatorsize=1","20070920010938","200"
"http://www.inthemix.com.au/allabout/artist/13732/text=&nbsp;Home;url=/;separatorsize=0","20070920010909","200"
"http://www.inthemix.com.au/allabout/artist/13732/text=&nbsp;Home;url=/life/;;separatorsize=1","20070920011427","200"
"http://www.inthemix.com.au/allabout/artist/13732/text=&nbsp;Ibiza;url=/ibiza;separatorsize=1","20070920010528","200"
"http://www.inthemix.com.au/allabout/artist/13732/text=&nbsp;ITMShop;url=/shop/;;separatorsize=1","20070920010015","200"
"http://www.inthemix.com.au/allabout/artist/13732/text=&nbsp;Melbourne;url=/gallery/?city=2;;status=Melbourne;separatorsize=1","20070920011656","200"
"http://www.inthemix.com.au/allabout/artist/13732/text=&nbsp;Melbourne;url=/whatson/?city=2;;status=Melbourne;separatorsize=1","20070920011300","200"
"http://www.inthemix.com.au/allabout/artist/13732/text=&nbsp;News;showmenu=news;url=/news/;separatorsize=1","20070920011144","200"
"http://www.inthemix.com.au/allabout/artist/13732/text=&nbsp;Perth;url=/gallery/?city=6;;status=Perth;separatorsize=1","20070920010104","200"
"http://www.inthemix.com.au/allabout/artist/13732/text=&nbsp;Perth;url=/whatson/?city=6;;status=Perth;separatorsize=1","20070920010845","200"
"http://www.inthemix.com.au/allabout/artist/13732/text=&nbsp;Sydney;url=/gallery/?city=1;;status=Sydney;separatorsize=1","20070920010431","200"
"http://www.inthemix.com.au/allabout/artist/13732/text=&nbsp;Sydney;url=/whatson/?city=1;;status=Sydney;separatorsize=1","20070920010235","200"
"http://www.inthemix.com.au/allabout/artist/13732/text=&nbsp;Tickets;url=/shop/customer/home.php?cat=249;;separatorsize=1","20070920011036","200"
"http://www.inthemix.com.au/allabout/artist/13732/text=Australia;url=/news/aust/","20070920010502","200"
"http://www.inthemix.com.au/allabout/artist/13732/text=Broadband;showmenu=broadband;url=/broadband/;separatorsize=0","20070920010658","200"
"http://www.inthemix.com.au/allabout/artist/13732/text=Events;url=/reviews/events/","20070920011727","200"
"http://www.inthemix.com.au/allabout/artist/13732/text=International;url=/news/intl/","20070920011529","200"
"http://www.inthemix.com.au/allabout/artist/13732/text=Life;showmenu=life;url=/life/;separatorsize=0","20070920011101","200"
"http://www.inthemix.com.au/allabout/artist/13732/text=Music;url=/reviews/music/","20070920005912","200"
"http://www.inthemix.com.au/allabout/artist/13732/www.inthemix.com.au","20070920011401","200"
"http://www.inthemix.com.au:80/allabout/artist/13733/Noisia","20071105154552","200"
"http://www.inthemix.com.au:80/allabout/artist/13753/James_Priestley","20071219150450","200"
"http://www.inthemix.com.au:80/allabout/artist/1376/secure-au.imrworldwide.com/","20070923080831","200"
"http://www.inthemix.com.au:80/allabout/artist/13769/Dean_Millson","20071106005850","200"
"http://www.inthemix.com.au:80/allabout/artist/13814/Jfx","20071216035126","200"
"http://www.inthemix.com.au:80/allabout/artist/1382/Ben_Morris","20071012192236","200"
"http://www.inthemix.com.au:80/allabout/artist/13836/secure-au.imrworldwide.com/","20071023002402","200"
"http://www.inthemix.com.au:80/allabout/artist/13836/Spank_Rock","20071020045845","200"
"http://www.inthemix.com.au:80/allabout/artist/13876/HALTYA","20071105231711","200"
"http://www.inthemix.com.au:80/allabout/artist/13893/Array","20071026153245","200"
"http://www.inthemix.com.au:80/allabout/artist/13910/Mattafix","20071124091601","200"
"http://www.inthemix.com.au:80/allabout/artist/13970/Rex_The_Dog","20071224061254","200"
"http://www.inthemix.com.au:80/allabout/artist/13972/Paolo_Mojo","20071013124257","200"
"http://www.inthemix.com.au:80/allabout/artist/14016/Simian_Mobile_Disco","20071225080157","200"
"http://www.inthemix.com.au:80/allabout/artist/14028/Beatski","20071107174032","200"
"http://www.inthemix.com.au:80/allabout/artist/14033/Alex_McKenzie","20071013124303","200"
"http://www.inthemix.com.au:80/allabout/artist/14041/Elektra","20071013124308","200"
"http://www.inthemix.com.au:80/allabout/artist/14042/Array","20071115023154","200"
"http://www.inthemix.com.au:80/allabout/artist/14042/Martin_Roth","20071021072630","200"
"http://www.inthemix.com.au:80/allabout/artist/14075/Baax","20071105154557","200"
"http://www.inthemix.com.au:80/allabout/artist/1411/Jumping_Jack","20071031084347","200"
"http://www.inthemix.com.au:80/allabout/artist/14121/Bliss","20071116220356","200"
"http://www.inthemix.com.au:80/allabout/artist/14152/Gussigan","20071225205852","200"
"http://www.inthemix.com.au:80/allabout/artist/14242/The_Potbelleez","20071011125434","200"
"http://www.inthemix.com.au:80/allabout/artist/14264/Shena","20071121091034","200"
"http://www.inthemix.com.au:80/allabout/artist/1428/Array","20071124091607","200"
"http://www.inthemix.com.au:80/allabout/artist/1428/Paul_Van_Dyk","20071030052638","200"
"http://www.inthemix.com.au:80/allabout/artist/1428/secure-au.imrworldwide.com/","20071115021933","200"
"http://www.inthemix.com.au:80/allabout/artist/14290/Dope_N_Dusted","20071109221014","200"
"http://www.inthemix.com.au:80/allabout/artist/14313/Benny_Drohan","20071224053146","200"
"http://www.inthemix.com.au:80/allabout/artist/1432/Junkie_XL","20071112000106","200"
"http://www.inthemix.com.au:80/allabout/artist/14342/KIM","20071017184653","200"
"http://www.inthemix.com.au:80/allabout/artist/14343/The_Hilltop_Hoods","20071011111047","200"
"http://www.inthemix.com.au:80/allabout/artist/1437/John_Glover","20071101030120","200"
"http://www.inthemix.com.au:80/allabout/artist/1439/Mobin_Master","20071011112553","200"
"http://www.inthemix.com.au:80/allabout/artist/14416/Peewee_Ferris","20071031084352","200"
"http://www.inthemix.com.au:80/allabout/artist/14466/Astronomy_Class","20071011111052","200"
"http://www.inthemix.com.au:80/allabout/artist/14502/Ajax","20071025054259","200"
"http://www.inthemix.com.au:80/allabout/artist/14502/secure-au.imrworldwide.com/","20071115022859","200"
"http://www.inthemix.com.au:80/allabout/artist/14518/Army_of_The_Pharaohs","20071227084828","200"
"http://www.inthemix.com.au:80/allabout/artist/1456/Shapeshifter","20071012213104","200"
"http://www.inthemix.com.au:80/allabout/artist/14585/Nic_Vautier","20071115213159","200"
"http://www.inthemix.com.au:80/allabout/artist/14585/secure-au.imrworldwide.com/","20071116164028","200"
"http://www.inthemix.com.au:80/allabout/artist/1462/Kevin_Saunderson","20071225080201","200"
"http://www.inthemix.com.au:80/allabout/artist/1464/MC_Shureshock","20071022035142","200"
"http://www.inthemix.com.au:80/allabout/artist/1464/secure-au.imrworldwide.com/","20071022160427","200"
"http://www.inthemix.com.au:80/allabout/artist/14659/It%5Cu2019s%20been%20labeled%20by%20the%20NSW%20Police%20as%20a%20way%20of%20reducing%20alcohol-related%20crime%20in%20the%20city,%20and%20for%20six%20months%20the%20trial%20will%20see%20a%203am%20lockout%20in%20place%20on%20the%20weekends.%20There%5Cu2019s%20a%20statewide%203am%20lockout%20in%20Queensland,%20could%20Sydney%20be%20next?","20071221015630","200"
"http://www.inthemix.com.au:80/allabout/artist/14659/Justice","20071012213111","200"
"http://www.inthemix.com.au:80/allabout/artist/14659/secure-au.imrworldwide.com/","20071222024039","200"
"http://www.inthemix.com.au:80/allabout/artist/14663/Hau","20071130065427","200"
"http://www.inthemix.com.au:80/allabout/artist/14702/DJ_Delicious","20071012213115","200"
"http://www.inthemix.com.au:80/allabout/artist/14715/Digitalism","20071012213119","200"
"http://www.inthemix.com.au:80/allabout/artist/14738/Radiohead","20071105152503","200"
"http://www.inthemix.com.au:80/allabout/artist/1476/Marco_V","20071224072858","200"
"http://www.inthemix.com.au:80/allabout/artist/14774/Aceyalone","20071123173939","200"
"http://www.inthemix.com.au:80/allabout/artist/14802/Mind_Electric","20071017231916","200"
"http://www.inthemix.com.au:80/allabout/artist/14812/16_Bit_Lolitas","20071202012518","200"
"http://www.inthemix.com.au:80/allabout/artist/14826/Paris","20071106005855","200"
"http://www.inthemix.com.au:80/allabout/artist/14832/Radge","20071207152228","200"
"http://www.inthemix.com.au:80/allabout/artist/14859/DJ_QBert","20071105154602","200"
"http://www.inthemix.com.au:80/allabout/artist/14926/Oliver_Huntemann","20071124083231","200"
"http://www.inthemix.com.au:80/allabout/artist/1493/DJ_Spank","20071105152508","200"
"http://www.inthemix.com.au:80/allabout/artist/1494/Frankie_Knuckles","20071105154606","200"
"http://www.inthemix.com.au:80/allabout/artist/1496/Blutonium_Boy","20071221171313","200"
"http://www.inthemix.com.au:80/allabout/artist/14978/The_Horrorist","20071105154615","200"
"http://www.inthemix.com.au:80/allabout/artist/14984/Array","20071224193422","200"
"http://www.inthemix.com.au:80/allabout/artist/14996/Randy_Katana","20071015192426","200"
"http://www.inthemix.com.au:80/allabout/artist/1503/BK","20071016175554","200"
"http://www.inthemix.com.au:80/allabout/artist/15066/Dark_By_Design","20071015202735","200"
"http://www.inthemix.com.au:80/allabout/artist/15112/Peter_Hook","20071222024042","200"
"http://www.inthemix.com.au:80/allabout/artist/15120/Matty_B","20071124083236","200"
"http://www.inthemix.com.au:80/allabout/artist/15177/Guests","20071031084356","200"
"http://www.inthemix.com.au:80/allabout/artist/15188/Damage","20071124091610","200"
"http://www.inthemix.com.au:80/allabout/artist/15261/Pato","20071116110221","200"
"http://www.inthemix.com.au:80/allabout/artist/1527/Nik_Fish","20071021072637","200"
"http://www.inthemix.com.au:80/allabout/artist/15338/Luke_Bowditch","20071017184658","200"
"http://www.inthemix.com.au:80/allabout/artist/1538/Bob_Frisky","20071013124313","200"
"http://www.inthemix.com.au:80/allabout/artist/15389/Basskleph","20070922141838","200"
"http://www.inthemix.com.au:80/allabout/artist/1539/Adam_Coverdale","20071013124318","200"
"http://www.inthemix.com.au:80/allabout/artist/15398/Onnit","20071201092809","200"
"http://www.inthemix.com.au:80/allabout/artist/15399/Ryzer","20071201092814","200"
"http://www.inthemix.com.au:80/allabout/artist/15405/Ibiza","20071101083422","200"
"http://www.inthemix.com.au:80/allabout/artist/15405/secure-au.imrworldwide.com/","20071105152512","200"
"http://www.inthemix.com.au:80/allabout/artist/15409/Ruckus","20071224072907","200"
"http://www.inthemix.com.au:80/allabout/artist/15433/Futuretron","20071017231921","200"
"http://www.inthemix.com.au:80/allabout/artist/15465/Chardy","20071021072643","200"
"http://www.inthemix.com.au:80/allabout/artist/15467/Wei_Shen","20071110030109","200"
"http://www.inthemix.com.au:80/allabout/artist/1547/Jackie_Onassid","20071106005901","200"
"http://www.inthemix.com.au:80/allabout/artist/15470/James_Belias","20071110030113","200"
"http://www.inthemix.com.au:80/allabout/artist/15474/Tonka","20071017153023","200"
"http://www.inthemix.com.au:80/allabout/artist/15475/T2","20071224050611","200"
"http://www.inthemix.com.au:80/allabout/artist/1549/Elite_Force","20071119235943","200"
"http://www.inthemix.com.au:80/allabout/artist/15506/C4","20071124091616","200"
"http://www.inthemix.com.au:80/allabout/artist/1552/Scot_Project","20071201092819","200"
"http://www.inthemix.com.au:80/allabout/artist/15522/Filter","20071124083241","200"
"http://www.inthemix.com.au:80/allabout/artist/15528/Professor_X","20071225080205","200"
"http://www.inthemix.com.au:80/allabout/artist/15547/Kontrol","20071224080134","200"
"http://www.inthemix.com.au:80/allabout/artist/15547/secure-au.imrworldwide.com/","20071225064224","200"
"http://www.inthemix.com.au:80/allabout/artist/15563/Axiom","20071224053151","200"
"http://www.inthemix.com.au:80/allabout/artist/15564/Thad_Lester","20071201222137","200"
"http://www.inthemix.com.au:80/allabout/artist/15574/Hefty_Output","20071118174725","200"
"http://www.inthemix.com.au:80/allabout/artist/1563/Meat_Katie","20071102194943","200"
"http://www.inthemix.com.au:80/allabout/artist/15666/Micah","20071115023611","200"
"http://www.inthemix.com.au:80/allabout/artist/1567/Andy_Van","20071017184704","200"
"http://www.inthemix.com.au:80/allabout/artist/15671/Shock_1","20071124091621","200"
"http://www.inthemix.com.au:80/allabout/artist/15739/Ezee_G","20071124083248","200"
"http://www.inthemix.com.au:80/allabout/artist/15757/Mc_Jules","20071225064229","200"
"http://www.inthemix.com.au:80/allabout/artist/15823/John_00_Fleming","20071201092824","200"
"http://www.inthemix.com.au:80/allabout/artist/15851/Rob_Kay","20071124083252","200"
"http://www.inthemix.com.au:80/allabout/artist/15853/Luki","20071023025008","200"
"http://www.inthemix.com.au:80/allabout/artist/15892/Frosty","20071017153027","200"
"http://www.inthemix.com.au:80/allabout/artist/15947/Xdream","20071015202741","200"
"http://www.inthemix.com.au:80/allabout/artist/15969/Trinity","20070918225115","200"
"http://www.inthemix.com.au:80/allabout/artist/16001/Gemma","20071023025013","200"
"http://www.inthemix.com.au:80/allabout/artist/16004/Gt","20071229090754","200"
"http://www.inthemix.com.au:80/allabout/artist/1603/QBert","20071031043156","200"
"http://www.inthemix.com.au/allabout/artist/1604/The_Crystal_Method","20070927195658","200"
"http://www.inthemix.com.au:80/allabout/artist/1605/LTJ_Bukem","20071113151001","200"
"http://www.inthemix.com.au:80/allabout/artist/1605/secure-au.imrworldwide.com/","20071114053336","200"
"http://www.inthemix.com.au:80/allabout/artist/16284/Jason_Rouse","20071024180831","200"
"http://www.inthemix.com.au:80/allabout/artist/16295/Karl_Sav","20071124083257","200"
"http://www.inthemix.com.au:80/allabout/artist/16298/Travis","20071012213124","200"
"http://www.inthemix.com.au:80/allabout/artist/16367/Jdubz","20071116105514","200"
"http://www.inthemix.com.au:80/allabout/artist/16374/Alex","20071115021938","200"
"http://www.inthemix.com.au:80/allabout/artist/16451/Stafford_Brothers","20071116105846","200"
"http://www.inthemix.com.au:80/allabout/artist/16492/Victim","20071105154617","200"
"http://www.inthemix.com.au:80/allabout/artist/16503/Lorne_Padman","20071017153423","200"
"http://www.inthemix.com.au:80/allabout/artist/16504/Pauli_Cutin","20071017153428","200"
"http://www.inthemix.com.au:80/allabout/artist/16510/Bhopps","20071021231920","200"
"http://www.inthemix.com.au:80/allabout/artist/16554/Fbi","20071124091627","200"
"http://www.inthemix.com.au:80/allabout/artist/1657/Eric_Powell","20071016175559","200"
"http://www.inthemix.com.au:80/allabout/artist/16592/Bang_Gang","20071016174826","200"
"http://www.inthemix.com.au:80/allabout/artist/1662/Dizzee_Rascal","20071202012523","200"
"http://www.inthemix.com.au:80/allabout/artist/1664/Derrick_Carter","20071012213130","200"
"http://www.inthemix.com.au:80/allabout/artist/16654/Mickey_D","20071015192428","200"
"http://www.inthemix.com.au:80/allabout/artist/16694/Tenzin","20071101102433","200"
"http://www.inthemix.com.au:80/allabout/artist/16703/Sam_Fraser","20071017231926","200"
"http://www.inthemix.com.au:80/allabout/artist/16708/Alias","20071115023158","200"
"http://www.inthemix.com.au:80/allabout/artist/16793/Melt","20071229090759","200"
"http://www.inthemix.com.au:80/allabout/artist/1680/Deepchild","20071013211926","200"
"http://www.inthemix.com.au:80/allabout/artist/16808/Sigismondavich","20071106052336","200"
"http://www.inthemix.com.au:80/allabout/artist/16809/Hunter","20071105154622","200"
"http://www.inthemix.com.au/allabout/artist/1683/Above_&_Beyond","20070927195557","200"
"http://www.inthemix.com.au:80/allabout/artist/1683/Above_Beyond","20071116014408","200"
"http://www.inthemix.com.au:80/allabout/artist/1689/Angela_Maison","20071017153033","200"
"http://www.inthemix.com.au:80/allabout/artist/16971/Steve_Hart","20071225064234","200"
"http://www.inthemix.com.au:80/allabout/artist/17041/Stellar_Mc","20071123075532","200"
"http://www.inthemix.com.au:80/allabout/artist/17048/Liam_Sampras","20071226185034","200"
"http://www.inthemix.com.au:80/allabout/artist/17108/Simon_Slieker","20071224053202","200"
"http://www.inthemix.com.au:80/allabout/artist/17119/Wet_Musik","20071029060057","200"
"http://www.inthemix.com.au:80/allabout/artist/1714/Ugly_Duckling","20071222124102","200"
"http://www.inthemix.com.au/allabout/artist/1716/James_Zabiela","20070930154912","200"
"http://www.inthemix.com.au:80/allabout/artist/17253/Marc_Smith","20071015202747","200"
"http://www.inthemix.com.au:80/allabout/artist/17259/Trooper","20071107174037","200"
"http://www.inthemix.com.au:80/allabout/artist/17292/Gordy","20071117090227","200"
"http://www.inthemix.com.au:80/allabout/artist/17301/Ant_J_Steep","20071017184708","200"
"http://www.inthemix.com.au:80/allabout/artist/17304/Adam_Bartas","20071013124329","200"
"http://www.inthemix.com.au:80/allabout/artist/17333/Rowie","20071017184713","200"
"http://www.inthemix.com.au:80/allabout/artist/1743/Drumattic_Twins","20071224072917","200"
"http://www.inthemix.com.au:80/allabout/artist/17453/Problem_Child","20071214014253","200"
"http://www.inthemix.com.au:80/allabout/artist/17490/Cecile","20071224053206","200"
"http://www.inthemix.com.au:80/allabout/artist/1750/DJ_Hype","20071107174044","200"
"http://www.inthemix.com.au:80/allabout/artist/17558/Dj_Moto","20070918224542","200"
"http://www.inthemix.com.au:80/allabout/artist/1762/Koolism","20071210010855","200"
"http://www.inthemix.com.au:80/allabout/artist/17705/Spex","20071021231924","200"
"http://www.inthemix.com.au:80/allabout/artist/1771/Dexter","20071210010900","200"
"http://www.inthemix.com.au:80/allabout/artist/1772/Judge_Jules","20071116164038","200"
"http://www.inthemix.com.au:80/allabout/artist/17755/Tim_C","20071105232535","200"
"http://www.inthemix.com.au:80/allabout/artist/1778/2_Dogs","20071224061305","200"
"http://www.inthemix.com.au:80/allabout/artist/17828/Dale_Stephen","20071130184204","200"
"http://www.inthemix.com.au:80/allabout/artist/17828/secure-au.imrworldwide.com/","20071202012526","200"
"http://www.inthemix.com.au:80/allabout/artist/17864/Grant_Foley","20071226185040","200"
"http://www.inthemix.com.au:80/allabout/artist/17869/Pete_Smith","20071116105851","200"
"http://www.inthemix.com.au:80/allabout/artist/17896/Radiosonic","20071013124333","200"
"http://www.inthemix.com.au:80/allabout/artist/1791/Brett_Johnson","20071013124339","200"
"http://www.inthemix.com.au:80/allabout/artist/17982/Urban_Monkeys","20071011111056","200"
"http://www.inthemix.com.au:80/allabout/artist/17996/Raoul_Belmans","20071112052736","200"
"http://www.inthemix.com.au:80/allabout/artist/17999/Mike_Hunt","20071105152517","200"
"http://www.inthemix.com.au:80/allabout/artist/18112/Soul_T","20071224072923","200"
"http://www.inthemix.com.au:80/allabout/artist/18183/Statik","20071124083302","200"
"http://www.inthemix.com.au:80/allabout/artist/1820/Boogie_Pimps","20071124083307","200"
"http://www.inthemix.com.au:80/allabout/artist/1829/Ritual","20071031084403","200"
"http://www.inthemix.com.au:80/allabout/artist/18305/Pedro","20071104004615","200"
"http://www.inthemix.com.au:80/allabout/artist/18392/Klaus_Hill","20071124083312","200"
"http://www.inthemix.com.au:80/allabout/artist/1849/Chris_Meehan","20071017184718","200"
"http://www.inthemix.com.au:80/allabout/artist/18509/Flava_Dave","20071014114941","200"
"http://www.inthemix.com.au:80/allabout/artist/18562/The_Bang_Gang","20071229090804","200"
"http://www.inthemix.com.au:80/allabout/artist/1858/Beastie_Boys","20071023025020","200"
"http://www.inthemix.com.au:80/allabout/artist/18592/Reka","20071224053212","200"
"http://www.inthemix.com.au:80/allabout/artist/18593/Smeagol","20071224061310","200"
"http://www.inthemix.com.au:80/allabout/artist/18594/Pakman","20071224050616","200"
"http://www.inthemix.com.au:80/allabout/artist/18597/Peaka","20071224050621","200"
"http://www.inthemix.com.au:80/allabout/artist/18701/Array","20071124083317","200"
"http://www.inthemix.com.au:80/allabout/artist/1872/Goose","20071203101035","200"
"http://www.inthemix.com.au:80/allabout/artist/1874/Russ_Dewbury","20071014114329","200"
"http://www.inthemix.com.au:80/allabout/artist/18814/Zinc","20071124083322","200"
"http://www.inthemix.com.au:80/allabout/artist/18856/Dj_Snair","20071118173732","200"
"http://www.inthemix.com.au:80/allabout/artist/18888/Ragga","20071121091037","200"
"http://www.inthemix.com.au:80/allabout/artist/18914/Array","20071026152008","200"
"http://www.inthemix.com.au:80/allabout/artist/18915/Jace","20071105152522","200"
"http://www.inthemix.com.au:80/allabout/artist/18928/Charlie_Brown","20071123075539","200"
"http://www.inthemix.com.au:80/allabout/artist/1894/Simon_Mann","20071012175443","200"
"http://www.inthemix.com.au:80/allabout/artist/18967/Rmac","20071225080210","200"
"http://www.inthemix.com.au:80/allabout/artist/1899/Seb_Fontaine","20071102194947","200"
"http://www.inthemix.com.au:80/allabout/artist/1904/Scott_Bond","20071106052342","200"
"http://www.inthemix.com.au:80/allabout/artist/19053/Flip","20071015192441","200"
"http://www.inthemix.com.au:80/allabout/artist/1906/Eddie_Halliwell","20071116030340","200"
"http://www.inthemix.com.au/allabout/artist/1919/Jurassic_5","20070930155121","200"
"http://www.inthemix.com.au:80/allabout/artist/19196/Dj_Kat","20071021070740","200"
"http://www.inthemix.com.au:80/allabout/artist/19213/Lck","20071106052347","200"
"http://www.inthemix.com.au:80/allabout/artist/19222/Levi_5_Star","20071023002406","200"
"http://www.inthemix.com.au:80/allabout/artist/1923/Lee_Coombs","20071214014301","200"
"http://www.inthemix.com.au:80/allabout/artist/193/Concord_Dawn","20071109222825","200"
"http://www.inthemix.com.au:80/allabout/artist/19329/Ill_Fx","20071015192447","200"
"http://www.inthemix.com.au:80/allabout/artist/195/Pendulum","20071017231934","200"
"http://www.inthemix.com.au:80/allabout/artist/19544/Paul_Abad","20071106005905","200"
"http://www.inthemix.com.au:80/allabout/artist/19619/Chris_Ng","20071017231936","200"
"http://www.inthemix.com.au:80/allabout/artist/1962/Ken_Cloud","20071013211930","200"
"http://www.inthemix.com.au:80/allabout/artist/19623/Eddie_Mac","20071017184723","200"
"http://www.inthemix.com.au:80/allabout/artist/19705/Emily_Clark","20071016174831","200"
"http://www.inthemix.com.au:80/allabout/artist/19770/Alex_Kidd","20071015202752","200"
"http://www.inthemix.com.au:80/allabout/artist/19773/The_Honey_Palace","20071016165840","200"
"http://www.inthemix.com.au:80/allabout/artist/19793/The_Freestylers","20071015192456","200"
"http://www.inthemix.com.au:80/allabout/artist/19842/Mc_Battles_Made_Up_Of_Local_Students","20071011122400","200"
"http://www.inthemix.com.au:80/allabout/artist/199/Alan_Thompson","20071213230804","200"
"http://www.inthemix.com.au:80/allabout/artist/20029/Dr_Zaius","20071118174731","200"
"http://www.inthemix.com.au:80/allabout/artist/20030/Blinky","20071017153041","200"
"http://www.inthemix.com.au:80/allabout/artist/20108/Gavin_Campbell","20071017184728","200"
"http://www.inthemix.com.au:80/allabout/artist/2013/secure-au.imrworldwide.com/","20071024024645","200"
"http://www.inthemix.com.au:80/allabout/artist/2013/Space_DJz","20070923005954","200"
"http://www.inthemix.com.au:80/allabout/artist/20225/Weez","20071124091632","200"
"http://www.inthemix.com.au:80/allabout/artist/20249/Mike_Callender","20071017184735","200"
"http://www.inthemix.com.au:80/allabout/artist/2025/Tiefschwarz","20071224050627","200"
"http://www.inthemix.com.au:80/allabout/artist/20281/Jamie_Doom","20071106070411","200"
"http://www.inthemix.com.au:80/allabout/artist/20281/secure-au.imrworldwide.com/","20071109222832","200"
"http://www.inthemix.com.au:80/allabout/artist/20325/Blue_Juice","20071124091637","200"
"http://www.inthemix.com.au:80/allabout/artist/20341/Virginia_Le","20071204122026","200"
"http://www.inthemix.com.au:80/allabout/artist/20545/Kate_Munroe","20071226185045","200"
"http://www.inthemix.com.au:80/allabout/artist/20555/Sound_Advice_Djs","20071023025024","200"
"http://www.inthemix.com.au:80/allabout/artist/2065/Nas","20071112233455","200"
"http://www.inthemix.com.au:80/allabout/artist/2073/Armand_Van_Helden","20071211094904","200"
"http://www.inthemix.com.au:80/allabout/artist/20755/Tobias","20071116042737","200"
"http://www.inthemix.com.au:80/allabout/artist/20875/Harris_Robotis","20071105152528","200"
"http://www.inthemix.com.au:80/allabout/artist/20899/Ross_McGrath","20071208051739","200"
"http://www.inthemix.com.au:80/allabout/artist/20926/Kronic","20071124083327","200"
"http://www.inthemix.com.au:80/allabout/artist/20926/secure-au.imrworldwide.com/","20071225080215","200"
"http://www.inthemix.com.au:80/allabout/artist/20927/Demize","20071124083332","200"
"http://www.inthemix.com.au:80/allabout/artist/20973/Nacho_Pop","20071023025028","200"
"http://www.inthemix.com.au:80/allabout/artist/20983/The_Chemical_Brothers","20071210020354","200"
"http://www.inthemix.com.au:80/allabout/artist/210/secure-au.imrworldwide.com/","20071124215951","200"
"http://www.inthemix.com.au:80/allabout/artist/210/Tiesto","20070920012222","200"
"http://www.inthemix.com.au:80/allabout/artist/210/We%5Cu2019ll%20be%20stepping%20into%20the%20polling%20booth%20tomorrow,%20to%20potentially%20impact%20the%20biggest%20shift%20in%20Federal%20power%20in%20more%20than%20a%20decade.%20So%20who%20should%20you%20vote%20for?+Dance%5Cu2019s+most+politically+outspoken+figure+reckons+he+knows+who+you+%5Cu2018shouldn%5Cu2019t%5Cu2019+vote+fo","20071124070953","200"
"http://www.inthemix.com.au:80/allabout/artist/210/We%5Cu2019ll%20be%20stepping%20into%20the%20polling%20booth%20tomorrow,%20to%20potentially%20impact%20the%20biggest%20shift%20in%20Federal%20power%20in%20more%20than%20a%20decade.%20So%20who%20should%20you%20vote%20for?+Dance%5Cu2019s+most+politically+outspoken+figure+reckons+he+knows+who+you+%5Cu2018shouldn%5Cu2019t%5Cu2019+vote+for%5Cu2026","20071124091643","200"
"http://www.inthemix.com.au:80/allabout/artist/2106/Apell","20071219192343","200"
"http://www.inthemix.com.au:80/allabout/artist/2106/It%5Cu2019s%20been%20labeled%20by%20the%20NSW%20Police%20as%20a%20way%20of%20reducing%20alcohol-related%20crime%20in%20the%20city,%20and%20for%20six%20months%20the%20trial%20will%20see%20a%203am%20lockout%20in%20place%20on%20the%20weekends.%20There%5Cu2019s%20a%20statewide%203am%20lockout%20in%20Queensland,%20could%20Sydney%20be%20next?","20071221171318","200"
"http://www.inthemix.com.au:80/allabout/artist/2106/secure-au.imrworldwide.com/","20071224050631","200"
"http://www.inthemix.com.au:80/allabout/artist/21068/Ben_Et","20071109221018","200"
"http://www.inthemix.com.au:80/allabout/artist/211/Pete_Tong","20071123173322","200"
"http://www.inthemix.com.au:80/allabout/artist/21186/Matttt","20071024175645","200"
"http://www.inthemix.com.au:80/allabout/artist/21218/9th_Insight","20071224061316","200"
"http://www.inthemix.com.au:80/allabout/artist/21241/Soup","20071024180834","200"
"http://www.inthemix.com.au:80/allabout/artist/21316/Td_Shagga","20071118174736","200"
"http://www.inthemix.com.au:80/allabout/artist/21367/Katch","20071023002412","200"
"http://www.inthemix.com.au:80/allabout/artist/2137/DJ_Format","20071023002416","200"
"http://www.inthemix.com.au:80/allabout/artist/21381/Ant_Best","20071116110226","200"
"http://www.inthemix.com.au:80/allabout/artist/21390/Solar","20071114045426","200"
"http://www.inthemix.com.au:80/allabout/artist/21435/Harley_Augustine","20071017184739","200"
"http://www.inthemix.com.au:80/allabout/artist/21445/Alex_Cordova","20071017153044","200"
"http://www.inthemix.com.au/allabout/artist/2145/Bradbury","20070918082137","200"
"http://www.inthemix.com.au/allabout/artist/2145/dropdown/arrow.gif","20070918082519","200"
"http://www.inthemix.com.au/allabout/artist/2145/image=/_images/_core/bullets/blocArrow_white_south.gif;text=ARTIST;showmenu=allAboutCategories;itemwidth=240px;separatorsize=0","20070918082808","200"
"http://www.inthemix.com.au/allabout/artist/2145/text=&nbsp;Adelaide;url=/gallery/?city=5;;status=Adelaide;separatorsize=1","20070918082922","200"
"http://www.inthemix.com.au/allabout/artist/2145/text=&nbsp;Adelaide;url=/whatson/?city=5;;status=Adelaide;separatorsize=1","20070918083051","200"
"http://www.inthemix.com.au/allabout/artist/2145/text=&nbsp;Brisbane;url=/gallery/?city=4;;status=Brisbane;separatorsize=1","20070918082850","200"
"http://www.inthemix.com.au/allabout/artist/2145/text=&nbsp;Brisbane;url=/whatson/?city=4;;status=Brisbane;separatorsize=1","20070918083159","200"
"http://www.inthemix.com.au/allabout/artist/2145/text=&nbsp;Canberra;url=/gallery/?city=3;;status=Canberra;separatorsize=1","20070918082446","200"
"http://www.inthemix.com.au/allabout/artist/2145/text=&nbsp;Canberra;url=/whatson/?city=3;;status=Canberra;separatorsize=1","20070918083021","200"
"http://www.inthemix.com.au/allabout/artist/2145/text=&nbsp;DVD;url=/life/film/dvd/;;separatorsize=1","20070918083436","200"
"http://www.inthemix.com.au/allabout/artist/2145/text=&nbsp;Features;url=/features/;separatorsize=1","20070918083608","200"
"http://www.inthemix.com.au/allabout/artist/2145/text=&nbsp;Film;url=/life/film/cinema/;;separatorsize=1","20070918082734","200"
"http://www.inthemix.com.au/allabout/artist/2145/text=&nbsp;Game;url=/life/game/;;separatorsize=1","20070918082202","200"
"http://www.inthemix.com.au/allabout/artist/2145/text=&nbsp;Gear;url=/life/gear/;;separatorsize=1","20070918082627","200"
"http://www.inthemix.com.au/allabout/artist/2145/text=&nbsp;Home;url=/;separatorsize=0","20070918082957","200"
"http://www.inthemix.com.au/allabout/artist/2145/text=&nbsp;Home;url=/life/;;separatorsize=1","20070918083513","200"
"http://www.inthemix.com.au/allabout/artist/2145/text=&nbsp;Ibiza;url=/ibiza;separatorsize=1","20070918083226","200"
"http://www.inthemix.com.au/allabout/artist/2145/text=&nbsp;ITMShop;url=/shop/;;separatorsize=1","20070918083706","200"
"http://www.inthemix.com.au/allabout/artist/2145/text=&nbsp;Melbourne;url=/gallery/?city=2;;status=Melbourne;separatorsize=1","20070918082225","200"
"http://www.inthemix.com.au/allabout/artist/2145/text=&nbsp;Melbourne;url=/whatson/?city=2;;status=Melbourne;separatorsize=1","20070918083325","200"
"http://www.inthemix.com.au/allabout/artist/2145/text=&nbsp;News;showmenu=news;url=/news/;separatorsize=1","20070918083637","200"
"http://www.inthemix.com.au/allabout/artist/2145/text=&nbsp;Perth;url=/gallery/?city=6;;status=Perth;separatorsize=1","20070918082250","200"
"http://www.inthemix.com.au/allabout/artist/2145/text=&nbsp;Perth;url=/whatson/?city=6;;status=Perth;separatorsize=1","20070918083739","200"
"http://www.inthemix.com.au/allabout/artist/2145/text=&nbsp;Sydney;url=/gallery/?city=1;;status=Sydney;separatorsize=1","20070918083254","200"
"http://www.inthemix.com.au/allabout/artist/2145/text=&nbsp;Sydney;url=/whatson/?city=1;;status=Sydney;separatorsize=1","20070918082830","200"
"http://www.inthemix.com.au/allabout/artist/2145/text=&nbsp;Tickets;url=/shop/customer/home.php?cat=249;;separatorsize=1","20070918083359","200"
"http://www.inthemix.com.au/allabout/artist/2145/text=Australia;url=/news/aust/","20070918082340","200"
"http://www.inthemix.com.au/allabout/artist/2145/text=Broadband;showmenu=broadband;url=/broadband/;separatorsize=0","20070918083118","200"
"http://www.inthemix.com.au/allabout/artist/2145/text=Events;url=/reviews/events/","20070918083810","200"
"http://www.inthemix.com.au/allabout/artist/2145/text=International;url=/news/intl/","20070918082411","200"
"http://www.inthemix.com.au/allabout/artist/2145/text=Life;showmenu=life;url=/life/;separatorsize=0","20070918082657","200"
"http://www.inthemix.com.au/allabout/artist/2145/text=Music;url=/reviews/music/","20070918082550","200"
"http://www.inthemix.com.au/allabout/artist/2145/www.inthemix.com.au","20070918082318","200"
"http://www.inthemix.com.au:80/allabout/artist/21481/S_Dee","20071015202756","200"
"http://www.inthemix.com.au:80/allabout/artist/21485/Gav_Dee","20071015192501","200"
"http://www.inthemix.com.au:80/allabout/artist/21501/Carlos","20071124091648","200"
"http://www.inthemix.com.au:80/allabout/artist/216/Various_Artists","20071015192531","200"
"http://www.inthemix.com.au:80/allabout/artist/21604/Kiti","20071017231942","200"
"http://www.inthemix.com.au:80/allabout/artist/2166/Swollen_Members","20071023002421","200"
"http://www.inthemix.com.au:80/allabout/artist/217/Soma_Rasa","20071109222837","200"
"http://www.inthemix.com.au:80/allabout/artist/218/Junior_Jack","20071219014314","200"
"http://www.inthemix.com.au:80/allabout/artist/2186/Aesop_Rock","20071130055527","200"
"http://www.inthemix.com.au:80/allabout/artist/21887/Boogaloo_Crew","20071123075542","200"
"http://www.inthemix.com.au:80/allabout/artist/2193/Paul_Oakenfold","20071126130707","200"
"http://www.inthemix.com.au:80/allabout/artist/22012/Max_Billionaire","20070922163923","200"
"http://www.inthemix.com.au:80/allabout/artist/2210/Gotye","20071031080242","200"
"http://www.inthemix.com.au:80/allabout/artist/2210/secure-au.imrworldwide.com/","20071105154634","200"
"http://www.inthemix.com.au:80/allabout/artist/22127/Elwood","20071124083337","200"
"http://www.inthemix.com.au:80/allabout/artist/22159/The_Potbelliez","20071126130711","200"
"http://www.inthemix.com.au:80/allabout/artist/22235/Giv","20071106005910","200"
"http://www.inthemix.com.au:80/allabout/artist/22237/Bee","20071017184745","200"
"http://www.inthemix.com.au:80/allabout/artist/22252/Will_Cameron","20071017153049","200"
"http://www.inthemix.com.au:80/allabout/artist/22405/Smish","20071224050637","200"
"http://www.inthemix.com.au:80/allabout/artist/2249/Joey_Negro","20071016175606","200"
"http://www.inthemix.com.au:80/allabout/artist/2250/Miguel_Migs","20071211214534","200"
"http://www.inthemix.com.au:80/allabout/artist/2250/secure-au.imrworldwide.com/","20071224050643","200"
"http://www.inthemix.com.au:80/allabout/artist/22567/Clint_Scott","20071017144253","200"
"http://www.inthemix.com.au:80/allabout/artist/226/Calico","20071214233725","200"
"http://www.inthemix.com.au:80/allabout/artist/22642/Nexus_Project","20071015202801","200"
"http://www.inthemix.com.au:80/allabout/artist/22682/Mr_Takse","20071017184749","200"
"http://www.inthemix.com.au:80/allabout/artist/2274/Ben_Korbel","20070918224433","200"
"http://www.inthemix.com.au:80/allabout/artist/22835/Foreign_Dub","20071011122403","200"
"http://www.inthemix.com.au:80/allabout/artist/22922/Dex","20071224050647","200"
"http://www.inthemix.com.au:80/allabout/artist/22979/Globe","20071226124037","200"
"http://www.inthemix.com.au:80/allabout/artist/230/Moby","20071114044919","200"
"http://www.inthemix.com.au:80/allabout/artist/2308/Kid_Koala","20071130055532","200"
"http://www.inthemix.com.au:80/allabout/artist/23208/Leeroy","20071017184754","200"
"http://www.inthemix.com.au:80/allabout/artist/2323/Tim_Deluxe","20071014114335","200"
"http://www.inthemix.com.au:80/allabout/artist/23321/John_Hardy","20071021072647","200"
"http://www.inthemix.com.au:80/allabout/artist/23413/Z_Trip","20071023025034","200"
"http://www.inthemix.com.au:80/allabout/artist/23429/Mc_Quantum","20071124091653","200"
"http://www.inthemix.com.au:80/allabout/artist/23595/Paul_Main","20071017231948","200"
"http://www.inthemix.com.au:80/allabout/artist/23680/Above","20071015192534","200"
"http://www.inthemix.com.au:80/allabout/artist/23691/Nick_Fish","20071111074302","200"
"http://www.inthemix.com.au:80/allabout/artist/23888/Cram","20071015202807","200"
"http://www.inthemix.com.au:80/allabout/artist/24064/Telefunken","20071024175650","200"
"http://www.inthemix.com.au:80/allabout/artist/24106/Ember","20071023025039","200"
"http://www.inthemix.com.au:80/allabout/artist/2412/Audio_Bullys","20071224050653","200"
"http://www.inthemix.com.au:80/allabout/artist/24128/Karpe_Dm","20071224053217","200"
"http://www.inthemix.com.au:80/allabout/artist/2416/David_Holmes","20071224053222","200"
"http://www.inthemix.com.au:80/allabout/artist/24188/Lewie_Day","20071024182433","200"
"http://www.inthemix.com.au:80/allabout/artist/2432/Sasha","20071015004846","200"
"http://www.inthemix.com.au:80/allabout/artist/2432/secure-au.imrworldwide.com/","20071015134811","200"
"http://www.inthemix.com.au:80/allabout/artist/24424/Cyber","20071124091658","200"
"http://www.inthemix.com.au/allabout/artist/2443/Ferry_Corsten","20070927200502","200"
"http://www.inthemix.com.au:80/allabout/artist/24548/Anthony_Bianco","20071013124343","200"
"http://www.inthemix.com.au:80/allabout/artist/24561/Faker","20071011111101","200"
"http://www.inthemix.com.au:80/allabout/artist/24700/Walt","20071024175657","200"
"http://www.inthemix.com.au:80/allabout/artist/24853/Miss_Jodie","20071011113926","200"
"http://www.inthemix.com.au:80/allabout/artist/24856/Baker","20071011104048","200"
"http://www.inthemix.com.au:80/allabout/artist/24905/Jamie_Bissmire","20071224072932","200"
"http://www.inthemix.com.au:80/allabout/artist/25059/Mike_Calender","20071121085919","200"
"http://www.inthemix.com.au:80/allabout/artist/254/Nick_Skitz","20071203133923","200"
"http://www.inthemix.com.au:80/allabout/artist/254/secure-au.imrworldwide.com/","20071204141547","200"
"http://www.inthemix.com.au:80/allabout/artist/25425/Oliver_Leighs","20071015192538","200"
"http://www.inthemix.com.au:80/allabout/artist/25435/Peter_Farris","20071116105201","200"
"http://www.inthemix.com.au:80/allabout/artist/25438/Johnny_Mac","20071118174741","200"
"http://www.inthemix.com.au:80/allabout/artist/2553/Spektrum","20071011105636","200"
"http://www.inthemix.com.au:80/allabout/artist/25745/Muse","20071012192250","200"
"http://www.inthemix.com.au:80/allabout/artist/258/MrW","20071012213135","200"
"http://www.inthemix.com.au:80/allabout/artist/26077/Illzilla","20071229005630","200"
"http://www.inthemix.com.au:80/allabout/artist/261/Warren_10","20071124070958","200"
"http://www.inthemix.com.au:80/allabout/artist/26189/The_Thrillseekers","20071012192310","200"
"http://www.inthemix.com.au:80/allabout/artist/26233/Kurt_Jirgenson","20071221171323","200"
"http://www.inthemix.com.au:80/allabout/artist/26283/Raving_Alco","20071224053227","200"
"http://www.inthemix.com.au:80/allabout/artist/2632/Roni_Size","20070922142349","200"
"http://www.inthemix.com.au:80/allabout/artist/26411/Mr_Sparkles","20071023023408","200"
"http://www.inthemix.com.au:80/allabout/artist/26471/Benjamin","20071219020337","200"
"http://www.inthemix.com.au:80/allabout/artist/26481/A4h","20071116110230","200"
"http://www.inthemix.com.au:80/allabout/artist/2649/Markus_Schulz","20071116030344","200"
"http://www.inthemix.com.au/allabout/artist/266/dropdown/arrow.gif","20070920204506","200"
"http://www.inthemix.com.au/allabout/artist/266/image=/_images/_core/bullets/blocArrow_white_south.gif;text=ARTIST;showmenu=allAboutCategories;itemwidth=240px;separatorsize=0","20070920204739","200"
"http://www.inthemix.com.au/allabout/artist/266/Roc_Raida","20070920204352","200"
"http://www.inthemix.com.au/allabout/artist/266/text=&nbsp;Home;url=/;separatorsize=0","20070920204640","200"
"http://www.inthemix.com.au/allabout/artist/266/text=Broadband;showmenu=broadband;url=/broadband/;separatorsize=0","20070920204855","200"
"http://www.inthemix.com.au/allabout/artist/266/text=Life;showmenu=life;url=/life/;separatorsize=0","20070920204804","200"
"http://www.inthemix.com.au/allabout/artist/266/www.inthemix.com.au","20070920204829","200"
"http://www.inthemix.com.au:80/allabout/artist/26776/Xpression","20071224050658","200"
"http://www.inthemix.com.au:80/allabout/artist/2705/Laurent_Garnier","20071025063221","200"
"http://www.inthemix.com.au:80/allabout/artist/27050/The_Scientist","20071106005915","200"
"http://www.inthemix.com.au:80/allabout/artist/2707/Coldcut","20071118173740","200"
"http://www.inthemix.com.au:80/allabout/artist/27097/Jay_J","20071110025327","200"
"http://www.inthemix.com.au:80/allabout/artist/2726/Tom_Novy","20071224072938","200"
"http://www.inthemix.com.au:80/allabout/artist/27526/Dj_Schwa","20071011122407","200"
"http://www.inthemix.com.au:80/allabout/artist/2757/Craig_Obey","20071203085421","200"
"http://www.inthemix.com.au:80/allabout/artist/276/Fila_Brazillia","20071219014319","200"
"http://www.inthemix.com.au:80/allabout/artist/2761/Sneaky_Sound_System","20071101102439","200"
"http://www.inthemix.com.au:80/allabout/artist/2766/Array","20071116105206","200"
"http://www.inthemix.com.au:80/allabout/artist/2766/Vance_Musgrove","20071208051744","200"
"http://www.inthemix.com.au:80/allabout/artist/2767/Tornts","20071124083344","200"
"http://www.inthemix.com.au:80/allabout/artist/277/Mark_Dynamix","20071023025051","200"
"http://www.inthemix.com.au:80/allabout/artist/27765/Silent_Shadow","20071012213140","200"
"http://www.inthemix.com.au:80/allabout/artist/2792/Simon_Caldwell","20071013211936","200"
"http://www.inthemix.com.au:80/allabout/artist/2827/Julius_Papp","20071214014304","200"
"http://www.inthemix.com.au:80/allabout/artist/28313/Turner","20071203085425","200"
"http://www.inthemix.com.au:80/allabout/artist/28364/Sdee","20071015192543","200"
"http://www.inthemix.com.au/allabout/artist/2863/Chicks_On_Speed","20070927195907","200"
"http://www.inthemix.com.au:80/allabout/artist/28738/Edoardo","20071105231716","200"
"http://www.inthemix.com.au:80/allabout/artist/28740/Suspekt","20071011120947","200"
"http://www.inthemix.com.au:80/allabout/artist/29193/Last_Credit","20071118174746","200"
"http://www.inthemix.com.au:80/allabout/artist/29286/Craze","20071012213144","200"
"http://www.inthemix.com.au:80/allabout/artist/2930/Kruder_Dorfmeister","20071224053233","200"
"http://www.inthemix.com.au:80/allabout/artist/29672/Krazy_Dan","20071224053237","200"
"http://www.inthemix.com.au:80/allabout/artist/297/DJ_Falcon","20071124083348","200"
"http://www.inthemix.com.au:80/allabout/artist/29894/The_Shapeshifters","20071212052153","200"
"http://www.inthemix.com.au:80/allabout/artist/30070/Showtek","20071116105211","200"
"http://www.inthemix.com.au/allabout/artist/301/Fatboy_Slim","20070927195711","200"
"http://www.inthemix.com.au:80/allabout/artist/3014/Mark_James","20071110030120","200"
"http://www.inthemix.com.au:80/allabout/artist/302/James_Lavelle","20071030200505","200"
"http://www.inthemix.com.au:80/allabout/artist/30263/John_B","20071222024047","200"
"http://www.inthemix.com.au:80/allabout/artist/30269/Sam_I_Am","20071118173744","200"
"http://www.inthemix.com.au:80/allabout/artist/3045/Nexus","20071214014309","200"
"http://www.inthemix.com.au:80/allabout/artist/3054/Richie_Braic","20071211170415","200"
"http://www.inthemix.com.au:80/allabout/artist/30608/Tim_Harvey","20071118174751","200"
"http://www.inthemix.com.au:80/allabout/artist/3063/Chemical_Brothers","20071211024531","200"
"http://www.inthemix.com.au:80/allabout/artist/30991/Foreign_Heights","20071012192316","200"
"http://www.inthemix.com.au:80/allabout/artist/31100/MacHina","20071106052352","200"
"http://www.inthemix.com.au:80/allabout/artist/31263/Mo_Funk","20071023023413","200"
"http://www.inthemix.com.au:80/allabout/artist/31275/Mike","20071201092829","200"
"http://www.inthemix.com.au:80/allabout/artist/3151/Lee_Burridge","20071106005921","200"
"http://www.inthemix.com.au:80/allabout/artist/31679/Hooli","20071011120955","200"
"http://www.inthemix.com.au:80/allabout/artist/31990/Dark_Nebula","20071015201445","200"
"http://www.inthemix.com.au:80/allabout/artist/32005/Ben_Jamin","20071016175610","200"
"http://www.inthemix.com.au:80/allabout/artist/32012/Frew","20071101100831","200"
"http://www.inthemix.com.au:80/allabout/artist/32207/Jimi_Polar","20071013190042","200"
"http://www.inthemix.com.au:80/allabout/artist/32243/Neuron_Compost","20071118173749","200"
"http://www.inthemix.com.au:80/allabout/artist/32246/Kobra_Kai","20071011111106","200"
"http://www.inthemix.com.au:80/allabout/artist/3239/Hermitude","20071011122421","200"
"http://www.inthemix.com.au:80/allabout/artist/3243/Green_Velvet","20071115022458","200"
"http://www.inthemix.com.au:80/allabout/artist/3243/secure-au.imrworldwide.com/","20071124071003","200"
"http://www.inthemix.com.au:80/allabout/artist/3243/We%5Cu2019ll%20be%20stepping%20into%20the%20polling%20booth%20tomorrow,%20to%20potentially%20impact%20the%20biggest%20shift%20in%20Federal%20power%20in%20more%20than%20a%20decade.%20So%20who%20should%20you%20vote%20for?+Dance%5Cu2019s+most+politically+outspoken+figure+reckons+he+knows+who+you+%5Cu2018shouldn%5Cu2019t%5Cu2019+vote+fo","20071124034042","200"
"http://www.inthemix.com.au:80/allabout/artist/3243/We%5Cu2019ll%20be%20stepping%20into%20the%20polling%20booth%20tomorrow,%20to%20potentially%20impact%20the%20biggest%20shift%20in%20Federal%20power%20in%20more%20than%20a%20decade.%20So%20who%20should%20you%20vote%20for?+Dance%5Cu2019s+most+politically+outspoken+figure+reckons+he+knows+who+you+%5Cu2018shouldn%5Cu2019t%5Cu2019+vote+for%5Cu2026","20071124034046","200"
"http://www.inthemix.com.au:80/allabout/artist/32522/Amo","20071115023613","200"
"http://www.inthemix.com.au:80/allabout/artist/3259/Darren_Emerson","20071024180844","200"
"http://www.inthemix.com.au:80/allabout/artist/3261/The_Prodigy","20071212051820","200"
"http://www.inthemix.com.au:80/allabout/artist/3266/Scott_Alert","20071011115414","200"
"http://www.inthemix.com.au:80/allabout/artist/32692/Costa","20071219014331","200"
"http://www.inthemix.com.au/allabout/artist/3273/Deep_Dish","20070927195857","200"
"http://www.inthemix.com.au:80/allabout/artist/32941/Tom_Piper","20071229090809","200"
"http://www.inthemix.com.au:80/allabout/artist/32965/Pulsar","20071015192552","200"
"http://www.inthemix.com.au:80/allabout/artist/33119/Paul_Van_Dyk","20071213193611","200"
"http://www.inthemix.com.au:80/allabout/artist/33119/secure-au.imrworldwide.com/","20071224193427","200"
"http://www.inthemix.com.au:80/allabout/artist/33199/Ursula_1000","20071023023418","200"
"http://www.inthemix.com.au:80/allabout/artist/3327/TrainwreckaH","20071011105638","200"
"http://www.inthemix.com.au:80/allabout/artist/33289/Jen_Tutty","20071224050703","200"
"http://www.inthemix.com.au:80/allabout/artist/3335/People_Under_The_Stairs","20071124091703","200"
"http://www.inthemix.com.au:80/allabout/artist/33355/Steve_H","20071115023619","200"
"http://www.inthemix.com.au:80/allabout/artist/33368/Sabre_Tooth_Tigers","20071229085130","200"
"http://www.inthemix.com.au:80/allabout/artist/33373/Kutmaster_Kurt","20071123173325","200"
"http://www.inthemix.com.au:80/allabout/artist/3372/LoKey_Fu","20071214014313","200"
"http://www.inthemix.com.au:80/allabout/artist/339/Kid_Kenobi","20071021091527","200"
"http://www.inthemix.com.au:80/allabout/artist/3401/Kate_Monroe","20071013124349","200"
"http://www.inthemix.com.au:80/allabout/artist/34083/Arbee","20071015202815","200"
"http://www.inthemix.com.au:80/allabout/artist/34175/Dr_Willis","20071214014318","200"
"http://www.inthemix.com.au:80/allabout/artist/342/Bass_Kleph","20071115022503","200"
"http://www.inthemix.com.au:80/allabout/artist/3431/Ian_Pooley","20071018030733","200"
"http://www.inthemix.com.au:80/allabout/artist/34431/Patrick_Carrera","20071023023423","200"
"http://www.inthemix.com.au:80/allabout/artist/34511/Triptych","20071105231722","200"
"http://www.inthemix.com.au:80/allabout/artist/34521/Luca_Antolini","20071015192557","200"
"http://www.inthemix.com.au:80/allabout/artist/348/Pnau","20071012041947","200"
"http://www.inthemix.com.au:80/allabout/artist/348/secure-au.imrworldwide.com/","20071012213151","200"
"http://www.inthemix.com.au:80/allabout/artist/3483/Thief","20071130072427","200"
"http://www.inthemix.com.au:80/allabout/artist/3488/Danny_Tenaglia","20071105154637","200"
"http://www.inthemix.com.au:80/allabout/artist/34944/Butch_Le_Butch","20071219014335","200"
"http://www.inthemix.com.au/allabout/artist/3500/Faithless","20070930154523","200"
"http://www.inthemix.com.au:80/allabout/artist/3500/secure-au.imrworldwide.com/","20071116220402","200"
"http://www.inthemix.com.au:80/allabout/artist/3524/Regurgitator","20071124083353","200"
"http://www.inthemix.com.au:80/allabout/artist/35295/John_00_Flemming","20071214233730","200"
"http://www.inthemix.com.au:80/allabout/artist/353/Hernan_Cattaneo","20071104064025","200"
"http://www.inthemix.com.au:80/allabout/artist/3531/Endorphin","20071109221024","200"
"http://www.inthemix.com.au:80/allabout/artist/35351/Nasser_T","20071023025055","200"
"http://www.inthemix.com.au:80/allabout/artist/35383/Grinspoon","20071011115417","200"
"http://www.inthemix.com.au:80/allabout/artist/3541/Shimon","20071109221029","200"
"http://www.inthemix.com.au:80/allabout/artist/3569/Plump_DJs","20071013124355","200"
"http://www.inthemix.com.au:80/allabout/artist/35737/Pixie","20071021231929","200"
"http://www.inthemix.com.au:80/allabout/artist/3577/Andrew_Weatherall","20071123075550","200"
"http://www.inthemix.com.au:80/allabout/artist/3585/Philly","20071124091708","200"
"http://www.inthemix.com.au:80/allabout/artist/35920/Lou_Lou","20071225064240","200"
"http://www.inthemix.com.au:80/allabout/artist/35970/Dave_Brace","20071017184759","200"
"http://www.inthemix.com.au:80/allabout/artist/36014/Dan_De_Caires","20071106052357","200"
"http://www.inthemix.com.au:80/allabout/artist/3616/Todd_Terry","20071101030133","200"
"http://www.inthemix.com.au:80/allabout/artist/36296/Chooky","20071011104053","200"
"http://www.inthemix.com.au:80/allabout/artist/3648/Richard_Grey","20071210230625","200"
"http://www.inthemix.com.au:80/allabout/artist/36554/Miles_Junior","20071011115427","200"
"http://www.inthemix.com.au:80/allabout/artist/36657/Syn","20071015192602","200"
"http://www.inthemix.com.au:80/allabout/artist/3674/PTY_LTD","20071118174757","200"
"http://www.inthemix.com.au:80/allabout/artist/3695/4_Strings","20071111074308","200"
"http://www.inthemix.com.au:80/allabout/artist/36967/Trinity","20071121085926","200"
"http://www.inthemix.com.au:80/allabout/artist/37059/Andee_Frost","20071208051749","200"
"http://www.inthemix.com.au:80/allabout/artist/3724/Vinyl_Slingers","20071109221034","200"
"http://www.inthemix.com.au:80/allabout/artist/37304/Dj_Jesse","20071203085430","200"
"http://www.inthemix.com.au:80/allabout/artist/37310/Dj_Jonah","20071021231934","200"
"http://www.inthemix.com.au:80/allabout/artist/3733/Nicky_Siano","20071016175615","200"
"http://www.inthemix.com.au:80/allabout/artist/3733/secure-au.imrworldwide.com/","20071224061320","200"
"http://www.inthemix.com.au:80/allabout/artist/3739/Lange","20071021072657","200"
"http://www.inthemix.com.au:80/allabout/artist/37449/Foreigndub","20071012213154","200"
"http://www.inthemix.com.au:80/allabout/artist/37733/Squiddy","20071224072947","200"
"http://www.inthemix.com.au:80/allabout/artist/3774/Chia","20071118022419","200"
"http://www.inthemix.com.au:80/allabout/artist/378/Dave_Clarke","20071222024054","200"
"http://www.inthemix.com.au/allabout/artist/379/Carl_Cox","20070930154814","200"
"http://www.inthemix.com.au:80/allabout/artist/3804/Cypress_Hill","20071202012534","200"
"http://www.inthemix.com.au:80/allabout/artist/3808/John_Digweed","20071112005844","200"
"http://www.inthemix.com.au:80/allabout/artist/3815/Slade","20071011121000","200"
"http://www.inthemix.com.au:80/allabout/artist/38210/Karina_Chavez","20071011125440","200"
"http://www.inthemix.com.au:80/allabout/artist/3828/Kenny_L","20071210074431","200"
"http://www.inthemix.com.au:80/allabout/artist/38398/Ferma","20071105152532","200"
"http://www.inthemix.com.au:80/allabout/artist/38473/Spiz","20071201222141","200"
"http://www.inthemix.com.au:80/allabout/artist/38639/Seymour_Buttz","20071217193225","200"
"http://www.inthemix.com.au:80/allabout/artist/38669/Ivens","20071119235947","200"
"http://www.inthemix.com.au:80/allabout/artist/38847/Tommy","20071017231953","200"
"http://www.inthemix.com.au:80/allabout/artist/38936/Mason","20071023002426","200"
"http://www.inthemix.com.au:80/allabout/artist/3919/Seven","20071116042742","200"
"http://www.inthemix.com.au:80/allabout/artist/3929/Josh_Wink","20071224061325","200"
"http://www.inthemix.com.au:80/allabout/artist/3940/DJ_Tom","20071015202818","200"
"http://www.inthemix.com.au:80/allabout/artist/3954/Otek","20071224053249","200"
"http://www.inthemix.com.au:80/allabout/artist/3956/Ajax_Mel","20071224050708","200"
"http://www.inthemix.com.au:80/allabout/artist/396/Mr_Jigga","20071222024057","200"
"http://www.inthemix.com.au:80/allabout/artist/3961/Richie_Hawtin","20071114044924","200"
"http://www.inthemix.com.au:80/allabout/artist/3974/Jamie_Lloyd","20070922163518","200"
"http://www.inthemix.com.au:80/allabout/artist/3996/Mark_Murphy","20071105154643","200"
"http://www.inthemix.com.au:80/allabout/artist/39960/B_Hopps","20071012213200","200"
"http://www.inthemix.com.au:80/allabout/artist/4006/Matt_Darey","20070918225422","200"
"http://www.inthemix.com.au:80/allabout/artist/4018/Papa_Smurf","20071017184805","200"
"http://www.inthemix.com.au:80/allabout/artist/402/Public_Domain","20071015165831","200"
"http://www.inthemix.com.au:80/allabout/artist/40245/The_Nam_Shub_Of_Enki","20071118174803","200"
"http://www.inthemix.com.au:80/allabout/artist/4027/Dave_Pham","20071224053255","200"
"http://www.inthemix.com.au:80/allabout/artist/40270/Dopus_Roshambo","20071224061330","200"
"http://www.inthemix.com.au:80/allabout/artist/4038/Organ_Donors","20071204141552","200"
"http://www.inthemix.com.au:80/allabout/artist/4043/Nathan_G","20071017184811","200"
"http://www.inthemix.com.au:80/allabout/artist/40446/Mods","20071105154647","200"
"http://www.inthemix.com.au:80/allabout/artist/406/Ali_B","20071224053300","200"
"http://www.inthemix.com.au:80/allabout/artist/40600/Henry_Hains","20071023025059","200"
"http://www.inthemix.com.au:80/allabout/artist/408/Adam_Kelly","20071113135159","200"
"http://www.inthemix.com.au:80/allabout/artist/408/secure-au.imrworldwide.com/","20071114040353","200"
"http://www.inthemix.com.au:80/allabout/artist/4101/Luke_Psywalker","20071015192607","200"
"http://www.inthemix.com.au:80/allabout/artist/4102/Franny","20071118174807","200"
"http://www.inthemix.com.au:80/allabout/artist/41026/Pohetikut","20071124100720","200"
"http://www.inthemix.com.au:80/allabout/artist/41026/secure-au.imrworldwide.com/","20071126075144","200"
"http://www.inthemix.com.au:80/allabout/artist/41026/We%5Cu2019ll%20be%20stepping%20into%20the%20polling%20booth%20tomorrow,%20to%20potentially%20impact%20the%20biggest%20shift%20in%20Federal%20power%20in%20more%20than%20a%20decade.%20So%20who%20should%20you%20vote%20for?+Dance%5Cu2019s+most+politically+outspoken+figure+reckons+he+knows+who+you+%5Cu2018shouldn%5Cu2019t%5Cu2019+vote+fo","20071125213221","200"
"http://www.inthemix.com.au:80/allabout/artist/41026/We%5Cu2019ll%20be%20stepping%20into%20the%20polling%20booth%20tomorrow,%20to%20potentially%20impact%20the%20biggest%20shift%20in%20Federal%20power%20in%20more%20than%20a%20decade.%20So%20who%20should%20you%20vote%20for?+Dance%5Cu2019s+most+politically+outspoken+figure+reckons+he+knows+who+you+%5Cu2018shouldn%5Cu2019t%5Cu2019+vote+for%5Cu2026","20071125213226","200"
"http://www.inthemix.com.au:80/allabout/artist/415/2manydjs","20071014114947","200"
"http://www.inthemix.com.au:80/allabout/artist/4195/St_Luke","20071224053304","200"
"http://www.inthemix.com.au:80/allabout/artist/42018/Omar_Santana","20071015192612","200"
"http://www.inthemix.com.au:80/allabout/artist/42533/Paceman","20071011122425","200"
"http://www.inthemix.com.au:80/allabout/artist/42573/Dj_Kansel","20071118174813","200"
"http://www.inthemix.com.au:80/allabout/artist/4266/Makoto","20071126130716","200"
"http://www.inthemix.com.au:80/allabout/artist/4269/Luke_Fair","20070918225443","200"
"http://www.inthemix.com.au:80/allabout/artist/4270/Desyn_Masiello","20071023025107","200"
"http://www.inthemix.com.au:80/allabout/artist/42712/Al_Mac","20071013124359","200"
"http://www.inthemix.com.au:80/allabout/artist/4301/The_Bumblebeez","20071104085029","200"
"http://www.inthemix.com.au:80/allabout/artist/43114/Peter_Didjital","20071225090351","200"
"http://www.inthemix.com.au:80/allabout/artist/43114/secure-au.imrworldwide.com/","20071226185050","200"
"http://www.inthemix.com.au:80/allabout/artist/43118/Minilogue","20071105232541","200"
"http://www.inthemix.com.au:80/allabout/artist/43187/Paul_Kelly","20071011122430","200"
"http://www.inthemix.com.au:80/allabout/artist/4346/Nightmares_on_Wax","20071023025111","200"
"http://www.inthemix.com.au:80/allabout/artist/435/Ben_Cromack","20071017231959","200"
"http://www.inthemix.com.au:80/allabout/artist/436/Boogs","20071021070749","200"
"http://www.inthemix.com.au:80/allabout/artist/4363/Astrix","20071113151238","200"
"http://www.inthemix.com.au:80/allabout/artist/4363/secure-au.imrworldwide.com/","20071114044931","200"
"http://www.inthemix.com.au:80/allabout/artist/44001/Shamus","20071229085135","200"
"http://www.inthemix.com.au:80/allabout/artist/44038/Reno","20071023023428","200"
"http://www.inthemix.com.au:80/allabout/artist/44084/Kalus","20071017232003","200"
"http://www.inthemix.com.au:80/allabout/artist/441/Bentley","20071014114952","200"
"http://www.inthemix.com.au:80/allabout/artist/44139/Who_Made_Who","20071130055235","200"
"http://www.inthemix.com.au:80/allabout/artist/44140/Goodwill","20071229085140","200"
"http://www.inthemix.com.au:80/allabout/artist/44144/James_Taylor","20071224050713","200"
"http://www.inthemix.com.au:80/allabout/artist/44234/Elektra","20071013124403","200"
"http://www.inthemix.com.au:80/allabout/artist/44257/Special_K","20071017153054","200"
"http://www.inthemix.com.au:80/allabout/artist/44381/Firefox","20071021072702","200"
"http://www.inthemix.com.au:80/allabout/artist/4449/secure-au.imrworldwide.com/","20070922163324","200"
"http://www.inthemix.com.au:80/allabout/artist/44526/Auden","20071105152537","200"
"http://www.inthemix.com.au:80/allabout/artist/44654/Arbor","20071124083357","200"
"http://www.inthemix.com.au:80/allabout/artist/44679/Brett_J","20071023023433","200"
"http://www.inthemix.com.au:80/allabout/artist/4480/Dave_Lee","20071105154652","200"
"http://www.inthemix.com.au:80/allabout/artist/44832/Sav","20071124091713","200"
"http://www.inthemix.com.au:80/allabout/artist/4507/Weaver","20071117065900","200"
"http://www.inthemix.com.au:80/allabout/artist/45108/Andy_Murphy","20071203133928","200"
"http://www.inthemix.com.au:80/allabout/artist/45108/secure-au.imrworldwide.com/","20071204122031","200"
"http://www.inthemix.com.au:80/allabout/artist/4511/ATrak","20071216035132","200"
"http://www.inthemix.com.au:80/allabout/artist/45130/Andy_Murphy","20071203144813","200"
"http://www.inthemix.com.au:80/allabout/artist/45130/secure-au.imrworldwide.com/","20071205003708","200"
"http://www.inthemix.com.au:80/allabout/artist/4514/Muli","20071105231728","200"
"http://www.inthemix.com.au:80/allabout/artist/4532/Askew","20071017153059","200"
"http://www.inthemix.com.au:80/allabout/artist/4538/Sven_Vath","20071130055538","200"
"http://www.inthemix.com.au:80/allabout/artist/4544/Thrillseekers","20071015202827","200"
"http://www.inthemix.com.au:80/allabout/artist/4548/Peter_McNamara","20071017184818","200"
"http://www.inthemix.com.au:80/allabout/artist/45493/Solead","20071105231734","200"
"http://www.inthemix.com.au:80/allabout/artist/45607/Ben_Kakoshke","20071224061345","200"
"http://www.inthemix.com.au:80/allabout/artist/45883/DJ_Mehdi","20071101102444","200"
"http://www.inthemix.com.au:80/allabout/artist/4644/Andrew_Haig","20071114170316","200"
"http://www.inthemix.com.au:80/allabout/artist/46838/Heath","20071124083403","200"
"http://www.inthemix.com.au:80/allabout/artist/4687/Alex_K","20071224050719","200"
"http://www.inthemix.com.au:80/allabout/artist/46957/Windup_Toys","20071224053308","200"
"http://www.inthemix.com.au:80/allabout/artist/4697/Jewelz","20071106005926","200"
"http://www.inthemix.com.au:80/allabout/artist/47020/Miss_Piggy","20071224061356","200"
"http://www.inthemix.com.au:80/allabout/artist/4730/Switch","20071201092835","200"
"http://www.inthemix.com.au:80/allabout/artist/4731/Grooverider","20071208051755","200"
"http://www.inthemix.com.au:80/allabout/artist/4738/Wish","20071124091719","200"
"http://www.inthemix.com.au:80/allabout/artist/47525/Dj_Mk","20071014114956","200"
"http://www.inthemix.com.au:80/allabout/artist/4758/Abel","20071123075553","200"
"http://www.inthemix.com.au:80/allabout/artist/47837/Delirium","20071219020345","200"
"http://www.inthemix.com.au:80/allabout/artist/4785/Elliot_Eastwick","20071208035726","200"
"http://www.inthemix.com.au:80/allabout/artist/4789/JDS","20071224050725","200"
"http://www.inthemix.com.au:80/allabout/artist/4806/Dallas_Raft","20071224050728","200"
"http://www.inthemix.com.au:80/allabout/artist/4824/MPK","20071124083409","200"
"http://www.inthemix.com.au:80/allabout/artist/4828/De_La_Soul","20070918225327","200"
"http://www.inthemix.com.au:80/allabout/artist/4828/PoxyMUSIC%20are%20two%20guys%20who%20have%20a%20sense%20of%20humour,%20a%20crazy%20name,%20a%20bucket%20load%20of%20skills%20and%20are%20recognised%20worldwide.%20So%20what%20next?+Well+it%5Cu2019s+time+for+that+difficult+first+album.","20071219223055","200"
"http://www.inthemix.com.au:80/allabout/artist/4828/secure-au.imrworldwide.com/","20071224053314","200"
"http://www.inthemix.com.au:80/allabout/artist/48346/Funky_Col","20071017232008","200"
"http://www.inthemix.com.au:80/allabout/artist/4866/DJ_Krush","20071026063812","200"
"http://www.inthemix.com.au:80/allabout/artist/488/Hallucinogen","20071109222841","200"
"http://www.inthemix.com.au:80/allabout/artist/48854/Lisa_D","20071124091724","200"
"http://www.inthemix.com.au:80/allabout/artist/4897/Madison_Avenue","20071011105644","200"
"http://www.inthemix.com.au:80/allabout/artist/48997/Chico","20071124083413","200"
"http://www.inthemix.com.au:80/allabout/artist/49119/Joachim_Garraud","20071224061402","200"
"http://www.inthemix.com.au:80/allabout/artist/49139/Matty_G","20071124091730","200"
"http://www.inthemix.com.au:80/allabout/artist/49172/Afore_Mentioned","20071118173754","200"
"http://www.inthemix.com.au:80/allabout/artist/49339/MDub","20071105154657","200"
"http://www.inthemix.com.au:80/allabout/artist/495/Sonkite","20071105231739","200"
"http://www.inthemix.com.au:80/allabout/artist/49538/Battles","20071011111111","200"
"http://www.inthemix.com.au:80/allabout/artist/49895/Kid_Kenobi_MC_Shureshock","20071204141558","200"
"http://www.inthemix.com.au:80/allabout/artist/49987/Riot_In_Belgium","20071203081749","200"
"http://www.inthemix.com.au:80/allabout/artist/49990/Timmy_Byrne","20071017184821","200"
"http://www.inthemix.com.au:80/allabout/artist/500/Freestylers","20071222124110","200"
"http://www.inthemix.com.au:80/allabout/artist/5015/Dr_Willis","20071011111117","200"
"http://www.inthemix.com.au:80/allabout/artist/50227/Kurd_Maverick","20071012192320","200"
"http://www.inthemix.com.au:80/allabout/artist/50276/Andromeda","20071105232546","200"
"http://www.inthemix.com.au:80/allabout/artist/50293/Lily_Allen","20071012192327","200"
"http://www.inthemix.com.au:80/allabout/artist/50335/Murray_Antill","20071105154702","200"
"http://www.inthemix.com.au:80/allabout/artist/50337/Plastikau","20071105154707","200"
"http://www.inthemix.com.au:80/allabout/artist/50338/Stormboy","20071106052403","200"
"http://www.inthemix.com.au:80/allabout/artist/50344/Tomass","20071023002431","200"
"http://www.inthemix.com.au:80/allabout/artist/50376/Mike_McGrath","20071123075558","200"
"http://www.inthemix.com.au:80/allabout/artist/50381/GBanga","20071201092839","200"
"http://www.inthemix.com.au:80/allabout/artist/50392/Blank_Theory","20071105154712","200"
"http://www.inthemix.com.au:80/allabout/artist/50436/Dabeata","20071107174047","200"
"http://www.inthemix.com.au:80/allabout/artist/50473/Terrorist","20071015192621","200"
"http://www.inthemix.com.au:80/allabout/artist/50483/6head_Slug","20071224050733","200"
"http://www.inthemix.com.au:80/allabout/artist/50520/mods","20071017184825","200"
"http://www.inthemix.com.au:80/allabout/artist/50543/I_Heart_Hiroshima","20071116110235","200"
"http://www.inthemix.com.au:80/allabout/artist/50629/Matt_Nugent","20071023023438","200"
"http://www.inthemix.com.au:80/allabout/artist/50640/Steve_Lind","20071023025119","200"
"http://www.inthemix.com.au:80/allabout/artist/50643/Dr_Octagon","20071123173330","200"
"http://www.inthemix.com.au:80/allabout/artist/50746/KrisKo","20071106052407","200"
"http://www.inthemix.com.au:80/allabout/artist/50785/Diistortiion","20071124091734","200"
"http://www.inthemix.com.au:80/allabout/artist/50889/Loose_Screwz","20071124083418","200"
"http://www.inthemix.com.au:80/allabout/artist/50900/Lonskii","20071105152542","200"
"http://www.inthemix.com.au:80/allabout/artist/50916/Toby_Neal","20071224050738","200"
"http://www.inthemix.com.au:80/allabout/artist/5099/Amanaska","20071012192331","200"
"http://www.inthemix.com.au:80/allabout/artist/51114/Phil_Toke","20071226185055","200"
"http://www.inthemix.com.au:80/allabout/artist/51122/Brett_Anderson","20071017153115","200"
"http://www.inthemix.com.au:80/allabout/artist/51136/Chris_Lake","20071011113939","200"
"http://www.inthemix.com.au:80/allabout/artist/512/John_00_Fleming","20071105152548","200"
"http://www.inthemix.com.au:80/allabout/artist/51202/John_Course","20071102194957","200"
"http://www.inthemix.com.au:80/allabout/artist/51257/Mattt_vs_Thomasss","20071204122035","200"
"http://www.inthemix.com.au:80/allabout/artist/51318/Soft_Tigers","20071104074348","200"
"http://www.inthemix.com.au:80/allabout/artist/51323/Simon_Barwood","20071017144258","200"
"http://www.inthemix.com.au:80/allabout/artist/51336/Hellraiser","20071016175620","200"
"http://www.inthemix.com.au:80/allabout/artist/5139/Scooter","20071116220407","200"
"http://www.inthemix.com.au:80/allabout/artist/5139/secure-au.imrworldwide.com/","20071124215957","200"
"http://www.inthemix.com.au:80/allabout/artist/5139/We%5Cu2019ll%20be%20stepping%20into%20the%20polling%20booth%20tomorrow,%20to%20potentially%20impact%20the%20biggest%20shift%20in%20Federal%20power%20in%20more%20than%20a%20decade.%20So%20who%20should%20you%20vote%20for?+Dance%5Cu2019s+most+politically+outspoken+figure+reckons+he+knows+who+you+%5Cu2018shouldn%5Cu2019t%5Cu2019+vote+fo","20071124071008","200"
"http://www.inthemix.com.au:80/allabout/artist/5139/We%5Cu2019ll%20be%20stepping%20into%20the%20polling%20booth%20tomorrow,%20to%20potentially%20impact%20the%20biggest%20shift%20in%20Federal%20power%20in%20more%20than%20a%20decade.%20So%20who%20should%20you%20vote%20for?+Dance%5Cu2019s+most+politically+outspoken+figure+reckons+he+knows+who+you+%5Cu2018shouldn%5Cu2019t%5Cu2019+vote+for%5Cu2026","20071124071012","200"
"http://www.inthemix.com.au:80/allabout/artist/51412/ALEX_TAYLOR","20071115023205","200"
"http://www.inthemix.com.au:80/allabout/artist/51419/The_Herd","20071012213206","200"
"http://www.inthemix.com.au:80/allabout/artist/51464/MExperience","20071106052412","200"
"http://www.inthemix.com.au:80/allabout/artist/51473/Thrustn","20071012200517","200"
"http://www.inthemix.com.au:80/allabout/artist/51495/Nottes","20071124091739","200"
"http://www.inthemix.com.au:80/allabout/artist/515/Luna","20071015202830","200"
"http://www.inthemix.com.au:80/allabout/artist/51545/Cadell","20071123075603","200"
"http://www.inthemix.com.au:80/allabout/artist/51546/Trent_Rackus","20071124091744","200"
"http://www.inthemix.com.au:80/allabout/artist/51547/Ben_Kelly","20071115023627","200"
"http://www.inthemix.com.au:80/allabout/artist/51553/After%20an%20almost%20inconceivable%20amount%20of%20rumour,%20hearsay,%20speculation%20and%20hype,%20the%20mystical%20pyramid%20controlled%20by%20our%20favourite%20French%20robots%20has%20packed%20up%20its%20light%20show%20and%20may%20never%20be%20seen%20in%20Sydney%20again.%20And%20the%20verdict?+Daft+Punk+delivered!","20071231104325","200"
"http://www.inthemix.com.au:80/allabout/artist/51553/Murat","20071230145946","200"
"http://www.inthemix.com.au:80/allabout/artist/51563/Blaylok","20071214014329","200"
"http://www.inthemix.com.au:80/allabout/artist/51568/Bear","20071214014335","200"
"http://www.inthemix.com.au:80/allabout/artist/51603/MSTRKRFT","20071012213210","200"
"http://www.inthemix.com.au:80/allabout/artist/517/Q45","20071031084408","200"
"http://www.inthemix.com.au:80/allabout/artist/51745/British_India","20071210020358","200"
"http://www.inthemix.com.au:80/allabout/artist/5176/Array","20071124083423","200"
"http://www.inthemix.com.au:80/allabout/artist/51789/secure-au.imrworldwide.com/","20070922100520","200"
"http://www.inthemix.com.au:80/allabout/artist/518/Ajax_Syd","20071116105526","200"
"http://www.inthemix.com.au:80/allabout/artist/51801/Ben_Cromack","20071016174843","200"
"http://www.inthemix.com.au:80/allabout/artist/51864/King_Unique","20071102195002","200"
"http://www.inthemix.com.au:80/allabout/artist/519/Goodwill","20071117062813","200"
"http://www.inthemix.com.au:80/allabout/artist/51908/Cantosis","20071124091749","200"
"http://www.inthemix.com.au:80/allabout/artist/51909/Decknician","20071105154717","200"
"http://www.inthemix.com.au:80/allabout/artist/51912/Luke_Chable","20071017232013","200"
"http://www.inthemix.com.au:80/allabout/artist/51919/Monkey_Tennis_DJs","20071214014341","200"
"http://www.inthemix.com.au:80/allabout/artist/51971/secure-au.imrworldwide.com/","20071118164609","200"
"http://www.inthemix.com.au:80/allabout/artist/51971/Yoji_Biomehanika","20071023025122","200"
"http://www.inthemix.com.au:80/allabout/artist/51972/Fred_Baker","20071124083428","200"
"http://www.inthemix.com.au:80/allabout/artist/51983/Dirty_South","20071224053318","200"
"http://www.inthemix.com.au:80/allabout/artist/51991/Signal_Drivers","20071124083435","200"
"http://www.inthemix.com.au:80/allabout/artist/52022/Ahmet_Melbourne","20070918224131","200"
"http://www.inthemix.com.au:80/allabout/artist/52074/Fedde_Le_Grande","20071116105532","200"
"http://www.inthemix.com.au:80/allabout/artist/5210/Jakatta","20071016175626","200"
"http://www.inthemix.com.au:80/allabout/artist/52118/Danny_T","20071201092844","200"
"http://www.inthemix.com.au:80/allabout/artist/52141/Roshambo","20071224072952","200"
"http://www.inthemix.com.au:80/allabout/artist/52210/Rousa","20071017144517","200"
"http://www.inthemix.com.au:80/allabout/artist/52229/Logistics","20071124083439","200"
"http://www.inthemix.com.au:80/allabout/artist/52240/King_Roc","20071102195007","200"
"http://www.inthemix.com.au:80/allabout/artist/52241/Klaus_Heavyweight_Hill","20071102195012","200"
"http://www.inthemix.com.au:80/allabout/artist/52248/Muscles","20071012213214","200"
"http://www.inthemix.com.au:80/allabout/artist/52269/secure-au.imrworldwide.com/","20071203101041","200"
"http://www.inthemix.com.au:80/allabout/artist/52269/Tommy_Trash","20071117062817","200"
"http://www.inthemix.com.au:80/allabout/artist/52390/Trumps","20071118174819","200"
"http://www.inthemix.com.au:80/allabout/artist/52409/Luke_Shamanix","20071118174823","200"
"http://www.inthemix.com.au:80/allabout/artist/52428/PoxyMUSIC%20are%20two%20guys%20who%20have%20a%20sense%20of%20humour,%20a%20crazy%20name,%20a%20bucket%20load%20of%20skills%20and%20are%20recognised%20worldwide.%20So%20what%20next?+Well+it%5Cu2019s+time+for+that+difficult+first+album.","20071219223059","200"
"http://www.inthemix.com.au:80/allabout/artist/52428/secure-au.imrworldwide.com/","20071224072957","200"
"http://www.inthemix.com.au:80/allabout/artist/52428/The_Veronicas","20071123075608","200"
"http://www.inthemix.com.au:80/allabout/artist/52473/Sebastian_Ingrosso","20071011122436","200"
"http://www.inthemix.com.au:80/allabout/artist/52474/D_Ramirez","20071210230630","200"
"http://www.inthemix.com.au:80/allabout/artist/52499/secure-au.imrworldwide.com/","20071114045431","200"
"http://www.inthemix.com.au:80/allabout/artist/52499/Sneaky_Sound_System","20071113155338","200"
"http://www.inthemix.com.au:80/allabout/artist/5255/Spacey_Space","20071024180854","200"
"http://www.inthemix.com.au:80/allabout/artist/5256/Chris_Duckenfield","20071116220411","200"
"http://www.inthemix.com.au:80/allabout/artist/52643/Deadbeat","20071117085932","200"
"http://www.inthemix.com.au:80/allabout/artist/52647/MaxvEgas","20071017153118","200"
"http://www.inthemix.com.au:80/allabout/artist/52671/Deekline_and_Wizard","20071124091755","200"
"http://www.inthemix.com.au:80/allabout/artist/52674/Lady_Killers","20071023023443","200"
"http://www.inthemix.com.au:80/allabout/artist/52725/Ben_Jackson","20071224053326","200"
"http://www.inthemix.com.au:80/allabout/artist/52733/Nick_Bridges","20071011122445","200"
"http://www.inthemix.com.au:80/allabout/artist/5275/DJ_Selekt","20071229090814","200"
"http://www.inthemix.com.au:80/allabout/artist/52760/Aken","20071115021941","200"
"http://www.inthemix.com.au:80/allabout/artist/52789/Array","20071224193801","200"
"http://www.inthemix.com.au:80/allabout/artist/52789/Claude_Von_Stroke","20071023023448","200"
"http://www.inthemix.com.au:80/allabout/artist/52797/Freddie_Cruger_aka_Red_Astaire","20071121085930","200"
"http://www.inthemix.com.au:80/allabout/artist/528/Sam_McEwin","20071224053329","200"
"http://www.inthemix.com.au:80/allabout/artist/5285/Anthony_Larr","20071017153124","200"
"http://www.inthemix.com.au:80/allabout/artist/52859/Whiskey_Tears","20071105154722","200"
"http://www.inthemix.com.au:80/allabout/artist/52921/Dave_Owens","20071017184832","200"
"http://www.inthemix.com.au:80/allabout/artist/52981/Teez","20071012200522","200"
"http://www.inthemix.com.au:80/allabout/artist/52996/Bjorn_Wilke","20071123075613","200"
"http://www.inthemix.com.au:80/allabout/artist/530/Luke_MCD","20071224053333","200"
"http://www.inthemix.com.au:80/allabout/artist/53002/Adam_Phillis","20071012200527","200"
"http://www.inthemix.com.au:80/allabout/artist/53034/Mind_Over_Matter","20071118174829","200"
"http://www.inthemix.com.au:80/allabout/artist/53079/Pavo","20071015202834","200"
"http://www.inthemix.com.au:80/allabout/artist/53095/Pat_Midget","20071117085939","200"
"http://www.inthemix.com.au:80/allabout/artist/53096/James_Fidget","20071117090231","200"
"http://www.inthemix.com.au:80/allabout/artist/531/Matt_Radovich","20071017184837","200"
"http://www.inthemix.com.au:80/allabout/artist/53118/Particular_People","20071118174834","200"
"http://www.inthemix.com.au:80/allabout/artist/5312/Tim_Sea","20071124220002","200"
"http://www.inthemix.com.au:80/allabout/artist/53186/Derek%7BK%7D","20071024175702","200"
"http://www.inthemix.com.au:80/allabout/artist/53194/Tommyboy","20071022173956","200"
"http://www.inthemix.com.au:80/allabout/artist/532/Mike_Callander","20071016174850","200"
"http://www.inthemix.com.au:80/allabout/artist/53210/Kai","20071015192622","200"
"http://www.inthemix.com.au:80/allabout/artist/53222/The_Doc","20071201092849","200"
"http://www.inthemix.com.au:80/allabout/artist/53227/The_Vandals","20071124091800","200"
"http://www.inthemix.com.au:80/allabout/artist/53246/ALove","20071116105856","200"
"http://www.inthemix.com.au:80/allabout/artist/53246/secure-au.imrworldwide.com/","20071121091042","200"
"http://www.inthemix.com.au:80/allabout/artist/53284/Stray_Grass","20071101102448","200"
"http://www.inthemix.com.au:80/allabout/artist/53285/Die_Pritti","20071101102453","200"
"http://www.inthemix.com.au:80/allabout/artist/53299/Plug_In_City","20071210230635","200"
"http://www.inthemix.com.au:80/allabout/artist/53363/Spanky_Wilson","20071028062324","200"
"http://www.inthemix.com.au:80/allabout/artist/53366/IZ","20071016175630","200"
"http://www.inthemix.com.au:80/allabout/artist/53379/Uffie","20071116042748","200"
"http://www.inthemix.com.au:80/allabout/artist/53416/John_Foxx","20071222024102","200"
"http://www.inthemix.com.au:80/allabout/artist/535/Array","20071224193434","200"
"http://www.inthemix.com.au:80/allabout/artist/535/Bexta","20071123173951","200"
"http://www.inthemix.com.au:80/allabout/artist/5398/Simon_Coyle","20071224061413","200"
"http://www.inthemix.com.au:80/allabout/artist/5400/Jose_Nunez","20071016175636","200"
"http://www.inthemix.com.au:80/allabout/artist/54443/Shlomi_Aber","20071021070754","200"
"http://www.inthemix.com.au:80/allabout/artist/54495/Jean_Claude_Ades","20071021070759","200"
"http://www.inthemix.com.au:80/allabout/artist/5497/Devious","20071225064245","200"
"http://www.inthemix.com.au:80/allabout/artist/5506/Yoji_Biomehanika","20071024175706","200"
"http://www.inthemix.com.au:80/allabout/artist/55082/TV_Rock","20071011113945","200"
"http://www.inthemix.com.au:80/allabout/artist/55115/we_are_you","20071105154729","200"
"http://www.inthemix.com.au:80/allabout/artist/55119/Thunderball","20071023002436","200"
"http://www.inthemix.com.au:80/allabout/artist/55136/Mugen","20071124083444","200"
"http://www.inthemix.com.au:80/allabout/artist/55252/Sebastien_Leger","20071011112559","200"
"http://www.inthemix.com.au:80/allabout/artist/5529/Gene_Farris","20071106052418","200"
"http://www.inthemix.com.au:80/allabout/artist/55322/Yves_Klein_Blue","20071116105902","200"
"http://www.inthemix.com.au:80/allabout/artist/55328/Juvenile_DJs","20071016174854","200"
"http://www.inthemix.com.au:80/allabout/artist/55338/Miss_Chris","20071017184843","200"
"http://www.inthemix.com.au:80/allabout/artist/5539/Rowan_Blades","20071219014346","200"
"http://www.inthemix.com.au:80/allabout/artist/55515/Dan_Adair","20071123075617","200"
"http://www.inthemix.com.au:80/allabout/artist/55564/Cajmere","20071115023634","200"
"http://www.inthemix.com.au:80/allabout/artist/55571/James_A","20071104140912","200"
"http://www.inthemix.com.au:80/allabout/artist/55573/James_A","20071116105907","200"
"http://www.inthemix.com.au:80/allabout/artist/55574/mark_james","20071017232220","200"
"http://www.inthemix.com.au:80/allabout/artist/55631/Extrawelt","20071124083449","200"
"http://www.inthemix.com.au:80/allabout/artist/55785/30hz","20071124091805","200"
"http://www.inthemix.com.au:80/allabout/artist/55897/Jon_Rundell","20071214014346","200"
"http://www.inthemix.com.au:80/allabout/artist/560/Klaus_Heavyweight_Hill","20071224050755","200"
"http://www.inthemix.com.au:80/allabout/artist/56070/Marc_Romboy","20071104004620","200"
"http://www.inthemix.com.au:80/allabout/artist/5610/Ray_Wilson","20071222024107","200"
"http://www.inthemix.com.au:80/allabout/artist/56123/Mashtronic","20071012192336","200"
"http://www.inthemix.com.au:80/allabout/artist/56128/The_Egg","20071224050800","200"
"http://www.inthemix.com.au:80/allabout/artist/56305/Array","20071224193805","200"
"http://www.inthemix.com.au:80/allabout/artist/56305/Bart_Claessen","20071106051829","200"
"http://www.inthemix.com.au:80/allabout/artist/5636/Zero_dB","20071106052423","200"
"http://www.inthemix.com.au:80/allabout/artist/56446/Disco_Punks","20071021070804","200"
"http://www.inthemix.com.au:80/allabout/artist/56521/Groove_Diggerz","20071105154734","200"
"http://www.inthemix.com.au:80/allabout/artist/5654/Steve_Angello","20071011125445","200"
"http://www.inthemix.com.au:80/allabout/artist/56569/Commix","20071124083454","200"
"http://www.inthemix.com.au:80/allabout/artist/5683/Cee","20071116105537","200"
"http://www.inthemix.com.au:80/allabout/artist/56975/Sander_Van_Doorn","20071224073002","200"
"http://www.inthemix.com.au:80/allabout/artist/571/Grant_Smillie","20071130055543","200"
"http://www.inthemix.com.au:80/allabout/artist/572/John_Course","20071117062823","200"
"http://www.inthemix.com.au:80/allabout/artist/57227/Dj_Duro","20071024182439","200"
"http://www.inthemix.com.au:80/allabout/artist/5733/Declan_Lee","20071013190101","200"
"http://www.inthemix.com.au:80/allabout/artist/57342/Trickski","20071013211944","200"
"http://www.inthemix.com.au:80/allabout/artist/57458/Richard_Durand","20071012192342","200"
"http://www.inthemix.com.au:80/allabout/artist/5746/Adam_Beyer","20071012213222","200"
"http://www.inthemix.com.au:80/allabout/artist/5747/Joel_Mull","20071012213226","200"
"http://www.inthemix.com.au:80/allabout/artist/57530/Dave_Spoon","20071210230641","200"
"http://www.inthemix.com.au:80/allabout/artist/579/Elysium","20071224050804","200"
"http://www.inthemix.com.au:80/allabout/artist/57953/Eat_Static","20071105232550","200"
"http://www.inthemix.com.au:80/allabout/artist/58173/Flynn","20071111074313","200"
"http://www.inthemix.com.au:80/allabout/artist/58217/WeiShen","20071123075622","200"
"http://www.inthemix.com.au:80/allabout/artist/583/Chris_Liberator","20071201092854","200"
"http://www.inthemix.com.au:80/allabout/artist/58312/Adsphoe","20071124091811","200"
"http://www.inthemix.com.au:80/allabout/artist/58362/The_Aston_Shuffle","20071011125449","200"
"http://www.inthemix.com.au:80/allabout/artist/58440/CSS","20071210230645","200"
"http://www.inthemix.com.au:80/allabout/artist/58489/Baz_n_Matty_J","20071104140917","200"
"http://www.inthemix.com.au:80/allabout/artist/58505/GeRmAn","20071017232226","200"
"http://www.inthemix.com.au:80/allabout/artist/58524/Andrew_Lynch","20071016174858","200"
"http://www.inthemix.com.au:80/allabout/artist/58530/Mark_John","20071017232232","200"
"http://www.inthemix.com.au:80/allabout/artist/5861/Larry_Tee","20071102195018","200"
"http://www.inthemix.com.au:80/allabout/artist/58645/KarpeDM","20071106051848","200"
"http://www.inthemix.com.au:80/allabout/artist/58653/Steve_Daly","20071124083500","200"
"http://www.inthemix.com.au:80/allabout/artist/58680/Steffan_Gooch","20071017153128","200"
"http://www.inthemix.com.au:80/allabout/artist/587/David_Guetta","20071011115433","200"
"http://www.inthemix.com.au:80/allabout/artist/58758/Autobots","20071111074318","200"
"http://www.inthemix.com.au:80/allabout/artist/5906/Robbie_Rivera","20071130055548","200"
"http://www.inthemix.com.au:80/allabout/artist/59623/Plastik_Funk","20071021072707","200"
"http://www.inthemix.com.au:80/allabout/artist/5964/Christian_Vance","20071224061429","200"
"http://www.inthemix.com.au:80/allabout/artist/59709/Feadz","20071116042756","200"
"http://www.inthemix.com.au:80/allabout/artist/5996/Stereo_MCs","20071012213230","200"
"http://www.inthemix.com.au:80/allabout/artist/60235/Party_Club","20071229090819","200"
"http://www.inthemix.com.au:80/allabout/artist/60236/Ben_Jam","20071104140922","200"
"http://www.inthemix.com.au:80/allabout/artist/6024/Jimmy_Van_M","20071102195023","200"
"http://www.inthemix.com.au:80/allabout/artist/60278/Lara_H","20071124071018","200"
"http://www.inthemix.com.au:80/allabout/artist/603/Chris_Fortier","20071102153134","200"
"http://www.inthemix.com.au:80/allabout/artist/60324/Matttt_tomass","20071011113948","200"
"http://www.inthemix.com.au:80/allabout/artist/60353/Save_Freaks","20071123075628","200"
"http://www.inthemix.com.au:80/allabout/artist/60376/DPassion","20071015192631","200"
"http://www.inthemix.com.au:80/allabout/artist/60394/Busy_P","20071012213236","200"
"http://www.inthemix.com.au:80/allabout/artist/60480/Danni_Bonnici","20071013124408","200"
"http://www.inthemix.com.au:80/allabout/artist/60481/Steve_Blease","20071013124413","200"
"http://www.inthemix.com.au:80/allabout/artist/60523/secure-au.imrworldwide.com/","20071202012537","200"
"http://www.inthemix.com.au:80/allabout/artist/60523/The_badger","20071130184209","200"
"http://www.inthemix.com.au:80/allabout/artist/60528/Andrew_Mast","20071017184851","200"
"http://www.inthemix.com.au:80/allabout/artist/60532/Aurelien","20071017153134","200"
"http://www.inthemix.com.au:80/allabout/artist/60533/Bronny","20071017184855","200"
"http://www.inthemix.com.au:80/allabout/artist/60534/Cherokee","20071017232237","200"
"http://www.inthemix.com.au:80/allabout/artist/60535/Dr_Coffey","20071017232244","200"
"http://www.inthemix.com.au:80/allabout/artist/60536/Ed_Coleman","20071017153139","200"
"http://www.inthemix.com.au:80/allabout/artist/60537/Fi_Fi_L%E2%80%99Amour","20071017232249","200"
"http://www.inthemix.com.au:80/allabout/artist/60538/Funk_Master_Vinnie","20071017232308","200"
"http://www.inthemix.com.au:80/allabout/artist/60539/G_Smooth","20071017153143","200"
"http://www.inthemix.com.au:80/allabout/artist/60540/Greg_Mollinaro","20071017153149","200"
"http://www.inthemix.com.au:80/allabout/artist/60543/Jock_Main","20071017153157","200"
"http://www.inthemix.com.au:80/allabout/artist/60544/Joe_Downey","20071017184900","200"
"http://www.inthemix.com.au:80/allabout/artist/60546/Joelz_Johnny_L","20071017184905","200"
"http://www.inthemix.com.au:80/allabout/artist/60547/King_Delicious","20071017184912","200"
"http://www.inthemix.com.au:80/allabout/artist/60548/FreeLance","20071017153201","200"
"http://www.inthemix.com.au:80/allabout/artist/60553/Nick_Gatzios","20071017232313","200"
"http://www.inthemix.com.au:80/allabout/artist/60554/Nick_Mash","20071017184918","200"
"http://www.inthemix.com.au:80/allabout/artist/60555/Nicki_G_Out_There_Al","20071017232318","200"
"http://www.inthemix.com.au:80/allabout/artist/60556/Stan_Michael","20071017153205","200"
"http://www.inthemix.com.au:80/allabout/artist/60557/Steve_Costa","20071017184922","200"
"http://www.inthemix.com.au:80/allabout/artist/60559/The_Degenerate","20071017184931","200"
"http://www.inthemix.com.au:80/allabout/artist/60560/Tristan_Chase","20071017184937","200"
"http://www.inthemix.com.au:80/allabout/artist/60562/Mo_Funk","20071229090824","200"
"http://www.inthemix.com.au:80/allabout/artist/60659/D_Bridge","20071124083504","200"
"http://www.inthemix.com.au:80/allabout/artist/60685/Tony_Venturo","20071024182442","200"
"http://www.inthemix.com.au:80/allabout/artist/60686/Nitty_Gritty_DJs","20071023023453","200"
"http://www.inthemix.com.au:80/allabout/artist/60687/Matt_Caseli","20071016175640","200"
"http://www.inthemix.com.au:80/allabout/artist/60692/Rhythmik","20071118173800","200"
"http://www.inthemix.com.au:80/allabout/artist/60694/Phloem","20071118174840","200"
"http://www.inthemix.com.au:80/allabout/artist/60796/Conseps_Patti","20071118173806","200"
"http://www.inthemix.com.au:80/allabout/artist/6081/Baby_Gee","20071109222848","200"
"http://www.inthemix.com.au:80/allabout/artist/60814/Fedde_La_Grand","20071013124418","200"
"http://www.inthemix.com.au:80/allabout/artist/60818/Fedde_La_Grand","20071224073008","200"
"http://www.inthemix.com.au:80/allabout/artist/60819/Riot_in_Beligum","20071224061434","200"
"http://www.inthemix.com.au:80/allabout/artist/60830/kid_suicide","20071105154737","200"
"http://www.inthemix.com.au:80/allabout/artist/60833/sunshine_bunny","20071224073013","200"
"http://www.inthemix.com.au:80/allabout/artist/60836/Fabeta","20071109222851","200"
"http://www.inthemix.com.au:80/allabout/artist/6084/Tara_Reynolds","20071024180857","200"
"http://www.inthemix.com.au:80/allabout/artist/60842/Double_Big_Lu","20071118173810","200"
"http://www.inthemix.com.au:80/allabout/artist/6085/Mousse_T","20071023025128","200"
"http://www.inthemix.com.au:80/allabout/artist/609/Robbie_Lowe","20071222024115","200"
"http://www.inthemix.com.au:80/allabout/artist/611/Air","20071210230651","200"
"http://www.inthemix.com.au:80/allabout/artist/61163/Angus_Julia_Stone","20071115021946","200"
"http://www.inthemix.com.au:80/allabout/artist/6120/High_Contrast","20071202012543","200"
"http://www.inthemix.com.au:80/allabout/artist/6123/Cassius","20071024175715","200"
"http://www.inthemix.com.au:80/allabout/artist/6127/SystemBot","20071225064250","200"
"http://www.inthemix.com.au:80/allabout/artist/613/BT","20071105152553","200"
"http://www.inthemix.com.au:80/allabout/artist/6132/Marcel_Woods","20071117065907","200"
"http://www.inthemix.com.au:80/allabout/artist/6142/Massive_Attack","20071114045437","200"
"http://www.inthemix.com.au:80/allabout/artist/61487/Bryan_Zentz","20071224061440","200"
"http://www.inthemix.com.au:80/allabout/artist/61488/Giuseppe_Ottaviani","20071124083509","200"
"http://www.inthemix.com.au:80/allabout/artist/61489/Pascal_Feliz","20071224050809","200"
"http://www.inthemix.com.au:80/allabout/artist/61490/BexXxy","20071213184024","200"
"http://www.inthemix.com.au:80/allabout/artist/61490/secure-au.imrworldwide.com/","20071214233745","200"
"http://www.inthemix.com.au:80/allabout/artist/61491/Miss_88","20071224073018","200"
"http://www.inthemix.com.au:80/allabout/artist/61493/Rachael_Price","20071224073023","200"
"http://www.inthemix.com.au:80/allabout/artist/61494/Garthy_Garth","20071224061445","200"
"http://www.inthemix.com.au:80/allabout/artist/61495/Rancid","20071224050814","200"
"http://www.inthemix.com.au:80/allabout/artist/61496/Sikbitch","20071224050819","200"
"http://www.inthemix.com.au:80/allabout/artist/61497/James_Rudd","20071224061450","200"
"http://www.inthemix.com.au:80/allabout/artist/61498/Lnpsyde","20071224073028","200"
"http://www.inthemix.com.au:80/allabout/artist/61499/Red_Rocket","20071224053343","200"
"http://www.inthemix.com.au:80/allabout/artist/61521/Bodyrox","20071011111122","200"
"http://www.inthemix.com.au:80/allabout/artist/61526/Bionic","20071011122448","200"
"http://www.inthemix.com.au:80/allabout/artist/61624/boys_noize","20071014114340","200"
"http://www.inthemix.com.au:80/allabout/artist/61680/DOpus_Roshambo","20071210010904","200"
"http://www.inthemix.com.au:80/allabout/artist/6175/Kasey_Taylor","20071112201350","200"
"http://www.inthemix.com.au:80/allabout/artist/61756/tomas_ford","20071229085145","200"
"http://www.inthemix.com.au:80/allabout/artist/61794/Rene_Amesz","20071112000110","200"
"http://www.inthemix.com.au:80/allabout/artist/61923/John_Morley","20071225080220","200"
"http://www.inthemix.com.au:80/allabout/artist/61977/Tatanka","20071015192632","200"
"http://www.inthemix.com.au:80/allabout/artist/62309/Futurebound","20071116042801","200"
"http://www.inthemix.com.au:80/allabout/artist/62509/Headstrong_Company","20071118174845","200"
"http://www.inthemix.com.au:80/allabout/artist/62522/Clsm","20071015202839","200"
"http://www.inthemix.com.au:80/allabout/artist/62551/Broken_Toy","20071015201450","200"
"http://www.inthemix.com.au:80/allabout/artist/6261/The_Autobots","20071124091816","200"
"http://www.inthemix.com.au:80/allabout/artist/62827/Jesse_Rose","20071104085034","200"
"http://www.inthemix.com.au:80/allabout/artist/62922/Kavinsky","20071208051759","200"
"http://www.inthemix.com.au:80/allabout/artist/6305/JHz","20071124091822","200"
"http://www.inthemix.com.au:80/allabout/artist/63070/Robert_Babicz","20071103233105","200"
"http://www.inthemix.com.au:80/allabout/artist/63090/Rob_Acid","20071106005931","200"
"http://www.inthemix.com.au:80/allabout/artist/63145/Remocon","20071105194712","200"
"http://www.inthemix.com.au:80/allabout/artist/6319/Voitek","20071201222147","200"
"http://www.inthemix.com.au:80/allabout/artist/63239/Sebastian","20071208051804","200"
"http://www.inthemix.com.au:80/allabout/artist/633/Clara_Hill","20071023025133","200"
"http://www.inthemix.com.au:80/allabout/artist/63374/Richard_Bartz","20071224053349","200"
"http://www.inthemix.com.au:80/allabout/artist/6367/Electric_Limosine","20071124083514","200"
"http://www.inthemix.com.au:80/allabout/artist/63712/Crazy_Ducks","20071214014350","200"
"http://www.inthemix.com.au:80/allabout/artist/63739/Legowelt_Live","20071217192840","200"
"http://www.inthemix.com.au:80/allabout/artist/63817/Nick_Taylor","20071105231744","200"
"http://www.inthemix.com.au:80/allabout/artist/63856/Mariusz","20071118164614","200"
"http://www.inthemix.com.au:80/allabout/artist/63858/DJ_JS1","20071220181807","200"
"http://www.inthemix.com.au:80/allabout/artist/63858/secure-au.imrworldwide.com/","20071222024117","200"
"http://www.inthemix.com.au:80/allabout/artist/63900/Dave_Pham","20071106005935","200"
"http://www.inthemix.com.au:80/allabout/artist/6406/Keltec","20071013124424","200"
"http://www.inthemix.com.au/allabout/artist/643/GT_(Groove_Terminator)","20070927195738","200"
"http://www.inthemix.com.au:80/allabout/artist/64380/Dylan_Sanders","20071124083519","200"
"http://www.inthemix.com.au:80/allabout/artist/64416/One_Kid","20071118164619","200"
"http://www.inthemix.com.au:80/allabout/artist/64436/Dukes_of_Windsor","20071124091827","200"
"http://www.inthemix.com.au:80/allabout/artist/64452/Aerobiotic","20071114180056","200"
"http://www.inthemix.com.au:80/allabout/artist/6447/Chromeo","20071012185058","200"
"http://www.inthemix.com.au:80/allabout/artist/64658/KIM","20071012213241","200"
"http://www.inthemix.com.au:80/allabout/artist/64743/SEBASTIAN_KAVINSKY","20071222124112","200"
"http://www.inthemix.com.au:80/allabout/artist/64750/Steve_Hill","20071124083524","200"
"http://www.inthemix.com.au:80/allabout/artist/64763/Samson","20071021231939","200"
"http://www.inthemix.com.au:80/allabout/artist/6479/Rregula","20071124091832","200"
"http://www.inthemix.com.au:80/allabout/artist/6485/Joseph_Malik","20070918225457","200"
"http://www.inthemix.com.au:80/allabout/artist/65044/DJ_Lyndon_Stephens","20071231055358","200"
"http://www.inthemix.com.au:80/allabout/artist/65052/Terrafractyl","20071118174858","200"
"http://www.inthemix.com.au:80/allabout/artist/65058/Pila","20071106052428","200"
"http://www.inthemix.com.au:80/allabout/artist/65060/Trent_McDermott","20071124091837","200"
"http://www.inthemix.com.au:80/allabout/artist/65132/Hectic_Brain_Sitch","20071214014355","200"
"http://www.inthemix.com.au:80/allabout/artist/65133/Grug","20071214014400","200"
"http://www.inthemix.com.au:80/allabout/artist/65212/Joop","20071021072712","200"
"http://www.inthemix.com.au:80/allabout/artist/6535/Shodan","20071021070808","200"
"http://www.inthemix.com.au:80/allabout/artist/65404/Fedde_Le_Grand","20071024175718","200"
"http://www.inthemix.com.au:80/allabout/artist/65462/Erick_E","20071115023641","200"
"http://www.inthemix.com.au:80/allabout/artist/65491/Joe_Stanley","20071202012547","200"
"http://www.inthemix.com.au:80/allabout/artist/65560/Micky_Slim","20071012192346","200"
"http://www.inthemix.com.au:80/allabout/artist/65562/Eyerer_Chopstick","20071210230655","200"
"http://www.inthemix.com.au:80/allabout/artist/6573/Mylo","20071114045444","200"
"http://www.inthemix.com.au:80/allabout/artist/65733/Kareem_The_Supreem","20071214014406","200"
"http://www.inthemix.com.au:80/allabout/artist/65756/Graham_Sinden","20071102195028","200"
"http://www.inthemix.com.au:80/allabout/artist/6576/Puff","20071012213246","200"
"http://www.inthemix.com.au:80/allabout/artist/65771/After%20an%20almost%20inconceivable%20amount%20of%20rumour,%20hearsay,%20speculation%20and%20hype,%20the%20mystical%20pyramid%20controlled%20by%20our%20favourite%20French%20robots%20has%20packed%20up%20its%20light%20show%20and%20may%20never%20be%20seen%20in%20Sydney%20again.%20And%20the%20verdict?+Daft+Punk+delivered!","20071231104329","200"
"http://www.inthemix.com.au:80/allabout/artist/65771/MURAT_EMERSON","20071230150925","200"
"http://www.inthemix.com.au:80/allabout/artist/6578/Adam_Kytka","20071124071022","200"
"http://www.inthemix.com.au:80/allabout/artist/65833/Piro","20071106052433","200"
"http://www.inthemix.com.au:80/allabout/artist/65849/Sean_Rault","20071023002441","200"
"http://www.inthemix.com.au:80/allabout/artist/6590/secure-au.imrworldwide.com/","20071224053355","200"
"http://www.inthemix.com.au:80/allabout/artist/6590/USA%20vs%20M.I.A;%20who%20will%20win?+Fight,+fight,+fight!","20071222124118","200"
"http://www.inthemix.com.au:80/allabout/artist/6590/Will_Saul","20071221150519","200"
"http://www.inthemix.com.au:80/allabout/artist/65928/Sevva","20071118173819","200"
"http://www.inthemix.com.au:80/allabout/artist/6593/DJ_Yoda","20071115022509","200"
"http://www.inthemix.com.au:80/allabout/artist/66009/Gleave","20071011113953","200"
"http://www.inthemix.com.au:80/allabout/artist/66063/Dave_Choe","20071013190106","200"
"http://www.inthemix.com.au:80/allabout/artist/66074/STAFFORD_BROTHERS","20071116105542","200"
"http://www.inthemix.com.au:80/allabout/artist/66077/Gerry_Morales","20071111074324","200"
"http://www.inthemix.com.au:80/allabout/artist/6610/Neil_Bamber","20071011122458","200"
"http://www.inthemix.com.au:80/allabout/artist/66106/Arbor","20071015202844","200"
"http://www.inthemix.com.au:80/allabout/artist/66108/Shadower","20071015192638","200"
"http://www.inthemix.com.au:80/allabout/artist/6611/Brooksy","20071011104059","200"
"http://www.inthemix.com.au:80/allabout/artist/66112/SDee","20071124083529","200"
"http://www.inthemix.com.au:80/allabout/artist/6613/Miller","20071011112605","200"
"http://www.inthemix.com.au:80/allabout/artist/66133/Telefunken","20071124083534","200"
"http://www.inthemix.com.au:80/allabout/artist/6615/Jonas","20071011122501","200"
"http://www.inthemix.com.au:80/allabout/artist/66159/Jiarn_Ruscito","20071123075632","200"
"http://www.inthemix.com.au:80/allabout/artist/6616/DJV","20071011111127","200"
"http://www.inthemix.com.au:80/allabout/artist/66163/KaviR","20071106005940","200"
"http://www.inthemix.com.au:80/allabout/artist/66166/Pornstylus","20071224061455","200"
"http://www.inthemix.com.au:80/allabout/artist/6619/Kronik","20071011121005","200"
"http://www.inthemix.com.au:80/allabout/artist/66235/Junior_Boys","20071219020351","200"
"http://www.inthemix.com.au:80/allabout/artist/66279/Surkin","20071202012554","200"
"http://www.inthemix.com.au:80/allabout/artist/66305/Ra_Showtime","20071201222151","200"
"http://www.inthemix.com.au:80/allabout/artist/66324/Clint_Wuest","20071106052438","200"
"http://www.inthemix.com.au:80/allabout/artist/66325/Mark_Nash","20071106052443","200"
"http://www.inthemix.com.au:80/allabout/artist/66409/Delta_Staen1","20071118173828","200"
"http://www.inthemix.com.au:80/allabout/artist/66505/Adrian_M","20071116105547","200"
"http://www.inthemix.com.au:80/allabout/artist/66509/Ladykillers","20071204122040","200"
"http://www.inthemix.com.au:80/allabout/artist/66524/After%20an%20almost%20inconceivable%20amount%20of%20rumour,%20hearsay,%20speculation%20and%20hype,%20the%20mystical%20pyramid%20controlled%20by%20our%20favourite%20French%20robots%20has%20packed%20up%20its%20light%20show%20and%20may%20never%20be%20seen%20in%20Sydney%20again.%20And%20the%20verdict?+Daft+Punk+delivered!","20071231072837","200"
"http://www.inthemix.com.au:80/allabout/artist/66524/Murat","20071230145230","200"
"http://www.inthemix.com.au:80/allabout/artist/66524/secure-au.imrworldwide.com/","20071231210137","200"
"http://www.inthemix.com.au:80/allabout/artist/66553/Grizzly_Grant","20071023002446","200"
"http://www.inthemix.com.au:80/allabout/artist/66613/Ninelives_The_Cat","20071124083540","200"
"http://www.inthemix.com.au:80/allabout/artist/66639/Dj_Zannon","20071222124123","200"
"http://www.inthemix.com.au:80/allabout/artist/66640/Outlaws","20071222024122","200"
"http://www.inthemix.com.au:80/allabout/artist/66647/Damien_K","20071105154742","200"
"http://www.inthemix.com.au:80/allabout/artist/66654/EmersonMurat","20071123075639","200"
"http://www.inthemix.com.au:80/allabout/artist/6669/Dougal","20071015192646","200"
"http://www.inthemix.com.au:80/allabout/artist/66719/Jimmi_James","20071013211949","200"
"http://www.inthemix.com.au:80/allabout/artist/6677/Swirl_People","20071112052742","200"
"http://www.inthemix.com.au:80/allabout/artist/66797/Cheap_Frillz","20070922142653","200"
"http://www.inthemix.com.au:80/allabout/artist/66813/Calvin_Harris","20071202012600","200"
"http://www.inthemix.com.au:80/allabout/artist/66833/Scott_Nelson","20071017153210","200"
"http://www.inthemix.com.au:80/allabout/artist/6690/Dirty_Laundry","20071123075644","200"
"http://www.inthemix.com.au:80/allabout/artist/6690/secure-au.imrworldwide.com/","20071224053359","200"
"http://www.inthemix.com.au:80/allabout/artist/66979/Blondie","20071222024127","200"
"http://www.inthemix.com.au:80/allabout/artist/6702/Ben_Mac","20071124091843","200"
"http://www.inthemix.com.au:80/allabout/artist/67077/Ikin_Dance","20071105154749","200"
"http://www.inthemix.com.au:80/allabout/artist/67078/BoyGirl","20071107174052","200"
"http://www.inthemix.com.au:80/allabout/artist/67113/Prime","20071118173833","200"
"http://www.inthemix.com.au:80/allabout/artist/67116/Mandle_Dribbles","20071118174905","200"
"http://www.inthemix.com.au:80/allabout/artist/67124/The_Game_Boys","20071102153138","200"
"http://www.inthemix.com.au:80/allabout/artist/67126/Tom_Piper_vs_Elroy","20071118173843","200"
"http://www.inthemix.com.au:80/allabout/artist/67232/OneOne","20071023002451","200"
"http://www.inthemix.com.au:80/allabout/artist/673/Wally_Lopez","20071130055553","200"
"http://www.inthemix.com.au:80/allabout/artist/67313/Sound_Hustler","20071214014410","200"
"http://www.inthemix.com.au:80/allabout/artist/67331/Hook_n_Sling","20070922165007","200"
"http://www.inthemix.com.au:80/allabout/artist/67362/Tempa","20071015202850","200"
"http://www.inthemix.com.au:80/allabout/artist/67383/Brad_Smede","20071105152558","200"
"http://www.inthemix.com.au:80/allabout/artist/67384/Rancho","20071106052448","200"
"http://www.inthemix.com.au:80/allabout/artist/67409/Miami_Horror","20071216015144","200"
"http://www.inthemix.com.au:80/allabout/artist/67409/secure-au.imrworldwide.com/","20071224050824","200"
"http://www.inthemix.com.au:80/allabout/artist/67409/The%20not%20particularly%20dance%20music-savvy%20Billboard.com%20has%20named%20Dutch%20trance%20mega-star%20Tiesto%20the%20highlight%20of%202007,%20along%20with%20%5Cu201cthe%20return%20of%20house%20music.%5Cu201d%20Are%20they%20oh-so-right%20or%20oh-so-very-wrong?","20071219020356","200"
"http://www.inthemix.com.au:80/allabout/artist/67478/Fiord","20071102153146","200"
"http://www.inthemix.com.au:80/allabout/artist/67518/Filo_N_Peri","20070923035605","200"
"http://www.inthemix.com.au:80/allabout/artist/67528/Array","20071123075648","200"
"http://www.inthemix.com.au:80/allabout/artist/67528/Laidback_Luke","20071107174058","200"
"http://www.inthemix.com.au:80/allabout/artist/67569/JOE_LE_FRO","20071105231749","200"
"http://www.inthemix.com.au:80/allabout/artist/67619/Amnesia_Effect","20071124083545","200"
"http://www.inthemix.com.au:80/allabout/artist/67620/Petrosex","20071229085150","200"
"http://www.inthemix.com.au:80/allabout/artist/67624/Brendan_Jay","20071229090829","200"
"http://www.inthemix.com.au:80/allabout/artist/67625/Amnesia_Effect","20071229085155","200"
"http://www.inthemix.com.au:80/allabout/artist/67678/Jay_Funk","20071211213736","200"
"http://www.inthemix.com.au:80/allabout/artist/67678/secure-au.imrworldwide.com/","20071214014415","200"
"http://www.inthemix.com.au:80/allabout/artist/67706/Sinden","20071102195032","200"
"http://www.inthemix.com.au:80/allabout/artist/67707/Sinden","20071202012602","200"
"http://www.inthemix.com.au:80/allabout/artist/67726/Robb_G","20071118173849","200"
"http://www.inthemix.com.au:80/allabout/artist/67737/Jason_Lowe","20071118164624","200"
"http://www.inthemix.com.au:80/allabout/artist/67781/Ill_Equipt","20071118173853","200"
"http://www.inthemix.com.au:80/allabout/artist/67791/MarcUs","20071226185100","200"
"http://www.inthemix.com.au:80/allabout/artist/67793/craig_b","20071124091848","200"
"http://www.inthemix.com.au:80/allabout/artist/67826/Alex_Gaudino","20071012192354","200"
"http://www.inthemix.com.au:80/allabout/artist/67829/The_Sounds","20071012213250","200"
"http://www.inthemix.com.au:80/allabout/artist/67830/Yacht","20071012213257","200"
"http://www.inthemix.com.au:80/allabout/artist/67831/Yelle","20071012213301","200"
"http://www.inthemix.com.au:80/allabout/artist/67872/Goose","20071012213308","200"
"http://www.inthemix.com.au:80/allabout/artist/67874/Dub_Alley","20071124091853","200"
"http://www.inthemix.com.au:80/allabout/artist/67903/Voog","20071105152603","200"
"http://www.inthemix.com.au:80/allabout/artist/67904/Pazzle","20071106052453","200"
"http://www.inthemix.com.au:80/allabout/artist/67905/Jaffa","20071105154752","200"
"http://www.inthemix.com.au:80/allabout/artist/67908/The_Linquent","20071105154757","200"
"http://www.inthemix.com.au:80/allabout/artist/67912/Otek","20071105152608","200"
"http://www.inthemix.com.au:80/allabout/artist/67929/Groove_Terminator","20071222024132","200"
"http://www.inthemix.com.au:80/allabout/artist/67962/Andee_Van_Damage","20071116105551","200"
"http://www.inthemix.com.au:80/allabout/artist/67968/Jake","20071011121011","200"
"http://www.inthemix.com.au:80/allabout/artist/67971/Amber_Savage","20071126114443","200"
"http://www.inthemix.com.au:80/allabout/artist/67972/Peewee_Ferris","20071126114448","200"
"http://www.inthemix.com.au:80/allabout/artist/67973/Archie","20071126114453","200"
"http://www.inthemix.com.au:80/allabout/artist/67974/matrix","20071015202855","200"
"http://www.inthemix.com.au:80/allabout/artist/67976/Shamus","20071126114458","200"
"http://www.inthemix.com.au:80/allabout/artist/67980/Leahtard","20071126114504","200"
"http://www.inthemix.com.au:80/allabout/artist/67983/Chris_Wilson","20071016175645","200"
"http://www.inthemix.com.au:80/allabout/artist/67984/Jason_Morley","20071016174903","200"
"http://www.inthemix.com.au:80/allabout/artist/67991/Shannon_Marshall","20071016175651","200"
"http://www.inthemix.com.au:80/allabout/artist/67996/Carlson","20071124091859","200"
"http://www.inthemix.com.au:80/allabout/artist/67997/Pulsar","20071124091905","200"
"http://www.inthemix.com.au:80/allabout/artist/68007/Jumping_Jack","20071116110241","200"
"http://www.inthemix.com.au:80/allabout/artist/68009/tyDi","20071011121018","200"
"http://www.inthemix.com.au:80/allabout/artist/68013/Gavin_Boyd","20071105154803","200"
"http://www.inthemix.com.au:80/allabout/artist/68014/Karma","20071105154808","200"
"http://www.inthemix.com.au:80/allabout/artist/68033/Nick_Vidal","20071016175655","200"
"http://www.inthemix.com.au:80/allabout/artist/68039/Style_of_Eye","20071116214731","200"
"http://www.inthemix.com.au:80/allabout/artist/68065/Ben_Morris","20070922101830","200"
"http://www.inthemix.com.au:80/allabout/artist/68066/Shamus","20071105152613","200"
"http://www.inthemix.com.au:80/allabout/artist/68070/Adam_T","20071115021951","200"
"http://www.inthemix.com.au:80/allabout/artist/68090/Baby_Gee","20071105154813","200"
"http://www.inthemix.com.au:80/allabout/artist/68093/Harry_K","20071016174909","200"
"http://www.inthemix.com.au:80/allabout/artist/68114/Flex","20071225205902","200"
"http://www.inthemix.com.au:80/allabout/artist/68118/Prizzy","20071124083550","200"
"http://www.inthemix.com.au:80/allabout/artist/68123/Bonde_Do_Role","20071116124119","200"
"http://www.inthemix.com.au:80/allabout/artist/68123/secure-au.imrworldwide.com/","20071117065912","200"
"http://www.inthemix.com.au:80/allabout/artist/68124/Yoshi","20071015202901","200"
"http://www.inthemix.com.au:80/allabout/artist/68127/Suae","20071015192648","200"
"http://www.inthemix.com.au:80/allabout/artist/68128/Chimpy","20071015202907","200"
"http://www.inthemix.com.au:80/allabout/artist/68140/Syke","20071210020403","200"
"http://www.inthemix.com.au:80/allabout/artist/68141/Harry_K","20071105154818","200"
"http://www.inthemix.com.au:80/allabout/artist/68142/Gavin_Boyd","20071016174913","200"
"http://www.inthemix.com.au:80/allabout/artist/68148/Baby_Gee","20071016174918","200"
"http://www.inthemix.com.au:80/allabout/artist/68149/tyDi","20071021072717","200"
"http://www.inthemix.com.au:80/allabout/artist/68150/Syke","20071106005945","200"
"http://www.inthemix.com.au:80/allabout/artist/68154/Riot_In_Belgium","20071012213312","200"
"http://www.inthemix.com.au:80/allabout/artist/68172/Marc_Us","20071214014421","200"
"http://www.inthemix.com.au:80/allabout/artist/68181/Array","20071123075654","200"
"http://www.inthemix.com.au:80/allabout/artist/68190/Ajax","20071012213317","200"
"http://www.inthemix.com.au:80/allabout/artist/68204/Ben_Morris","20071106052458","200"
"http://www.inthemix.com.au:80/allabout/artist/68205/Reno","20070922142800","200"
"http://www.inthemix.com.au:80/allabout/artist/68211/Ben_Morris","20071124091910","200"
"http://www.inthemix.com.au:80/allabout/artist/68266/Steve_Hill","20071015202911","200"
"http://www.inthemix.com.au:80/allabout/artist/68274/Matt_Nukewood","20071124083557","200"
"http://www.inthemix.com.au:80/allabout/artist/68278/Matt_Nukewood","20071104085037","200"
"http://www.inthemix.com.au:80/allabout/artist/68286/Kriece","20071012213322","200"
"http://www.inthemix.com.au:80/allabout/artist/68287/Flex","20071104085043","200"
"http://www.inthemix.com.au:80/allabout/artist/68304/tim_mcgee","20071124083601","200"
"http://www.inthemix.com.au:80/allabout/artist/68305/the_potbelleez","20071124091914","200"
"http://www.inthemix.com.au:80/allabout/artist/68307/Mark_Dynamix","20071124083607","200"
"http://www.inthemix.com.au:80/allabout/artist/68309/Brenden_Fing","20071104004625","200"
"http://www.inthemix.com.au:80/allabout/artist/68324/Jen_Tutty","20071018023125","200"
"http://www.inthemix.com.au:80/allabout/artist/68330/Katie_Drover","20071111054152","200"
"http://www.inthemix.com.au:80/allabout/artist/68331/Steve_Bleas","20071021072723","200"
"http://www.inthemix.com.au:80/allabout/artist/684/Black_Grass","20071214014426","200"
"http://www.inthemix.com.au:80/allabout/artist/68401/Aggrovator","20071116105913","200"
"http://www.inthemix.com.au:80/allabout/artist/68415/Christopher_Robin","20071024182447","200"
"http://www.inthemix.com.au:80/allabout/artist/68426/Afrobots","20071012213327","200"
"http://www.inthemix.com.au:80/allabout/artist/68427/Spragga_Benz","20071012213333","200"
"http://www.inthemix.com.au:80/allabout/artist/68428/MIA","20071012213337","200"
"http://www.inthemix.com.au:80/allabout/artist/6844/DJ_Impact","20071216035137","200"
"http://www.inthemix.com.au:80/allabout/artist/6860/Greenskeepers","20071012213343","200"
"http://www.inthemix.com.au:80/allabout/artist/6860/secure-au.imrworldwide.com/","20071106114821","200"
"http://www.inthemix.com.au:80/allabout/artist/68905/Shy_Child","20071202012609","200"
"http://www.inthemix.com.au:80/allabout/artist/68911/The_Black_Ghosts","20071130055239","200"
"http://www.inthemix.com.au:80/allabout/artist/69019/Cobblestone_Jazz","20071123135422","200"
"http://www.inthemix.com.au:80/allabout/artist/6907/Kan_Cold","20071201092900","200"
"http://www.inthemix.com.au:80/allabout/artist/6912/Chop_Suey","20071202012613","200"
"http://www.inthemix.com.au:80/allabout/artist/692/Jaime_Doom","20071014223452","200"
"http://www.inthemix.com.au:80/allabout/artist/6933/Dust","20071116042806","200"
"http://www.inthemix.com.au:80/allabout/artist/69508/Jesse_Garcia","20071021070813","200"
"http://www.inthemix.com.au:80/allabout/artist/6953/MK1","20070922142601","200"
"http://www.inthemix.com.au:80/allabout/artist/6965/Cut_Chemist","20071021072728","200"
"http://www.inthemix.com.au:80/allabout/artist/6978/J_Rippa","20070922100157","200"
"http://www.inthemix.com.au:80/allabout/artist/6986/Midnight_Juggernauts","20071011114000","200"
"http://www.inthemix.com.au:80/allabout/artist/6996/K2","20071124091919","200"
"http://www.inthemix.com.au:80/allabout/artist/70077/Justin_Martin","20071011111132","200"
"http://www.inthemix.com.au:80/allabout/artist/7009/Patch","20071225064255","200"
"http://www.inthemix.com.au:80/allabout/artist/7084/Yogi","20071023023502","200"
"http://www.inthemix.com.au:80/allabout/artist/71005/Dusty_Kid","20071123075658","200"
"http://www.inthemix.com.au:80/allabout/artist/7157/Tom_Da_Silva","20071013124430","200"
"http://www.inthemix.com.au:80/allabout/artist/717/Cut_Copy","20071012154506","200"
"http://www.inthemix.com.au:80/allabout/artist/721/Dave_Seaman","20071123075706","200"
"http://www.inthemix.com.au:80/allabout/artist/72119/Bourgeois_Bogan_DJs","20071124091924","200"
"http://www.inthemix.com.au:80/allabout/artist/72149/James_Taylor","20070922100147","200"
"http://www.inthemix.com.au:80/allabout/artist/72161/Rob_Sharp","20071017184942","200"
"http://www.inthemix.com.au:80/allabout/artist/72166/secure-au.imrworldwide.com/","20071012213347","200"
"http://www.inthemix.com.au:80/allabout/artist/72166/Sneaky_SOund_System","20071012041950","200"
"http://www.inthemix.com.au:80/allabout/artist/7217/Rahzel","20071011115438","200"
"http://www.inthemix.com.au:80/allabout/artist/72194/DJ_AT_Night","20071124083613","200"
"http://www.inthemix.com.au:80/allabout/artist/7222/Dynamite_MC","20071123173348","200"
"http://www.inthemix.com.au:80/allabout/artist/7228/Nato","20071017184952","200"
"http://www.inthemix.com.au:80/allabout/artist/72643/David_Kane","20071030224856","200"
"http://www.inthemix.com.au:80/allabout/artist/72806/Tim_Fuchs","20071105152618","200"
"http://www.inthemix.com.au:80/allabout/artist/72869/Three_Stacks","20071023002456","200"
"http://www.inthemix.com.au:80/allabout/artist/72884/dcup","20071102153148","200"
"http://www.inthemix.com.au:80/allabout/artist/7289/Operon","20071109221038","200"
"http://www.inthemix.com.au:80/allabout/artist/7290/mag00","20071109221045","200"
"http://www.inthemix.com.au:80/allabout/artist/72960/The_Aston_Shuffle","20071124091929","200"
"http://www.inthemix.com.au:80/allabout/artist/72972/Greg_Packer","20071121085935","200"
"http://www.inthemix.com.au:80/allabout/artist/72978/Peewee_Ferris","20071101100836","200"
"http://www.inthemix.com.au:80/allabout/artist/72982/Neroli","20071016175700","200"
"http://www.inthemix.com.au:80/allabout/artist/72991/Raye_Antonelli","20071210020408","200"
"http://www.inthemix.com.au:80/allabout/artist/72994/ASTON_SHUFFLE","20071115021957","200"
"http://www.inthemix.com.au:80/allabout/artist/72997/Johnny_Rad","20071206180400","200"
"http://www.inthemix.com.au:80/allabout/artist/72997/secure-au.imrworldwide.com/","20071208051809","200"
"http://www.inthemix.com.au:80/allabout/artist/73021/Evil_Jed","20071224061500","200"
"http://www.inthemix.com.au:80/allabout/artist/73098/Jaimeson","20071105231754","200"
"http://www.inthemix.com.au:80/allabout/artist/73318/Klaas","20071123075710","200"
"http://www.inthemix.com.au:80/allabout/artist/7350/Mark_Briais","20071109221048","200"
"http://www.inthemix.com.au:80/allabout/artist/7358/Thievery_Corporation","20071202012620","200"
"http://www.inthemix.com.au:80/allabout/artist/73582/David_Newsum","20071021070819","200"
"http://www.inthemix.com.au:80/allabout/artist/73618/Jordan_Naumov","20071023002501","200"
"http://www.inthemix.com.au:80/allabout/artist/7381/Homegrown","20071013124434","200"
"http://www.inthemix.com.au:80/allabout/artist/7390/Jack_McCord","20071124091934","200"
"http://www.inthemix.com.au:80/allabout/artist/7409/Shapeshifters","20071130055245","200"
"http://www.inthemix.com.au:80/allabout/artist/74146/MC_Griff","20071124083618","200"
"http://www.inthemix.com.au:80/allabout/artist/74213/Audiophilez","20071115022903","200"
"http://www.inthemix.com.au:80/allabout/artist/74694/Hardforz","20071015192654","200"
"http://www.inthemix.com.au:80/allabout/artist/74695/Deknician","20071015202915","200"
"http://www.inthemix.com.au:80/allabout/artist/74702/GuyFi","20071124091939","200"
"http://www.inthemix.com.au:80/allabout/artist/74730/Emillionzzz","20071107174105","200"
"http://www.inthemix.com.au:80/allabout/artist/75271/deadmau5","20071116105216","200"
"http://www.inthemix.com.au:80/allabout/artist/75277/Rex_Monsoon","20071124091944","200"
"http://www.inthemix.com.au:80/allabout/artist/75312/Michelle_Valenti","20071123075718","200"
"http://www.inthemix.com.au:80/allabout/artist/7537/Shakedown","20071210230703","200"
"http://www.inthemix.com.au:80/allabout/artist/7540/mrTimothy","20071012154511","200"
"http://www.inthemix.com.au:80/allabout/artist/7560/Matt_Aubusson","20071013190111","200"
"http://www.inthemix.com.au:80/allabout/artist/7584/Monster_Zoku_Onsomb","20071118174911","200"
"http://www.inthemix.com.au:80/allabout/artist/75931/Sebastian_Bayne","20071123075723","200"
"http://www.inthemix.com.au:80/allabout/artist/75954/Jody_Mcleod","20071023025137","200"
"http://www.inthemix.com.au:80/allabout/artist/75992/Disco_Mafia","20071114040355","200"
"http://www.inthemix.com.au:80/allabout/artist/76004/Nathan_Harbs","20071124071027","200"
"http://www.inthemix.com.au:80/allabout/artist/76009/Remo_Con","20071023002506","200"
"http://www.inthemix.com.au:80/allabout/artist/76010/Chris_Liberator","20071024175724","200"
"http://www.inthemix.com.au:80/allabout/artist/76017/dim","20071208051814","200"
"http://www.inthemix.com.au:80/allabout/artist/76023/DIM","20071130055249","200"
"http://www.inthemix.com.au:80/allabout/artist/7611/DJ_NuMark","20071224050834","200"
"http://www.inthemix.com.au:80/allabout/artist/76234/Moi","20071224050839","200"
"http://www.inthemix.com.au:80/allabout/artist/7632/Alice_Russell","20071210142248","200"
"http://www.inthemix.com.au:80/allabout/artist/7632/secure-au.imrworldwide.com/","20071212051824","200"
"http://www.inthemix.com.au/allabout/artist/7641/dropdown/arrow.gif","20070919023419","200"
"http://www.inthemix.com.au/allabout/artist/7641/image=/_images/_core/bullets/blocArrow_white_south.gif;text=ARTIST;showmenu=allAboutCategories;itemwidth=240px;separatorsize=0","20070919023726","200"
"http://www.inthemix.com.au/allabout/artist/7641/text=&nbsp;Adelaide;url=/gallery/?city=5;;status=Adelaide;separatorsize=1","20070919023954","200"
"http://www.inthemix.com.au/allabout/artist/7641/text=&nbsp;Adelaide;url=/whatson/?city=5;;status=Adelaide;separatorsize=1","20070919023102","200"
"http://www.inthemix.com.au/allabout/artist/7641/text=&nbsp;Brisbane;url=/gallery/?city=4;;status=Brisbane;separatorsize=1","20070919023849","200"
"http://www.inthemix.com.au/allabout/artist/7641/text=&nbsp;Brisbane;url=/whatson/?city=4;;status=Brisbane;separatorsize=1","20070919023759","200"
"http://www.inthemix.com.au/allabout/artist/7641/text=&nbsp;Canberra;url=/gallery/?city=3;;status=Canberra;separatorsize=1","20070919022757","200"
"http://www.inthemix.com.au/allabout/artist/7641/text=&nbsp;Canberra;url=/whatson/?city=3;;status=Canberra;separatorsize=1","20070919023151","200"
"http://www.inthemix.com.au/allabout/artist/7641/text=&nbsp;DVD;url=/life/film/dvd/;;separatorsize=1","20070919023549","200"
"http://www.inthemix.com.au/allabout/artist/7641/text=&nbsp;Features;url=/features/;separatorsize=1","20070919023315","200"
"http://www.inthemix.com.au/allabout/artist/7641/text=&nbsp;Film;url=/life/film/cinema/;;separatorsize=1","20070919023924","200"
"http://www.inthemix.com.au/allabout/artist/7641/text=&nbsp;Game;url=/life/game/;;separatorsize=1","20070919023036","200"
"http://www.inthemix.com.au/allabout/artist/7641/text=&nbsp;Gear;url=/life/gear/;;separatorsize=1","20070919023521","200"
"http://www.inthemix.com.au/allabout/artist/7641/text=&nbsp;Home;url=/;separatorsize=0","20070919023348","200"
"http://www.inthemix.com.au/allabout/artist/7641/text=&nbsp;Home;url=/life/;;separatorsize=1","20070919024149","200"
"http://www.inthemix.com.au/allabout/artist/7641/text=&nbsp;Ibiza;url=/ibiza;separatorsize=1","20070919024053","200"
"http://www.inthemix.com.au/allabout/artist/7641/text=&nbsp;ITMShop;url=/shop/;;separatorsize=1","20070919024250","200"
"http://www.inthemix.com.au/allabout/artist/7641/text=&nbsp;Melbourne;url=/gallery/?city=2;;status=Melbourne;separatorsize=1","20070919023646","200"
"http://www.inthemix.com.au/allabout/artist/7641/text=&nbsp;Melbourne;url=/whatson/?city=2;;status=Melbourne;separatorsize=1","20070919022914","200"
"http://www.inthemix.com.au/allabout/artist/7641/text=&nbsp;News;showmenu=news;url=/news/;separatorsize=1","20070919023219","200"
"http://www.inthemix.com.au/allabout/artist/7641/text=&nbsp;Perth;url=/gallery/?city=6;;status=Perth;separatorsize=1","20070919024320","200"
"http://www.inthemix.com.au/allabout/artist/7641/text=&nbsp;Perth;url=/whatson/?city=6;;status=Perth;separatorsize=1","20070919024119","200"
"http://www.inthemix.com.au/allabout/artist/7641/text=&nbsp;Sydney;url=/gallery/?city=1;;status=Sydney;separatorsize=1","20070919024223","200"
"http://www.inthemix.com.au/allabout/artist/7641/text=&nbsp;Sydney;url=/whatson/?city=1;;status=Sydney;separatorsize=1","20070919023012","200"
"http://www.inthemix.com.au/allabout/artist/7641/text=&nbsp;Tickets;url=/shop/customer/home.php?cat=249;;separatorsize=1","20070919023451","200"
"http://www.inthemix.com.au/allabout/artist/7641/text=Australia;url=/news/aust/","20070919023246","200"
"http://www.inthemix.com.au/allabout/artist/7641/text=Broadband;showmenu=broadband;url=/broadband/;separatorsize=0","20070919024021","200"
"http://www.inthemix.com.au/allabout/artist/7641/text=Events;url=/reviews/events/","20070919024344","200"
"http://www.inthemix.com.au/allabout/artist/7641/text=International;url=/news/intl/","20070919022821","200"
"http://www.inthemix.com.au/allabout/artist/7641/text=Life;showmenu=life;url=/life/;separatorsize=0","20070919022710","200"
"http://www.inthemix.com.au/allabout/artist/7641/text=Music;url=/reviews/music/","20070919022847","200"
"http://www.inthemix.com.au/allabout/artist/7641/The_Resonance","20070919022618","200"
"http://www.inthemix.com.au/allabout/artist/7641/www.inthemix.com.au","20070919023614","200"
"http://www.inthemix.com.au:80/allabout/artist/76588/pedrogue","20071118174919","200"
"http://www.inthemix.com.au:80/allabout/artist/76598/J_Bang","20071021072732","200"
"http://www.inthemix.com.au:80/allabout/artist/7663/Cosmo_Cater","20071109221054","200"
"http://www.inthemix.com.au:80/allabout/artist/76657/The_Funkoars","20071109181446","200"
"http://www.inthemix.com.au:80/allabout/artist/76663/Van_Wilder","20071106052503","200"
"http://www.inthemix.com.au:80/allabout/artist/76689/Luke_J","20071012200533","200"
"http://www.inthemix.com.au:80/allabout/artist/76713/DPhunk","20071124091949","200"
